ISO-10303-21;
HEADER;
FILE_DESCRIPTION(('FreeCAD Model'),'2;1');
FILE_NAME('Open CASCADE Shape Model','2026-06-20T22:49:09',(''),(''),
  'Open CASCADE STEP processor 7.8','FreeCAD','Unknown');
FILE_SCHEMA(('AUTOMOTIVE_DESIGN { 1 0 10303 214 1 1 1 1 }'));
ENDSEC;
DATA;
#1 = APPLICATION_PROTOCOL_DEFINITION('international standard',
  'automotive_design',2000,#2);
#2 = APPLICATION_CONTEXT(
  'core data for automotive mechanical design processes');
#3 = SHAPE_DEFINITION_REPRESENTATION(#4,#10);
#4 = PRODUCT_DEFINITION_SHAPE('','',#5);
#5 = PRODUCT_DEFINITION('design','',#6,#9);
#6 = PRODUCT_DEFINITION_FORMATION('','',#7);
#7 = PRODUCT('KF128_2_54','KF128_2_54','',(#8));
#8 = PRODUCT_CONTEXT('',#2,'mechanical');
#9 = PRODUCT_DEFINITION_CONTEXT('part definition',#2,'design');
#10 = SHAPE_REPRESENTATION('',(#11,#15,#19),#23);
#11 = AXIS2_PLACEMENT_3D('',#12,#13,#14);
#12 = CARTESIAN_POINT('',(0.,0.,0.));
#13 = DIRECTION('',(0.,0.,1.));
#14 = DIRECTION('',(1.,0.,-0.));
#15 = AXIS2_PLACEMENT_3D('',#16,#17,#18);
#16 = CARTESIAN_POINT('',(0.,0.,0.));
#17 = DIRECTION('',(0.,0.,1.));
#18 = DIRECTION('',(1.,0.,0.));
#19 = AXIS2_PLACEMENT_3D('',#20,#21,#22);
#20 = CARTESIAN_POINT('',(0.,0.,0.));
#21 = DIRECTION('',(0.,0.,1.));
#22 = DIRECTION('',(1.,0.,0.));
#23 = ( GEOMETRIC_REPRESENTATION_CONTEXT(3) 
GLOBAL_UNCERTAINTY_ASSIGNED_CONTEXT((#27)) GLOBAL_UNIT_ASSIGNED_CONTEXT(
(#24,#25,#26)) REPRESENTATION_CONTEXT('Context #1',
  '3D Context with UNIT and UNCERTAINTY') );
#24 = ( LENGTH_UNIT() NAMED_UNIT(*) SI_UNIT(.MILLI.,.METRE.) );
#25 = ( NAMED_UNIT(*) PLANE_ANGLE_UNIT() SI_UNIT($,.RADIAN.) );
#26 = ( NAMED_UNIT(*) SI_UNIT($,.STERADIAN.) SOLID_ANGLE_UNIT() );
#27 = UNCERTAINTY_MEASURE_WITH_UNIT(LENGTH_MEASURE(1.E-06),#24,
  'distance_accuracy_value','confusion accuracy');
#28 = PRODUCT_RELATED_PRODUCT_CATEGORY('part',$,(#7));
#29 = SHAPE_DEFINITION_REPRESENTATION(#30,#36);
#30 = PRODUCT_DEFINITION_SHAPE('','',#31);
#31 = PRODUCT_DEFINITION('design','',#32,#35);
#32 = PRODUCT_DEFINITION_FORMATION('','',#33);
#33 = PRODUCT('Connector_body','Connector_body','',(#34));
#34 = PRODUCT_CONTEXT('',#2,'mechanical');
#35 = PRODUCT_DEFINITION_CONTEXT('part definition',#2,'design');
#36 = ADVANCED_BREP_SHAPE_REPRESENTATION('',(#11,#37),#2263);
#37 = MANIFOLD_SOLID_BREP('',#38);
#38 = CLOSED_SHELL('',(#39,#79,#110,#218,#381,#438,#495,#512,#543,#567,
    #591,#608,#630,#659,#740,#794,#858,#905,#929,#953,#1010,#1050,#1104,
    #1151,#1175,#1215,#1279,#1303,#1360,#1377,#1394,#1433,#1463,#1494,
    #1518,#1542,#1559,#1588,#1605,#1617,#1629,#1646,#1663,#1686,#1703,
    #1720,#1748,#1760,#1772,#1789,#1806,#1818,#1841,#1858,#1875,#1903,
    #1915,#1940,#1965,#1990,#2015,#2040,#2065,#2085,#2105,#2130,#2155,
    #2180,#2205,#2222,#2239,#2251));
#39 = ADVANCED_FACE('',(#40),#74,.T.);
#40 = FACE_BOUND('',#41,.T.);
#41 = EDGE_LOOP('',(#42,#52,#60,#68));
#42 = ORIENTED_EDGE('',*,*,#43,.F.);
#43 = EDGE_CURVE('',#44,#46,#48,.T.);
#44 = VERTEX_POINT('',#45);
#45 = CARTESIAN_POINT('',(1.87,-2.016232,1.532840329046));
#46 = VERTEX_POINT('',#47);
#47 = CARTESIAN_POINT('',(3.21,-2.016232,1.532840329046));
#48 = LINE('',#49,#50);
#49 = CARTESIAN_POINT('',(2.74,-2.016232,1.532840329046));
#50 = VECTOR('',#51,1.);
#51 = DIRECTION('',(1.,0.,0.));
#52 = ORIENTED_EDGE('',*,*,#53,.T.);
#53 = EDGE_CURVE('',#44,#54,#56,.T.);
#54 = VERTEX_POINT('',#55);
#55 = CARTESIAN_POINT('',(1.87,-2.5,1.532840329046));
#56 = LINE('',#57,#58);
#57 = CARTESIAN_POINT('',(1.87,3.403589252763E-16,1.532840329046));
#58 = VECTOR('',#59,1.);
#59 = DIRECTION('',(0.,-1.,2.22044604925E-16));
#60 = ORIENTED_EDGE('',*,*,#61,.T.);
#61 = EDGE_CURVE('',#54,#62,#64,.T.);
#62 = VERTEX_POINT('',#63);
#63 = CARTESIAN_POINT('',(3.21,-2.5,1.532840329046));
#64 = LINE('',#65,#66);
#65 = CARTESIAN_POINT('',(1.87,-2.5,1.532840329046));
#66 = VECTOR('',#67,1.);
#67 = DIRECTION('',(1.,0.,0.));
#68 = ORIENTED_EDGE('',*,*,#69,.F.);
#69 = EDGE_CURVE('',#46,#62,#70,.T.);
#70 = LINE('',#71,#72);
#71 = CARTESIAN_POINT('',(3.21,3.403589252763E-16,1.532840329046));
#72 = VECTOR('',#73,1.);
#73 = DIRECTION('',(0.,-1.,2.22044604925E-16));
#74 = PLANE('',#75);
#75 = AXIS2_PLACEMENT_3D('',#76,#77,#78);
#76 = CARTESIAN_POINT('',(1.87,3.403589252763E-16,1.532840329046));
#77 = DIRECTION('',(0.,2.22044604925E-16,1.));
#78 = DIRECTION('',(1.,0.,0.));
#79 = ADVANCED_FACE('',(#80),#105,.T.);
#80 = FACE_BOUND('',#81,.T.);
#81 = EDGE_LOOP('',(#82,#90,#98,#104));
#82 = ORIENTED_EDGE('',*,*,#83,.F.);
#83 = EDGE_CURVE('',#84,#44,#86,.T.);
#84 = VERTEX_POINT('',#85);
#85 = CARTESIAN_POINT('',(1.87,-2.016232,3.132840329046));
#86 = LINE('',#87,#88);
#87 = CARTESIAN_POINT('',(1.87,-2.016232,2.231588664523));
#88 = VECTOR('',#89,1.);
#89 = DIRECTION('',(0.,0.,-1.));
#90 = ORIENTED_EDGE('',*,*,#91,.T.);
#91 = EDGE_CURVE('',#84,#92,#94,.T.);
#92 = VERTEX_POINT('',#93);
#93 = CARTESIAN_POINT('',(1.87,-2.5,3.132840329046));
#94 = LINE('',#95,#96);
#95 = CARTESIAN_POINT('',(1.87,6.956302931563E-16,3.132840329046));
#96 = VECTOR('',#97,1.);
#97 = DIRECTION('',(0.,-1.,2.22044604925E-16));
#98 = ORIENTED_EDGE('',*,*,#99,.T.);
#99 = EDGE_CURVE('',#92,#54,#100,.T.);
#100 = LINE('',#101,#102);
#101 = CARTESIAN_POINT('',(1.87,-2.5,3.132840329046));
#102 = VECTOR('',#103,1.);
#103 = DIRECTION('',(0.,-9.E-17,-1.));
#104 = ORIENTED_EDGE('',*,*,#53,.F.);
#105 = PLANE('',#106);
#106 = AXIS2_PLACEMENT_3D('',#107,#108,#109);
#107 = CARTESIAN_POINT('',(1.87,6.956302931563E-16,3.132840329046));
#108 = DIRECTION('',(1.,0.,0.));
#109 = DIRECTION('',(0.,-2.22044604925E-16,-1.));
#110 = ADVANCED_FACE('',(#111,#145,#179),#213,.F.);
#111 = FACE_BOUND('',#112,.F.);
#112 = EDGE_LOOP('',(#113,#123,#131,#139));
#113 = ORIENTED_EDGE('',*,*,#114,.T.);
#114 = EDGE_CURVE('',#115,#117,#119,.T.);
#115 = VERTEX_POINT('',#116);
#116 = CARTESIAN_POINT('',(4.01,-3.3,0.));
#117 = VERTEX_POINT('',#118);
#118 = CARTESIAN_POINT('',(-1.47,-3.3,0.));
#119 = LINE('',#120,#121);
#120 = CARTESIAN_POINT('',(4.01,-3.3,0.));
#121 = VECTOR('',#122,1.);
#122 = DIRECTION('',(-1.,-0.,-0.));
#123 = ORIENTED_EDGE('',*,*,#124,.T.);
#124 = EDGE_CURVE('',#117,#125,#127,.T.);
#125 = VERTEX_POINT('',#126);
#126 = CARTESIAN_POINT('',(-1.47,-3.3,4.95));
#127 = LINE('',#128,#129);
#128 = CARTESIAN_POINT('',(-1.47,-3.3,0.));
#129 = VECTOR('',#130,1.);
#130 = DIRECTION('',(0.,9.E-17,1.));
#131 = ORIENTED_EDGE('',*,*,#132,.F.);
#132 = EDGE_CURVE('',#133,#125,#135,.T.);
#133 = VERTEX_POINT('',#134);
#134 = CARTESIAN_POINT('',(4.01,-3.3,4.95));
#135 = LINE('',#136,#137);
#136 = CARTESIAN_POINT('',(4.01,-3.3,4.95));
#137 = VECTOR('',#138,1.);
#138 = DIRECTION('',(-1.,-0.,-0.));
#139 = ORIENTED_EDGE('',*,*,#140,.F.);
#140 = EDGE_CURVE('',#115,#133,#141,.T.);
#141 = LINE('',#142,#143);
#142 = CARTESIAN_POINT('',(4.01,-3.3,0.));
#143 = VECTOR('',#144,1.);
#144 = DIRECTION('',(0.,9.E-17,1.));
#145 = FACE_BOUND('',#146,.F.);
#146 = EDGE_LOOP('',(#147,#157,#165,#173));
#147 = ORIENTED_EDGE('',*,*,#148,.T.);
#148 = EDGE_CURVE('',#149,#151,#153,.T.);
#149 = VERTEX_POINT('',#150);
#150 = CARTESIAN_POINT('',(-1.07,-3.3,0.532840329046));
#151 = VERTEX_POINT('',#152);
#152 = CARTESIAN_POINT('',(1.07,-3.3,0.532840329046));
#153 = LINE('',#154,#155);
#154 = CARTESIAN_POINT('',(1.67,-3.3,0.532840329046));
#155 = VECTOR('',#156,1.);
#156 = DIRECTION('',(1.,0.,0.));
#157 = ORIENTED_EDGE('',*,*,#158,.T.);
#158 = EDGE_CURVE('',#151,#159,#161,.T.);
#159 = VERTEX_POINT('',#160);
#160 = CARTESIAN_POINT('',(1.07,-3.3,4.532840329046));
#161 = LINE('',#162,#163);
#162 = CARTESIAN_POINT('',(1.07,-3.3,0.532840329046));
#163 = VECTOR('',#164,1.);
#164 = DIRECTION('',(0.,9.E-17,1.));
#165 = ORIENTED_EDGE('',*,*,#166,.T.);
#166 = EDGE_CURVE('',#159,#167,#169,.T.);
#167 = VERTEX_POINT('',#168);
#168 = CARTESIAN_POINT('',(-1.07,-3.3,4.532840329046));
#169 = LINE('',#170,#171);
#170 = CARTESIAN_POINT('',(2.34,-3.3,4.532840329046));
#171 = VECTOR('',#172,1.);
#172 = DIRECTION('',(-1.,0.,0.));
#173 = ORIENTED_EDGE('',*,*,#174,.T.);
#174 = EDGE_CURVE('',#167,#149,#175,.T.);
#175 = LINE('',#176,#177);
#176 = CARTESIAN_POINT('',(-1.07,-3.3,1.532840329046));
#177 = VECTOR('',#178,1.);
#178 = DIRECTION('',(0.,-9.E-17,-1.));
#179 = FACE_BOUND('',#180,.F.);
#180 = EDGE_LOOP('',(#181,#191,#199,#207));
#181 = ORIENTED_EDGE('',*,*,#182,.T.);
#182 = EDGE_CURVE('',#183,#185,#187,.T.);
#183 = VERTEX_POINT('',#184);
#184 = CARTESIAN_POINT('',(1.47,-3.3,4.532840329046));
#185 = VERTEX_POINT('',#186);
#186 = CARTESIAN_POINT('',(1.47,-3.3,0.532840329046));
#187 = LINE('',#188,#189);
#188 = CARTESIAN_POINT('',(1.47,-3.3,1.532840329046));
#189 = VECTOR('',#190,1.);
#190 = DIRECTION('',(0.,-9.E-17,-1.));
#191 = ORIENTED_EDGE('',*,*,#192,.T.);
#192 = EDGE_CURVE('',#185,#193,#195,.T.);
#193 = VERTEX_POINT('',#194);
#194 = CARTESIAN_POINT('',(3.61,-3.3,0.532840329046));
#195 = LINE('',#196,#197);
#196 = CARTESIAN_POINT('',(4.21,-3.3,0.532840329046));
#197 = VECTOR('',#198,1.);
#198 = DIRECTION('',(1.,0.,0.));
#199 = ORIENTED_EDGE('',*,*,#200,.T.);
#200 = EDGE_CURVE('',#193,#201,#203,.T.);
#201 = VERTEX_POINT('',#202);
#202 = CARTESIAN_POINT('',(3.61,-3.3,4.532840329046));
#203 = LINE('',#204,#205);
#204 = CARTESIAN_POINT('',(3.61,-3.3,0.532840329046));
#205 = VECTOR('',#206,1.);
#206 = DIRECTION('',(0.,9.E-17,1.));
#207 = ORIENTED_EDGE('',*,*,#208,.T.);
#208 = EDGE_CURVE('',#201,#183,#209,.T.);
#209 = LINE('',#210,#211);
#210 = CARTESIAN_POINT('',(4.88,-3.3,4.532840329046));
#211 = VECTOR('',#212,1.);
#212 = DIRECTION('',(-1.,0.,0.));
#213 = PLANE('',#214);
#214 = AXIS2_PLACEMENT_3D('',#215,#216,#217);
#215 = CARTESIAN_POINT('',(4.01,-3.3,0.));
#216 = DIRECTION('',(0.,1.,-9.E-17));
#217 = DIRECTION('',(0.,9.E-17,1.));
#218 = ADVANCED_FACE('',(#219,#244,#310),#376,.F.);
#219 = FACE_BOUND('',#220,.F.);
#220 = EDGE_LOOP('',(#221,#231,#237,#238));
#221 = ORIENTED_EDGE('',*,*,#222,.T.);
#222 = EDGE_CURVE('',#223,#225,#227,.T.);
#223 = VERTEX_POINT('',#224);
#224 = CARTESIAN_POINT('',(4.01,3.,0.));
#225 = VERTEX_POINT('',#226);
#226 = CARTESIAN_POINT('',(-1.47,3.,0.));
#227 = LINE('',#228,#229);
#228 = CARTESIAN_POINT('',(4.01,3.,0.));
#229 = VECTOR('',#230,1.);
#230 = DIRECTION('',(-1.,-0.,-0.));
#231 = ORIENTED_EDGE('',*,*,#232,.T.);
#232 = EDGE_CURVE('',#225,#117,#233,.T.);
#233 = LINE('',#234,#235);
#234 = CARTESIAN_POINT('',(-1.47,3.,4.4E-16));
#235 = VECTOR('',#236,1.);
#236 = DIRECTION('',(0.,-1.,-7.E-17));
#237 = ORIENTED_EDGE('',*,*,#114,.F.);
#238 = ORIENTED_EDGE('',*,*,#239,.F.);
#239 = EDGE_CURVE('',#223,#115,#240,.T.);
#240 = LINE('',#241,#242);
#241 = CARTESIAN_POINT('',(4.01,3.,4.4E-16));
#242 = VECTOR('',#243,1.);
#243 = DIRECTION('',(0.,-1.,-7.E-17));
#244 = FACE_BOUND('',#245,.F.);
#245 = EDGE_LOOP('',(#246,#256,#264,#272,#280,#288,#296,#304));
#246 = ORIENTED_EDGE('',*,*,#247,.F.);
#247 = EDGE_CURVE('',#248,#250,#252,.T.);
#248 = VERTEX_POINT('',#249);
#249 = CARTESIAN_POINT('',(1.07,2.085974,0.));
#250 = VERTEX_POINT('',#251);
#251 = CARTESIAN_POINT('',(0.7,2.085974,0.));
#252 = LINE('',#253,#254);
#253 = CARTESIAN_POINT('',(1.07,2.085974,0.));
#254 = VECTOR('',#255,1.);
#255 = DIRECTION('',(-1.,-0.,-0.));
#256 = ORIENTED_EDGE('',*,*,#257,.T.);
#257 = EDGE_CURVE('',#248,#258,#260,.T.);
#258 = VERTEX_POINT('',#259);
#259 = CARTESIAN_POINT('',(1.07,-2.225654,0.));
#260 = LINE('',#261,#262);
#261 = CARTESIAN_POINT('',(1.07,2.085974,0.));
#262 = VECTOR('',#263,1.);
#263 = DIRECTION('',(0.,-1.,0.));
#264 = ORIENTED_EDGE('',*,*,#265,.T.);
#265 = EDGE_CURVE('',#258,#266,#268,.T.);
#266 = VERTEX_POINT('',#267);
#267 = CARTESIAN_POINT('',(-1.07,-2.225654,0.));
#268 = LINE('',#269,#270);
#269 = CARTESIAN_POINT('',(1.07,-2.225654,0.));
#270 = VECTOR('',#271,1.);
#271 = DIRECTION('',(-1.,-0.,-0.));
#272 = ORIENTED_EDGE('',*,*,#273,.F.);
#273 = EDGE_CURVE('',#274,#266,#276,.T.);
#274 = VERTEX_POINT('',#275);
#275 = CARTESIAN_POINT('',(-1.07,2.085974,0.));
#276 = LINE('',#277,#278);
#277 = CARTESIAN_POINT('',(-1.07,2.085974,0.));
#278 = VECTOR('',#279,1.);
#279 = DIRECTION('',(0.,-1.,0.));
#280 = ORIENTED_EDGE('',*,*,#281,.F.);
#281 = EDGE_CURVE('',#282,#274,#284,.T.);
#282 = VERTEX_POINT('',#283);
#283 = CARTESIAN_POINT('',(-0.7,2.085974,0.));
#284 = LINE('',#285,#286);
#285 = CARTESIAN_POINT('',(1.07,2.085974,0.));
#286 = VECTOR('',#287,1.);
#287 = DIRECTION('',(-1.,-0.,-0.));
#288 = ORIENTED_EDGE('',*,*,#289,.T.);
#289 = EDGE_CURVE('',#282,#290,#292,.T.);
#290 = VERTEX_POINT('',#291);
#291 = CARTESIAN_POINT('',(-0.7,2.527085,0.));
#292 = LINE('',#293,#294);
#293 = CARTESIAN_POINT('',(-0.7,2.085974,0.));
#294 = VECTOR('',#295,1.);
#295 = DIRECTION('',(0.,1.,0.));
#296 = ORIENTED_EDGE('',*,*,#297,.F.);
#297 = EDGE_CURVE('',#298,#290,#300,.T.);
#298 = VERTEX_POINT('',#299);
#299 = CARTESIAN_POINT('',(0.7,2.527085,0.));
#300 = LINE('',#301,#302);
#301 = CARTESIAN_POINT('',(0.7,2.527085,0.));
#302 = VECTOR('',#303,1.);
#303 = DIRECTION('',(-1.,-0.,-0.));
#304 = ORIENTED_EDGE('',*,*,#305,.F.);
#305 = EDGE_CURVE('',#250,#298,#306,.T.);
#306 = LINE('',#307,#308);
#307 = CARTESIAN_POINT('',(0.7,2.085974,0.));
#308 = VECTOR('',#309,1.);
#309 = DIRECTION('',(0.,1.,0.));
#310 = FACE_BOUND('',#311,.F.);
#311 = EDGE_LOOP('',(#312,#322,#330,#338,#346,#354,#362,#370));
#312 = ORIENTED_EDGE('',*,*,#313,.F.);
#313 = EDGE_CURVE('',#314,#316,#318,.T.);
#314 = VERTEX_POINT('',#315);
#315 = CARTESIAN_POINT('',(3.61,2.085974,0.));
#316 = VERTEX_POINT('',#317);
#317 = CARTESIAN_POINT('',(3.24,2.085974,0.));
#318 = LINE('',#319,#320);
#319 = CARTESIAN_POINT('',(3.61,2.085974,0.));
#320 = VECTOR('',#321,1.);
#321 = DIRECTION('',(-1.,-0.,-0.));
#322 = ORIENTED_EDGE('',*,*,#323,.T.);
#323 = EDGE_CURVE('',#314,#324,#326,.T.);
#324 = VERTEX_POINT('',#325);
#325 = CARTESIAN_POINT('',(3.61,-2.225654,0.));
#326 = LINE('',#327,#328);
#327 = CARTESIAN_POINT('',(3.61,2.085974,0.));
#328 = VECTOR('',#329,1.);
#329 = DIRECTION('',(0.,-1.,0.));
#330 = ORIENTED_EDGE('',*,*,#331,.T.);
#331 = EDGE_CURVE('',#324,#332,#334,.T.);
#332 = VERTEX_POINT('',#333);
#333 = CARTESIAN_POINT('',(1.47,-2.225654,0.));
#334 = LINE('',#335,#336);
#335 = CARTESIAN_POINT('',(3.61,-2.225654,0.));
#336 = VECTOR('',#337,1.);
#337 = DIRECTION('',(-1.,-0.,-0.));
#338 = ORIENTED_EDGE('',*,*,#339,.F.);
#339 = EDGE_CURVE('',#340,#332,#342,.T.);
#340 = VERTEX_POINT('',#341);
#341 = CARTESIAN_POINT('',(1.47,2.085974,0.));
#342 = LINE('',#343,#344);
#343 = CARTESIAN_POINT('',(1.47,2.085974,0.));
#344 = VECTOR('',#345,1.);
#345 = DIRECTION('',(0.,-1.,0.));
#346 = ORIENTED_EDGE('',*,*,#347,.F.);
#347 = EDGE_CURVE('',#348,#340,#350,.T.);
#348 = VERTEX_POINT('',#349);
#349 = CARTESIAN_POINT('',(1.84,2.085974,0.));
#350 = LINE('',#351,#352);
#351 = CARTESIAN_POINT('',(3.61,2.085974,0.));
#352 = VECTOR('',#353,1.);
#353 = DIRECTION('',(-1.,-0.,-0.));
#354 = ORIENTED_EDGE('',*,*,#355,.T.);
#355 = EDGE_CURVE('',#348,#356,#358,.T.);
#356 = VERTEX_POINT('',#357);
#357 = CARTESIAN_POINT('',(1.84,2.527085,0.));
#358 = LINE('',#359,#360);
#359 = CARTESIAN_POINT('',(1.84,2.085974,0.));
#360 = VECTOR('',#361,1.);
#361 = DIRECTION('',(0.,1.,0.));
#362 = ORIENTED_EDGE('',*,*,#363,.F.);
#363 = EDGE_CURVE('',#364,#356,#366,.T.);
#364 = VERTEX_POINT('',#365);
#365 = CARTESIAN_POINT('',(3.24,2.527085,0.));
#366 = LINE('',#367,#368);
#367 = CARTESIAN_POINT('',(3.24,2.527085,0.));
#368 = VECTOR('',#369,1.);
#369 = DIRECTION('',(-1.,-0.,-0.));
#370 = ORIENTED_EDGE('',*,*,#371,.F.);
#371 = EDGE_CURVE('',#316,#364,#372,.T.);
#372 = LINE('',#373,#374);
#373 = CARTESIAN_POINT('',(3.24,2.085974,0.));
#374 = VECTOR('',#375,1.);
#375 = DIRECTION('',(0.,1.,0.));
#376 = PLANE('',#377);
#377 = AXIS2_PLACEMENT_3D('',#378,#379,#380);
#378 = CARTESIAN_POINT('',(4.01,3.,4.4E-16));
#379 = DIRECTION('',(0.,-7.E-17,1.));
#380 = DIRECTION('',(0.,-1.,-7.E-17));
#381 = ADVANCED_FACE('',(#382),#433,.T.);
#382 = FACE_BOUND('',#383,.F.);
#383 = EDGE_LOOP('',(#384,#394,#402,#410,#418,#424,#425,#426));
#384 = ORIENTED_EDGE('',*,*,#385,.T.);
#385 = EDGE_CURVE('',#386,#388,#390,.T.);
#386 = VERTEX_POINT('',#387);
#387 = CARTESIAN_POINT('',(4.01,-3.,5.25));
#388 = VERTEX_POINT('',#389);
#389 = CARTESIAN_POINT('',(4.01,-2.4,5.25));
#390 = LINE('',#391,#392);
#391 = CARTESIAN_POINT('',(4.01,-3.,5.25));
#392 = VECTOR('',#393,1.);
#393 = DIRECTION('',(0.,1.,0.));
#394 = ORIENTED_EDGE('',*,*,#395,.T.);
#395 = EDGE_CURVE('',#388,#396,#398,.T.);
#396 = VERTEX_POINT('',#397);
#397 = CARTESIAN_POINT('',(4.01,-1.5,8.5));
#398 = LINE('',#399,#400);
#399 = CARTESIAN_POINT('',(4.01,-2.4,5.25));
#400 = VECTOR('',#401,1.);
#401 = DIRECTION('',(0.,0.266879082981,0.963730021877));
#402 = ORIENTED_EDGE('',*,*,#403,.T.);
#403 = EDGE_CURVE('',#396,#404,#406,.T.);
#404 = VERTEX_POINT('',#405);
#405 = CARTESIAN_POINT('',(4.01,1.5,8.5));
#406 = LINE('',#407,#408);
#407 = CARTESIAN_POINT('',(4.01,-1.5,8.5));
#408 = VECTOR('',#409,1.);
#409 = DIRECTION('',(0.,1.,0.));
#410 = ORIENTED_EDGE('',*,*,#411,.T.);
#411 = EDGE_CURVE('',#404,#412,#414,.T.);
#412 = VERTEX_POINT('',#413);
#413 = CARTESIAN_POINT('',(4.01,3.,3.15));
#414 = LINE('',#415,#416);
#415 = CARTESIAN_POINT('',(4.01,1.5,8.5));
#416 = VECTOR('',#417,1.);
#417 = DIRECTION('',(0.,0.269963692325,-0.962870502626));
#418 = ORIENTED_EDGE('',*,*,#419,.T.);
#419 = EDGE_CURVE('',#412,#223,#420,.T.);
#420 = LINE('',#421,#422);
#421 = CARTESIAN_POINT('',(4.01,3.,3.15));
#422 = VECTOR('',#423,1.);
#423 = DIRECTION('',(0.,0.,-1.));
#424 = ORIENTED_EDGE('',*,*,#239,.T.);
#425 = ORIENTED_EDGE('',*,*,#140,.T.);
#426 = ORIENTED_EDGE('',*,*,#427,.F.);
#427 = EDGE_CURVE('',#386,#133,#428,.T.);
#428 = CIRCLE('',#429,0.3);
#429 = AXIS2_PLACEMENT_3D('',#430,#431,#432);
#430 = CARTESIAN_POINT('',(4.01,-3.,4.95));
#431 = DIRECTION('',(1.,0.,0.));
#432 = DIRECTION('',(0.,1.,0.));
#433 = PLANE('',#434);
#434 = AXIS2_PLACEMENT_3D('',#435,#436,#437);
#435 = CARTESIAN_POINT('',(4.01,-0.182842852606,3.789288595895));
#436 = DIRECTION('',(1.,0.,0.));
#437 = DIRECTION('',(0.,0.,1.));
#438 = ADVANCED_FACE('',(#439),#490,.F.);
#439 = FACE_BOUND('',#440,.T.);
#440 = EDGE_LOOP('',(#441,#451,#459,#467,#475,#481,#482,#483));
#441 = ORIENTED_EDGE('',*,*,#442,.T.);
#442 = EDGE_CURVE('',#443,#445,#447,.T.);
#443 = VERTEX_POINT('',#444);
#444 = CARTESIAN_POINT('',(-1.47,-3.,5.25));
#445 = VERTEX_POINT('',#446);
#446 = CARTESIAN_POINT('',(-1.47,-2.4,5.25));
#447 = LINE('',#448,#449);
#448 = CARTESIAN_POINT('',(-1.47,-3.,5.25));
#449 = VECTOR('',#450,1.);
#450 = DIRECTION('',(0.,1.,0.));
#451 = ORIENTED_EDGE('',*,*,#452,.T.);
#452 = EDGE_CURVE('',#445,#453,#455,.T.);
#453 = VERTEX_POINT('',#454);
#454 = CARTESIAN_POINT('',(-1.47,-1.5,8.5));
#455 = LINE('',#456,#457);
#456 = CARTESIAN_POINT('',(-1.47,-2.4,5.25));
#457 = VECTOR('',#458,1.);
#458 = DIRECTION('',(0.,0.266879082981,0.963730021877));
#459 = ORIENTED_EDGE('',*,*,#460,.T.);
#460 = EDGE_CURVE('',#453,#461,#463,.T.);
#461 = VERTEX_POINT('',#462);
#462 = CARTESIAN_POINT('',(-1.47,1.5,8.5));
#463 = LINE('',#464,#465);
#464 = CARTESIAN_POINT('',(-1.47,-1.5,8.5));
#465 = VECTOR('',#466,1.);
#466 = DIRECTION('',(0.,1.,0.));
#467 = ORIENTED_EDGE('',*,*,#468,.T.);
#468 = EDGE_CURVE('',#461,#469,#471,.T.);
#469 = VERTEX_POINT('',#470);
#470 = CARTESIAN_POINT('',(-1.47,3.,3.15));
#471 = LINE('',#472,#473);
#472 = CARTESIAN_POINT('',(-1.47,1.5,8.5));
#473 = VECTOR('',#474,1.);
#474 = DIRECTION('',(0.,0.269963692325,-0.962870502626));
#475 = ORIENTED_EDGE('',*,*,#476,.T.);
#476 = EDGE_CURVE('',#469,#225,#477,.T.);
#477 = LINE('',#478,#479);
#478 = CARTESIAN_POINT('',(-1.47,3.,3.15));
#479 = VECTOR('',#480,1.);
#480 = DIRECTION('',(0.,0.,-1.));
#481 = ORIENTED_EDGE('',*,*,#232,.T.);
#482 = ORIENTED_EDGE('',*,*,#124,.T.);
#483 = ORIENTED_EDGE('',*,*,#484,.F.);
#484 = EDGE_CURVE('',#443,#125,#485,.T.);
#485 = CIRCLE('',#486,0.3);
#486 = AXIS2_PLACEMENT_3D('',#487,#488,#489);
#487 = CARTESIAN_POINT('',(-1.47,-3.,4.95));
#488 = DIRECTION('',(1.,0.,0.));
#489 = DIRECTION('',(0.,1.,0.));
#490 = PLANE('',#491);
#491 = AXIS2_PLACEMENT_3D('',#492,#493,#494);
#492 = CARTESIAN_POINT('',(-1.47,-0.182842852606,3.789288595895));
#493 = DIRECTION('',(1.,0.,0.));
#494 = DIRECTION('',(0.,0.,1.));
#495 = ADVANCED_FACE('',(#496),#507,.T.);
#496 = FACE_BOUND('',#497,.T.);
#497 = EDGE_LOOP('',(#498,#504,#505,#506));
#498 = ORIENTED_EDGE('',*,*,#499,.T.);
#499 = EDGE_CURVE('',#386,#443,#500,.T.);
#500 = LINE('',#501,#502);
#501 = CARTESIAN_POINT('',(4.01,-3.,5.25));
#502 = VECTOR('',#503,1.);
#503 = DIRECTION('',(-1.,-0.,-0.));
#504 = ORIENTED_EDGE('',*,*,#484,.T.);
#505 = ORIENTED_EDGE('',*,*,#132,.F.);
#506 = ORIENTED_EDGE('',*,*,#427,.F.);
#507 = CYLINDRICAL_SURFACE('',#508,0.3);
#508 = AXIS2_PLACEMENT_3D('',#509,#510,#511);
#509 = CARTESIAN_POINT('',(4.01,-3.,4.95));
#510 = DIRECTION('',(1.,0.,0.));
#511 = DIRECTION('',(0.,1.,0.));
#512 = ADVANCED_FACE('',(#513),#538,.F.);
#513 = FACE_BOUND('',#514,.T.);
#514 = EDGE_LOOP('',(#515,#523,#531,#537));
#515 = ORIENTED_EDGE('',*,*,#516,.T.);
#516 = EDGE_CURVE('',#151,#517,#519,.T.);
#517 = VERTEX_POINT('',#518);
#518 = CARTESIAN_POINT('',(0.67,-2.5,1.532840329046));
#519 = LINE('',#520,#521);
#520 = CARTESIAN_POINT('',(0.857111111111,-2.874222222222,1.065062551269
    ));
#521 = VECTOR('',#522,1.);
#522 = DIRECTION('',(-0.298142397,0.596284794,0.7453559925));
#523 = ORIENTED_EDGE('',*,*,#524,.F.);
#524 = EDGE_CURVE('',#525,#517,#527,.T.);
#525 = VERTEX_POINT('',#526);
#526 = CARTESIAN_POINT('',(-0.67,-2.5,1.532840329046));
#527 = LINE('',#528,#529);
#528 = CARTESIAN_POINT('',(-0.67,-2.5,1.532840329046));
#529 = VECTOR('',#530,1.);
#530 = DIRECTION('',(1.,0.,0.));
#531 = ORIENTED_EDGE('',*,*,#532,.F.);
#532 = EDGE_CURVE('',#149,#525,#533,.T.);
#533 = LINE('',#534,#535);
#534 = CARTESIAN_POINT('',(-0.805555555556,-2.771111111111,
    1.193951440157));
#535 = VECTOR('',#536,1.);
#536 = DIRECTION('',(0.298142397,0.596284794,0.7453559925));
#537 = ORIENTED_EDGE('',*,*,#148,.T.);
#538 = PLANE('',#539);
#539 = AXIS2_PLACEMENT_3D('',#540,#541,#542);
#540 = CARTESIAN_POINT('',(-0.67,-2.9,1.032840329046));
#541 = DIRECTION('',(0.,0.780868809443,-0.624695047554));
#542 = DIRECTION('',(-1.,-0.,-0.));
#543 = ADVANCED_FACE('',(#544),#562,.F.);
#544 = FACE_BOUND('',#545,.T.);
#545 = EDGE_LOOP('',(#546,#547,#548,#556));
#546 = ORIENTED_EDGE('',*,*,#516,.F.);
#547 = ORIENTED_EDGE('',*,*,#158,.T.);
#548 = ORIENTED_EDGE('',*,*,#549,.T.);
#549 = EDGE_CURVE('',#159,#550,#552,.T.);
#550 = VERTEX_POINT('',#551);
#551 = CARTESIAN_POINT('',(0.67,-2.5,3.132840329046));
#552 = LINE('',#553,#554);
#553 = CARTESIAN_POINT('',(0.529420289855,-2.21884057971,2.640811343539)
  );
#554 = VECTOR('',#555,1.);
#555 = DIRECTION('',(-0.240771706172,0.481543412343,-0.8427009716));
#556 = ORIENTED_EDGE('',*,*,#557,.F.);
#557 = EDGE_CURVE('',#517,#550,#558,.T.);
#558 = LINE('',#559,#560);
#559 = CARTESIAN_POINT('',(0.67,-2.5,0.532840329046));
#560 = VECTOR('',#561,1.);
#561 = DIRECTION('',(0.,9.E-17,1.));
#562 = PLANE('',#563);
#563 = AXIS2_PLACEMENT_3D('',#564,#565,#566);
#564 = CARTESIAN_POINT('',(0.87,-2.9,0.532840329046));
#565 = DIRECTION('',(0.894427191,0.4472135955,-4.179956513587E-17));
#566 = DIRECTION('',(-1.386667629497E-18,-9.069333381475E-17,-1.));
#567 = ADVANCED_FACE('',(#568),#586,.T.);
#568 = FACE_BOUND('',#569,.T.);
#569 = EDGE_LOOP('',(#570,#578,#579,#580));
#570 = ORIENTED_EDGE('',*,*,#571,.F.);
#571 = EDGE_CURVE('',#167,#572,#574,.T.);
#572 = VERTEX_POINT('',#573);
#573 = CARTESIAN_POINT('',(-0.67,-2.5,3.132840329046));
#574 = LINE('',#575,#576);
#575 = CARTESIAN_POINT('',(-0.896376811594,-2.952753623188,
    3.925159169626));
#576 = VECTOR('',#577,1.);
#577 = DIRECTION('',(0.240771706172,0.481543412343,-0.8427009716));
#578 = ORIENTED_EDGE('',*,*,#174,.T.);
#579 = ORIENTED_EDGE('',*,*,#532,.T.);
#580 = ORIENTED_EDGE('',*,*,#581,.F.);
#581 = EDGE_CURVE('',#572,#525,#582,.T.);
#582 = LINE('',#583,#584);
#583 = CARTESIAN_POINT('',(-0.67,-2.5,3.132840329046));
#584 = VECTOR('',#585,1.);
#585 = DIRECTION('',(0.,-9.E-17,-1.));
#586 = PLANE('',#587);
#587 = AXIS2_PLACEMENT_3D('',#588,#589,#590);
#588 = CARTESIAN_POINT('',(-0.92579471366,-3.011589427321,2.512761325567
    ));
#589 = DIRECTION('',(0.894427191,-0.4472135955,0.));
#590 = DIRECTION('',(0.4472135955,0.894427191,0.));
#591 = ADVANCED_FACE('',(#592),#603,.F.);
#592 = FACE_BOUND('',#593,.T.);
#593 = EDGE_LOOP('',(#594,#595,#596,#597));
#594 = ORIENTED_EDGE('',*,*,#549,.F.);
#595 = ORIENTED_EDGE('',*,*,#166,.T.);
#596 = ORIENTED_EDGE('',*,*,#571,.T.);
#597 = ORIENTED_EDGE('',*,*,#598,.F.);
#598 = EDGE_CURVE('',#550,#572,#599,.T.);
#599 = LINE('',#600,#601);
#600 = CARTESIAN_POINT('',(0.67,-2.5,3.132840329046));
#601 = VECTOR('',#602,1.);
#602 = DIRECTION('',(-1.,0.,0.));
#603 = PLANE('',#604);
#604 = AXIS2_PLACEMENT_3D('',#605,#606,#607);
#605 = CARTESIAN_POINT('',(0.67,-2.9,3.832840329046));
#606 = DIRECTION('',(0.,0.868243142124,0.496138938357));
#607 = DIRECTION('',(1.,0.,0.));
#608 = ADVANCED_FACE('',(#609),#625,.T.);
#609 = FACE_BOUND('',#610,.T.);
#610 = EDGE_LOOP('',(#611,#617,#618,#624));
#611 = ORIENTED_EDGE('',*,*,#612,.F.);
#612 = EDGE_CURVE('',#183,#92,#613,.T.);
#613 = LINE('',#614,#615);
#614 = CARTESIAN_POINT('',(1.643623188406,-2.952753623188,3.925159169626
    ));
#615 = VECTOR('',#616,1.);
#616 = DIRECTION('',(0.240771706172,0.481543412343,-0.8427009716));
#617 = ORIENTED_EDGE('',*,*,#182,.T.);
#618 = ORIENTED_EDGE('',*,*,#619,.T.);
#619 = EDGE_CURVE('',#185,#54,#620,.T.);
#620 = LINE('',#621,#622);
#621 = CARTESIAN_POINT('',(1.734444444444,-2.771111111111,1.193951440157
    ));
#622 = VECTOR('',#623,1.);
#623 = DIRECTION('',(0.298142397,0.596284794,0.7453559925));
#624 = ORIENTED_EDGE('',*,*,#99,.F.);
#625 = PLANE('',#626);
#626 = AXIS2_PLACEMENT_3D('',#627,#628,#629);
#627 = CARTESIAN_POINT('',(1.61420528634,-3.011589427321,2.512761325567)
  );
#628 = DIRECTION('',(0.894427191,-0.4472135955,0.));
#629 = DIRECTION('',(0.4472135955,0.894427191,0.));
#630 = ADVANCED_FACE('',(#631),#654,.F.);
#631 = FACE_BOUND('',#632,.T.);
#632 = EDGE_LOOP('',(#633,#639,#640,#648));
#633 = ORIENTED_EDGE('',*,*,#634,.F.);
#634 = EDGE_CURVE('',#193,#62,#635,.T.);
#635 = LINE('',#636,#637);
#636 = CARTESIAN_POINT('',(3.397111111111,-2.874222222222,1.065062551269
    ));
#637 = VECTOR('',#638,1.);
#638 = DIRECTION('',(-0.298142397,0.596284794,0.7453559925));
#639 = ORIENTED_EDGE('',*,*,#200,.T.);
#640 = ORIENTED_EDGE('',*,*,#641,.T.);
#641 = EDGE_CURVE('',#201,#642,#644,.T.);
#642 = VERTEX_POINT('',#643);
#643 = CARTESIAN_POINT('',(3.21,-2.5,3.132840329046));
#644 = LINE('',#645,#646);
#645 = CARTESIAN_POINT('',(3.069420289855,-2.21884057971,2.640811343539)
  );
#646 = VECTOR('',#647,1.);
#647 = DIRECTION('',(-0.240771706172,0.481543412343,-0.8427009716));
#648 = ORIENTED_EDGE('',*,*,#649,.F.);
#649 = EDGE_CURVE('',#62,#642,#650,.T.);
#650 = LINE('',#651,#652);
#651 = CARTESIAN_POINT('',(3.21,-2.5,0.532840329046));
#652 = VECTOR('',#653,1.);
#653 = DIRECTION('',(0.,9.E-17,1.));
#654 = PLANE('',#655);
#655 = AXIS2_PLACEMENT_3D('',#656,#657,#658);
#656 = CARTESIAN_POINT('',(3.41,-2.9,0.532840329046));
#657 = DIRECTION('',(0.894427191,0.4472135955,-4.179956513587E-17));
#658 = DIRECTION('',(-1.386667629497E-18,-9.069333381475E-17,-1.));
#659 = ADVANCED_FACE('',(#660),#735,.F.);
#660 = FACE_BOUND('',#661,.F.);
#661 = EDGE_LOOP('',(#662,#663,#671,#679,#687,#695,#703,#711,#719,#727,
    #733,#734));
#662 = ORIENTED_EDGE('',*,*,#419,.F.);
#663 = ORIENTED_EDGE('',*,*,#664,.T.);
#664 = EDGE_CURVE('',#412,#665,#667,.T.);
#665 = VERTEX_POINT('',#666);
#666 = CARTESIAN_POINT('',(3.24,3.,3.15));
#667 = LINE('',#668,#669);
#668 = CARTESIAN_POINT('',(4.01,3.,3.15));
#669 = VECTOR('',#670,1.);
#670 = DIRECTION('',(-1.,-0.,-0.));
#671 = ORIENTED_EDGE('',*,*,#672,.F.);
#672 = EDGE_CURVE('',#673,#665,#675,.T.);
#673 = VERTEX_POINT('',#674);
#674 = CARTESIAN_POINT('',(3.24,3.,1.5091518));
#675 = LINE('',#676,#677);
#676 = CARTESIAN_POINT('',(3.24,3.,2.823773498156));
#677 = VECTOR('',#678,1.);
#678 = DIRECTION('',(0.,0.,1.));
#679 = ORIENTED_EDGE('',*,*,#680,.F.);
#680 = EDGE_CURVE('',#681,#673,#683,.T.);
#681 = VERTEX_POINT('',#682);
#682 = CARTESIAN_POINT('',(1.84,3.,1.5091518));
#683 = LINE('',#684,#685);
#684 = CARTESIAN_POINT('',(3.625,3.,1.5091518));
#685 = VECTOR('',#686,1.);
#686 = DIRECTION('',(1.,0.,0.));
#687 = ORIENTED_EDGE('',*,*,#688,.T.);
#688 = EDGE_CURVE('',#681,#689,#691,.T.);
#689 = VERTEX_POINT('',#690);
#690 = CARTESIAN_POINT('',(1.84,3.,3.15));
#691 = LINE('',#692,#693);
#692 = CARTESIAN_POINT('',(1.84,3.,2.823773498156));
#693 = VECTOR('',#694,1.);
#694 = DIRECTION('',(0.,0.,1.));
#695 = ORIENTED_EDGE('',*,*,#696,.T.);
#696 = EDGE_CURVE('',#689,#697,#699,.T.);
#697 = VERTEX_POINT('',#698);
#698 = CARTESIAN_POINT('',(0.7,3.,3.15));
#699 = LINE('',#700,#701);
#700 = CARTESIAN_POINT('',(4.01,3.,3.15));
#701 = VECTOR('',#702,1.);
#702 = DIRECTION('',(-1.,-0.,-0.));
#703 = ORIENTED_EDGE('',*,*,#704,.F.);
#704 = EDGE_CURVE('',#705,#697,#707,.T.);
#705 = VERTEX_POINT('',#706);
#706 = CARTESIAN_POINT('',(0.7,3.,1.5091518));
#707 = LINE('',#708,#709);
#708 = CARTESIAN_POINT('',(0.7,3.,2.823773498156));
#709 = VECTOR('',#710,1.);
#710 = DIRECTION('',(0.,0.,1.));
#711 = ORIENTED_EDGE('',*,*,#712,.F.);
#712 = EDGE_CURVE('',#713,#705,#715,.T.);
#713 = VERTEX_POINT('',#714);
#714 = CARTESIAN_POINT('',(-0.7,3.,1.5091518));
#715 = LINE('',#716,#717);
#716 = CARTESIAN_POINT('',(2.355,3.,1.5091518));
#717 = VECTOR('',#718,1.);
#718 = DIRECTION('',(1.,0.,0.));
#719 = ORIENTED_EDGE('',*,*,#720,.T.);
#720 = EDGE_CURVE('',#713,#721,#723,.T.);
#721 = VERTEX_POINT('',#722);
#722 = CARTESIAN_POINT('',(-0.7,3.,3.15));
#723 = LINE('',#724,#725);
#724 = CARTESIAN_POINT('',(-0.7,3.,2.823773498156));
#725 = VECTOR('',#726,1.);
#726 = DIRECTION('',(0.,0.,1.));
#727 = ORIENTED_EDGE('',*,*,#728,.T.);
#728 = EDGE_CURVE('',#721,#469,#729,.T.);
#729 = LINE('',#730,#731);
#730 = CARTESIAN_POINT('',(4.01,3.,3.15));
#731 = VECTOR('',#732,1.);
#732 = DIRECTION('',(-1.,-0.,-0.));
#733 = ORIENTED_EDGE('',*,*,#476,.T.);
#734 = ORIENTED_EDGE('',*,*,#222,.F.);
#735 = PLANE('',#736);
#736 = AXIS2_PLACEMENT_3D('',#737,#738,#739);
#737 = CARTESIAN_POINT('',(4.01,3.,3.15));
#738 = DIRECTION('',(0.,-1.,0.));
#739 = DIRECTION('',(0.,0.,-1.));
#740 = ADVANCED_FACE('',(#741),#789,.T.);
#741 = FACE_BOUND('',#742,.T.);
#742 = EDGE_LOOP('',(#743,#751,#759,#765,#766,#774,#782,#788));
#743 = ORIENTED_EDGE('',*,*,#744,.F.);
#744 = EDGE_CURVE('',#745,#248,#747,.T.);
#745 = VERTEX_POINT('',#746);
#746 = CARTESIAN_POINT('',(1.07,2.085974,4.594855));
#747 = LINE('',#748,#749);
#748 = CARTESIAN_POINT('',(1.07,2.085974,4.594855));
#749 = VECTOR('',#750,1.);
#750 = DIRECTION('',(0.,0.,-1.));
#751 = ORIENTED_EDGE('',*,*,#752,.T.);
#752 = EDGE_CURVE('',#745,#753,#755,.T.);
#753 = VERTEX_POINT('',#754);
#754 = CARTESIAN_POINT('',(-1.07,2.085974,4.594855));
#755 = LINE('',#756,#757);
#756 = CARTESIAN_POINT('',(1.07,2.085974,4.594855));
#757 = VECTOR('',#758,1.);
#758 = DIRECTION('',(-1.,-0.,-0.));
#759 = ORIENTED_EDGE('',*,*,#760,.T.);
#760 = EDGE_CURVE('',#753,#274,#761,.T.);
#761 = LINE('',#762,#763);
#762 = CARTESIAN_POINT('',(-1.07,2.085974,4.594855));
#763 = VECTOR('',#764,1.);
#764 = DIRECTION('',(0.,0.,-1.));
#765 = ORIENTED_EDGE('',*,*,#281,.F.);
#766 = ORIENTED_EDGE('',*,*,#767,.F.);
#767 = EDGE_CURVE('',#768,#282,#770,.T.);
#768 = VERTEX_POINT('',#769);
#769 = CARTESIAN_POINT('',(-0.7,2.085974,3.7725668));
#770 = LINE('',#771,#772);
#771 = CARTESIAN_POINT('',(-0.7,2.085974,3.7725668));
#772 = VECTOR('',#773,1.);
#773 = DIRECTION('',(0.,0.,-1.));
#774 = ORIENTED_EDGE('',*,*,#775,.F.);
#775 = EDGE_CURVE('',#776,#768,#778,.T.);
#776 = VERTEX_POINT('',#777);
#777 = CARTESIAN_POINT('',(0.7,2.085974,3.7725668));
#778 = LINE('',#779,#780);
#779 = CARTESIAN_POINT('',(0.7,2.085974,3.7725668));
#780 = VECTOR('',#781,1.);
#781 = DIRECTION('',(-1.,-0.,-0.));
#782 = ORIENTED_EDGE('',*,*,#783,.T.);
#783 = EDGE_CURVE('',#776,#250,#784,.T.);
#784 = LINE('',#785,#786);
#785 = CARTESIAN_POINT('',(0.7,2.085974,3.7725668));
#786 = VECTOR('',#787,1.);
#787 = DIRECTION('',(0.,0.,-1.));
#788 = ORIENTED_EDGE('',*,*,#247,.F.);
#789 = PLANE('',#790);
#790 = AXIS2_PLACEMENT_3D('',#791,#792,#793);
#791 = CARTESIAN_POINT('',(1.07,2.085974,4.594855));
#792 = DIRECTION('',(0.,-1.,0.));
#793 = DIRECTION('',(0.,0.,-1.));
#794 = ADVANCED_FACE('',(#795),#853,.F.);
#795 = FACE_BOUND('',#796,.T.);
#796 = EDGE_LOOP('',(#797,#805,#813,#821,#829,#837,#845,#851,#852));
#797 = ORIENTED_EDGE('',*,*,#798,.T.);
#798 = EDGE_CURVE('',#258,#799,#801,.T.);
#799 = VERTEX_POINT('',#800);
#800 = CARTESIAN_POINT('',(1.07,-2.016232,1.330337));
#801 = LINE('',#802,#803);
#802 = CARTESIAN_POINT('',(1.07,-2.225654,0.));
#803 = VECTOR('',#804,1.);
#804 = DIRECTION('',(0.,0.155505255414,0.987835064947));
#805 = ORIENTED_EDGE('',*,*,#806,.T.);
#806 = EDGE_CURVE('',#799,#807,#809,.T.);
#807 = VERTEX_POINT('',#808);
#808 = CARTESIAN_POINT('',(1.07,-2.016232,3.7725));
#809 = LINE('',#810,#811);
#810 = CARTESIAN_POINT('',(1.07,-2.016232,1.330337));
#811 = VECTOR('',#812,1.);
#812 = DIRECTION('',(0.,0.,1.));
#813 = ORIENTED_EDGE('',*,*,#814,.T.);
#814 = EDGE_CURVE('',#807,#815,#817,.T.);
#815 = VERTEX_POINT('',#816);
#816 = CARTESIAN_POINT('',(1.07,-1.64713,3.7725));
#817 = LINE('',#818,#819);
#818 = CARTESIAN_POINT('',(1.07,-2.016232,3.7725));
#819 = VECTOR('',#820,1.);
#820 = DIRECTION('',(0.,1.,0.));
#821 = ORIENTED_EDGE('',*,*,#822,.T.);
#822 = EDGE_CURVE('',#815,#823,#825,.T.);
#823 = VERTEX_POINT('',#824);
#824 = CARTESIAN_POINT('',(1.07,-1.64713,6.504291));
#825 = LINE('',#826,#827);
#826 = CARTESIAN_POINT('',(1.07,-1.64713,3.7725));
#827 = VECTOR('',#828,1.);
#828 = DIRECTION('',(0.,0.,1.));
#829 = ORIENTED_EDGE('',*,*,#830,.T.);
#830 = EDGE_CURVE('',#823,#831,#833,.T.);
#831 = VERTEX_POINT('',#832);
#832 = CARTESIAN_POINT('',(1.07,1.630173,6.504291));
#833 = LINE('',#834,#835);
#834 = CARTESIAN_POINT('',(1.07,-1.64713,6.504291));
#835 = VECTOR('',#836,1.);
#836 = DIRECTION('',(0.,1.,0.));
#837 = ORIENTED_EDGE('',*,*,#838,.T.);
#838 = EDGE_CURVE('',#831,#839,#841,.T.);
#839 = VERTEX_POINT('',#840);
#840 = CARTESIAN_POINT('',(1.07,1.630173,6.011533));
#841 = LINE('',#842,#843);
#842 = CARTESIAN_POINT('',(1.07,1.630173,6.504291));
#843 = VECTOR('',#844,1.);
#844 = DIRECTION('',(0.,0.,-1.));
#845 = ORIENTED_EDGE('',*,*,#846,.T.);
#846 = EDGE_CURVE('',#839,#745,#847,.T.);
#847 = LINE('',#848,#849);
#848 = CARTESIAN_POINT('',(1.07,1.630173,6.011533));
#849 = VECTOR('',#850,1.);
#850 = DIRECTION('',(0.,0.306277272459,-0.951942347191));
#851 = ORIENTED_EDGE('',*,*,#744,.T.);
#852 = ORIENTED_EDGE('',*,*,#257,.T.);
#853 = PLANE('',#854);
#854 = AXIS2_PLACEMENT_3D('',#855,#856,#857);
#855 = CARTESIAN_POINT('',(1.07,-6.254098390486E-03,3.106456865277));
#856 = DIRECTION('',(1.,0.,0.));
#857 = DIRECTION('',(0.,0.,1.));
#858 = ADVANCED_FACE('',(#859),#900,.F.);
#859 = FACE_BOUND('',#860,.F.);
#860 = EDGE_LOOP('',(#861,#869,#877,#883,#884,#885,#893,#899));
#861 = ORIENTED_EDGE('',*,*,#862,.T.);
#862 = EDGE_CURVE('',#697,#863,#865,.T.);
#863 = VERTEX_POINT('',#864);
#864 = CARTESIAN_POINT('',(0.7,2.523512383178,4.8494725));
#865 = LINE('',#866,#867);
#866 = CARTESIAN_POINT('',(0.7,2.323466850359,5.562968233721));
#867 = VECTOR('',#868,1.);
#868 = DIRECTION('',(0.,-0.269963692325,0.962870502626));
#869 = ORIENTED_EDGE('',*,*,#870,.T.);
#870 = EDGE_CURVE('',#863,#871,#873,.T.);
#871 = VERTEX_POINT('',#872);
#872 = CARTESIAN_POINT('',(0.7,2.523512383178,3.7725668));
#873 = LINE('',#874,#875);
#874 = CARTESIAN_POINT('',(0.7,2.523512383178,4.8494725));
#875 = VECTOR('',#876,1.);
#876 = DIRECTION('',(0.,0.,-1.));
#877 = ORIENTED_EDGE('',*,*,#878,.T.);
#878 = EDGE_CURVE('',#871,#776,#879,.T.);
#879 = LINE('',#880,#881);
#880 = CARTESIAN_POINT('',(0.7,2.523512383178,3.7725668));
#881 = VECTOR('',#882,1.);
#882 = DIRECTION('',(0.,-1.,0.));
#883 = ORIENTED_EDGE('',*,*,#783,.T.);
#884 = ORIENTED_EDGE('',*,*,#305,.T.);
#885 = ORIENTED_EDGE('',*,*,#886,.T.);
#886 = EDGE_CURVE('',#298,#887,#889,.T.);
#887 = VERTEX_POINT('',#888);
#888 = CARTESIAN_POINT('',(0.7,2.527085,1.5091518));
#889 = LINE('',#890,#891);
#890 = CARTESIAN_POINT('',(0.7,2.527085,0.));
#891 = VECTOR('',#892,1.);
#892 = DIRECTION('',(0.,0.,1.));
#893 = ORIENTED_EDGE('',*,*,#894,.T.);
#894 = EDGE_CURVE('',#887,#705,#895,.T.);
#895 = LINE('',#896,#897);
#896 = CARTESIAN_POINT('',(0.7,2.527085,1.5091518));
#897 = VECTOR('',#898,1.);
#898 = DIRECTION('',(0.,1.,0.));
#899 = ORIENTED_EDGE('',*,*,#704,.T.);
#900 = PLANE('',#901);
#901 = AXIS2_PLACEMENT_3D('',#902,#903,#904);
#902 = CARTESIAN_POINT('',(0.7,2.689011253687,2.497546996313));
#903 = DIRECTION('',(1.,0.,0.));
#904 = DIRECTION('',(0.,0.,1.));
#905 = ADVANCED_FACE('',(#906),#924,.T.);
#906 = FACE_BOUND('',#907,.T.);
#907 = EDGE_LOOP('',(#908,#909,#917,#923));
#908 = ORIENTED_EDGE('',*,*,#265,.T.);
#909 = ORIENTED_EDGE('',*,*,#910,.T.);
#910 = EDGE_CURVE('',#266,#911,#913,.T.);
#911 = VERTEX_POINT('',#912);
#912 = CARTESIAN_POINT('',(-1.07,-2.016232,1.330337));
#913 = LINE('',#914,#915);
#914 = CARTESIAN_POINT('',(-1.07,-2.225654,0.));
#915 = VECTOR('',#916,1.);
#916 = DIRECTION('',(0.,0.155505255414,0.987835064947));
#917 = ORIENTED_EDGE('',*,*,#918,.F.);
#918 = EDGE_CURVE('',#799,#911,#919,.T.);
#919 = LINE('',#920,#921);
#920 = CARTESIAN_POINT('',(1.07,-2.016232,1.330337));
#921 = VECTOR('',#922,1.);
#922 = DIRECTION('',(-1.,-0.,-0.));
#923 = ORIENTED_EDGE('',*,*,#798,.F.);
#924 = PLANE('',#925);
#925 = AXIS2_PLACEMENT_3D('',#926,#927,#928);
#926 = CARTESIAN_POINT('',(1.07,-2.225654,0.));
#927 = DIRECTION('',(0.,0.987835064947,-0.155505255414));
#928 = DIRECTION('',(0.,0.155505255414,0.987835064947));
#929 = ADVANCED_FACE('',(#930),#948,.F.);
#930 = FACE_BOUND('',#931,.F.);
#931 = EDGE_LOOP('',(#932,#933,#941,#947));
#932 = ORIENTED_EDGE('',*,*,#297,.T.);
#933 = ORIENTED_EDGE('',*,*,#934,.T.);
#934 = EDGE_CURVE('',#290,#935,#937,.T.);
#935 = VERTEX_POINT('',#936);
#936 = CARTESIAN_POINT('',(-0.7,2.527085,1.5091518));
#937 = LINE('',#938,#939);
#938 = CARTESIAN_POINT('',(-0.7,2.527085,0.));
#939 = VECTOR('',#940,1.);
#940 = DIRECTION('',(0.,0.,1.));
#941 = ORIENTED_EDGE('',*,*,#942,.F.);
#942 = EDGE_CURVE('',#887,#935,#943,.T.);
#943 = LINE('',#944,#945);
#944 = CARTESIAN_POINT('',(0.7,2.527085,1.5091518));
#945 = VECTOR('',#946,1.);
#946 = DIRECTION('',(-1.,-0.,-0.));
#947 = ORIENTED_EDGE('',*,*,#886,.F.);
#948 = PLANE('',#949);
#949 = AXIS2_PLACEMENT_3D('',#950,#951,#952);
#950 = CARTESIAN_POINT('',(0.7,2.527085,0.));
#951 = DIRECTION('',(0.,1.,0.));
#952 = DIRECTION('',(0.,0.,1.));
#953 = ADVANCED_FACE('',(#954),#1005,.T.);
#954 = FACE_BOUND('',#955,.F.);
#955 = EDGE_LOOP('',(#956,#957,#965,#973,#981,#989,#997,#1003,#1004));
#956 = ORIENTED_EDGE('',*,*,#910,.T.);
#957 = ORIENTED_EDGE('',*,*,#958,.T.);
#958 = EDGE_CURVE('',#911,#959,#961,.T.);
#959 = VERTEX_POINT('',#960);
#960 = CARTESIAN_POINT('',(-1.07,-2.016232,3.7725));
#961 = LINE('',#962,#963);
#962 = CARTESIAN_POINT('',(-1.07,-2.016232,1.330337));
#963 = VECTOR('',#964,1.);
#964 = DIRECTION('',(0.,0.,1.));
#965 = ORIENTED_EDGE('',*,*,#966,.T.);
#966 = EDGE_CURVE('',#959,#967,#969,.T.);
#967 = VERTEX_POINT('',#968);
#968 = CARTESIAN_POINT('',(-1.07,-1.64713,3.7725));
#969 = LINE('',#970,#971);
#970 = CARTESIAN_POINT('',(-1.07,-2.016232,3.7725));
#971 = VECTOR('',#972,1.);
#972 = DIRECTION('',(0.,1.,0.));
#973 = ORIENTED_EDGE('',*,*,#974,.T.);
#974 = EDGE_CURVE('',#967,#975,#977,.T.);
#975 = VERTEX_POINT('',#976);
#976 = CARTESIAN_POINT('',(-1.07,-1.64713,6.504291));
#977 = LINE('',#978,#979);
#978 = CARTESIAN_POINT('',(-1.07,-1.64713,3.7725));
#979 = VECTOR('',#980,1.);
#980 = DIRECTION('',(0.,0.,1.));
#981 = ORIENTED_EDGE('',*,*,#982,.T.);
#982 = EDGE_CURVE('',#975,#983,#985,.T.);
#983 = VERTEX_POINT('',#984);
#984 = CARTESIAN_POINT('',(-1.07,1.630173,6.504291));
#985 = LINE('',#986,#987);
#986 = CARTESIAN_POINT('',(-1.07,-1.64713,6.504291));
#987 = VECTOR('',#988,1.);
#988 = DIRECTION('',(0.,1.,0.));
#989 = ORIENTED_EDGE('',*,*,#990,.T.);
#990 = EDGE_CURVE('',#983,#991,#993,.T.);
#991 = VERTEX_POINT('',#992);
#992 = CARTESIAN_POINT('',(-1.07,1.630173,6.011533));
#993 = LINE('',#994,#995);
#994 = CARTESIAN_POINT('',(-1.07,1.630173,6.504291));
#995 = VECTOR('',#996,1.);
#996 = DIRECTION('',(0.,0.,-1.));
#997 = ORIENTED_EDGE('',*,*,#998,.T.);
#998 = EDGE_CURVE('',#991,#753,#999,.T.);
#999 = LINE('',#1000,#1001);
#1000 = CARTESIAN_POINT('',(-1.07,1.630173,6.011533));
#1001 = VECTOR('',#1002,1.);
#1002 = DIRECTION('',(0.,0.306277272459,-0.951942347191));
#1003 = ORIENTED_EDGE('',*,*,#760,.T.);
#1004 = ORIENTED_EDGE('',*,*,#273,.T.);
#1005 = PLANE('',#1006);
#1006 = AXIS2_PLACEMENT_3D('',#1007,#1008,#1009);
#1007 = CARTESIAN_POINT('',(-1.07,-6.254098390486E-03,3.106456865277));
#1008 = DIRECTION('',(1.,0.,0.));
#1009 = DIRECTION('',(0.,0.,1.));
#1010 = ADVANCED_FACE('',(#1011),#1045,.T.);
#1011 = FACE_BOUND('',#1012,.T.);
#1012 = EDGE_LOOP('',(#1013,#1021,#1029,#1035,#1036,#1037,#1038,#1044));
#1013 = ORIENTED_EDGE('',*,*,#1014,.T.);
#1014 = EDGE_CURVE('',#721,#1015,#1017,.T.);
#1015 = VERTEX_POINT('',#1016);
#1016 = CARTESIAN_POINT('',(-0.7,2.523512383178,4.8494725));
#1017 = LINE('',#1018,#1019);
#1018 = CARTESIAN_POINT('',(-0.7,2.323466850359,5.562968233721));
#1019 = VECTOR('',#1020,1.);
#1020 = DIRECTION('',(0.,-0.269963692325,0.962870502626));
#1021 = ORIENTED_EDGE('',*,*,#1022,.T.);
#1022 = EDGE_CURVE('',#1015,#1023,#1025,.T.);
#1023 = VERTEX_POINT('',#1024);
#1024 = CARTESIAN_POINT('',(-0.7,2.523512383178,3.7725668));
#1025 = LINE('',#1026,#1027);
#1026 = CARTESIAN_POINT('',(-0.7,2.523512383178,4.8494725));
#1027 = VECTOR('',#1028,1.);
#1028 = DIRECTION('',(0.,0.,-1.));
#1029 = ORIENTED_EDGE('',*,*,#1030,.T.);
#1030 = EDGE_CURVE('',#1023,#768,#1031,.T.);
#1031 = LINE('',#1032,#1033);
#1032 = CARTESIAN_POINT('',(-0.7,2.523512383178,3.7725668));
#1033 = VECTOR('',#1034,1.);
#1034 = DIRECTION('',(0.,-1.,0.));
#1035 = ORIENTED_EDGE('',*,*,#767,.T.);
#1036 = ORIENTED_EDGE('',*,*,#289,.T.);
#1037 = ORIENTED_EDGE('',*,*,#934,.T.);
#1038 = ORIENTED_EDGE('',*,*,#1039,.T.);
#1039 = EDGE_CURVE('',#935,#713,#1040,.T.);
#1040 = LINE('',#1041,#1042);
#1041 = CARTESIAN_POINT('',(-0.7,2.527085,1.5091518));
#1042 = VECTOR('',#1043,1.);
#1043 = DIRECTION('',(0.,1.,0.));
#1044 = ORIENTED_EDGE('',*,*,#720,.T.);
#1045 = PLANE('',#1046);
#1046 = AXIS2_PLACEMENT_3D('',#1047,#1048,#1049);
#1047 = CARTESIAN_POINT('',(-0.7,2.689011253687,2.497546996313));
#1048 = DIRECTION('',(1.,0.,0.));
#1049 = DIRECTION('',(0.,0.,1.));
#1050 = ADVANCED_FACE('',(#1051),#1099,.T.);
#1051 = FACE_BOUND('',#1052,.T.);
#1052 = EDGE_LOOP('',(#1053,#1061,#1069,#1075,#1076,#1084,#1092,#1098));
#1053 = ORIENTED_EDGE('',*,*,#1054,.F.);
#1054 = EDGE_CURVE('',#1055,#314,#1057,.T.);
#1055 = VERTEX_POINT('',#1056);
#1056 = CARTESIAN_POINT('',(3.61,2.085974,4.594855));
#1057 = LINE('',#1058,#1059);
#1058 = CARTESIAN_POINT('',(3.61,2.085974,4.594855));
#1059 = VECTOR('',#1060,1.);
#1060 = DIRECTION('',(0.,0.,-1.));
#1061 = ORIENTED_EDGE('',*,*,#1062,.T.);
#1062 = EDGE_CURVE('',#1055,#1063,#1065,.T.);
#1063 = VERTEX_POINT('',#1064);
#1064 = CARTESIAN_POINT('',(1.47,2.085974,4.594855));
#1065 = LINE('',#1066,#1067);
#1066 = CARTESIAN_POINT('',(3.61,2.085974,4.594855));
#1067 = VECTOR('',#1068,1.);
#1068 = DIRECTION('',(-1.,-0.,-0.));
#1069 = ORIENTED_EDGE('',*,*,#1070,.T.);
#1070 = EDGE_CURVE('',#1063,#340,#1071,.T.);
#1071 = LINE('',#1072,#1073);
#1072 = CARTESIAN_POINT('',(1.47,2.085974,4.594855));
#1073 = VECTOR('',#1074,1.);
#1074 = DIRECTION('',(0.,0.,-1.));
#1075 = ORIENTED_EDGE('',*,*,#347,.F.);
#1076 = ORIENTED_EDGE('',*,*,#1077,.F.);
#1077 = EDGE_CURVE('',#1078,#348,#1080,.T.);
#1078 = VERTEX_POINT('',#1079);
#1079 = CARTESIAN_POINT('',(1.84,2.085974,3.7725668));
#1080 = LINE('',#1081,#1082);
#1081 = CARTESIAN_POINT('',(1.84,2.085974,3.7725668));
#1082 = VECTOR('',#1083,1.);
#1083 = DIRECTION('',(0.,0.,-1.));
#1084 = ORIENTED_EDGE('',*,*,#1085,.F.);
#1085 = EDGE_CURVE('',#1086,#1078,#1088,.T.);
#1086 = VERTEX_POINT('',#1087);
#1087 = CARTESIAN_POINT('',(3.24,2.085974,3.7725668));
#1088 = LINE('',#1089,#1090);
#1089 = CARTESIAN_POINT('',(3.24,2.085974,3.7725668));
#1090 = VECTOR('',#1091,1.);
#1091 = DIRECTION('',(-1.,-0.,-0.));
#1092 = ORIENTED_EDGE('',*,*,#1093,.T.);
#1093 = EDGE_CURVE('',#1086,#316,#1094,.T.);
#1094 = LINE('',#1095,#1096);
#1095 = CARTESIAN_POINT('',(3.24,2.085974,3.7725668));
#1096 = VECTOR('',#1097,1.);
#1097 = DIRECTION('',(0.,0.,-1.));
#1098 = ORIENTED_EDGE('',*,*,#313,.F.);
#1099 = PLANE('',#1100);
#1100 = AXIS2_PLACEMENT_3D('',#1101,#1102,#1103);
#1101 = CARTESIAN_POINT('',(3.61,2.085974,4.594855));
#1102 = DIRECTION('',(0.,-1.,0.));
#1103 = DIRECTION('',(0.,0.,-1.));
#1104 = ADVANCED_FACE('',(#1105),#1146,.F.);
#1105 = FACE_BOUND('',#1106,.F.);
#1106 = EDGE_LOOP('',(#1107,#1115,#1123,#1129,#1130,#1131,#1139,#1145));
#1107 = ORIENTED_EDGE('',*,*,#1108,.T.);
#1108 = EDGE_CURVE('',#665,#1109,#1111,.T.);
#1109 = VERTEX_POINT('',#1110);
#1110 = CARTESIAN_POINT('',(3.24,2.523512383178,4.8494725));
#1111 = LINE('',#1112,#1113);
#1112 = CARTESIAN_POINT('',(3.24,2.323466850359,5.562968233721));
#1113 = VECTOR('',#1114,1.);
#1114 = DIRECTION('',(0.,-0.269963692325,0.962870502626));
#1115 = ORIENTED_EDGE('',*,*,#1116,.T.);
#1116 = EDGE_CURVE('',#1109,#1117,#1119,.T.);
#1117 = VERTEX_POINT('',#1118);
#1118 = CARTESIAN_POINT('',(3.24,2.523512383178,3.7725668));
#1119 = LINE('',#1120,#1121);
#1120 = CARTESIAN_POINT('',(3.24,2.523512383178,4.8494725));
#1121 = VECTOR('',#1122,1.);
#1122 = DIRECTION('',(0.,0.,-1.));
#1123 = ORIENTED_EDGE('',*,*,#1124,.T.);
#1124 = EDGE_CURVE('',#1117,#1086,#1125,.T.);
#1125 = LINE('',#1126,#1127);
#1126 = CARTESIAN_POINT('',(3.24,2.523512383178,3.7725668));
#1127 = VECTOR('',#1128,1.);
#1128 = DIRECTION('',(0.,-1.,0.));
#1129 = ORIENTED_EDGE('',*,*,#1093,.T.);
#1130 = ORIENTED_EDGE('',*,*,#371,.T.);
#1131 = ORIENTED_EDGE('',*,*,#1132,.T.);
#1132 = EDGE_CURVE('',#364,#1133,#1135,.T.);
#1133 = VERTEX_POINT('',#1134);
#1134 = CARTESIAN_POINT('',(3.24,2.527085,1.5091518));
#1135 = LINE('',#1136,#1137);
#1136 = CARTESIAN_POINT('',(3.24,2.527085,0.));
#1137 = VECTOR('',#1138,1.);
#1138 = DIRECTION('',(0.,0.,1.));
#1139 = ORIENTED_EDGE('',*,*,#1140,.T.);
#1140 = EDGE_CURVE('',#1133,#673,#1141,.T.);
#1141 = LINE('',#1142,#1143);
#1142 = CARTESIAN_POINT('',(3.24,2.527085,1.5091518));
#1143 = VECTOR('',#1144,1.);
#1144 = DIRECTION('',(0.,1.,0.));
#1145 = ORIENTED_EDGE('',*,*,#672,.T.);
#1146 = PLANE('',#1147);
#1147 = AXIS2_PLACEMENT_3D('',#1148,#1149,#1150);
#1148 = CARTESIAN_POINT('',(3.24,2.689011253687,2.497546996313));
#1149 = DIRECTION('',(1.,0.,0.));
#1150 = DIRECTION('',(0.,0.,1.));
#1151 = ADVANCED_FACE('',(#1152),#1170,.F.);
#1152 = FACE_BOUND('',#1153,.F.);
#1153 = EDGE_LOOP('',(#1154,#1155,#1163,#1169));
#1154 = ORIENTED_EDGE('',*,*,#363,.T.);
#1155 = ORIENTED_EDGE('',*,*,#1156,.T.);
#1156 = EDGE_CURVE('',#356,#1157,#1159,.T.);
#1157 = VERTEX_POINT('',#1158);
#1158 = CARTESIAN_POINT('',(1.84,2.527085,1.5091518));
#1159 = LINE('',#1160,#1161);
#1160 = CARTESIAN_POINT('',(1.84,2.527085,0.));
#1161 = VECTOR('',#1162,1.);
#1162 = DIRECTION('',(0.,0.,1.));
#1163 = ORIENTED_EDGE('',*,*,#1164,.F.);
#1164 = EDGE_CURVE('',#1133,#1157,#1165,.T.);
#1165 = LINE('',#1166,#1167);
#1166 = CARTESIAN_POINT('',(3.24,2.527085,1.5091518));
#1167 = VECTOR('',#1168,1.);
#1168 = DIRECTION('',(-1.,-0.,-0.));
#1169 = ORIENTED_EDGE('',*,*,#1132,.F.);
#1170 = PLANE('',#1171);
#1171 = AXIS2_PLACEMENT_3D('',#1172,#1173,#1174);
#1172 = CARTESIAN_POINT('',(3.24,2.527085,0.));
#1173 = DIRECTION('',(0.,1.,0.));
#1174 = DIRECTION('',(0.,0.,1.));
#1175 = ADVANCED_FACE('',(#1176),#1210,.T.);
#1176 = FACE_BOUND('',#1177,.T.);
#1177 = EDGE_LOOP('',(#1178,#1186,#1194,#1200,#1201,#1202,#1203,#1209));
#1178 = ORIENTED_EDGE('',*,*,#1179,.T.);
#1179 = EDGE_CURVE('',#689,#1180,#1182,.T.);
#1180 = VERTEX_POINT('',#1181);
#1181 = CARTESIAN_POINT('',(1.84,2.523512383178,4.8494725));
#1182 = LINE('',#1183,#1184);
#1183 = CARTESIAN_POINT('',(1.84,2.323466850359,5.562968233721));
#1184 = VECTOR('',#1185,1.);
#1185 = DIRECTION('',(0.,-0.269963692325,0.962870502626));
#1186 = ORIENTED_EDGE('',*,*,#1187,.T.);
#1187 = EDGE_CURVE('',#1180,#1188,#1190,.T.);
#1188 = VERTEX_POINT('',#1189);
#1189 = CARTESIAN_POINT('',(1.84,2.523512383178,3.7725668));
#1190 = LINE('',#1191,#1192);
#1191 = CARTESIAN_POINT('',(1.84,2.523512383178,4.8494725));
#1192 = VECTOR('',#1193,1.);
#1193 = DIRECTION('',(0.,0.,-1.));
#1194 = ORIENTED_EDGE('',*,*,#1195,.T.);
#1195 = EDGE_CURVE('',#1188,#1078,#1196,.T.);
#1196 = LINE('',#1197,#1198);
#1197 = CARTESIAN_POINT('',(1.84,2.523512383178,3.7725668));
#1198 = VECTOR('',#1199,1.);
#1199 = DIRECTION('',(0.,-1.,0.));
#1200 = ORIENTED_EDGE('',*,*,#1077,.T.);
#1201 = ORIENTED_EDGE('',*,*,#355,.T.);
#1202 = ORIENTED_EDGE('',*,*,#1156,.T.);
#1203 = ORIENTED_EDGE('',*,*,#1204,.T.);
#1204 = EDGE_CURVE('',#1157,#681,#1205,.T.);
#1205 = LINE('',#1206,#1207);
#1206 = CARTESIAN_POINT('',(1.84,2.527085,1.5091518));
#1207 = VECTOR('',#1208,1.);
#1208 = DIRECTION('',(0.,1.,0.));
#1209 = ORIENTED_EDGE('',*,*,#688,.T.);
#1210 = PLANE('',#1211);
#1211 = AXIS2_PLACEMENT_3D('',#1212,#1213,#1214);
#1212 = CARTESIAN_POINT('',(1.84,2.689011253687,2.497546996313));
#1213 = DIRECTION('',(1.,0.,0.));
#1214 = DIRECTION('',(0.,0.,1.));
#1215 = ADVANCED_FACE('',(#1216),#1274,.T.);
#1216 = FACE_BOUND('',#1217,.F.);
#1217 = EDGE_LOOP('',(#1218,#1226,#1234,#1242,#1250,#1258,#1266,#1272,
    #1273));
#1218 = ORIENTED_EDGE('',*,*,#1219,.T.);
#1219 = EDGE_CURVE('',#332,#1220,#1222,.T.);
#1220 = VERTEX_POINT('',#1221);
#1221 = CARTESIAN_POINT('',(1.47,-2.016232,1.330337));
#1222 = LINE('',#1223,#1224);
#1223 = CARTESIAN_POINT('',(1.47,-2.225654,0.));
#1224 = VECTOR('',#1225,1.);
#1225 = DIRECTION('',(0.,0.155505255414,0.987835064947));
#1226 = ORIENTED_EDGE('',*,*,#1227,.T.);
#1227 = EDGE_CURVE('',#1220,#1228,#1230,.T.);
#1228 = VERTEX_POINT('',#1229);
#1229 = CARTESIAN_POINT('',(1.47,-2.016232,3.7725));
#1230 = LINE('',#1231,#1232);
#1231 = CARTESIAN_POINT('',(1.47,-2.016232,1.330337));
#1232 = VECTOR('',#1233,1.);
#1233 = DIRECTION('',(0.,0.,1.));
#1234 = ORIENTED_EDGE('',*,*,#1235,.T.);
#1235 = EDGE_CURVE('',#1228,#1236,#1238,.T.);
#1236 = VERTEX_POINT('',#1237);
#1237 = CARTESIAN_POINT('',(1.47,-1.64713,3.7725));
#1238 = LINE('',#1239,#1240);
#1239 = CARTESIAN_POINT('',(1.47,-2.016232,3.7725));
#1240 = VECTOR('',#1241,1.);
#1241 = DIRECTION('',(0.,1.,0.));
#1242 = ORIENTED_EDGE('',*,*,#1243,.T.);
#1243 = EDGE_CURVE('',#1236,#1244,#1246,.T.);
#1244 = VERTEX_POINT('',#1245);
#1245 = CARTESIAN_POINT('',(1.47,-1.64713,6.504291));
#1246 = LINE('',#1247,#1248);
#1247 = CARTESIAN_POINT('',(1.47,-1.64713,3.7725));
#1248 = VECTOR('',#1249,1.);
#1249 = DIRECTION('',(0.,0.,1.));
#1250 = ORIENTED_EDGE('',*,*,#1251,.T.);
#1251 = EDGE_CURVE('',#1244,#1252,#1254,.T.);
#1252 = VERTEX_POINT('',#1253);
#1253 = CARTESIAN_POINT('',(1.47,1.630173,6.504291));
#1254 = LINE('',#1255,#1256);
#1255 = CARTESIAN_POINT('',(1.47,-1.64713,6.504291));
#1256 = VECTOR('',#1257,1.);
#1257 = DIRECTION('',(0.,1.,0.));
#1258 = ORIENTED_EDGE('',*,*,#1259,.T.);
#1259 = EDGE_CURVE('',#1252,#1260,#1262,.T.);
#1260 = VERTEX_POINT('',#1261);
#1261 = CARTESIAN_POINT('',(1.47,1.630173,6.011533));
#1262 = LINE('',#1263,#1264);
#1263 = CARTESIAN_POINT('',(1.47,1.630173,6.504291));
#1264 = VECTOR('',#1265,1.);
#1265 = DIRECTION('',(0.,0.,-1.));
#1266 = ORIENTED_EDGE('',*,*,#1267,.T.);
#1267 = EDGE_CURVE('',#1260,#1063,#1268,.T.);
#1268 = LINE('',#1269,#1270);
#1269 = CARTESIAN_POINT('',(1.47,1.630173,6.011533));
#1270 = VECTOR('',#1271,1.);
#1271 = DIRECTION('',(0.,0.306277272459,-0.951942347191));
#1272 = ORIENTED_EDGE('',*,*,#1070,.T.);
#1273 = ORIENTED_EDGE('',*,*,#339,.T.);
#1274 = PLANE('',#1275);
#1275 = AXIS2_PLACEMENT_3D('',#1276,#1277,#1278);
#1276 = CARTESIAN_POINT('',(1.47,-6.254098390486E-03,3.106456865277));
#1277 = DIRECTION('',(1.,0.,0.));
#1278 = DIRECTION('',(0.,0.,1.));
#1279 = ADVANCED_FACE('',(#1280),#1298,.T.);
#1280 = FACE_BOUND('',#1281,.T.);
#1281 = EDGE_LOOP('',(#1282,#1283,#1284,#1292));
#1282 = ORIENTED_EDGE('',*,*,#331,.T.);
#1283 = ORIENTED_EDGE('',*,*,#1219,.T.);
#1284 = ORIENTED_EDGE('',*,*,#1285,.F.);
#1285 = EDGE_CURVE('',#1286,#1220,#1288,.T.);
#1286 = VERTEX_POINT('',#1287);
#1287 = CARTESIAN_POINT('',(3.61,-2.016232,1.330337));
#1288 = LINE('',#1289,#1290);
#1289 = CARTESIAN_POINT('',(3.61,-2.016232,1.330337));
#1290 = VECTOR('',#1291,1.);
#1291 = DIRECTION('',(-1.,-0.,-0.));
#1292 = ORIENTED_EDGE('',*,*,#1293,.F.);
#1293 = EDGE_CURVE('',#324,#1286,#1294,.T.);
#1294 = LINE('',#1295,#1296);
#1295 = CARTESIAN_POINT('',(3.61,-2.225654,0.));
#1296 = VECTOR('',#1297,1.);
#1297 = DIRECTION('',(0.,0.155505255414,0.987835064947));
#1298 = PLANE('',#1299);
#1299 = AXIS2_PLACEMENT_3D('',#1300,#1301,#1302);
#1300 = CARTESIAN_POINT('',(3.61,-2.225654,0.));
#1301 = DIRECTION('',(0.,0.987835064947,-0.155505255414));
#1302 = DIRECTION('',(0.,0.155505255414,0.987835064947));
#1303 = ADVANCED_FACE('',(#1304),#1355,.F.);
#1304 = FACE_BOUND('',#1305,.T.);
#1305 = EDGE_LOOP('',(#1306,#1307,#1315,#1323,#1331,#1339,#1347,#1353,
    #1354));
#1306 = ORIENTED_EDGE('',*,*,#1293,.T.);
#1307 = ORIENTED_EDGE('',*,*,#1308,.T.);
#1308 = EDGE_CURVE('',#1286,#1309,#1311,.T.);
#1309 = VERTEX_POINT('',#1310);
#1310 = CARTESIAN_POINT('',(3.61,-2.016232,3.7725));
#1311 = LINE('',#1312,#1313);
#1312 = CARTESIAN_POINT('',(3.61,-2.016232,1.330337));
#1313 = VECTOR('',#1314,1.);
#1314 = DIRECTION('',(0.,0.,1.));
#1315 = ORIENTED_EDGE('',*,*,#1316,.T.);
#1316 = EDGE_CURVE('',#1309,#1317,#1319,.T.);
#1317 = VERTEX_POINT('',#1318);
#1318 = CARTESIAN_POINT('',(3.61,-1.64713,3.7725));
#1319 = LINE('',#1320,#1321);
#1320 = CARTESIAN_POINT('',(3.61,-2.016232,3.7725));
#1321 = VECTOR('',#1322,1.);
#1322 = DIRECTION('',(0.,1.,0.));
#1323 = ORIENTED_EDGE('',*,*,#1324,.T.);
#1324 = EDGE_CURVE('',#1317,#1325,#1327,.T.);
#1325 = VERTEX_POINT('',#1326);
#1326 = CARTESIAN_POINT('',(3.61,-1.64713,6.504291));
#1327 = LINE('',#1328,#1329);
#1328 = CARTESIAN_POINT('',(3.61,-1.64713,3.7725));
#1329 = VECTOR('',#1330,1.);
#1330 = DIRECTION('',(0.,0.,1.));
#1331 = ORIENTED_EDGE('',*,*,#1332,.T.);
#1332 = EDGE_CURVE('',#1325,#1333,#1335,.T.);
#1333 = VERTEX_POINT('',#1334);
#1334 = CARTESIAN_POINT('',(3.61,1.630173,6.504291));
#1335 = LINE('',#1336,#1337);
#1336 = CARTESIAN_POINT('',(3.61,-1.64713,6.504291));
#1337 = VECTOR('',#1338,1.);
#1338 = DIRECTION('',(0.,1.,0.));
#1339 = ORIENTED_EDGE('',*,*,#1340,.T.);
#1340 = EDGE_CURVE('',#1333,#1341,#1343,.T.);
#1341 = VERTEX_POINT('',#1342);
#1342 = CARTESIAN_POINT('',(3.61,1.630173,6.011533));
#1343 = LINE('',#1344,#1345);
#1344 = CARTESIAN_POINT('',(3.61,1.630173,6.504291));
#1345 = VECTOR('',#1346,1.);
#1346 = DIRECTION('',(0.,0.,-1.));
#1347 = ORIENTED_EDGE('',*,*,#1348,.T.);
#1348 = EDGE_CURVE('',#1341,#1055,#1349,.T.);
#1349 = LINE('',#1350,#1351);
#1350 = CARTESIAN_POINT('',(3.61,1.630173,6.011533));
#1351 = VECTOR('',#1352,1.);
#1352 = DIRECTION('',(0.,0.306277272459,-0.951942347191));
#1353 = ORIENTED_EDGE('',*,*,#1054,.T.);
#1354 = ORIENTED_EDGE('',*,*,#323,.T.);
#1355 = PLANE('',#1356);
#1356 = AXIS2_PLACEMENT_3D('',#1357,#1358,#1359);
#1357 = CARTESIAN_POINT('',(3.61,-6.254098390486E-03,3.106456865277));
#1358 = DIRECTION('',(1.,0.,0.));
#1359 = DIRECTION('',(0.,0.,1.));
#1360 = ADVANCED_FACE('',(#1361),#1372,.F.);
#1361 = FACE_BOUND('',#1362,.F.);
#1362 = EDGE_LOOP('',(#1363,#1364,#1365,#1371));
#1363 = ORIENTED_EDGE('',*,*,#499,.T.);
#1364 = ORIENTED_EDGE('',*,*,#442,.T.);
#1365 = ORIENTED_EDGE('',*,*,#1366,.F.);
#1366 = EDGE_CURVE('',#388,#445,#1367,.T.);
#1367 = LINE('',#1368,#1369);
#1368 = CARTESIAN_POINT('',(4.01,-2.4,5.25));
#1369 = VECTOR('',#1370,1.);
#1370 = DIRECTION('',(-1.,-0.,-0.));
#1371 = ORIENTED_EDGE('',*,*,#385,.F.);
#1372 = PLANE('',#1373);
#1373 = AXIS2_PLACEMENT_3D('',#1374,#1375,#1376);
#1374 = CARTESIAN_POINT('',(4.01,-3.,5.25));
#1375 = DIRECTION('',(0.,0.,-1.));
#1376 = DIRECTION('',(0.,1.,0.));
#1377 = ADVANCED_FACE('',(#1378),#1389,.F.);
#1378 = FACE_BOUND('',#1379,.F.);
#1379 = EDGE_LOOP('',(#1380,#1381,#1382,#1388));
#1380 = ORIENTED_EDGE('',*,*,#1366,.T.);
#1381 = ORIENTED_EDGE('',*,*,#452,.T.);
#1382 = ORIENTED_EDGE('',*,*,#1383,.F.);
#1383 = EDGE_CURVE('',#396,#453,#1384,.T.);
#1384 = LINE('',#1385,#1386);
#1385 = CARTESIAN_POINT('',(4.01,-1.5,8.5));
#1386 = VECTOR('',#1387,1.);
#1387 = DIRECTION('',(-1.,-0.,-0.));
#1388 = ORIENTED_EDGE('',*,*,#395,.F.);
#1389 = PLANE('',#1390);
#1390 = AXIS2_PLACEMENT_3D('',#1391,#1392,#1393);
#1391 = CARTESIAN_POINT('',(4.01,-2.4,5.25));
#1392 = DIRECTION('',(0.,0.963730021877,-0.266879082981));
#1393 = DIRECTION('',(0.,0.266879082981,0.963730021877));
#1394 = ADVANCED_FACE('',(#1395,#1406,#1417),#1428,.F.);
#1395 = FACE_BOUND('',#1396,.F.);
#1396 = EDGE_LOOP('',(#1397,#1398,#1399,#1405));
#1397 = ORIENTED_EDGE('',*,*,#1383,.T.);
#1398 = ORIENTED_EDGE('',*,*,#460,.T.);
#1399 = ORIENTED_EDGE('',*,*,#1400,.F.);
#1400 = EDGE_CURVE('',#404,#461,#1401,.T.);
#1401 = LINE('',#1402,#1403);
#1402 = CARTESIAN_POINT('',(4.01,1.5,8.5));
#1403 = VECTOR('',#1404,1.);
#1404 = DIRECTION('',(-1.,-0.,-0.));
#1405 = ORIENTED_EDGE('',*,*,#403,.F.);
#1406 = FACE_BOUND('',#1407,.F.);
#1407 = EDGE_LOOP('',(#1408));
#1408 = ORIENTED_EDGE('',*,*,#1409,.T.);
#1409 = EDGE_CURVE('',#1410,#1410,#1412,.T.);
#1410 = VERTEX_POINT('',#1411);
#1411 = CARTESIAN_POINT('',(0.,1.04036,8.5));
#1412 = CIRCLE('',#1413,1.04036);
#1413 = AXIS2_PLACEMENT_3D('',#1414,#1415,#1416);
#1414 = CARTESIAN_POINT('',(0.,0.,8.5));
#1415 = DIRECTION('',(0.,-0.,1.));
#1416 = DIRECTION('',(0.,1.,0.));
#1417 = FACE_BOUND('',#1418,.F.);
#1418 = EDGE_LOOP('',(#1419));
#1419 = ORIENTED_EDGE('',*,*,#1420,.T.);
#1420 = EDGE_CURVE('',#1421,#1421,#1423,.T.);
#1421 = VERTEX_POINT('',#1422);
#1422 = CARTESIAN_POINT('',(2.54,1.04036,8.5));
#1423 = CIRCLE('',#1424,1.04036);
#1424 = AXIS2_PLACEMENT_3D('',#1425,#1426,#1427);
#1425 = CARTESIAN_POINT('',(2.54,0.,8.5));
#1426 = DIRECTION('',(0.,-0.,1.));
#1427 = DIRECTION('',(0.,1.,0.));
#1428 = PLANE('',#1429);
#1429 = AXIS2_PLACEMENT_3D('',#1430,#1431,#1432);
#1430 = CARTESIAN_POINT('',(4.01,-1.5,8.5));
#1431 = DIRECTION('',(0.,0.,-1.));
#1432 = DIRECTION('',(0.,1.,0.));
#1433 = ADVANCED_FACE('',(#1434),#1458,.F.);
#1434 = FACE_BOUND('',#1435,.F.);
#1435 = EDGE_LOOP('',(#1436,#1437,#1438,#1439,#1440,#1441,#1447,#1448,
    #1449,#1450,#1456,#1457));
#1436 = ORIENTED_EDGE('',*,*,#411,.F.);
#1437 = ORIENTED_EDGE('',*,*,#1400,.T.);
#1438 = ORIENTED_EDGE('',*,*,#468,.T.);
#1439 = ORIENTED_EDGE('',*,*,#728,.F.);
#1440 = ORIENTED_EDGE('',*,*,#1014,.T.);
#1441 = ORIENTED_EDGE('',*,*,#1442,.F.);
#1442 = EDGE_CURVE('',#863,#1015,#1443,.T.);
#1443 = LINE('',#1444,#1445);
#1444 = CARTESIAN_POINT('',(0.7,2.523512383178,4.8494725));
#1445 = VECTOR('',#1446,1.);
#1446 = DIRECTION('',(-1.,-0.,-0.));
#1447 = ORIENTED_EDGE('',*,*,#862,.F.);
#1448 = ORIENTED_EDGE('',*,*,#696,.F.);
#1449 = ORIENTED_EDGE('',*,*,#1179,.T.);
#1450 = ORIENTED_EDGE('',*,*,#1451,.F.);
#1451 = EDGE_CURVE('',#1109,#1180,#1452,.T.);
#1452 = LINE('',#1453,#1454);
#1453 = CARTESIAN_POINT('',(3.24,2.523512383178,4.8494725));
#1454 = VECTOR('',#1455,1.);
#1455 = DIRECTION('',(-1.,-0.,-0.));
#1456 = ORIENTED_EDGE('',*,*,#1108,.F.);
#1457 = ORIENTED_EDGE('',*,*,#664,.F.);
#1458 = PLANE('',#1459);
#1459 = AXIS2_PLACEMENT_3D('',#1460,#1461,#1462);
#1460 = CARTESIAN_POINT('',(4.01,1.5,8.5));
#1461 = DIRECTION('',(0.,-0.962870502626,-0.269963692325));
#1462 = DIRECTION('',(0.,0.269963692325,-0.962870502626));
#1463 = ADVANCED_FACE('',(#1464),#1489,.T.);
#1464 = FACE_BOUND('',#1465,.T.);
#1465 = EDGE_LOOP('',(#1466,#1474,#1482,#1488));
#1466 = ORIENTED_EDGE('',*,*,#1467,.F.);
#1467 = EDGE_CURVE('',#1468,#517,#1470,.T.);
#1468 = VERTEX_POINT('',#1469);
#1469 = CARTESIAN_POINT('',(0.67,-2.016232,1.532840329046));
#1470 = LINE('',#1471,#1472);
#1471 = CARTESIAN_POINT('',(0.67,3.403589252763E-16,1.532840329046));
#1472 = VECTOR('',#1473,1.);
#1473 = DIRECTION('',(0.,-1.,2.22044604925E-16));
#1474 = ORIENTED_EDGE('',*,*,#1475,.F.);
#1475 = EDGE_CURVE('',#1476,#1468,#1478,.T.);
#1476 = VERTEX_POINT('',#1477);
#1477 = CARTESIAN_POINT('',(-0.67,-2.016232,1.532840329046));
#1478 = LINE('',#1479,#1480);
#1479 = CARTESIAN_POINT('',(0.2,-2.016232,1.532840329046));
#1480 = VECTOR('',#1481,1.);
#1481 = DIRECTION('',(1.,0.,0.));
#1482 = ORIENTED_EDGE('',*,*,#1483,.T.);
#1483 = EDGE_CURVE('',#1476,#525,#1484,.T.);
#1484 = LINE('',#1485,#1486);
#1485 = CARTESIAN_POINT('',(-0.67,3.403589252763E-16,1.532840329046));
#1486 = VECTOR('',#1487,1.);
#1487 = DIRECTION('',(0.,-1.,2.22044604925E-16));
#1488 = ORIENTED_EDGE('',*,*,#524,.T.);
#1489 = PLANE('',#1490);
#1490 = AXIS2_PLACEMENT_3D('',#1491,#1492,#1493);
#1491 = CARTESIAN_POINT('',(-0.67,3.403589252763E-16,1.532840329046));
#1492 = DIRECTION('',(0.,2.22044604925E-16,1.));
#1493 = DIRECTION('',(1.,0.,0.));
#1494 = ADVANCED_FACE('',(#1495),#1513,.T.);
#1495 = FACE_BOUND('',#1496,.T.);
#1496 = EDGE_LOOP('',(#1497,#1498,#1506,#1512));
#1497 = ORIENTED_EDGE('',*,*,#557,.T.);
#1498 = ORIENTED_EDGE('',*,*,#1499,.F.);
#1499 = EDGE_CURVE('',#1500,#550,#1502,.T.);
#1500 = VERTEX_POINT('',#1501);
#1501 = CARTESIAN_POINT('',(0.67,-2.016232,3.132840329046));
#1502 = LINE('',#1503,#1504);
#1503 = CARTESIAN_POINT('',(0.67,6.956302931563E-16,3.132840329046));
#1504 = VECTOR('',#1505,1.);
#1505 = DIRECTION('',(0.,-1.,2.22044604925E-16));
#1506 = ORIENTED_EDGE('',*,*,#1507,.F.);
#1507 = EDGE_CURVE('',#1468,#1500,#1508,.T.);
#1508 = LINE('',#1509,#1510);
#1509 = CARTESIAN_POINT('',(0.67,-2.016232,1.431588664523));
#1510 = VECTOR('',#1511,1.);
#1511 = DIRECTION('',(0.,0.,1.));
#1512 = ORIENTED_EDGE('',*,*,#1467,.T.);
#1513 = PLANE('',#1514);
#1514 = AXIS2_PLACEMENT_3D('',#1515,#1516,#1517);
#1515 = CARTESIAN_POINT('',(0.67,3.403589252763E-16,1.532840329046));
#1516 = DIRECTION('',(-1.,0.,0.));
#1517 = DIRECTION('',(0.,2.22044604925E-16,1.));
#1518 = ADVANCED_FACE('',(#1519),#1537,.T.);
#1519 = FACE_BOUND('',#1520,.T.);
#1520 = EDGE_LOOP('',(#1521,#1522,#1523,#1531));
#1521 = ORIENTED_EDGE('',*,*,#581,.T.);
#1522 = ORIENTED_EDGE('',*,*,#1483,.F.);
#1523 = ORIENTED_EDGE('',*,*,#1524,.F.);
#1524 = EDGE_CURVE('',#1525,#1476,#1527,.T.);
#1525 = VERTEX_POINT('',#1526);
#1526 = CARTESIAN_POINT('',(-0.67,-2.016232,3.132840329046));
#1527 = LINE('',#1528,#1529);
#1528 = CARTESIAN_POINT('',(-0.67,-2.016232,2.231588664523));
#1529 = VECTOR('',#1530,1.);
#1530 = DIRECTION('',(0.,0.,-1.));
#1531 = ORIENTED_EDGE('',*,*,#1532,.T.);
#1532 = EDGE_CURVE('',#1525,#572,#1533,.T.);
#1533 = LINE('',#1534,#1535);
#1534 = CARTESIAN_POINT('',(-0.67,6.956302931563E-16,3.132840329046));
#1535 = VECTOR('',#1536,1.);
#1536 = DIRECTION('',(0.,-1.,2.22044604925E-16));
#1537 = PLANE('',#1538);
#1538 = AXIS2_PLACEMENT_3D('',#1539,#1540,#1541);
#1539 = CARTESIAN_POINT('',(-0.67,6.956302931563E-16,3.132840329046));
#1540 = DIRECTION('',(1.,0.,0.));
#1541 = DIRECTION('',(0.,-2.22044604925E-16,-1.));
#1542 = ADVANCED_FACE('',(#1543),#1554,.T.);
#1543 = FACE_BOUND('',#1544,.T.);
#1544 = EDGE_LOOP('',(#1545,#1546,#1552,#1553));
#1545 = ORIENTED_EDGE('',*,*,#1532,.F.);
#1546 = ORIENTED_EDGE('',*,*,#1547,.F.);
#1547 = EDGE_CURVE('',#1500,#1525,#1548,.T.);
#1548 = LINE('',#1549,#1550);
#1549 = CARTESIAN_POINT('',(0.87,-2.016232,3.132840329046));
#1550 = VECTOR('',#1551,1.);
#1551 = DIRECTION('',(-1.,0.,0.));
#1552 = ORIENTED_EDGE('',*,*,#1499,.T.);
#1553 = ORIENTED_EDGE('',*,*,#598,.T.);
#1554 = PLANE('',#1555);
#1555 = AXIS2_PLACEMENT_3D('',#1556,#1557,#1558);
#1556 = CARTESIAN_POINT('',(0.67,6.956302931563E-16,3.132840329046));
#1557 = DIRECTION('',(-0.,-2.22044604925E-16,-1.));
#1558 = DIRECTION('',(-1.,0.,0.));
#1559 = ADVANCED_FACE('',(#1560),#1583,.T.);
#1560 = FACE_BOUND('',#1561,.T.);
#1561 = EDGE_LOOP('',(#1562,#1570,#1576,#1582));
#1562 = ORIENTED_EDGE('',*,*,#1563,.F.);
#1563 = EDGE_CURVE('',#1564,#84,#1566,.T.);
#1564 = VERTEX_POINT('',#1565);
#1565 = CARTESIAN_POINT('',(3.21,-2.016232,3.132840329046));
#1566 = LINE('',#1567,#1568);
#1567 = CARTESIAN_POINT('',(3.41,-2.016232,3.132840329046));
#1568 = VECTOR('',#1569,1.);
#1569 = DIRECTION('',(-1.,0.,0.));
#1570 = ORIENTED_EDGE('',*,*,#1571,.T.);
#1571 = EDGE_CURVE('',#1564,#642,#1572,.T.);
#1572 = LINE('',#1573,#1574);
#1573 = CARTESIAN_POINT('',(3.21,6.956302931563E-16,3.132840329046));
#1574 = VECTOR('',#1575,1.);
#1575 = DIRECTION('',(0.,-1.,2.22044604925E-16));
#1576 = ORIENTED_EDGE('',*,*,#1577,.T.);
#1577 = EDGE_CURVE('',#642,#92,#1578,.T.);
#1578 = LINE('',#1579,#1580);
#1579 = CARTESIAN_POINT('',(3.21,-2.5,3.132840329046));
#1580 = VECTOR('',#1581,1.);
#1581 = DIRECTION('',(-1.,0.,0.));
#1582 = ORIENTED_EDGE('',*,*,#91,.F.);
#1583 = PLANE('',#1584);
#1584 = AXIS2_PLACEMENT_3D('',#1585,#1586,#1587);
#1585 = CARTESIAN_POINT('',(3.21,6.956302931563E-16,3.132840329046));
#1586 = DIRECTION('',(-0.,-2.22044604925E-16,-1.));
#1587 = DIRECTION('',(-1.,0.,0.));
#1588 = ADVANCED_FACE('',(#1589),#1600,.T.);
#1589 = FACE_BOUND('',#1590,.T.);
#1590 = EDGE_LOOP('',(#1591,#1597,#1598,#1599));
#1591 = ORIENTED_EDGE('',*,*,#1592,.F.);
#1592 = EDGE_CURVE('',#46,#1564,#1593,.T.);
#1593 = LINE('',#1594,#1595);
#1594 = CARTESIAN_POINT('',(3.21,-2.016232,1.431588664523));
#1595 = VECTOR('',#1596,1.);
#1596 = DIRECTION('',(0.,0.,1.));
#1597 = ORIENTED_EDGE('',*,*,#69,.T.);
#1598 = ORIENTED_EDGE('',*,*,#649,.T.);
#1599 = ORIENTED_EDGE('',*,*,#1571,.F.);
#1600 = PLANE('',#1601);
#1601 = AXIS2_PLACEMENT_3D('',#1602,#1603,#1604);
#1602 = CARTESIAN_POINT('',(3.21,3.403589252763E-16,1.532840329046));
#1603 = DIRECTION('',(-1.,0.,0.));
#1604 = DIRECTION('',(0.,2.22044604925E-16,1.));
#1605 = ADVANCED_FACE('',(#1606),#1612,.F.);
#1606 = FACE_BOUND('',#1607,.F.);
#1607 = EDGE_LOOP('',(#1608,#1609,#1610,#1611));
#1608 = ORIENTED_EDGE('',*,*,#894,.F.);
#1609 = ORIENTED_EDGE('',*,*,#942,.T.);
#1610 = ORIENTED_EDGE('',*,*,#1039,.T.);
#1611 = ORIENTED_EDGE('',*,*,#712,.T.);
#1612 = PLANE('',#1613);
#1613 = AXIS2_PLACEMENT_3D('',#1614,#1615,#1616);
#1614 = CARTESIAN_POINT('',(0.7,2.527085,1.5091518));
#1615 = DIRECTION('',(0.,0.,-1.));
#1616 = DIRECTION('',(0.,1.,0.));
#1617 = ADVANCED_FACE('',(#1618),#1624,.F.);
#1618 = FACE_BOUND('',#1619,.F.);
#1619 = EDGE_LOOP('',(#1620,#1621,#1622,#1623));
#1620 = ORIENTED_EDGE('',*,*,#1140,.F.);
#1621 = ORIENTED_EDGE('',*,*,#1164,.T.);
#1622 = ORIENTED_EDGE('',*,*,#1204,.T.);
#1623 = ORIENTED_EDGE('',*,*,#680,.T.);
#1624 = PLANE('',#1625);
#1625 = AXIS2_PLACEMENT_3D('',#1626,#1627,#1628);
#1626 = CARTESIAN_POINT('',(3.24,2.527085,1.5091518));
#1627 = DIRECTION('',(0.,0.,-1.));
#1628 = DIRECTION('',(0.,1.,0.));
#1629 = ADVANCED_FACE('',(#1630),#1641,.F.);
#1630 = FACE_BOUND('',#1631,.F.);
#1631 = EDGE_LOOP('',(#1632,#1638,#1639,#1640));
#1632 = ORIENTED_EDGE('',*,*,#1633,.T.);
#1633 = EDGE_CURVE('',#871,#1023,#1634,.T.);
#1634 = LINE('',#1635,#1636);
#1635 = CARTESIAN_POINT('',(0.7,2.523512383178,3.7725668));
#1636 = VECTOR('',#1637,1.);
#1637 = DIRECTION('',(-1.,-0.,-0.));
#1638 = ORIENTED_EDGE('',*,*,#1030,.T.);
#1639 = ORIENTED_EDGE('',*,*,#775,.F.);
#1640 = ORIENTED_EDGE('',*,*,#878,.F.);
#1641 = PLANE('',#1642);
#1642 = AXIS2_PLACEMENT_3D('',#1643,#1644,#1645);
#1643 = CARTESIAN_POINT('',(0.7,2.523512383178,3.7725668));
#1644 = DIRECTION('',(0.,0.,1.));
#1645 = DIRECTION('',(0.,-1.,0.));
#1646 = ADVANCED_FACE('',(#1647),#1658,.T.);
#1647 = FACE_BOUND('',#1648,.T.);
#1648 = EDGE_LOOP('',(#1649,#1655,#1656,#1657));
#1649 = ORIENTED_EDGE('',*,*,#1650,.T.);
#1650 = EDGE_CURVE('',#839,#991,#1651,.T.);
#1651 = LINE('',#1652,#1653);
#1652 = CARTESIAN_POINT('',(1.07,1.630173,6.011533));
#1653 = VECTOR('',#1654,1.);
#1654 = DIRECTION('',(-1.,-0.,-0.));
#1655 = ORIENTED_EDGE('',*,*,#998,.T.);
#1656 = ORIENTED_EDGE('',*,*,#752,.F.);
#1657 = ORIENTED_EDGE('',*,*,#846,.F.);
#1658 = PLANE('',#1659);
#1659 = AXIS2_PLACEMENT_3D('',#1660,#1661,#1662);
#1660 = CARTESIAN_POINT('',(1.07,1.630173,6.011533));
#1661 = DIRECTION('',(0.,-0.951942347191,-0.306277272459));
#1662 = DIRECTION('',(0.,0.306277272459,-0.951942347191));
#1663 = ADVANCED_FACE('',(#1664,#1675),#1681,.T.);
#1664 = FACE_BOUND('',#1665,.T.);
#1665 = EDGE_LOOP('',(#1666,#1667,#1668,#1674));
#1666 = ORIENTED_EDGE('',*,*,#918,.T.);
#1667 = ORIENTED_EDGE('',*,*,#958,.T.);
#1668 = ORIENTED_EDGE('',*,*,#1669,.F.);
#1669 = EDGE_CURVE('',#807,#959,#1670,.T.);
#1670 = LINE('',#1671,#1672);
#1671 = CARTESIAN_POINT('',(1.07,-2.016232,3.7725));
#1672 = VECTOR('',#1673,1.);
#1673 = DIRECTION('',(-1.,-0.,-0.));
#1674 = ORIENTED_EDGE('',*,*,#806,.F.);
#1675 = FACE_BOUND('',#1676,.T.);
#1676 = EDGE_LOOP('',(#1677,#1678,#1679,#1680));
#1677 = ORIENTED_EDGE('',*,*,#1547,.T.);
#1678 = ORIENTED_EDGE('',*,*,#1524,.T.);
#1679 = ORIENTED_EDGE('',*,*,#1475,.T.);
#1680 = ORIENTED_EDGE('',*,*,#1507,.T.);
#1681 = PLANE('',#1682);
#1682 = AXIS2_PLACEMENT_3D('',#1683,#1684,#1685);
#1683 = CARTESIAN_POINT('',(1.07,-2.016232,1.330337));
#1684 = DIRECTION('',(0.,1.,0.));
#1685 = DIRECTION('',(0.,0.,1.));
#1686 = ADVANCED_FACE('',(#1687),#1698,.T.);
#1687 = FACE_BOUND('',#1688,.T.);
#1688 = EDGE_LOOP('',(#1689,#1690,#1691,#1697));
#1689 = ORIENTED_EDGE('',*,*,#1669,.T.);
#1690 = ORIENTED_EDGE('',*,*,#966,.T.);
#1691 = ORIENTED_EDGE('',*,*,#1692,.F.);
#1692 = EDGE_CURVE('',#815,#967,#1693,.T.);
#1693 = LINE('',#1694,#1695);
#1694 = CARTESIAN_POINT('',(1.07,-1.64713,3.7725));
#1695 = VECTOR('',#1696,1.);
#1696 = DIRECTION('',(-1.,-0.,-0.));
#1697 = ORIENTED_EDGE('',*,*,#814,.F.);
#1698 = PLANE('',#1699);
#1699 = AXIS2_PLACEMENT_3D('',#1700,#1701,#1702);
#1700 = CARTESIAN_POINT('',(1.07,-2.016232,3.7725));
#1701 = DIRECTION('',(0.,0.,-1.));
#1702 = DIRECTION('',(0.,1.,0.));
#1703 = ADVANCED_FACE('',(#1704),#1715,.T.);
#1704 = FACE_BOUND('',#1705,.T.);
#1705 = EDGE_LOOP('',(#1706,#1707,#1708,#1714));
#1706 = ORIENTED_EDGE('',*,*,#1692,.T.);
#1707 = ORIENTED_EDGE('',*,*,#974,.T.);
#1708 = ORIENTED_EDGE('',*,*,#1709,.F.);
#1709 = EDGE_CURVE('',#823,#975,#1710,.T.);
#1710 = LINE('',#1711,#1712);
#1711 = CARTESIAN_POINT('',(1.07,-1.64713,6.504291));
#1712 = VECTOR('',#1713,1.);
#1713 = DIRECTION('',(-1.,-0.,-0.));
#1714 = ORIENTED_EDGE('',*,*,#822,.F.);
#1715 = PLANE('',#1716);
#1716 = AXIS2_PLACEMENT_3D('',#1717,#1718,#1719);
#1717 = CARTESIAN_POINT('',(1.07,-1.64713,3.7725));
#1718 = DIRECTION('',(0.,1.,0.));
#1719 = DIRECTION('',(0.,0.,1.));
#1720 = ADVANCED_FACE('',(#1721,#1732),#1743,.T.);
#1721 = FACE_BOUND('',#1722,.T.);
#1722 = EDGE_LOOP('',(#1723,#1724,#1725,#1731));
#1723 = ORIENTED_EDGE('',*,*,#1709,.T.);
#1724 = ORIENTED_EDGE('',*,*,#982,.T.);
#1725 = ORIENTED_EDGE('',*,*,#1726,.F.);
#1726 = EDGE_CURVE('',#831,#983,#1727,.T.);
#1727 = LINE('',#1728,#1729);
#1728 = CARTESIAN_POINT('',(1.07,1.630173,6.504291));
#1729 = VECTOR('',#1730,1.);
#1730 = DIRECTION('',(-1.,-0.,-0.));
#1731 = ORIENTED_EDGE('',*,*,#830,.F.);
#1732 = FACE_BOUND('',#1733,.T.);
#1733 = EDGE_LOOP('',(#1734));
#1734 = ORIENTED_EDGE('',*,*,#1735,.T.);
#1735 = EDGE_CURVE('',#1736,#1736,#1738,.T.);
#1736 = VERTEX_POINT('',#1737);
#1737 = CARTESIAN_POINT('',(0.,0.702324,6.504291));
#1738 = CIRCLE('',#1739,0.702324);
#1739 = AXIS2_PLACEMENT_3D('',#1740,#1741,#1742);
#1740 = CARTESIAN_POINT('',(0.,0.,6.504291));
#1741 = DIRECTION('',(0.,-0.,1.));
#1742 = DIRECTION('',(0.,1.,0.));
#1743 = PLANE('',#1744);
#1744 = AXIS2_PLACEMENT_3D('',#1745,#1746,#1747);
#1745 = CARTESIAN_POINT('',(1.07,-1.64713,6.504291));
#1746 = DIRECTION('',(0.,0.,-1.));
#1747 = DIRECTION('',(0.,1.,0.));
#1748 = ADVANCED_FACE('',(#1749),#1755,.T.);
#1749 = FACE_BOUND('',#1750,.T.);
#1750 = EDGE_LOOP('',(#1751,#1752,#1753,#1754));
#1751 = ORIENTED_EDGE('',*,*,#1726,.T.);
#1752 = ORIENTED_EDGE('',*,*,#990,.T.);
#1753 = ORIENTED_EDGE('',*,*,#1650,.F.);
#1754 = ORIENTED_EDGE('',*,*,#838,.F.);
#1755 = PLANE('',#1756);
#1756 = AXIS2_PLACEMENT_3D('',#1757,#1758,#1759);
#1757 = CARTESIAN_POINT('',(1.07,1.630173,6.504291));
#1758 = DIRECTION('',(0.,-1.,0.));
#1759 = DIRECTION('',(0.,0.,-1.));
#1760 = ADVANCED_FACE('',(#1761),#1767,.F.);
#1761 = FACE_BOUND('',#1762,.F.);
#1762 = EDGE_LOOP('',(#1763,#1764,#1765,#1766));
#1763 = ORIENTED_EDGE('',*,*,#1442,.T.);
#1764 = ORIENTED_EDGE('',*,*,#1022,.T.);
#1765 = ORIENTED_EDGE('',*,*,#1633,.F.);
#1766 = ORIENTED_EDGE('',*,*,#870,.F.);
#1767 = PLANE('',#1768);
#1768 = AXIS2_PLACEMENT_3D('',#1769,#1770,#1771);
#1769 = CARTESIAN_POINT('',(0.7,2.523512383178,4.8494725));
#1770 = DIRECTION('',(0.,-1.,0.));
#1771 = DIRECTION('',(0.,0.,-1.));
#1772 = ADVANCED_FACE('',(#1773),#1784,.F.);
#1773 = FACE_BOUND('',#1774,.F.);
#1774 = EDGE_LOOP('',(#1775,#1781,#1782,#1783));
#1775 = ORIENTED_EDGE('',*,*,#1776,.T.);
#1776 = EDGE_CURVE('',#1117,#1188,#1777,.T.);
#1777 = LINE('',#1778,#1779);
#1778 = CARTESIAN_POINT('',(3.24,2.523512383178,3.7725668));
#1779 = VECTOR('',#1780,1.);
#1780 = DIRECTION('',(-1.,-0.,-0.));
#1781 = ORIENTED_EDGE('',*,*,#1195,.T.);
#1782 = ORIENTED_EDGE('',*,*,#1085,.F.);
#1783 = ORIENTED_EDGE('',*,*,#1124,.F.);
#1784 = PLANE('',#1785);
#1785 = AXIS2_PLACEMENT_3D('',#1786,#1787,#1788);
#1786 = CARTESIAN_POINT('',(3.24,2.523512383178,3.7725668));
#1787 = DIRECTION('',(0.,0.,1.));
#1788 = DIRECTION('',(0.,-1.,0.));
#1789 = ADVANCED_FACE('',(#1790),#1801,.T.);
#1790 = FACE_BOUND('',#1791,.T.);
#1791 = EDGE_LOOP('',(#1792,#1798,#1799,#1800));
#1792 = ORIENTED_EDGE('',*,*,#1793,.T.);
#1793 = EDGE_CURVE('',#1341,#1260,#1794,.T.);
#1794 = LINE('',#1795,#1796);
#1795 = CARTESIAN_POINT('',(3.61,1.630173,6.011533));
#1796 = VECTOR('',#1797,1.);
#1797 = DIRECTION('',(-1.,-0.,-0.));
#1798 = ORIENTED_EDGE('',*,*,#1267,.T.);
#1799 = ORIENTED_EDGE('',*,*,#1062,.F.);
#1800 = ORIENTED_EDGE('',*,*,#1348,.F.);
#1801 = PLANE('',#1802);
#1802 = AXIS2_PLACEMENT_3D('',#1803,#1804,#1805);
#1803 = CARTESIAN_POINT('',(3.61,1.630173,6.011533));
#1804 = DIRECTION('',(0.,-0.951942347191,-0.306277272459));
#1805 = DIRECTION('',(0.,0.306277272459,-0.951942347191));
#1806 = ADVANCED_FACE('',(#1807),#1813,.F.);
#1807 = FACE_BOUND('',#1808,.F.);
#1808 = EDGE_LOOP('',(#1809,#1810,#1811,#1812));
#1809 = ORIENTED_EDGE('',*,*,#1451,.T.);
#1810 = ORIENTED_EDGE('',*,*,#1187,.T.);
#1811 = ORIENTED_EDGE('',*,*,#1776,.F.);
#1812 = ORIENTED_EDGE('',*,*,#1116,.F.);
#1813 = PLANE('',#1814);
#1814 = AXIS2_PLACEMENT_3D('',#1815,#1816,#1817);
#1815 = CARTESIAN_POINT('',(3.24,2.523512383178,4.8494725));
#1816 = DIRECTION('',(0.,-1.,0.));
#1817 = DIRECTION('',(0.,0.,-1.));
#1818 = ADVANCED_FACE('',(#1819,#1830),#1836,.T.);
#1819 = FACE_BOUND('',#1820,.T.);
#1820 = EDGE_LOOP('',(#1821,#1822,#1823,#1829));
#1821 = ORIENTED_EDGE('',*,*,#1285,.T.);
#1822 = ORIENTED_EDGE('',*,*,#1227,.T.);
#1823 = ORIENTED_EDGE('',*,*,#1824,.F.);
#1824 = EDGE_CURVE('',#1309,#1228,#1825,.T.);
#1825 = LINE('',#1826,#1827);
#1826 = CARTESIAN_POINT('',(3.61,-2.016232,3.7725));
#1827 = VECTOR('',#1828,1.);
#1828 = DIRECTION('',(-1.,-0.,-0.));
#1829 = ORIENTED_EDGE('',*,*,#1308,.F.);
#1830 = FACE_BOUND('',#1831,.T.);
#1831 = EDGE_LOOP('',(#1832,#1833,#1834,#1835));
#1832 = ORIENTED_EDGE('',*,*,#1563,.T.);
#1833 = ORIENTED_EDGE('',*,*,#83,.T.);
#1834 = ORIENTED_EDGE('',*,*,#43,.T.);
#1835 = ORIENTED_EDGE('',*,*,#1592,.T.);
#1836 = PLANE('',#1837);
#1837 = AXIS2_PLACEMENT_3D('',#1838,#1839,#1840);
#1838 = CARTESIAN_POINT('',(3.61,-2.016232,1.330337));
#1839 = DIRECTION('',(0.,1.,0.));
#1840 = DIRECTION('',(0.,0.,1.));
#1841 = ADVANCED_FACE('',(#1842),#1853,.T.);
#1842 = FACE_BOUND('',#1843,.T.);
#1843 = EDGE_LOOP('',(#1844,#1845,#1846,#1852));
#1844 = ORIENTED_EDGE('',*,*,#1824,.T.);
#1845 = ORIENTED_EDGE('',*,*,#1235,.T.);
#1846 = ORIENTED_EDGE('',*,*,#1847,.F.);
#1847 = EDGE_CURVE('',#1317,#1236,#1848,.T.);
#1848 = LINE('',#1849,#1850);
#1849 = CARTESIAN_POINT('',(3.61,-1.64713,3.7725));
#1850 = VECTOR('',#1851,1.);
#1851 = DIRECTION('',(-1.,-0.,-0.));
#1852 = ORIENTED_EDGE('',*,*,#1316,.F.);
#1853 = PLANE('',#1854);
#1854 = AXIS2_PLACEMENT_3D('',#1855,#1856,#1857);
#1855 = CARTESIAN_POINT('',(3.61,-2.016232,3.7725));
#1856 = DIRECTION('',(0.,0.,-1.));
#1857 = DIRECTION('',(0.,1.,0.));
#1858 = ADVANCED_FACE('',(#1859),#1870,.T.);
#1859 = FACE_BOUND('',#1860,.T.);
#1860 = EDGE_LOOP('',(#1861,#1862,#1863,#1869));
#1861 = ORIENTED_EDGE('',*,*,#1847,.T.);
#1862 = ORIENTED_EDGE('',*,*,#1243,.T.);
#1863 = ORIENTED_EDGE('',*,*,#1864,.F.);
#1864 = EDGE_CURVE('',#1325,#1244,#1865,.T.);
#1865 = LINE('',#1866,#1867);
#1866 = CARTESIAN_POINT('',(3.61,-1.64713,6.504291));
#1867 = VECTOR('',#1868,1.);
#1868 = DIRECTION('',(-1.,-0.,-0.));
#1869 = ORIENTED_EDGE('',*,*,#1324,.F.);
#1870 = PLANE('',#1871);
#1871 = AXIS2_PLACEMENT_3D('',#1872,#1873,#1874);
#1872 = CARTESIAN_POINT('',(3.61,-1.64713,3.7725));
#1873 = DIRECTION('',(0.,1.,0.));
#1874 = DIRECTION('',(0.,0.,1.));
#1875 = ADVANCED_FACE('',(#1876,#1887),#1898,.T.);
#1876 = FACE_BOUND('',#1877,.T.);
#1877 = EDGE_LOOP('',(#1878,#1879,#1880,#1886));
#1878 = ORIENTED_EDGE('',*,*,#1864,.T.);
#1879 = ORIENTED_EDGE('',*,*,#1251,.T.);
#1880 = ORIENTED_EDGE('',*,*,#1881,.F.);
#1881 = EDGE_CURVE('',#1333,#1252,#1882,.T.);
#1882 = LINE('',#1883,#1884);
#1883 = CARTESIAN_POINT('',(3.61,1.630173,6.504291));
#1884 = VECTOR('',#1885,1.);
#1885 = DIRECTION('',(-1.,-0.,-0.));
#1886 = ORIENTED_EDGE('',*,*,#1332,.F.);
#1887 = FACE_BOUND('',#1888,.T.);
#1888 = EDGE_LOOP('',(#1889));
#1889 = ORIENTED_EDGE('',*,*,#1890,.T.);
#1890 = EDGE_CURVE('',#1891,#1891,#1893,.T.);
#1891 = VERTEX_POINT('',#1892);
#1892 = CARTESIAN_POINT('',(2.54,0.702324,6.504291));
#1893 = CIRCLE('',#1894,0.702324);
#1894 = AXIS2_PLACEMENT_3D('',#1895,#1896,#1897);
#1895 = CARTESIAN_POINT('',(2.54,0.,6.504291));
#1896 = DIRECTION('',(0.,-0.,1.));
#1897 = DIRECTION('',(0.,1.,0.));
#1898 = PLANE('',#1899);
#1899 = AXIS2_PLACEMENT_3D('',#1900,#1901,#1902);
#1900 = CARTESIAN_POINT('',(3.61,-1.64713,6.504291));
#1901 = DIRECTION('',(0.,0.,-1.));
#1902 = DIRECTION('',(0.,1.,0.));
#1903 = ADVANCED_FACE('',(#1904),#1910,.T.);
#1904 = FACE_BOUND('',#1905,.T.);
#1905 = EDGE_LOOP('',(#1906,#1907,#1908,#1909));
#1906 = ORIENTED_EDGE('',*,*,#1881,.T.);
#1907 = ORIENTED_EDGE('',*,*,#1259,.T.);
#1908 = ORIENTED_EDGE('',*,*,#1793,.F.);
#1909 = ORIENTED_EDGE('',*,*,#1340,.F.);
#1910 = PLANE('',#1911);
#1911 = AXIS2_PLACEMENT_3D('',#1912,#1913,#1914);
#1912 = CARTESIAN_POINT('',(3.61,1.630173,6.504291));
#1913 = DIRECTION('',(0.,-1.,0.));
#1914 = DIRECTION('',(0.,0.,-1.));
#1915 = ADVANCED_FACE('',(#1916),#1935,.F.);
#1916 = FACE_BOUND('',#1917,.T.);
#1917 = EDGE_LOOP('',(#1918,#1926,#1927,#1928));
#1918 = ORIENTED_EDGE('',*,*,#1919,.F.);
#1919 = EDGE_CURVE('',#1410,#1920,#1922,.T.);
#1920 = VERTEX_POINT('',#1921);
#1921 = CARTESIAN_POINT('',(0.,1.04036,8.297434));
#1922 = LINE('',#1923,#1924);
#1923 = CARTESIAN_POINT('',(0.,1.04036,8.5));
#1924 = VECTOR('',#1925,1.);
#1925 = DIRECTION('',(0.,0.,-1.));
#1926 = ORIENTED_EDGE('',*,*,#1409,.T.);
#1927 = ORIENTED_EDGE('',*,*,#1919,.T.);
#1928 = ORIENTED_EDGE('',*,*,#1929,.F.);
#1929 = EDGE_CURVE('',#1920,#1920,#1930,.T.);
#1930 = CIRCLE('',#1931,1.04036);
#1931 = AXIS2_PLACEMENT_3D('',#1932,#1933,#1934);
#1932 = CARTESIAN_POINT('',(0.,0.,8.297434));
#1933 = DIRECTION('',(0.,-0.,1.));
#1934 = DIRECTION('',(0.,1.,0.));
#1935 = CYLINDRICAL_SURFACE('',#1936,1.04036);
#1936 = AXIS2_PLACEMENT_3D('',#1937,#1938,#1939);
#1937 = CARTESIAN_POINT('',(0.,0.,8.5));
#1938 = DIRECTION('',(-0.,-0.,-1.));
#1939 = DIRECTION('',(0.,1.,0.));
#1940 = ADVANCED_FACE('',(#1941),#1960,.F.);
#1941 = FACE_BOUND('',#1942,.T.);
#1942 = EDGE_LOOP('',(#1943,#1951,#1952,#1953));
#1943 = ORIENTED_EDGE('',*,*,#1944,.F.);
#1944 = EDGE_CURVE('',#1421,#1945,#1947,.T.);
#1945 = VERTEX_POINT('',#1946);
#1946 = CARTESIAN_POINT('',(2.54,1.04036,8.297434));
#1947 = LINE('',#1948,#1949);
#1948 = CARTESIAN_POINT('',(2.54,1.04036,8.5));
#1949 = VECTOR('',#1950,1.);
#1950 = DIRECTION('',(0.,0.,-1.));
#1951 = ORIENTED_EDGE('',*,*,#1420,.T.);
#1952 = ORIENTED_EDGE('',*,*,#1944,.T.);
#1953 = ORIENTED_EDGE('',*,*,#1954,.F.);
#1954 = EDGE_CURVE('',#1945,#1945,#1955,.T.);
#1955 = CIRCLE('',#1956,1.04036);
#1956 = AXIS2_PLACEMENT_3D('',#1957,#1958,#1959);
#1957 = CARTESIAN_POINT('',(2.54,0.,8.297434));
#1958 = DIRECTION('',(0.,-0.,1.));
#1959 = DIRECTION('',(0.,1.,0.));
#1960 = CYLINDRICAL_SURFACE('',#1961,1.04036);
#1961 = AXIS2_PLACEMENT_3D('',#1962,#1963,#1964);
#1962 = CARTESIAN_POINT('',(2.54,0.,8.5));
#1963 = DIRECTION('',(-0.,-0.,-1.));
#1964 = DIRECTION('',(0.,1.,0.));
#1965 = ADVANCED_FACE('',(#1966),#1985,.F.);
#1966 = FACE_BOUND('',#1967,.T.);
#1967 = EDGE_LOOP('',(#1968,#1976,#1983,#1984));
#1968 = ORIENTED_EDGE('',*,*,#1969,.F.);
#1969 = EDGE_CURVE('',#1970,#1736,#1972,.T.);
#1970 = VERTEX_POINT('',#1971);
#1971 = CARTESIAN_POINT('',(0.,0.702324,6.8033));
#1972 = LINE('',#1973,#1974);
#1973 = CARTESIAN_POINT('',(0.,0.702324,6.8033));
#1974 = VECTOR('',#1975,1.);
#1975 = DIRECTION('',(0.,0.,-1.));
#1976 = ORIENTED_EDGE('',*,*,#1977,.T.);
#1977 = EDGE_CURVE('',#1970,#1970,#1978,.T.);
#1978 = CIRCLE('',#1979,0.702324);
#1979 = AXIS2_PLACEMENT_3D('',#1980,#1981,#1982);
#1980 = CARTESIAN_POINT('',(0.,0.,6.8033));
#1981 = DIRECTION('',(0.,-0.,1.));
#1982 = DIRECTION('',(0.,1.,0.));
#1983 = ORIENTED_EDGE('',*,*,#1969,.T.);
#1984 = ORIENTED_EDGE('',*,*,#1735,.F.);
#1985 = CYLINDRICAL_SURFACE('',#1986,0.702324);
#1986 = AXIS2_PLACEMENT_3D('',#1987,#1988,#1989);
#1987 = CARTESIAN_POINT('',(0.,0.,6.8033));
#1988 = DIRECTION('',(-0.,-0.,-1.));
#1989 = DIRECTION('',(0.,1.,0.));
#1990 = ADVANCED_FACE('',(#1991),#2010,.F.);
#1991 = FACE_BOUND('',#1992,.T.);
#1992 = EDGE_LOOP('',(#1993,#2001,#2008,#2009));
#1993 = ORIENTED_EDGE('',*,*,#1994,.F.);
#1994 = EDGE_CURVE('',#1995,#1891,#1997,.T.);
#1995 = VERTEX_POINT('',#1996);
#1996 = CARTESIAN_POINT('',(2.54,0.702324,6.8033));
#1997 = LINE('',#1998,#1999);
#1998 = CARTESIAN_POINT('',(2.54,0.702324,6.8033));
#1999 = VECTOR('',#2000,1.);
#2000 = DIRECTION('',(0.,0.,-1.));
#2001 = ORIENTED_EDGE('',*,*,#2002,.T.);
#2002 = EDGE_CURVE('',#1995,#1995,#2003,.T.);
#2003 = CIRCLE('',#2004,0.702324);
#2004 = AXIS2_PLACEMENT_3D('',#2005,#2006,#2007);
#2005 = CARTESIAN_POINT('',(2.54,0.,6.8033));
#2006 = DIRECTION('',(0.,-0.,1.));
#2007 = DIRECTION('',(0.,1.,0.));
#2008 = ORIENTED_EDGE('',*,*,#1994,.T.);
#2009 = ORIENTED_EDGE('',*,*,#1890,.F.);
#2010 = CYLINDRICAL_SURFACE('',#2011,0.702324);
#2011 = AXIS2_PLACEMENT_3D('',#2012,#2013,#2014);
#2012 = CARTESIAN_POINT('',(2.54,0.,6.8033));
#2013 = DIRECTION('',(-0.,-0.,-1.));
#2014 = DIRECTION('',(0.,1.,0.));
#2015 = ADVANCED_FACE('',(#2016),#2035,.F.);
#2016 = FACE_BOUND('',#2017,.T.);
#2017 = EDGE_LOOP('',(#2018,#2019,#2027,#2034));
#2018 = ORIENTED_EDGE('',*,*,#1929,.T.);
#2019 = ORIENTED_EDGE('',*,*,#2020,.T.);
#2020 = EDGE_CURVE('',#1920,#2021,#2023,.T.);
#2021 = VERTEX_POINT('',#2022);
#2022 = CARTESIAN_POINT('',(0.,0.952473,8.216305));
#2023 = LINE('',#2024,#2025);
#2024 = CARTESIAN_POINT('',(0.,1.04036,8.297434));
#2025 = VECTOR('',#2026,1.);
#2026 = DIRECTION('',(0.,-0.734792866841,-0.678291561823));
#2027 = ORIENTED_EDGE('',*,*,#2028,.F.);
#2028 = EDGE_CURVE('',#2021,#2021,#2029,.T.);
#2029 = CIRCLE('',#2030,0.952473);
#2030 = AXIS2_PLACEMENT_3D('',#2031,#2032,#2033);
#2031 = CARTESIAN_POINT('',(0.,0.,8.216305));
#2032 = DIRECTION('',(0.,-0.,1.));
#2033 = DIRECTION('',(0.,1.,0.));
#2034 = ORIENTED_EDGE('',*,*,#2020,.F.);
#2035 = CONICAL_SURFACE('',#2036,1.04036,0.82536125564);
#2036 = AXIS2_PLACEMENT_3D('',#2037,#2038,#2039);
#2037 = CARTESIAN_POINT('',(0.,0.,8.297434));
#2038 = DIRECTION('',(0.,0.,1.));
#2039 = DIRECTION('',(0.,1.,0.));
#2040 = ADVANCED_FACE('',(#2041),#2060,.F.);
#2041 = FACE_BOUND('',#2042,.T.);
#2042 = EDGE_LOOP('',(#2043,#2044,#2052,#2059));
#2043 = ORIENTED_EDGE('',*,*,#1954,.T.);
#2044 = ORIENTED_EDGE('',*,*,#2045,.T.);
#2045 = EDGE_CURVE('',#1945,#2046,#2048,.T.);
#2046 = VERTEX_POINT('',#2047);
#2047 = CARTESIAN_POINT('',(2.54,0.952473,8.216305));
#2048 = LINE('',#2049,#2050);
#2049 = CARTESIAN_POINT('',(2.54,1.04036,8.297434));
#2050 = VECTOR('',#2051,1.);
#2051 = DIRECTION('',(0.,-0.734792866841,-0.678291561823));
#2052 = ORIENTED_EDGE('',*,*,#2053,.F.);
#2053 = EDGE_CURVE('',#2046,#2046,#2054,.T.);
#2054 = CIRCLE('',#2055,0.952473);
#2055 = AXIS2_PLACEMENT_3D('',#2056,#2057,#2058);
#2056 = CARTESIAN_POINT('',(2.54,0.,8.216305));
#2057 = DIRECTION('',(0.,-0.,1.));
#2058 = DIRECTION('',(0.,1.,0.));
#2059 = ORIENTED_EDGE('',*,*,#2045,.F.);
#2060 = CONICAL_SURFACE('',#2061,1.04036,0.82536125564);
#2061 = AXIS2_PLACEMENT_3D('',#2062,#2063,#2064);
#2062 = CARTESIAN_POINT('',(2.54,0.,8.297434));
#2063 = DIRECTION('',(0.,0.,1.));
#2064 = DIRECTION('',(0.,1.,0.));
#2065 = ADVANCED_FACE('',(#2066,#2077),#2080,.T.);
#2066 = FACE_BOUND('',#2067,.T.);
#2067 = EDGE_LOOP('',(#2068));
#2068 = ORIENTED_EDGE('',*,*,#2069,.T.);
#2069 = EDGE_CURVE('',#2070,#2070,#2072,.T.);
#2070 = VERTEX_POINT('',#2071);
#2071 = CARTESIAN_POINT('',(0.,1.04036,6.8033));
#2072 = CIRCLE('',#2073,1.04036);
#2073 = AXIS2_PLACEMENT_3D('',#2074,#2075,#2076);
#2074 = CARTESIAN_POINT('',(0.,0.,6.8033));
#2075 = DIRECTION('',(0.,-0.,1.));
#2076 = DIRECTION('',(0.,1.,0.));
#2077 = FACE_BOUND('',#2078,.T.);
#2078 = EDGE_LOOP('',(#2079));
#2079 = ORIENTED_EDGE('',*,*,#1977,.F.);
#2080 = PLANE('',#2081);
#2081 = AXIS2_PLACEMENT_3D('',#2082,#2083,#2084);
#2082 = CARTESIAN_POINT('',(0.,0.,6.8033));
#2083 = DIRECTION('',(0.,0.,1.));
#2084 = DIRECTION('',(0.,1.,0.));
#2085 = ADVANCED_FACE('',(#2086,#2097),#2100,.T.);
#2086 = FACE_BOUND('',#2087,.T.);
#2087 = EDGE_LOOP('',(#2088));
#2088 = ORIENTED_EDGE('',*,*,#2089,.T.);
#2089 = EDGE_CURVE('',#2090,#2090,#2092,.T.);
#2090 = VERTEX_POINT('',#2091);
#2091 = CARTESIAN_POINT('',(2.54,1.04036,6.8033));
#2092 = CIRCLE('',#2093,1.04036);
#2093 = AXIS2_PLACEMENT_3D('',#2094,#2095,#2096);
#2094 = CARTESIAN_POINT('',(2.54,0.,6.8033));
#2095 = DIRECTION('',(0.,-0.,1.));
#2096 = DIRECTION('',(0.,1.,0.));
#2097 = FACE_BOUND('',#2098,.T.);
#2098 = EDGE_LOOP('',(#2099));
#2099 = ORIENTED_EDGE('',*,*,#2002,.F.);
#2100 = PLANE('',#2101);
#2101 = AXIS2_PLACEMENT_3D('',#2102,#2103,#2104);
#2102 = CARTESIAN_POINT('',(2.54,0.,6.8033));
#2103 = DIRECTION('',(0.,0.,1.));
#2104 = DIRECTION('',(0.,1.,0.));
#2105 = ADVANCED_FACE('',(#2106),#2125,.F.);
#2106 = FACE_BOUND('',#2107,.T.);
#2107 = EDGE_LOOP('',(#2108,#2109,#2117,#2124));
#2108 = ORIENTED_EDGE('',*,*,#2028,.T.);
#2109 = ORIENTED_EDGE('',*,*,#2110,.T.);
#2110 = EDGE_CURVE('',#2021,#2111,#2113,.T.);
#2111 = VERTEX_POINT('',#2112);
#2112 = CARTESIAN_POINT('',(0.,0.952473,8.047285));
#2113 = LINE('',#2114,#2115);
#2114 = CARTESIAN_POINT('',(0.,0.952473,8.216305));
#2115 = VECTOR('',#2116,1.);
#2116 = DIRECTION('',(0.,0.,-1.));
#2117 = ORIENTED_EDGE('',*,*,#2118,.F.);
#2118 = EDGE_CURVE('',#2111,#2111,#2119,.T.);
#2119 = CIRCLE('',#2120,0.952473);
#2120 = AXIS2_PLACEMENT_3D('',#2121,#2122,#2123);
#2121 = CARTESIAN_POINT('',(0.,0.,8.047285));
#2122 = DIRECTION('',(0.,-0.,1.));
#2123 = DIRECTION('',(0.,1.,0.));
#2124 = ORIENTED_EDGE('',*,*,#2110,.F.);
#2125 = CYLINDRICAL_SURFACE('',#2126,0.952473);
#2126 = AXIS2_PLACEMENT_3D('',#2127,#2128,#2129);
#2127 = CARTESIAN_POINT('',(0.,0.,8.216305));
#2128 = DIRECTION('',(-0.,-0.,-1.));
#2129 = DIRECTION('',(0.,1.,0.));
#2130 = ADVANCED_FACE('',(#2131),#2150,.F.);
#2131 = FACE_BOUND('',#2132,.T.);
#2132 = EDGE_LOOP('',(#2133,#2134,#2142,#2149));
#2133 = ORIENTED_EDGE('',*,*,#2053,.T.);
#2134 = ORIENTED_EDGE('',*,*,#2135,.T.);
#2135 = EDGE_CURVE('',#2046,#2136,#2138,.T.);
#2136 = VERTEX_POINT('',#2137);
#2137 = CARTESIAN_POINT('',(2.54,0.952473,8.047285));
#2138 = LINE('',#2139,#2140);
#2139 = CARTESIAN_POINT('',(2.54,0.952473,8.216305));
#2140 = VECTOR('',#2141,1.);
#2141 = DIRECTION('',(0.,0.,-1.));
#2142 = ORIENTED_EDGE('',*,*,#2143,.F.);
#2143 = EDGE_CURVE('',#2136,#2136,#2144,.T.);
#2144 = CIRCLE('',#2145,0.952473);
#2145 = AXIS2_PLACEMENT_3D('',#2146,#2147,#2148);
#2146 = CARTESIAN_POINT('',(2.54,0.,8.047285));
#2147 = DIRECTION('',(0.,-0.,1.));
#2148 = DIRECTION('',(0.,1.,0.));
#2149 = ORIENTED_EDGE('',*,*,#2135,.F.);
#2150 = CYLINDRICAL_SURFACE('',#2151,0.952473);
#2151 = AXIS2_PLACEMENT_3D('',#2152,#2153,#2154);
#2152 = CARTESIAN_POINT('',(2.54,0.,8.216305));
#2153 = DIRECTION('',(-0.,-0.,-1.));
#2154 = DIRECTION('',(0.,1.,0.));
#2155 = ADVANCED_FACE('',(#2156),#2175,.F.);
#2156 = FACE_BOUND('',#2157,.T.);
#2157 = EDGE_LOOP('',(#2158,#2167,#2173,#2174));
#2158 = ORIENTED_EDGE('',*,*,#2159,.T.);
#2159 = EDGE_CURVE('',#2160,#2160,#2162,.T.);
#2160 = VERTEX_POINT('',#2161);
#2161 = CARTESIAN_POINT('',(0.,1.04036,7.959395));
#2162 = CIRCLE('',#2163,1.04036);
#2163 = AXIS2_PLACEMENT_3D('',#2164,#2165,#2166);
#2164 = CARTESIAN_POINT('',(0.,0.,7.959395));
#2165 = DIRECTION('',(0.,-0.,1.));
#2166 = DIRECTION('',(0.,1.,0.));
#2167 = ORIENTED_EDGE('',*,*,#2168,.T.);
#2168 = EDGE_CURVE('',#2160,#2070,#2169,.T.);
#2169 = LINE('',#2170,#2171);
#2170 = CARTESIAN_POINT('',(0.,1.04036,7.959395));
#2171 = VECTOR('',#2172,1.);
#2172 = DIRECTION('',(0.,0.,-1.));
#2173 = ORIENTED_EDGE('',*,*,#2069,.F.);
#2174 = ORIENTED_EDGE('',*,*,#2168,.F.);
#2175 = CYLINDRICAL_SURFACE('',#2176,1.04036);
#2176 = AXIS2_PLACEMENT_3D('',#2177,#2178,#2179);
#2177 = CARTESIAN_POINT('',(0.,0.,7.959395));
#2178 = DIRECTION('',(-0.,-0.,-1.));
#2179 = DIRECTION('',(0.,1.,0.));
#2180 = ADVANCED_FACE('',(#2181),#2200,.F.);
#2181 = FACE_BOUND('',#2182,.T.);
#2182 = EDGE_LOOP('',(#2183,#2192,#2198,#2199));
#2183 = ORIENTED_EDGE('',*,*,#2184,.T.);
#2184 = EDGE_CURVE('',#2185,#2185,#2187,.T.);
#2185 = VERTEX_POINT('',#2186);
#2186 = CARTESIAN_POINT('',(2.54,1.04036,7.959395));
#2187 = CIRCLE('',#2188,1.04036);
#2188 = AXIS2_PLACEMENT_3D('',#2189,#2190,#2191);
#2189 = CARTESIAN_POINT('',(2.54,0.,7.959395));
#2190 = DIRECTION('',(0.,-0.,1.));
#2191 = DIRECTION('',(0.,1.,0.));
#2192 = ORIENTED_EDGE('',*,*,#2193,.T.);
#2193 = EDGE_CURVE('',#2185,#2090,#2194,.T.);
#2194 = LINE('',#2195,#2196);
#2195 = CARTESIAN_POINT('',(2.54,1.04036,7.959395));
#2196 = VECTOR('',#2197,1.);
#2197 = DIRECTION('',(0.,0.,-1.));
#2198 = ORIENTED_EDGE('',*,*,#2089,.F.);
#2199 = ORIENTED_EDGE('',*,*,#2193,.F.);
#2200 = CYLINDRICAL_SURFACE('',#2201,1.04036);
#2201 = AXIS2_PLACEMENT_3D('',#2202,#2203,#2204);
#2202 = CARTESIAN_POINT('',(2.54,0.,7.959395));
#2203 = DIRECTION('',(-0.,-0.,-1.));
#2204 = DIRECTION('',(0.,1.,0.));
#2205 = ADVANCED_FACE('',(#2206),#2217,.F.);
#2206 = FACE_BOUND('',#2207,.T.);
#2207 = EDGE_LOOP('',(#2208,#2209,#2215,#2216));
#2208 = ORIENTED_EDGE('',*,*,#2118,.T.);
#2209 = ORIENTED_EDGE('',*,*,#2210,.T.);
#2210 = EDGE_CURVE('',#2111,#2160,#2211,.T.);
#2211 = LINE('',#2212,#2213);
#2212 = CARTESIAN_POINT('',(0.,0.952473,8.047285));
#2213 = VECTOR('',#2214,1.);
#2214 = DIRECTION('',(0.,0.707094712836,-0.707118849331));
#2215 = ORIENTED_EDGE('',*,*,#2159,.F.);
#2216 = ORIENTED_EDGE('',*,*,#2210,.F.);
#2217 = CONICAL_SURFACE('',#2218,0.952473,0.785381096318);
#2218 = AXIS2_PLACEMENT_3D('',#2219,#2220,#2221);
#2219 = CARTESIAN_POINT('',(0.,0.,8.047285));
#2220 = DIRECTION('',(-0.,-0.,-1.));
#2221 = DIRECTION('',(0.,1.,0.));
#2222 = ADVANCED_FACE('',(#2223),#2234,.F.);
#2223 = FACE_BOUND('',#2224,.T.);
#2224 = EDGE_LOOP('',(#2225,#2226,#2232,#2233));
#2225 = ORIENTED_EDGE('',*,*,#2143,.T.);
#2226 = ORIENTED_EDGE('',*,*,#2227,.T.);
#2227 = EDGE_CURVE('',#2136,#2185,#2228,.T.);
#2228 = LINE('',#2229,#2230);
#2229 = CARTESIAN_POINT('',(2.54,0.952473,8.047285));
#2230 = VECTOR('',#2231,1.);
#2231 = DIRECTION('',(0.,0.707094712836,-0.707118849331));
#2232 = ORIENTED_EDGE('',*,*,#2184,.F.);
#2233 = ORIENTED_EDGE('',*,*,#2227,.F.);
#2234 = CONICAL_SURFACE('',#2235,0.952473,0.785381096318);
#2235 = AXIS2_PLACEMENT_3D('',#2236,#2237,#2238);
#2236 = CARTESIAN_POINT('',(2.54,0.,8.047285));
#2237 = DIRECTION('',(-0.,-0.,-1.));
#2238 = DIRECTION('',(0.,1.,0.));
#2239 = ADVANCED_FACE('',(#2240),#2246,.T.);
#2240 = FACE_BOUND('',#2241,.T.);
#2241 = EDGE_LOOP('',(#2242,#2243,#2244,#2245));
#2242 = ORIENTED_EDGE('',*,*,#192,.T.);
#2243 = ORIENTED_EDGE('',*,*,#634,.T.);
#2244 = ORIENTED_EDGE('',*,*,#61,.F.);
#2245 = ORIENTED_EDGE('',*,*,#619,.F.);
#2246 = PLANE('',#2247);
#2247 = AXIS2_PLACEMENT_3D('',#2248,#2249,#2250);
#2248 = CARTESIAN_POINT('',(2.54,-2.951920392766,0.967939838088));
#2249 = DIRECTION('',(-1.494504192918E-16,-0.780868809443,0.624695047554
    ));
#2250 = DIRECTION('',(-1.232595164408E-32,-0.624695047554,
    -0.780868809443));
#2251 = ADVANCED_FACE('',(#2252),#2258,.T.);
#2252 = FACE_BOUND('',#2253,.T.);
#2253 = EDGE_LOOP('',(#2254,#2255,#2256,#2257));
#2254 = ORIENTED_EDGE('',*,*,#208,.T.);
#2255 = ORIENTED_EDGE('',*,*,#612,.T.);
#2256 = ORIENTED_EDGE('',*,*,#1577,.F.);
#2257 = ORIENTED_EDGE('',*,*,#641,.F.);
#2258 = PLANE('',#2259);
#2259 = AXIS2_PLACEMENT_3D('',#2260,#2261,#2262);
#2260 = CARTESIAN_POINT('',(2.54,-2.947040494718,3.915161194803));
#2261 = DIRECTION('',(-0.,-0.868243142124,-0.496138938357));
#2262 = DIRECTION('',(0.,0.496138938357,-0.868243142124));
#2263 = ( GEOMETRIC_REPRESENTATION_CONTEXT(3) 
GLOBAL_UNCERTAINTY_ASSIGNED_CONTEXT((#2267)) 
GLOBAL_UNIT_ASSIGNED_CONTEXT((#2264,#2265,#2266)) REPRESENTATION_CONTEXT
('Context #1','3D Context with UNIT and UNCERTAINTY') );
#2264 = ( LENGTH_UNIT() NAMED_UNIT(*) SI_UNIT(.MILLI.,.METRE.) );
#2265 = ( NAMED_UNIT(*) PLANE_ANGLE_UNIT() SI_UNIT($,.RADIAN.) );
#2266 = ( NAMED_UNIT(*) SI_UNIT($,.STERADIAN.) SOLID_ANGLE_UNIT() );
#2267 = UNCERTAINTY_MEASURE_WITH_UNIT(LENGTH_MEASURE(1.E-06),#2264,
  'distance_accuracy_value','confusion accuracy');
#2268 = CONTEXT_DEPENDENT_SHAPE_REPRESENTATION(#2269,#2271);
#2269 = ( REPRESENTATION_RELATIONSHIP('','',#36,#10) 
REPRESENTATION_RELATIONSHIP_WITH_TRANSFORMATION(#2270) 
SHAPE_REPRESENTATION_RELATIONSHIP() );
#2270 = ITEM_DEFINED_TRANSFORMATION('','',#11,#15);
#2271 = PRODUCT_DEFINITION_SHAPE('Placement','Placement of an item',
  #2272);
#2272 = NEXT_ASSEMBLY_USAGE_OCCURRENCE('21','Connector_body','',#5,#31,$
  );
#2273 = PRODUCT_RELATED_PRODUCT_CATEGORY('part',$,(#33));
#2274 = SHAPE_DEFINITION_REPRESENTATION(#2275,#2281);
#2275 = PRODUCT_DEFINITION_SHAPE('','',#2276);
#2276 = PRODUCT_DEFINITION('design','',#2277,#2280);
#2277 = PRODUCT_DEFINITION_FORMATION('','',#2278);
#2278 = PRODUCT('Array_of_pins','Array_of_pins','',(#2279));
#2279 = PRODUCT_CONTEXT('',#2,'mechanical');
#2280 = PRODUCT_DEFINITION_CONTEXT('part definition',#2,'design');
#2281 = SHAPE_REPRESENTATION('',(#11,#2282,#2286),#2290);
#2282 = AXIS2_PLACEMENT_3D('',#2283,#2284,#2285);
#2283 = CARTESIAN_POINT('',(0.,0.,0.));
#2284 = DIRECTION('',(0.,0.,1.));
#2285 = DIRECTION('',(1.,0.,0.));
#2286 = AXIS2_PLACEMENT_3D('',#2287,#2288,#2289);
#2287 = CARTESIAN_POINT('',(2.54,0.,0.));
#2288 = DIRECTION('',(0.,0.,1.));
#2289 = DIRECTION('',(1.,0.,0.));
#2290 = ( GEOMETRIC_REPRESENTATION_CONTEXT(3) 
GLOBAL_UNCERTAINTY_ASSIGNED_CONTEXT((#2294)) 
GLOBAL_UNIT_ASSIGNED_CONTEXT((#2291,#2292,#2293)) REPRESENTATION_CONTEXT
('Context #1','3D Context with UNIT and UNCERTAINTY') );
#2291 = ( LENGTH_UNIT() NAMED_UNIT(*) SI_UNIT(.MILLI.,.METRE.) );
#2292 = ( NAMED_UNIT(*) PLANE_ANGLE_UNIT() SI_UNIT($,.RADIAN.) );
#2293 = ( NAMED_UNIT(*) SI_UNIT($,.STERADIAN.) SOLID_ANGLE_UNIT() );
#2294 = UNCERTAINTY_MEASURE_WITH_UNIT(LENGTH_MEASURE(1.E-06),#2291,
  'distance_accuracy_value','confusion accuracy');
#2295 = CONTEXT_DEPENDENT_SHAPE_REPRESENTATION(#2296,#2298);
#2296 = ( REPRESENTATION_RELATIONSHIP('','',#2281,#10) 
REPRESENTATION_RELATIONSHIP_WITH_TRANSFORMATION(#2297) 
SHAPE_REPRESENTATION_RELATIONSHIP() );
#2297 = ITEM_DEFINED_TRANSFORMATION('','',#11,#19);
#2298 = PRODUCT_DEFINITION_SHAPE('Placement','Placement of an item',
  #2299);
#2299 = NEXT_ASSEMBLY_USAGE_OCCURRENCE('24','Array_of_pins','',#5,#2276,
  $);
#2300 = PRODUCT_RELATED_PRODUCT_CATEGORY('part',$,(#2278));
#2301 = SHAPE_DEFINITION_REPRESENTATION(#2302,#2308);
#2302 = PRODUCT_DEFINITION_SHAPE('','',#2303);
#2303 = PRODUCT_DEFINITION('design','',#2304,#2307);
#2304 = PRODUCT_DEFINITION_FORMATION('','',#2305);
#2305 = PRODUCT('Compound','Compound','',(#2306));
#2306 = PRODUCT_CONTEXT('',#2,'mechanical');
#2307 = PRODUCT_DEFINITION_CONTEXT('part definition',#2,'design');
#2308 = SHAPE_REPRESENTATION('',(#11,#2309,#3172,#3458),#3692);
#2309 = MANIFOLD_SOLID_BREP('',#2310);
#2310 = CLOSED_SHELL('',(#2311,#2351,#2382,#2415,#2508,#2601,#2618,#2635
    ,#2652,#2703,#2720,#2737,#2780,#2822,#2839,#2851,#2876,#2899,#2923,
    #2939,#2951,#2968,#2999,#3023,#3047,#3064,#3095,#3119,#3143,#3160));
#2311 = ADVANCED_FACE('',(#2312),#2346,.F.);
#2312 = FACE_BOUND('',#2313,.F.);
#2313 = EDGE_LOOP('',(#2314,#2324,#2332,#2340));
#2314 = ORIENTED_EDGE('',*,*,#2315,.T.);
#2315 = EDGE_CURVE('',#2316,#2318,#2320,.T.);
#2316 = VERTEX_POINT('',#2317);
#2317 = CARTESIAN_POINT('',(-0.65,-1.88372,3.205269811708));
#2318 = VERTEX_POINT('',#2319);
#2319 = CARTESIAN_POINT('',(0.65,-1.88372,3.205269811708));
#2320 = LINE('',#2321,#2322);
#2321 = CARTESIAN_POINT('',(-0.65,-1.88372,3.205269811708));
#2322 = VECTOR('',#2323,1.);
#2323 = DIRECTION('',(1.,0.,0.));
#2324 = ORIENTED_EDGE('',*,*,#2325,.T.);
#2325 = EDGE_CURVE('',#2318,#2326,#2328,.T.);
#2326 = VERTEX_POINT('',#2327);
#2327 = CARTESIAN_POINT('',(0.65,1.74921,3.205269811708));
#2328 = LINE('',#2329,#2330);
#2329 = CARTESIAN_POINT('',(0.65,-1.88372,3.205269811708));
#2330 = VECTOR('',#2331,1.);
#2331 = DIRECTION('',(0.,1.,0.));
#2332 = ORIENTED_EDGE('',*,*,#2333,.F.);
#2333 = EDGE_CURVE('',#2334,#2326,#2336,.T.);
#2334 = VERTEX_POINT('',#2335);
#2335 = CARTESIAN_POINT('',(-0.65,1.74921,3.205269811708));
#2336 = LINE('',#2337,#2338);
#2337 = CARTESIAN_POINT('',(-0.65,1.74921,3.205269811708));
#2338 = VECTOR('',#2339,1.);
#2339 = DIRECTION('',(1.,0.,0.));
#2340 = ORIENTED_EDGE('',*,*,#2341,.F.);
#2341 = EDGE_CURVE('',#2316,#2334,#2342,.T.);
#2342 = LINE('',#2343,#2344);
#2343 = CARTESIAN_POINT('',(-0.65,-1.88372,3.205269811708));
#2344 = VECTOR('',#2345,1.);
#2345 = DIRECTION('',(0.,1.,0.));
#2346 = PLANE('',#2347);
#2347 = AXIS2_PLACEMENT_3D('',#2348,#2349,#2350);
#2348 = CARTESIAN_POINT('',(-0.65,-1.88372,3.205269811708));
#2349 = DIRECTION('',(0.,0.,1.));
#2350 = DIRECTION('',(0.,1.,0.));
#2351 = ADVANCED_FACE('',(#2352),#2377,.T.);
#2352 = FACE_BOUND('',#2353,.T.);
#2353 = EDGE_LOOP('',(#2354,#2355,#2363,#2371));
#2354 = ORIENTED_EDGE('',*,*,#2315,.T.);
#2355 = ORIENTED_EDGE('',*,*,#2356,.T.);
#2356 = EDGE_CURVE('',#2318,#2357,#2359,.T.);
#2357 = VERTEX_POINT('',#2358);
#2358 = CARTESIAN_POINT('',(0.65,-1.88372,3.705353));
#2359 = LINE('',#2360,#2361);
#2360 = CARTESIAN_POINT('',(0.65,-1.88372,3.205269811708));
#2361 = VECTOR('',#2362,1.);
#2362 = DIRECTION('',(0.,0.,1.));
#2363 = ORIENTED_EDGE('',*,*,#2364,.F.);
#2364 = EDGE_CURVE('',#2365,#2357,#2367,.T.);
#2365 = VERTEX_POINT('',#2366);
#2366 = CARTESIAN_POINT('',(-0.65,-1.88372,3.705353));
#2367 = LINE('',#2368,#2369);
#2368 = CARTESIAN_POINT('',(-0.65,-1.88372,3.705353));
#2369 = VECTOR('',#2370,1.);
#2370 = DIRECTION('',(1.,0.,0.));
#2371 = ORIENTED_EDGE('',*,*,#2372,.F.);
#2372 = EDGE_CURVE('',#2316,#2365,#2373,.T.);
#2373 = LINE('',#2374,#2375);
#2374 = CARTESIAN_POINT('',(-0.65,-1.88372,3.205269811708));
#2375 = VECTOR('',#2376,1.);
#2376 = DIRECTION('',(0.,0.,1.));
#2377 = PLANE('',#2378);
#2378 = AXIS2_PLACEMENT_3D('',#2379,#2380,#2381);
#2379 = CARTESIAN_POINT('',(-0.65,-1.88372,3.205269811708));
#2380 = DIRECTION('',(0.,-1.,0.));
#2381 = DIRECTION('',(0.,0.,1.));
#2382 = ADVANCED_FACE('',(#2383),#2410,.F.);
#2383 = FACE_BOUND('',#2384,.T.);
#2384 = EDGE_LOOP('',(#2385,#2395,#2402,#2403));
#2385 = ORIENTED_EDGE('',*,*,#2386,.T.);
#2386 = EDGE_CURVE('',#2387,#2389,#2391,.T.);
#2387 = VERTEX_POINT('',#2388);
#2388 = CARTESIAN_POINT('',(-0.65,1.99921,2.955269811708));
#2389 = VERTEX_POINT('',#2390);
#2390 = CARTESIAN_POINT('',(0.65,1.99921,2.955269811708));
#2391 = LINE('',#2392,#2393);
#2392 = CARTESIAN_POINT('',(-0.65,1.99921,2.955269811708));
#2393 = VECTOR('',#2394,1.);
#2394 = DIRECTION('',(1.,0.,0.));
#2395 = ORIENTED_EDGE('',*,*,#2396,.T.);
#2396 = EDGE_CURVE('',#2389,#2326,#2397,.T.);
#2397 = CIRCLE('',#2398,0.25);
#2398 = AXIS2_PLACEMENT_3D('',#2399,#2400,#2401);
#2399 = CARTESIAN_POINT('',(0.65,1.74921,2.955269811708));
#2400 = DIRECTION('',(1.,0.,0.));
#2401 = DIRECTION('',(0.,1.,0.));
#2402 = ORIENTED_EDGE('',*,*,#2333,.F.);
#2403 = ORIENTED_EDGE('',*,*,#2404,.F.);
#2404 = EDGE_CURVE('',#2387,#2334,#2405,.T.);
#2405 = CIRCLE('',#2406,0.25);
#2406 = AXIS2_PLACEMENT_3D('',#2407,#2408,#2409);
#2407 = CARTESIAN_POINT('',(-0.65,1.74921,2.955269811708));
#2408 = DIRECTION('',(1.,0.,0.));
#2409 = DIRECTION('',(0.,1.,0.));
#2410 = CYLINDRICAL_SURFACE('',#2411,0.25);
#2411 = AXIS2_PLACEMENT_3D('',#2412,#2413,#2414);
#2412 = CARTESIAN_POINT('',(-0.65,1.74921,2.955269811708));
#2413 = DIRECTION('',(-1.,-0.,-0.));
#2414 = DIRECTION('',(0.,1.,0.));
#2415 = ADVANCED_FACE('',(#2416),#2503,.F.);
#2416 = FACE_BOUND('',#2417,.F.);
#2417 = EDGE_LOOP('',(#2418,#2419,#2420,#2421,#2429,#2438,#2446,#2455,
    #2463,#2471,#2480,#2488,#2497));
#2418 = ORIENTED_EDGE('',*,*,#2372,.F.);
#2419 = ORIENTED_EDGE('',*,*,#2341,.T.);
#2420 = ORIENTED_EDGE('',*,*,#2404,.F.);
#2421 = ORIENTED_EDGE('',*,*,#2422,.T.);
#2422 = EDGE_CURVE('',#2387,#2423,#2425,.T.);
#2423 = VERTEX_POINT('',#2424);
#2424 = CARTESIAN_POINT('',(-0.65,1.99921,1.));
#2425 = LINE('',#2426,#2427);
#2426 = CARTESIAN_POINT('',(-0.65,1.99921,2.955269811708));
#2427 = VECTOR('',#2428,1.);
#2428 = DIRECTION('',(0.,0.,-1.));
#2429 = ORIENTED_EDGE('',*,*,#2430,.F.);
#2430 = EDGE_CURVE('',#2431,#2423,#2433,.T.);
#2431 = VERTEX_POINT('',#2432);
#2432 = CARTESIAN_POINT('',(-0.65,1.74921,0.75));
#2433 = CIRCLE('',#2434,0.25);
#2434 = AXIS2_PLACEMENT_3D('',#2435,#2436,#2437);
#2435 = CARTESIAN_POINT('',(-0.65,1.74921,1.));
#2436 = DIRECTION('',(1.,0.,0.));
#2437 = DIRECTION('',(0.,1.,0.));
#2438 = ORIENTED_EDGE('',*,*,#2439,.T.);
#2439 = EDGE_CURVE('',#2431,#2440,#2442,.T.);
#2440 = VERTEX_POINT('',#2441);
#2441 = CARTESIAN_POINT('',(-0.65,0.5,0.75));
#2442 = LINE('',#2443,#2444);
#2443 = CARTESIAN_POINT('',(-0.65,1.74921,0.75));
#2444 = VECTOR('',#2445,1.);
#2445 = DIRECTION('',(0.,-1.,0.));
#2446 = ORIENTED_EDGE('',*,*,#2447,.T.);
#2447 = EDGE_CURVE('',#2440,#2448,#2450,.T.);
#2448 = VERTEX_POINT('',#2449);
#2449 = CARTESIAN_POINT('',(-0.65,-0.207106781187,0.25));
#2450 = CIRCLE('',#2451,0.75);
#2451 = AXIS2_PLACEMENT_3D('',#2452,#2453,#2454);
#2452 = CARTESIAN_POINT('',(-0.65,0.5,3.061616997868E-17));
#2453 = DIRECTION('',(1.,0.,0.));
#2454 = DIRECTION('',(0.,1.,0.));
#2455 = ORIENTED_EDGE('',*,*,#2456,.T.);
#2456 = EDGE_CURVE('',#2448,#2457,#2459,.T.);
#2457 = VERTEX_POINT('',#2458);
#2458 = CARTESIAN_POINT('',(-0.65,0.5,0.25));
#2459 = LINE('',#2460,#2461);
#2460 = CARTESIAN_POINT('',(-0.65,-2.75,0.25));
#2461 = VECTOR('',#2462,1.);
#2462 = DIRECTION('',(0.,1.,-2.22044604925E-16));
#2463 = ORIENTED_EDGE('',*,*,#2464,.T.);
#2464 = EDGE_CURVE('',#2457,#2465,#2467,.T.);
#2465 = VERTEX_POINT('',#2466);
#2466 = CARTESIAN_POINT('',(-0.65,1.74921,0.25));
#2467 = LINE('',#2468,#2469);
#2468 = CARTESIAN_POINT('',(-0.65,0.5,0.25));
#2469 = VECTOR('',#2470,1.);
#2470 = DIRECTION('',(0.,1.,0.));
#2471 = ORIENTED_EDGE('',*,*,#2472,.T.);
#2472 = EDGE_CURVE('',#2465,#2473,#2475,.T.);
#2473 = VERTEX_POINT('',#2474);
#2474 = CARTESIAN_POINT('',(-0.65,2.49921,1.));
#2475 = CIRCLE('',#2476,0.75);
#2476 = AXIS2_PLACEMENT_3D('',#2477,#2478,#2479);
#2477 = CARTESIAN_POINT('',(-0.65,1.74921,1.));
#2478 = DIRECTION('',(1.,0.,0.));
#2479 = DIRECTION('',(0.,1.,0.));
#2480 = ORIENTED_EDGE('',*,*,#2481,.F.);
#2481 = EDGE_CURVE('',#2482,#2473,#2484,.T.);
#2482 = VERTEX_POINT('',#2483);
#2483 = CARTESIAN_POINT('',(-0.65,2.49921,2.966440727436));
#2484 = LINE('',#2485,#2486);
#2485 = CARTESIAN_POINT('',(-0.65,2.49921,2.966440727436));
#2486 = VECTOR('',#2487,1.);
#2487 = DIRECTION('',(0.,0.,-1.));
#2488 = ORIENTED_EDGE('',*,*,#2489,.T.);
#2489 = EDGE_CURVE('',#2482,#2490,#2492,.T.);
#2490 = VERTEX_POINT('',#2491);
#2491 = CARTESIAN_POINT('',(-0.65,1.74921,3.705353));
#2492 = CIRCLE('',#2493,0.750083188292);
#2493 = AXIS2_PLACEMENT_3D('',#2494,#2495,#2496);
#2494 = CARTESIAN_POINT('',(-0.65,1.74921,2.955269811708));
#2495 = DIRECTION('',(1.,0.,0.));
#2496 = DIRECTION('',(0.,1.,0.));
#2497 = ORIENTED_EDGE('',*,*,#2498,.F.);
#2498 = EDGE_CURVE('',#2365,#2490,#2499,.T.);
#2499 = LINE('',#2500,#2501);
#2500 = CARTESIAN_POINT('',(-0.65,-1.88372,3.705353));
#2501 = VECTOR('',#2502,1.);
#2502 = DIRECTION('',(0.,1.,0.));
#2503 = PLANE('',#2504);
#2504 = AXIS2_PLACEMENT_3D('',#2505,#2506,#2507);
#2505 = CARTESIAN_POINT('',(-0.65,0.645140582949,1.084692539421));
#2506 = DIRECTION('',(1.,0.,0.));
#2507 = DIRECTION('',(0.,0.,1.));
#2508 = ADVANCED_FACE('',(#2509),#2596,.T.);
#2509 = FACE_BOUND('',#2510,.T.);
#2510 = EDGE_LOOP('',(#2511,#2512,#2513,#2514,#2522,#2531,#2539,#2548,
    #2556,#2564,#2573,#2581,#2590));
#2511 = ORIENTED_EDGE('',*,*,#2356,.F.);
#2512 = ORIENTED_EDGE('',*,*,#2325,.T.);
#2513 = ORIENTED_EDGE('',*,*,#2396,.F.);
#2514 = ORIENTED_EDGE('',*,*,#2515,.T.);
#2515 = EDGE_CURVE('',#2389,#2516,#2518,.T.);
#2516 = VERTEX_POINT('',#2517);
#2517 = CARTESIAN_POINT('',(0.65,1.99921,1.));
#2518 = LINE('',#2519,#2520);
#2519 = CARTESIAN_POINT('',(0.65,1.99921,2.955269811708));
#2520 = VECTOR('',#2521,1.);
#2521 = DIRECTION('',(0.,0.,-1.));
#2522 = ORIENTED_EDGE('',*,*,#2523,.F.);
#2523 = EDGE_CURVE('',#2524,#2516,#2526,.T.);
#2524 = VERTEX_POINT('',#2525);
#2525 = CARTESIAN_POINT('',(0.65,1.74921,0.75));
#2526 = CIRCLE('',#2527,0.25);
#2527 = AXIS2_PLACEMENT_3D('',#2528,#2529,#2530);
#2528 = CARTESIAN_POINT('',(0.65,1.74921,1.));
#2529 = DIRECTION('',(1.,0.,0.));
#2530 = DIRECTION('',(0.,1.,0.));
#2531 = ORIENTED_EDGE('',*,*,#2532,.T.);
#2532 = EDGE_CURVE('',#2524,#2533,#2535,.T.);
#2533 = VERTEX_POINT('',#2534);
#2534 = CARTESIAN_POINT('',(0.65,0.5,0.75));
#2535 = LINE('',#2536,#2537);
#2536 = CARTESIAN_POINT('',(0.65,1.74921,0.75));
#2537 = VECTOR('',#2538,1.);
#2538 = DIRECTION('',(0.,-1.,0.));
#2539 = ORIENTED_EDGE('',*,*,#2540,.T.);
#2540 = EDGE_CURVE('',#2533,#2541,#2543,.T.);
#2541 = VERTEX_POINT('',#2542);
#2542 = CARTESIAN_POINT('',(0.65,-0.207106781187,0.25));
#2543 = CIRCLE('',#2544,0.75);
#2544 = AXIS2_PLACEMENT_3D('',#2545,#2546,#2547);
#2545 = CARTESIAN_POINT('',(0.65,0.5,3.061616997868E-17));
#2546 = DIRECTION('',(1.,0.,0.));
#2547 = DIRECTION('',(0.,1.,0.));
#2548 = ORIENTED_EDGE('',*,*,#2549,.T.);
#2549 = EDGE_CURVE('',#2541,#2550,#2552,.T.);
#2550 = VERTEX_POINT('',#2551);
#2551 = CARTESIAN_POINT('',(0.65,0.5,0.25));
#2552 = LINE('',#2553,#2554);
#2553 = CARTESIAN_POINT('',(0.65,-2.75,0.25));
#2554 = VECTOR('',#2555,1.);
#2555 = DIRECTION('',(0.,1.,-2.22044604925E-16));
#2556 = ORIENTED_EDGE('',*,*,#2557,.T.);
#2557 = EDGE_CURVE('',#2550,#2558,#2560,.T.);
#2558 = VERTEX_POINT('',#2559);
#2559 = CARTESIAN_POINT('',(0.65,1.74921,0.25));
#2560 = LINE('',#2561,#2562);
#2561 = CARTESIAN_POINT('',(0.65,0.5,0.25));
#2562 = VECTOR('',#2563,1.);
#2563 = DIRECTION('',(0.,1.,0.));
#2564 = ORIENTED_EDGE('',*,*,#2565,.T.);
#2565 = EDGE_CURVE('',#2558,#2566,#2568,.T.);
#2566 = VERTEX_POINT('',#2567);
#2567 = CARTESIAN_POINT('',(0.65,2.49921,1.));
#2568 = CIRCLE('',#2569,0.75);
#2569 = AXIS2_PLACEMENT_3D('',#2570,#2571,#2572);
#2570 = CARTESIAN_POINT('',(0.65,1.74921,1.));
#2571 = DIRECTION('',(1.,0.,0.));
#2572 = DIRECTION('',(0.,1.,0.));
#2573 = ORIENTED_EDGE('',*,*,#2574,.F.);
#2574 = EDGE_CURVE('',#2575,#2566,#2577,.T.);
#2575 = VERTEX_POINT('',#2576);
#2576 = CARTESIAN_POINT('',(0.65,2.49921,2.966440727436));
#2577 = LINE('',#2578,#2579);
#2578 = CARTESIAN_POINT('',(0.65,2.49921,2.966440727436));
#2579 = VECTOR('',#2580,1.);
#2580 = DIRECTION('',(0.,0.,-1.));
#2581 = ORIENTED_EDGE('',*,*,#2582,.T.);
#2582 = EDGE_CURVE('',#2575,#2583,#2585,.T.);
#2583 = VERTEX_POINT('',#2584);
#2584 = CARTESIAN_POINT('',(0.65,1.74921,3.705353));
#2585 = CIRCLE('',#2586,0.750083188292);
#2586 = AXIS2_PLACEMENT_3D('',#2587,#2588,#2589);
#2587 = CARTESIAN_POINT('',(0.65,1.74921,2.955269811708));
#2588 = DIRECTION('',(1.,0.,0.));
#2589 = DIRECTION('',(0.,1.,0.));
#2590 = ORIENTED_EDGE('',*,*,#2591,.F.);
#2591 = EDGE_CURVE('',#2357,#2583,#2592,.T.);
#2592 = LINE('',#2593,#2594);
#2593 = CARTESIAN_POINT('',(0.65,-1.88372,3.705353));
#2594 = VECTOR('',#2595,1.);
#2595 = DIRECTION('',(0.,1.,0.));
#2596 = PLANE('',#2597);
#2597 = AXIS2_PLACEMENT_3D('',#2598,#2599,#2600);
#2598 = CARTESIAN_POINT('',(0.65,0.645140582949,1.084692539421));
#2599 = DIRECTION('',(1.,0.,0.));
#2600 = DIRECTION('',(0.,0.,1.));
#2601 = ADVANCED_FACE('',(#2602),#2613,.T.);
#2602 = FACE_BOUND('',#2603,.T.);
#2603 = EDGE_LOOP('',(#2604,#2605,#2606,#2612));
#2604 = ORIENTED_EDGE('',*,*,#2364,.T.);
#2605 = ORIENTED_EDGE('',*,*,#2591,.T.);
#2606 = ORIENTED_EDGE('',*,*,#2607,.F.);
#2607 = EDGE_CURVE('',#2490,#2583,#2608,.T.);
#2608 = LINE('',#2609,#2610);
#2609 = CARTESIAN_POINT('',(-0.65,1.74921,3.705353));
#2610 = VECTOR('',#2611,1.);
#2611 = DIRECTION('',(1.,0.,0.));
#2612 = ORIENTED_EDGE('',*,*,#2498,.F.);
#2613 = PLANE('',#2614);
#2614 = AXIS2_PLACEMENT_3D('',#2615,#2616,#2617);
#2615 = CARTESIAN_POINT('',(-0.65,-1.88372,3.705353));
#2616 = DIRECTION('',(0.,0.,1.));
#2617 = DIRECTION('',(0.,1.,0.));
#2618 = ADVANCED_FACE('',(#2619),#2630,.F.);
#2619 = FACE_BOUND('',#2620,.F.);
#2620 = EDGE_LOOP('',(#2621,#2622,#2623,#2629));
#2621 = ORIENTED_EDGE('',*,*,#2386,.T.);
#2622 = ORIENTED_EDGE('',*,*,#2515,.T.);
#2623 = ORIENTED_EDGE('',*,*,#2624,.F.);
#2624 = EDGE_CURVE('',#2423,#2516,#2625,.T.);
#2625 = LINE('',#2626,#2627);
#2626 = CARTESIAN_POINT('',(-0.65,1.99921,1.));
#2627 = VECTOR('',#2628,1.);
#2628 = DIRECTION('',(1.,0.,0.));
#2629 = ORIENTED_EDGE('',*,*,#2422,.F.);
#2630 = PLANE('',#2631);
#2631 = AXIS2_PLACEMENT_3D('',#2632,#2633,#2634);
#2632 = CARTESIAN_POINT('',(-0.65,1.99921,2.955269811708));
#2633 = DIRECTION('',(0.,1.,0.));
#2634 = DIRECTION('',(0.,0.,-1.));
#2635 = ADVANCED_FACE('',(#2636),#2647,.T.);
#2636 = FACE_BOUND('',#2637,.F.);
#2637 = EDGE_LOOP('',(#2638,#2644,#2645,#2646));
#2638 = ORIENTED_EDGE('',*,*,#2639,.T.);
#2639 = EDGE_CURVE('',#2482,#2575,#2640,.T.);
#2640 = LINE('',#2641,#2642);
#2641 = CARTESIAN_POINT('',(-0.65,2.49921,2.966440727436));
#2642 = VECTOR('',#2643,1.);
#2643 = DIRECTION('',(1.,0.,0.));
#2644 = ORIENTED_EDGE('',*,*,#2582,.T.);
#2645 = ORIENTED_EDGE('',*,*,#2607,.F.);
#2646 = ORIENTED_EDGE('',*,*,#2489,.F.);
#2647 = CYLINDRICAL_SURFACE('',#2648,0.750083188292);
#2648 = AXIS2_PLACEMENT_3D('',#2649,#2650,#2651);
#2649 = CARTESIAN_POINT('',(-0.65,1.74921,2.955269811708));
#2650 = DIRECTION('',(-1.,-0.,-0.));
#2651 = DIRECTION('',(0.,1.,0.));
#2652 = ADVANCED_FACE('',(#2653,#2664),#2698,.T.);
#2653 = FACE_BOUND('',#2654,.T.);
#2654 = EDGE_LOOP('',(#2655,#2656,#2657,#2663));
#2655 = ORIENTED_EDGE('',*,*,#2639,.T.);
#2656 = ORIENTED_EDGE('',*,*,#2574,.T.);
#2657 = ORIENTED_EDGE('',*,*,#2658,.F.);
#2658 = EDGE_CURVE('',#2473,#2566,#2659,.T.);
#2659 = LINE('',#2660,#2661);
#2660 = CARTESIAN_POINT('',(-0.65,2.49921,1.));
#2661 = VECTOR('',#2662,1.);
#2662 = DIRECTION('',(1.,0.,0.));
#2663 = ORIENTED_EDGE('',*,*,#2481,.F.);
#2664 = FACE_BOUND('',#2665,.T.);
#2665 = EDGE_LOOP('',(#2666,#2676,#2684,#2692));
#2666 = ORIENTED_EDGE('',*,*,#2667,.T.);
#2667 = EDGE_CURVE('',#2668,#2670,#2672,.T.);
#2668 = VERTEX_POINT('',#2669);
#2669 = CARTESIAN_POINT('',(-0.25,2.49921,2.404557231339));
#2670 = VERTEX_POINT('',#2671);
#2671 = CARTESIAN_POINT('',(-0.25,2.49921,1.53034));
#2672 = LINE('',#2673,#2674);
#2673 = CARTESIAN_POINT('',(-0.25,2.49921,2.474525675675));
#2674 = VECTOR('',#2675,1.);
#2675 = DIRECTION('',(0.,0.,-1.));
#2676 = ORIENTED_EDGE('',*,*,#2677,.T.);
#2677 = EDGE_CURVE('',#2670,#2678,#2680,.T.);
#2678 = VERTEX_POINT('',#2679);
#2679 = CARTESIAN_POINT('',(0.25,2.49921,1.53034));
#2680 = LINE('',#2681,#2682);
#2681 = CARTESIAN_POINT('',(-0.45,2.49921,1.53034));
#2682 = VECTOR('',#2683,1.);
#2683 = DIRECTION('',(1.,0.,0.));
#2684 = ORIENTED_EDGE('',*,*,#2685,.F.);
#2685 = EDGE_CURVE('',#2686,#2678,#2688,.T.);
#2686 = VERTEX_POINT('',#2687);
#2687 = CARTESIAN_POINT('',(0.25,2.49921,2.404557231339));
#2688 = LINE('',#2689,#2690);
#2689 = CARTESIAN_POINT('',(0.25,2.49921,2.474525675675));
#2690 = VECTOR('',#2691,1.);
#2691 = DIRECTION('',(0.,0.,-1.));
#2692 = ORIENTED_EDGE('',*,*,#2693,.T.);
#2693 = EDGE_CURVE('',#2686,#2668,#2694,.T.);
#2694 = LINE('',#2695,#2696);
#2695 = CARTESIAN_POINT('',(-0.45,2.49921,2.404557231339));
#2696 = VECTOR('',#2697,1.);
#2697 = DIRECTION('',(-1.,0.,0.));
#2698 = PLANE('',#2699);
#2699 = AXIS2_PLACEMENT_3D('',#2700,#2701,#2702);
#2700 = CARTESIAN_POINT('',(-0.65,2.49921,2.966440727436));
#2701 = DIRECTION('',(0.,1.,0.));
#2702 = DIRECTION('',(0.,0.,-1.));
#2703 = ADVANCED_FACE('',(#2704),#2715,.T.);
#2704 = FACE_BOUND('',#2705,.F.);
#2705 = EDGE_LOOP('',(#2706,#2712,#2713,#2714));
#2706 = ORIENTED_EDGE('',*,*,#2707,.T.);
#2707 = EDGE_CURVE('',#2465,#2558,#2708,.T.);
#2708 = LINE('',#2709,#2710);
#2709 = CARTESIAN_POINT('',(-0.65,1.74921,0.25));
#2710 = VECTOR('',#2711,1.);
#2711 = DIRECTION('',(1.,0.,0.));
#2712 = ORIENTED_EDGE('',*,*,#2565,.T.);
#2713 = ORIENTED_EDGE('',*,*,#2658,.F.);
#2714 = ORIENTED_EDGE('',*,*,#2472,.F.);
#2715 = CYLINDRICAL_SURFACE('',#2716,0.75);
#2716 = AXIS2_PLACEMENT_3D('',#2717,#2718,#2719);
#2717 = CARTESIAN_POINT('',(-0.65,1.74921,1.));
#2718 = DIRECTION('',(-1.,-0.,-0.));
#2719 = DIRECTION('',(0.,1.,0.));
#2720 = ADVANCED_FACE('',(#2721),#2732,.F.);
#2721 = FACE_BOUND('',#2722,.F.);
#2722 = EDGE_LOOP('',(#2723,#2729,#2730,#2731));
#2723 = ORIENTED_EDGE('',*,*,#2724,.T.);
#2724 = EDGE_CURVE('',#2457,#2550,#2725,.T.);
#2725 = LINE('',#2726,#2727);
#2726 = CARTESIAN_POINT('',(-0.65,0.5,0.25));
#2727 = VECTOR('',#2728,1.);
#2728 = DIRECTION('',(1.,0.,0.));
#2729 = ORIENTED_EDGE('',*,*,#2557,.T.);
#2730 = ORIENTED_EDGE('',*,*,#2707,.F.);
#2731 = ORIENTED_EDGE('',*,*,#2464,.F.);
#2732 = PLANE('',#2733);
#2733 = AXIS2_PLACEMENT_3D('',#2734,#2735,#2736);
#2734 = CARTESIAN_POINT('',(-0.65,0.5,0.25));
#2735 = DIRECTION('',(0.,0.,1.));
#2736 = DIRECTION('',(0.,1.,0.));
#2737 = ADVANCED_FACE('',(#2738),#2775,.F.);
#2738 = FACE_BOUND('',#2739,.F.);
#2739 = EDGE_LOOP('',(#2740,#2759,#2767,#2774));
#2740 = ORIENTED_EDGE('',*,*,#2741,.F.);
#2741 = EDGE_CURVE('',#2742,#2448,#2744,.T.);
#2742 = VERTEX_POINT('',#2743);
#2743 = CARTESIAN_POINT('',(-0.4,-0.25,3.827021512968E-17));
#2744 = B_SPLINE_CURVE_WITH_KNOTS('',7,(#2745,#2746,#2747,#2748,#2749,
    #2750,#2751,#2752,#2753,#2754,#2755,#2756,#2757,#2758),
  .UNSPECIFIED.,.F.,.F.,(8,6,8),(0.,0.240274066386,1.),.UNSPECIFIED.);
#2745 = CARTESIAN_POINT('',(-0.4,-0.25,3.061616997868E-17));
#2746 = CARTESIAN_POINT('',(-0.4,-0.25,1.331788247215E-02));
#2747 = CARTESIAN_POINT('',(-0.400827704037,-0.249724126779,
    2.663507985867E-02));
#2748 = CARTESIAN_POINT('',(-0.402482974733,-0.24917231913,
    3.989165371389E-02));
#2749 = CARTESIAN_POINT('',(-0.404960549556,-0.24835157349,
    5.302746930501E-02));
#2750 = CARTESIAN_POINT('',(-0.408249977495,-0.247275607689,
    6.598274561741E-02));
#2751 = CARTESIAN_POINT('',(-0.412335555731,-0.245964524699,
    7.869860535986E-02));
#2752 = CARTESIAN_POINT('',(-0.432565415127,-0.239638214344,
    0.130385496903));
#2753 = CARTESIAN_POINT('',(-0.455816690811,-0.232701072876,
    0.167025987369));
#2754 = CARTESIAN_POINT('',(-0.486415645808,-0.22442564172,
    0.198831985394));
#2755 = CARTESIAN_POINT('',(-0.522938987383,-0.21632837172,
    0.223911118312));
#2756 = CARTESIAN_POINT('',(-0.563563489901,-0.210223673102,
    0.241185327442));
#2757 = CARTESIAN_POINT('',(-0.606539173519,-0.207106781187,0.25));
#2758 = CARTESIAN_POINT('',(-0.65,-0.207106781187,0.25));
#2759 = ORIENTED_EDGE('',*,*,#2760,.T.);
#2760 = EDGE_CURVE('',#2742,#2761,#2763,.T.);
#2761 = VERTEX_POINT('',#2762);
#2762 = CARTESIAN_POINT('',(-0.4,0.25,-4.020306360117E-17));
#2763 = LINE('',#2764,#2765);
#2764 = CARTESIAN_POINT('',(-0.4,-2.75,5.551115123126E-16));
#2765 = VECTOR('',#2766,1.);
#2766 = DIRECTION('',(0.,1.,-2.22044604925E-16));
#2767 = ORIENTED_EDGE('',*,*,#2768,.T.);
#2768 = EDGE_CURVE('',#2761,#2457,#2769,.T.);
#2769 = ELLIPSE('',#2770,0.353553390593,0.25);
#2770 = AXIS2_PLACEMENT_3D('',#2771,#2772,#2773);
#2771 = CARTESIAN_POINT('',(-0.65,0.5,3.061616997868E-17));
#2772 = DIRECTION('',(-0.707106781187,-0.707106781187,1.570092458684E-16
    ));
#2773 = DIRECTION('',(-0.707106781187,0.707106781187,-1.570092458684E-16
    ));
#2774 = ORIENTED_EDGE('',*,*,#2456,.F.);
#2775 = CYLINDRICAL_SURFACE('',#2776,0.25);
#2776 = AXIS2_PLACEMENT_3D('',#2777,#2778,#2779);
#2777 = CARTESIAN_POINT('',(-0.65,-2.75,5.551115123126E-16));
#2778 = DIRECTION('',(0.,-1.,2.22044604925E-16));
#2779 = DIRECTION('',(1.,0.,0.));
#2780 = ADVANCED_FACE('',(#2781),#2817,.T.);
#2781 = FACE_BOUND('',#2782,.F.);
#2782 = EDGE_LOOP('',(#2783,#2784,#2790,#2791,#2810,#2816));
#2783 = ORIENTED_EDGE('',*,*,#2447,.F.);
#2784 = ORIENTED_EDGE('',*,*,#2785,.T.);
#2785 = EDGE_CURVE('',#2440,#2533,#2786,.T.);
#2786 = LINE('',#2787,#2788);
#2787 = CARTESIAN_POINT('',(-0.65,0.5,0.75));
#2788 = VECTOR('',#2789,1.);
#2789 = DIRECTION('',(1.,0.,0.));
#2790 = ORIENTED_EDGE('',*,*,#2540,.T.);
#2791 = ORIENTED_EDGE('',*,*,#2792,.T.);
#2792 = EDGE_CURVE('',#2541,#2793,#2795,.T.);
#2793 = VERTEX_POINT('',#2794);
#2794 = CARTESIAN_POINT('',(0.4,-0.25,5.357830011902E-17));
#2795 = B_SPLINE_CURVE_WITH_KNOTS('',7,(#2796,#2797,#2798,#2799,#2800,
    #2801,#2802,#2803,#2804,#2805,#2806,#2807,#2808,#2809),
  .UNSPECIFIED.,.F.,.F.,(8,6,8),(0.,0.759719010818,1.),.UNSPECIFIED.);
#2796 = CARTESIAN_POINT('',(0.65,-0.207106781187,0.25));
#2797 = CARTESIAN_POINT('',(0.60653990983,-0.207106781187,0.25));
#2798 = CARTESIAN_POINT('',(0.563564683593,-0.210223569351,
    0.241185625538));
#2799 = CARTESIAN_POINT('',(0.52294032499,-0.216328122152,0.223911808182
    ));
#2800 = CARTESIAN_POINT('',(0.486416858491,-0.224425353704,
    0.198832985507));
#2801 = CARTESIAN_POINT('',(0.455817774107,-0.232700781859,
    0.167027180562));
#2802 = CARTESIAN_POINT('',(0.432566427604,-0.239637913494,
    0.130387008535));
#2803 = CARTESIAN_POINT('',(0.412336165778,-0.245964328936,
    7.870050404773E-02));
#2804 = CARTESIAN_POINT('',(0.408250386794,-0.247275473805,
    6.598435761632E-02));
#2805 = CARTESIAN_POINT('',(0.404960796184,-0.248351491786,
    5.302877687436E-02));
#2806 = CARTESIAN_POINT('',(0.402483098318,-0.249172277932,
    3.989264342659E-02));
#2807 = CARTESIAN_POINT('',(0.400827745239,-0.24972411305,
    2.6635742714E-02));
#2808 = CARTESIAN_POINT('',(0.4,-0.25,1.331821394056E-02));
#2809 = CARTESIAN_POINT('',(0.4,-0.25,1.071565949254E-16));
#2810 = ORIENTED_EDGE('',*,*,#2811,.F.);
#2811 = EDGE_CURVE('',#2742,#2793,#2812,.T.);
#2812 = LINE('',#2813,#2814);
#2813 = CARTESIAN_POINT('',(-0.65,-0.25,7.654043025935E-17));
#2814 = VECTOR('',#2815,1.);
#2815 = DIRECTION('',(1.,0.,0.));
#2816 = ORIENTED_EDGE('',*,*,#2741,.T.);
#2817 = CYLINDRICAL_SURFACE('',#2818,0.75);
#2818 = AXIS2_PLACEMENT_3D('',#2819,#2820,#2821);
#2819 = CARTESIAN_POINT('',(-0.65,0.5,3.061616997868E-17));
#2820 = DIRECTION('',(-1.,-0.,-0.));
#2821 = DIRECTION('',(0.,1.,0.));
#2822 = ADVANCED_FACE('',(#2823),#2834,.F.);
#2823 = FACE_BOUND('',#2824,.F.);
#2824 = EDGE_LOOP('',(#2825,#2831,#2832,#2833));
#2825 = ORIENTED_EDGE('',*,*,#2826,.T.);
#2826 = EDGE_CURVE('',#2431,#2524,#2827,.T.);
#2827 = LINE('',#2828,#2829);
#2828 = CARTESIAN_POINT('',(-0.65,1.74921,0.75));
#2829 = VECTOR('',#2830,1.);
#2830 = DIRECTION('',(1.,0.,0.));
#2831 = ORIENTED_EDGE('',*,*,#2532,.T.);
#2832 = ORIENTED_EDGE('',*,*,#2785,.F.);
#2833 = ORIENTED_EDGE('',*,*,#2439,.F.);
#2834 = PLANE('',#2835);
#2835 = AXIS2_PLACEMENT_3D('',#2836,#2837,#2838);
#2836 = CARTESIAN_POINT('',(-0.65,1.74921,0.75));
#2837 = DIRECTION('',(0.,0.,-1.));
#2838 = DIRECTION('',(0.,-1.,0.));
#2839 = ADVANCED_FACE('',(#2840),#2846,.F.);
#2840 = FACE_BOUND('',#2841,.T.);
#2841 = EDGE_LOOP('',(#2842,#2843,#2844,#2845));
#2842 = ORIENTED_EDGE('',*,*,#2826,.T.);
#2843 = ORIENTED_EDGE('',*,*,#2523,.T.);
#2844 = ORIENTED_EDGE('',*,*,#2624,.F.);
#2845 = ORIENTED_EDGE('',*,*,#2430,.F.);
#2846 = CYLINDRICAL_SURFACE('',#2847,0.25);
#2847 = AXIS2_PLACEMENT_3D('',#2848,#2849,#2850);
#2848 = CARTESIAN_POINT('',(-0.65,1.74921,1.));
#2849 = DIRECTION('',(-1.,-0.,-0.));
#2850 = DIRECTION('',(0.,1.,0.));
#2851 = ADVANCED_FACE('',(#2852),#2871,.F.);
#2852 = FACE_BOUND('',#2853,.F.);
#2853 = EDGE_LOOP('',(#2854,#2855,#2864,#2870));
#2854 = ORIENTED_EDGE('',*,*,#2549,.T.);
#2855 = ORIENTED_EDGE('',*,*,#2856,.F.);
#2856 = EDGE_CURVE('',#2857,#2550,#2859,.T.);
#2857 = VERTEX_POINT('',#2858);
#2858 = CARTESIAN_POINT('',(0.4,0.25,-2.489497861182E-17));
#2859 = ELLIPSE('',#2860,0.353553390593,0.25);
#2860 = AXIS2_PLACEMENT_3D('',#2861,#2862,#2863);
#2861 = CARTESIAN_POINT('',(0.65,0.5,3.061616997868E-17));
#2862 = DIRECTION('',(-0.707106781187,0.707106781187,-1.570092458684E-16
    ));
#2863 = DIRECTION('',(-0.707106781187,-0.707106781187,1.570092458684E-16
    ));
#2864 = ORIENTED_EDGE('',*,*,#2865,.F.);
#2865 = EDGE_CURVE('',#2793,#2857,#2866,.T.);
#2866 = LINE('',#2867,#2868);
#2867 = CARTESIAN_POINT('',(0.4,-2.75,5.857276822913E-16));
#2868 = VECTOR('',#2869,1.);
#2869 = DIRECTION('',(0.,1.,-2.22044604925E-16));
#2870 = ORIENTED_EDGE('',*,*,#2792,.F.);
#2871 = CYLINDRICAL_SURFACE('',#2872,0.25);
#2872 = AXIS2_PLACEMENT_3D('',#2873,#2874,#2875);
#2873 = CARTESIAN_POINT('',(0.65,-2.75,5.551115123126E-16));
#2874 = DIRECTION('',(0.,-1.,2.22044604925E-16));
#2875 = DIRECTION('',(1.,0.,0.));
#2876 = ADVANCED_FACE('',(#2877),#2894,.F.);
#2877 = FACE_BOUND('',#2878,.F.);
#2878 = EDGE_LOOP('',(#2879,#2880,#2888));
#2879 = ORIENTED_EDGE('',*,*,#2667,.T.);
#2880 = ORIENTED_EDGE('',*,*,#2881,.T.);
#2881 = EDGE_CURVE('',#2670,#2882,#2884,.T.);
#2882 = VERTEX_POINT('',#2883);
#2883 = CARTESIAN_POINT('',(-0.25,2.800653,1.53034));
#2884 = LINE('',#2885,#2886);
#2885 = CARTESIAN_POINT('',(-0.25,2.43649,1.53034));
#2886 = VECTOR('',#2887,1.);
#2887 = DIRECTION('',(0.,1.,0.));
#2888 = ORIENTED_EDGE('',*,*,#2889,.T.);
#2889 = EDGE_CURVE('',#2882,#2668,#2890,.T.);
#2890 = LINE('',#2891,#2892);
#2891 = CARTESIAN_POINT('',(-0.25,2.800653,1.53034));
#2892 = VECTOR('',#2893,1.);
#2893 = DIRECTION('',(0.,-0.325979841636,0.945376720068));
#2894 = PLANE('',#2895);
#2895 = AXIS2_PLACEMENT_3D('',#2896,#2897,#2898);
#2896 = CARTESIAN_POINT('',(-0.25,2.542786123914,1.982610623914));
#2897 = DIRECTION('',(1.,0.,0.));
#2898 = DIRECTION('',(0.,0.,1.));
#2899 = ADVANCED_FACE('',(#2900),#2918,.F.);
#2900 = FACE_BOUND('',#2901,.F.);
#2901 = EDGE_LOOP('',(#2902,#2903,#2911,#2917));
#2902 = ORIENTED_EDGE('',*,*,#2889,.F.);
#2903 = ORIENTED_EDGE('',*,*,#2904,.T.);
#2904 = EDGE_CURVE('',#2882,#2905,#2907,.T.);
#2905 = VERTEX_POINT('',#2906);
#2906 = CARTESIAN_POINT('',(0.25,2.800653,1.53034));
#2907 = LINE('',#2908,#2909);
#2908 = CARTESIAN_POINT('',(-0.25,2.800653,1.53034));
#2909 = VECTOR('',#2910,1.);
#2910 = DIRECTION('',(1.,0.,0.));
#2911 = ORIENTED_EDGE('',*,*,#2912,.T.);
#2912 = EDGE_CURVE('',#2905,#2686,#2913,.T.);
#2913 = LINE('',#2914,#2915);
#2914 = CARTESIAN_POINT('',(0.25,2.800653,1.53034));
#2915 = VECTOR('',#2916,1.);
#2916 = DIRECTION('',(0.,-0.325979841636,0.945376720068));
#2917 = ORIENTED_EDGE('',*,*,#2693,.T.);
#2918 = PLANE('',#2919);
#2919 = AXIS2_PLACEMENT_3D('',#2920,#2921,#2922);
#2920 = CARTESIAN_POINT('',(-0.25,2.800653,1.53034));
#2921 = DIRECTION('',(0.,-0.945376720068,-0.325979841636));
#2922 = DIRECTION('',(0.,-0.325979841636,0.945376720068));
#2923 = ADVANCED_FACE('',(#2924),#2934,.T.);
#2924 = FACE_BOUND('',#2925,.T.);
#2925 = EDGE_LOOP('',(#2926,#2927,#2933));
#2926 = ORIENTED_EDGE('',*,*,#2685,.T.);
#2927 = ORIENTED_EDGE('',*,*,#2928,.T.);
#2928 = EDGE_CURVE('',#2678,#2905,#2929,.T.);
#2929 = LINE('',#2930,#2931);
#2930 = CARTESIAN_POINT('',(0.25,2.43649,1.53034));
#2931 = VECTOR('',#2932,1.);
#2932 = DIRECTION('',(0.,1.,0.));
#2933 = ORIENTED_EDGE('',*,*,#2912,.T.);
#2934 = PLANE('',#2935);
#2935 = AXIS2_PLACEMENT_3D('',#2936,#2937,#2938);
#2936 = CARTESIAN_POINT('',(0.25,2.542786123914,1.982610623914));
#2937 = DIRECTION('',(1.,0.,0.));
#2938 = DIRECTION('',(0.,0.,1.));
#2939 = ADVANCED_FACE('',(#2940),#2946,.F.);
#2940 = FACE_BOUND('',#2941,.F.);
#2941 = EDGE_LOOP('',(#2942,#2943,#2944,#2945));
#2942 = ORIENTED_EDGE('',*,*,#2881,.F.);
#2943 = ORIENTED_EDGE('',*,*,#2677,.T.);
#2944 = ORIENTED_EDGE('',*,*,#2928,.T.);
#2945 = ORIENTED_EDGE('',*,*,#2904,.F.);
#2946 = PLANE('',#2947);
#2947 = AXIS2_PLACEMENT_3D('',#2948,#2949,#2950);
#2948 = CARTESIAN_POINT('',(-0.25,2.43649,1.53034));
#2949 = DIRECTION('',(0.,0.,1.));
#2950 = DIRECTION('',(0.,1.,0.));
#2951 = ADVANCED_FACE('',(#2952),#2963,.F.);
#2952 = FACE_BOUND('',#2953,.T.);
#2953 = EDGE_LOOP('',(#2954,#2955,#2956,#2957));
#2954 = ORIENTED_EDGE('',*,*,#2768,.T.);
#2955 = ORIENTED_EDGE('',*,*,#2724,.T.);
#2956 = ORIENTED_EDGE('',*,*,#2856,.F.);
#2957 = ORIENTED_EDGE('',*,*,#2958,.F.);
#2958 = EDGE_CURVE('',#2761,#2857,#2959,.T.);
#2959 = LINE('',#2960,#2961);
#2960 = CARTESIAN_POINT('',(-0.65,0.25,3.061617526018E-17));
#2961 = VECTOR('',#2962,1.);
#2962 = DIRECTION('',(1.,0.,0.));
#2963 = CYLINDRICAL_SURFACE('',#2964,0.25);
#2964 = AXIS2_PLACEMENT_3D('',#2965,#2966,#2967);
#2965 = CARTESIAN_POINT('',(-0.65,0.5,3.061616997868E-17));
#2966 = DIRECTION('',(-1.,-0.,-0.));
#2967 = DIRECTION('',(0.,1.,0.));
#2968 = ADVANCED_FACE('',(#2969),#2994,.F.);
#2969 = FACE_BOUND('',#2970,.F.);
#2970 = EDGE_LOOP('',(#2971,#2979,#2987,#2993));
#2971 = ORIENTED_EDGE('',*,*,#2972,.T.);
#2972 = EDGE_CURVE('',#2742,#2973,#2975,.T.);
#2973 = VERTEX_POINT('',#2974);
#2974 = CARTESIAN_POINT('',(-0.4,-0.25,-2.72602));
#2975 = LINE('',#2976,#2977);
#2976 = CARTESIAN_POINT('',(-0.4,-0.25,-1.36301));
#2977 = VECTOR('',#2978,1.);
#2978 = DIRECTION('',(0.,0.,-1.));
#2979 = ORIENTED_EDGE('',*,*,#2980,.T.);
#2980 = EDGE_CURVE('',#2973,#2981,#2983,.T.);
#2981 = VERTEX_POINT('',#2982);
#2982 = CARTESIAN_POINT('',(-0.4,0.25,-2.72602));
#2983 = LINE('',#2984,#2985);
#2984 = CARTESIAN_POINT('',(-0.4,-2.75,-2.72602));
#2985 = VECTOR('',#2986,1.);
#2986 = DIRECTION('',(0.,1.,-2.22044604925E-16));
#2987 = ORIENTED_EDGE('',*,*,#2988,.T.);
#2988 = EDGE_CURVE('',#2981,#2761,#2989,.T.);
#2989 = LINE('',#2990,#2991);
#2990 = CARTESIAN_POINT('',(-0.4,0.25,-3.11301));
#2991 = VECTOR('',#2992,1.);
#2992 = DIRECTION('',(0.,0.,1.));
#2993 = ORIENTED_EDGE('',*,*,#2760,.F.);
#2994 = PLANE('',#2995);
#2995 = AXIS2_PLACEMENT_3D('',#2996,#2997,#2998);
#2996 = CARTESIAN_POINT('',(-0.4,-2.75,-2.72602));
#2997 = DIRECTION('',(1.,0.,0.));
#2998 = DIRECTION('',(0.,2.22044604925E-16,1.));
#2999 = ADVANCED_FACE('',(#3000),#3018,.F.);
#3000 = FACE_BOUND('',#3001,.F.);
#3001 = EDGE_LOOP('',(#3002,#3003,#3004,#3012));
#3002 = ORIENTED_EDGE('',*,*,#2972,.F.);
#3003 = ORIENTED_EDGE('',*,*,#2811,.T.);
#3004 = ORIENTED_EDGE('',*,*,#3005,.F.);
#3005 = EDGE_CURVE('',#3006,#2793,#3008,.T.);
#3006 = VERTEX_POINT('',#3007);
#3007 = CARTESIAN_POINT('',(0.4,-0.25,-2.72602));
#3008 = LINE('',#3009,#3010);
#3009 = CARTESIAN_POINT('',(0.4,-0.25,3.08171926135E-16));
#3010 = VECTOR('',#3011,1.);
#3011 = DIRECTION('',(0.,0.,1.));
#3012 = ORIENTED_EDGE('',*,*,#3013,.T.);
#3013 = EDGE_CURVE('',#3006,#2973,#3014,.T.);
#3014 = LINE('',#3015,#3016);
#3015 = CARTESIAN_POINT('',(0.5,-0.25,-2.72602));
#3016 = VECTOR('',#3017,1.);
#3017 = DIRECTION('',(-1.,-0.,-0.));
#3018 = PLANE('',#3019);
#3019 = AXIS2_PLACEMENT_3D('',#3020,#3021,#3022);
#3020 = CARTESIAN_POINT('',(-0.65,-0.25,3.061616997868E-17));
#3021 = DIRECTION('',(0.,1.,0.));
#3022 = DIRECTION('',(0.,0.,-1.));
#3023 = ADVANCED_FACE('',(#3024),#3042,.F.);
#3024 = FACE_BOUND('',#3025,.F.);
#3025 = EDGE_LOOP('',(#3026,#3027,#3028,#3036));
#3026 = ORIENTED_EDGE('',*,*,#3005,.T.);
#3027 = ORIENTED_EDGE('',*,*,#2865,.T.);
#3028 = ORIENTED_EDGE('',*,*,#3029,.T.);
#3029 = EDGE_CURVE('',#2857,#3030,#3032,.T.);
#3030 = VERTEX_POINT('',#3031);
#3031 = CARTESIAN_POINT('',(0.4,0.25,-2.72602));
#3032 = LINE('',#3033,#3034);
#3033 = CARTESIAN_POINT('',(0.4,0.25,-1.75));
#3034 = VECTOR('',#3035,1.);
#3035 = DIRECTION('',(0.,0.,-1.));
#3036 = ORIENTED_EDGE('',*,*,#3037,.F.);
#3037 = EDGE_CURVE('',#3006,#3030,#3038,.T.);
#3038 = LINE('',#3039,#3040);
#3039 = CARTESIAN_POINT('',(0.4,-2.75,-2.72602));
#3040 = VECTOR('',#3041,1.);
#3041 = DIRECTION('',(0.,1.,-2.22044604925E-16));
#3042 = PLANE('',#3043);
#3043 = AXIS2_PLACEMENT_3D('',#3044,#3045,#3046);
#3044 = CARTESIAN_POINT('',(0.4,-2.75,5.857276822913E-16));
#3045 = DIRECTION('',(-1.,0.,0.));
#3046 = DIRECTION('',(0.,-2.22044604925E-16,-1.));
#3047 = ADVANCED_FACE('',(#3048),#3059,.F.);
#3048 = FACE_BOUND('',#3049,.F.);
#3049 = EDGE_LOOP('',(#3050,#3051,#3057,#3058));
#3050 = ORIENTED_EDGE('',*,*,#2988,.F.);
#3051 = ORIENTED_EDGE('',*,*,#3052,.F.);
#3052 = EDGE_CURVE('',#3030,#2981,#3053,.T.);
#3053 = LINE('',#3054,#3055);
#3054 = CARTESIAN_POINT('',(0.5,0.25,-2.72602));
#3055 = VECTOR('',#3056,1.);
#3056 = DIRECTION('',(-1.,-0.,-0.));
#3057 = ORIENTED_EDGE('',*,*,#3029,.F.);
#3058 = ORIENTED_EDGE('',*,*,#2958,.F.);
#3059 = PLANE('',#3060);
#3060 = AXIS2_PLACEMENT_3D('',#3061,#3062,#3063);
#3061 = CARTESIAN_POINT('',(-0.65,0.25,-3.5));
#3062 = DIRECTION('',(0.,-1.,0.));
#3063 = DIRECTION('',(0.,0.,1.));
#3064 = ADVANCED_FACE('',(#3065),#3090,.T.);
#3065 = FACE_BOUND('',#3066,.T.);
#3066 = EDGE_LOOP('',(#3067,#3075,#3076,#3084));
#3067 = ORIENTED_EDGE('',*,*,#3068,.T.);
#3068 = EDGE_CURVE('',#3069,#2973,#3071,.T.);
#3069 = VERTEX_POINT('',#3070);
#3070 = CARTESIAN_POINT('',(-0.177283,-0.11989063807,-3.5));
#3071 = LINE('',#3072,#3073);
#3072 = CARTESIAN_POINT('',(-0.420885162974,-0.26220093315,
    -2.653440455382));
#3073 = VECTOR('',#3074,1.);
#3074 = DIRECTION('',(-0.272994833281,-0.159481241074,0.948704145004));
#3075 = ORIENTED_EDGE('',*,*,#2980,.T.);
#3076 = ORIENTED_EDGE('',*,*,#3077,.T.);
#3077 = EDGE_CURVE('',#2981,#3078,#3080,.T.);
#3078 = VERTEX_POINT('',#3079);
#3079 = CARTESIAN_POINT('',(-0.177283,0.11989063807,-3.5));
#3080 = LINE('',#3081,#3082);
#3081 = CARTESIAN_POINT('',(-0.103132365837,7.657247332453E-02,
    -3.757686246804));
#3082 = VECTOR('',#3083,1.);
#3083 = DIRECTION('',(0.272994833281,-0.159481241074,-0.948704145004));
#3084 = ORIENTED_EDGE('',*,*,#3085,.F.);
#3085 = EDGE_CURVE('',#3069,#3078,#3086,.T.);
#3086 = LINE('',#3087,#3088);
#3087 = CARTESIAN_POINT('',(-0.177283,-2.75,-3.5));
#3088 = VECTOR('',#3089,1.);
#3089 = DIRECTION('',(0.,1.,-2.22044604925E-16));
#3090 = PLANE('',#3091);
#3091 = AXIS2_PLACEMENT_3D('',#3092,#3093,#3094);
#3092 = CARTESIAN_POINT('',(-0.4,-2.75,-2.72602));
#3093 = DIRECTION('',(-0.961004075423,-6.140292849257E-17,
    -0.276534205879));
#3094 = DIRECTION('',(0.276534205879,-2.133857702586E-16,-0.961004075423
    ));
#3095 = ADVANCED_FACE('',(#3096),#3114,.T.);
#3096 = FACE_BOUND('',#3097,.T.);
#3097 = EDGE_LOOP('',(#3098,#3106,#3107,#3108));
#3098 = ORIENTED_EDGE('',*,*,#3099,.T.);
#3099 = EDGE_CURVE('',#3100,#3006,#3102,.T.);
#3100 = VERTEX_POINT('',#3101);
#3101 = CARTESIAN_POINT('',(0.177283,-0.11989063807,-3.5));
#3102 = LINE('',#3103,#3104);
#3103 = CARTESIAN_POINT('',(0.458148252473,-0.283969710559,
    -2.523944790433));
#3104 = VECTOR('',#3105,1.);
#3105 = DIRECTION('',(0.272994833281,-0.159481241074,0.948704145004));
#3106 = ORIENTED_EDGE('',*,*,#3013,.T.);
#3107 = ORIENTED_EDGE('',*,*,#3068,.F.);
#3108 = ORIENTED_EDGE('',*,*,#3109,.T.);
#3109 = EDGE_CURVE('',#3069,#3100,#3110,.T.);
#3110 = LINE('',#3111,#3112);
#3111 = CARTESIAN_POINT('',(-7.5E-02,-0.11989063807,-3.5));
#3112 = VECTOR('',#3113,1.);
#3113 = DIRECTION('',(1.,0.,0.));
#3114 = PLANE('',#3115);
#3115 = AXIS2_PLACEMENT_3D('',#3116,#3117,#3118);
#3116 = CARTESIAN_POINT('',(0.5,-0.25,-2.72602));
#3117 = DIRECTION('',(0.,-0.986163056249,-0.165778244925));
#3118 = DIRECTION('',(0.,0.165778244925,-0.986163056249));
#3119 = ADVANCED_FACE('',(#3120),#3138,.F.);
#3120 = FACE_BOUND('',#3121,.F.);
#3121 = EDGE_LOOP('',(#3122,#3123,#3124,#3132));
#3122 = ORIENTED_EDGE('',*,*,#3099,.T.);
#3123 = ORIENTED_EDGE('',*,*,#3037,.T.);
#3124 = ORIENTED_EDGE('',*,*,#3125,.T.);
#3125 = EDGE_CURVE('',#3030,#3126,#3128,.T.);
#3126 = VERTEX_POINT('',#3127);
#3127 = CARTESIAN_POINT('',(0.177283,0.11989063807,-3.5));
#3128 = LINE('',#3129,#3130);
#3129 = CARTESIAN_POINT('',(0.140395455336,9.834125073379E-02,
    -3.628190581855));
#3130 = VECTOR('',#3131,1.);
#3131 = DIRECTION('',(-0.272994833281,-0.159481241074,-0.948704145004));
#3132 = ORIENTED_EDGE('',*,*,#3133,.F.);
#3133 = EDGE_CURVE('',#3100,#3126,#3134,.T.);
#3134 = LINE('',#3135,#3136);
#3135 = CARTESIAN_POINT('',(0.177283,-2.75,-3.5));
#3136 = VECTOR('',#3137,1.);
#3137 = DIRECTION('',(0.,1.,-2.22044604925E-16));
#3138 = PLANE('',#3139);
#3139 = AXIS2_PLACEMENT_3D('',#3140,#3141,#3142);
#3140 = CARTESIAN_POINT('',(0.4,-2.75,-2.72602));
#3141 = DIRECTION('',(-0.961004075423,6.140292849257E-17,0.276534205879)
  );
#3142 = DIRECTION('',(-0.276534205879,-2.133857702586E-16,
    -0.961004075423));
#3143 = ADVANCED_FACE('',(#3144),#3155,.T.);
#3144 = FACE_BOUND('',#3145,.T.);
#3145 = EDGE_LOOP('',(#3146,#3147,#3148,#3154));
#3146 = ORIENTED_EDGE('',*,*,#3052,.F.);
#3147 = ORIENTED_EDGE('',*,*,#3125,.T.);
#3148 = ORIENTED_EDGE('',*,*,#3149,.T.);
#3149 = EDGE_CURVE('',#3126,#3078,#3150,.T.);
#3150 = LINE('',#3151,#3152);
#3151 = CARTESIAN_POINT('',(-7.5E-02,0.11989063807,-3.5));
#3152 = VECTOR('',#3153,1.);
#3153 = DIRECTION('',(-1.,0.,0.));
#3154 = ORIENTED_EDGE('',*,*,#3077,.F.);
#3155 = PLANE('',#3156);
#3156 = AXIS2_PLACEMENT_3D('',#3157,#3158,#3159);
#3157 = CARTESIAN_POINT('',(0.5,0.,-4.213192));
#3158 = DIRECTION('',(0.,0.986163056249,-0.165778244925));
#3159 = DIRECTION('',(0.,0.165778244925,0.986163056249));
#3160 = ADVANCED_FACE('',(#3161),#3167,.F.);
#3161 = FACE_BOUND('',#3162,.F.);
#3162 = EDGE_LOOP('',(#3163,#3164,#3165,#3166));
#3163 = ORIENTED_EDGE('',*,*,#3085,.F.);
#3164 = ORIENTED_EDGE('',*,*,#3109,.T.);
#3165 = ORIENTED_EDGE('',*,*,#3133,.T.);
#3166 = ORIENTED_EDGE('',*,*,#3149,.T.);
#3167 = PLANE('',#3168);
#3168 = AXIS2_PLACEMENT_3D('',#3169,#3170,#3171);
#3169 = CARTESIAN_POINT('',(-0.65,-0.25,-3.5));
#3170 = DIRECTION('',(0.,0.,1.));
#3171 = DIRECTION('',(0.,1.,0.));
#3172 = MANIFOLD_SOLID_BREP('',#3173);
#3173 = CLOSED_SHELL('',(#3174,#3214,#3279,#3310,#3341,#3372,#3410,#3422
    ,#3434,#3446));
#3174 = ADVANCED_FACE('',(#3175),#3209,.F.);
#3175 = FACE_BOUND('',#3176,.F.);
#3176 = EDGE_LOOP('',(#3177,#3187,#3195,#3203));
#3177 = ORIENTED_EDGE('',*,*,#3178,.T.);
#3178 = EDGE_CURVE('',#3179,#3181,#3183,.T.);
#3179 = VERTEX_POINT('',#3180);
#3180 = CARTESIAN_POINT('',(-1.06,-1.6,1.03111));
#3181 = VERTEX_POINT('',#3182);
#3182 = CARTESIAN_POINT('',(-1.06,1.6,1.03111));
#3183 = LINE('',#3184,#3185);
#3184 = CARTESIAN_POINT('',(-1.06,-1.6,1.03111));
#3185 = VECTOR('',#3186,1.);
#3186 = DIRECTION('',(0.,1.,-2.22044604925E-16));
#3187 = ORIENTED_EDGE('',*,*,#3188,.T.);
#3188 = EDGE_CURVE('',#3181,#3189,#3191,.T.);
#3189 = VERTEX_POINT('',#3190);
#3190 = CARTESIAN_POINT('',(-1.06,1.6,4.16602));
#3191 = LINE('',#3192,#3193);
#3192 = CARTESIAN_POINT('',(-1.06,1.6,1.03111));
#3193 = VECTOR('',#3194,1.);
#3194 = DIRECTION('',(0.,2.22044604925E-16,1.));
#3195 = ORIENTED_EDGE('',*,*,#3196,.F.);
#3196 = EDGE_CURVE('',#3197,#3189,#3199,.T.);
#3197 = VERTEX_POINT('',#3198);
#3198 = CARTESIAN_POINT('',(-1.06,-1.6,4.16602));
#3199 = LINE('',#3200,#3201);
#3200 = CARTESIAN_POINT('',(-1.06,-1.6,4.16602));
#3201 = VECTOR('',#3202,1.);
#3202 = DIRECTION('',(0.,1.,-2.22044604925E-16));
#3203 = ORIENTED_EDGE('',*,*,#3204,.F.);
#3204 = EDGE_CURVE('',#3179,#3197,#3205,.T.);
#3205 = LINE('',#3206,#3207);
#3206 = CARTESIAN_POINT('',(-1.06,-1.6,1.03111));
#3207 = VECTOR('',#3208,1.);
#3208 = DIRECTION('',(0.,2.22044604925E-16,1.));
#3209 = PLANE('',#3210);
#3210 = AXIS2_PLACEMENT_3D('',#3211,#3212,#3213);
#3211 = CARTESIAN_POINT('',(-1.06,-1.6,1.03111));
#3212 = DIRECTION('',(1.,0.,0.));
#3213 = DIRECTION('',(0.,2.22044604925E-16,1.));
#3214 = ADVANCED_FACE('',(#3215,#3240),#3274,.F.);
#3215 = FACE_BOUND('',#3216,.F.);
#3216 = EDGE_LOOP('',(#3217,#3225,#3226,#3234));
#3217 = ORIENTED_EDGE('',*,*,#3218,.T.);
#3218 = EDGE_CURVE('',#3219,#3179,#3221,.T.);
#3219 = VERTEX_POINT('',#3220);
#3220 = CARTESIAN_POINT('',(1.06,-1.6,1.03111));
#3221 = LINE('',#3222,#3223);
#3222 = CARTESIAN_POINT('',(0.,-1.6,1.03111));
#3223 = VECTOR('',#3224,1.);
#3224 = DIRECTION('',(-1.,0.,0.));
#3225 = ORIENTED_EDGE('',*,*,#3204,.T.);
#3226 = ORIENTED_EDGE('',*,*,#3227,.F.);
#3227 = EDGE_CURVE('',#3228,#3197,#3230,.T.);
#3228 = VERTEX_POINT('',#3229);
#3229 = CARTESIAN_POINT('',(1.06,-1.6,4.16602));
#3230 = LINE('',#3231,#3232);
#3231 = CARTESIAN_POINT('',(1.06,-1.6,4.16602));
#3232 = VECTOR('',#3233,1.);
#3233 = DIRECTION('',(-1.,0.,0.));
#3234 = ORIENTED_EDGE('',*,*,#3235,.F.);
#3235 = EDGE_CURVE('',#3219,#3228,#3236,.T.);
#3236 = LINE('',#3237,#3238);
#3237 = CARTESIAN_POINT('',(1.06,-1.6,1.03111));
#3238 = VECTOR('',#3239,1.);
#3239 = DIRECTION('',(0.,2.22044604925E-16,1.));
#3240 = FACE_BOUND('',#3241,.F.);
#3241 = EDGE_LOOP('',(#3242,#3252,#3260,#3268));
#3242 = ORIENTED_EDGE('',*,*,#3243,.T.);
#3243 = EDGE_CURVE('',#3244,#3246,#3248,.T.);
#3244 = VERTEX_POINT('',#3245);
#3245 = CARTESIAN_POINT('',(0.66,-1.6,3.76602));
#3246 = VERTEX_POINT('',#3247);
#3247 = CARTESIAN_POINT('',(-0.66,-1.6,3.76602));
#3248 = LINE('',#3249,#3250);
#3249 = CARTESIAN_POINT('',(0.,-1.6,3.76602));
#3250 = VECTOR('',#3251,1.);
#3251 = DIRECTION('',(-1.,0.,0.));
#3252 = ORIENTED_EDGE('',*,*,#3253,.T.);
#3253 = EDGE_CURVE('',#3246,#3254,#3256,.T.);
#3254 = VERTEX_POINT('',#3255);
#3255 = CARTESIAN_POINT('',(-0.66,-1.6,1.43111));
#3256 = LINE('',#3257,#3258);
#3257 = CARTESIAN_POINT('',(-0.66,-1.6,3.76602));
#3258 = VECTOR('',#3259,1.);
#3259 = DIRECTION('',(0.,-2.22044604925E-16,-1.));
#3260 = ORIENTED_EDGE('',*,*,#3261,.F.);
#3261 = EDGE_CURVE('',#3262,#3254,#3264,.T.);
#3262 = VERTEX_POINT('',#3263);
#3263 = CARTESIAN_POINT('',(0.66,-1.6,1.43111));
#3264 = LINE('',#3265,#3266);
#3265 = CARTESIAN_POINT('',(0.66,-1.6,1.43111));
#3266 = VECTOR('',#3267,1.);
#3267 = DIRECTION('',(-1.,0.,0.));
#3268 = ORIENTED_EDGE('',*,*,#3269,.F.);
#3269 = EDGE_CURVE('',#3244,#3262,#3270,.T.);
#3270 = LINE('',#3271,#3272);
#3271 = CARTESIAN_POINT('',(0.66,-1.6,3.76602));
#3272 = VECTOR('',#3273,1.);
#3273 = DIRECTION('',(0.,-2.22044604925E-16,-1.));
#3274 = PLANE('',#3275);
#3275 = AXIS2_PLACEMENT_3D('',#3276,#3277,#3278);
#3276 = CARTESIAN_POINT('',(1.246066727078E-17,-1.6,2.598565));
#3277 = DIRECTION('',(0.,1.,0.));
#3278 = DIRECTION('',(0.,0.,1.));
#3279 = ADVANCED_FACE('',(#3280),#3305,.T.);
#3280 = FACE_BOUND('',#3281,.T.);
#3281 = EDGE_LOOP('',(#3282,#3290,#3298,#3304));
#3282 = ORIENTED_EDGE('',*,*,#3283,.T.);
#3283 = EDGE_CURVE('',#3219,#3284,#3286,.T.);
#3284 = VERTEX_POINT('',#3285);
#3285 = CARTESIAN_POINT('',(1.06,1.6,1.03111));
#3286 = LINE('',#3287,#3288);
#3287 = CARTESIAN_POINT('',(1.06,-1.6,1.03111));
#3288 = VECTOR('',#3289,1.);
#3289 = DIRECTION('',(0.,1.,-2.22044604925E-16));
#3290 = ORIENTED_EDGE('',*,*,#3291,.T.);
#3291 = EDGE_CURVE('',#3284,#3292,#3294,.T.);
#3292 = VERTEX_POINT('',#3293);
#3293 = CARTESIAN_POINT('',(1.06,1.6,4.16602));
#3294 = LINE('',#3295,#3296);
#3295 = CARTESIAN_POINT('',(1.06,1.6,1.03111));
#3296 = VECTOR('',#3297,1.);
#3297 = DIRECTION('',(0.,2.22044604925E-16,1.));
#3298 = ORIENTED_EDGE('',*,*,#3299,.F.);
#3299 = EDGE_CURVE('',#3228,#3292,#3300,.T.);
#3300 = LINE('',#3301,#3302);
#3301 = CARTESIAN_POINT('',(1.06,-1.6,4.16602));
#3302 = VECTOR('',#3303,1.);
#3303 = DIRECTION('',(0.,1.,-2.22044604925E-16));
#3304 = ORIENTED_EDGE('',*,*,#3235,.F.);
#3305 = PLANE('',#3306);
#3306 = AXIS2_PLACEMENT_3D('',#3307,#3308,#3309);
#3307 = CARTESIAN_POINT('',(1.06,-1.6,1.03111));
#3308 = DIRECTION('',(1.,0.,0.));
#3309 = DIRECTION('',(0.,2.22044604925E-16,1.));
#3310 = ADVANCED_FACE('',(#3311),#3336,.F.);
#3311 = FACE_BOUND('',#3312,.F.);
#3312 = EDGE_LOOP('',(#3313,#3321,#3329,#3335));
#3313 = ORIENTED_EDGE('',*,*,#3314,.T.);
#3314 = EDGE_CURVE('',#3246,#3315,#3317,.T.);
#3315 = VERTEX_POINT('',#3316);
#3316 = CARTESIAN_POINT('',(-0.66,1.6,3.76602));
#3317 = LINE('',#3318,#3319);
#3318 = CARTESIAN_POINT('',(-0.66,-1.6,3.76602));
#3319 = VECTOR('',#3320,1.);
#3320 = DIRECTION('',(0.,1.,-2.22044604925E-16));
#3321 = ORIENTED_EDGE('',*,*,#3322,.T.);
#3322 = EDGE_CURVE('',#3315,#3323,#3325,.T.);
#3323 = VERTEX_POINT('',#3324);
#3324 = CARTESIAN_POINT('',(-0.66,1.6,1.43111));
#3325 = LINE('',#3326,#3327);
#3326 = CARTESIAN_POINT('',(-0.66,1.6,3.76602));
#3327 = VECTOR('',#3328,1.);
#3328 = DIRECTION('',(0.,-2.22044604925E-16,-1.));
#3329 = ORIENTED_EDGE('',*,*,#3330,.F.);
#3330 = EDGE_CURVE('',#3254,#3323,#3331,.T.);
#3331 = LINE('',#3332,#3333);
#3332 = CARTESIAN_POINT('',(-0.66,-1.6,1.43111));
#3333 = VECTOR('',#3334,1.);
#3334 = DIRECTION('',(0.,1.,-2.22044604925E-16));
#3335 = ORIENTED_EDGE('',*,*,#3253,.F.);
#3336 = PLANE('',#3337);
#3337 = AXIS2_PLACEMENT_3D('',#3338,#3339,#3340);
#3338 = CARTESIAN_POINT('',(-0.66,-1.6,3.76602));
#3339 = DIRECTION('',(-1.,0.,0.));
#3340 = DIRECTION('',(0.,-2.22044604925E-16,-1.));
#3341 = ADVANCED_FACE('',(#3342),#3367,.T.);
#3342 = FACE_BOUND('',#3343,.T.);
#3343 = EDGE_LOOP('',(#3344,#3352,#3360,#3366));
#3344 = ORIENTED_EDGE('',*,*,#3345,.T.);
#3345 = EDGE_CURVE('',#3244,#3346,#3348,.T.);
#3346 = VERTEX_POINT('',#3347);
#3347 = CARTESIAN_POINT('',(0.66,1.6,3.76602));
#3348 = LINE('',#3349,#3350);
#3349 = CARTESIAN_POINT('',(0.66,-1.6,3.76602));
#3350 = VECTOR('',#3351,1.);
#3351 = DIRECTION('',(0.,1.,-2.22044604925E-16));
#3352 = ORIENTED_EDGE('',*,*,#3353,.T.);
#3353 = EDGE_CURVE('',#3346,#3354,#3356,.T.);
#3354 = VERTEX_POINT('',#3355);
#3355 = CARTESIAN_POINT('',(0.66,1.6,1.43111));
#3356 = LINE('',#3357,#3358);
#3357 = CARTESIAN_POINT('',(0.66,1.6,3.76602));
#3358 = VECTOR('',#3359,1.);
#3359 = DIRECTION('',(0.,-2.22044604925E-16,-1.));
#3360 = ORIENTED_EDGE('',*,*,#3361,.F.);
#3361 = EDGE_CURVE('',#3262,#3354,#3362,.T.);
#3362 = LINE('',#3363,#3364);
#3363 = CARTESIAN_POINT('',(0.66,-1.6,1.43111));
#3364 = VECTOR('',#3365,1.);
#3365 = DIRECTION('',(0.,1.,-2.22044604925E-16));
#3366 = ORIENTED_EDGE('',*,*,#3269,.F.);
#3367 = PLANE('',#3368);
#3368 = AXIS2_PLACEMENT_3D('',#3369,#3370,#3371);
#3369 = CARTESIAN_POINT('',(0.66,-1.6,3.76602));
#3370 = DIRECTION('',(-1.,0.,0.));
#3371 = DIRECTION('',(0.,-2.22044604925E-16,-1.));
#3372 = ADVANCED_FACE('',(#3373,#3389),#3405,.T.);
#3373 = FACE_BOUND('',#3374,.T.);
#3374 = EDGE_LOOP('',(#3375,#3376,#3382,#3383));
#3375 = ORIENTED_EDGE('',*,*,#3188,.T.);
#3376 = ORIENTED_EDGE('',*,*,#3377,.T.);
#3377 = EDGE_CURVE('',#3189,#3292,#3378,.T.);
#3378 = LINE('',#3379,#3380);
#3379 = CARTESIAN_POINT('',(-1.06,1.6,4.16602));
#3380 = VECTOR('',#3381,1.);
#3381 = DIRECTION('',(1.,0.,0.));
#3382 = ORIENTED_EDGE('',*,*,#3291,.F.);
#3383 = ORIENTED_EDGE('',*,*,#3384,.F.);
#3384 = EDGE_CURVE('',#3181,#3284,#3385,.T.);
#3385 = LINE('',#3386,#3387);
#3386 = CARTESIAN_POINT('',(0.,1.6,1.03111));
#3387 = VECTOR('',#3388,1.);
#3388 = DIRECTION('',(1.,0.,0.));
#3389 = FACE_BOUND('',#3390,.T.);
#3390 = EDGE_LOOP('',(#3391,#3397,#3398,#3404));
#3391 = ORIENTED_EDGE('',*,*,#3392,.F.);
#3392 = EDGE_CURVE('',#3315,#3346,#3393,.T.);
#3393 = LINE('',#3394,#3395);
#3394 = CARTESIAN_POINT('',(0.,1.6,3.76602));
#3395 = VECTOR('',#3396,1.);
#3396 = DIRECTION('',(1.,0.,0.));
#3397 = ORIENTED_EDGE('',*,*,#3322,.T.);
#3398 = ORIENTED_EDGE('',*,*,#3399,.T.);
#3399 = EDGE_CURVE('',#3323,#3354,#3400,.T.);
#3400 = LINE('',#3401,#3402);
#3401 = CARTESIAN_POINT('',(-0.66,1.6,1.43111));
#3402 = VECTOR('',#3403,1.);
#3403 = DIRECTION('',(1.,0.,0.));
#3404 = ORIENTED_EDGE('',*,*,#3353,.F.);
#3405 = PLANE('',#3406);
#3406 = AXIS2_PLACEMENT_3D('',#3407,#3408,#3409);
#3407 = CARTESIAN_POINT('',(1.246066727078E-17,1.6,2.598565));
#3408 = DIRECTION('',(0.,1.,0.));
#3409 = DIRECTION('',(0.,0.,1.));
#3410 = ADVANCED_FACE('',(#3411),#3417,.T.);
#3411 = FACE_BOUND('',#3412,.T.);
#3412 = EDGE_LOOP('',(#3413,#3414,#3415,#3416));
#3413 = ORIENTED_EDGE('',*,*,#3178,.T.);
#3414 = ORIENTED_EDGE('',*,*,#3384,.T.);
#3415 = ORIENTED_EDGE('',*,*,#3283,.F.);
#3416 = ORIENTED_EDGE('',*,*,#3218,.T.);
#3417 = PLANE('',#3418);
#3418 = AXIS2_PLACEMENT_3D('',#3419,#3420,#3421);
#3419 = CARTESIAN_POINT('',(0.,1.87819684617E-16,1.03111));
#3420 = DIRECTION('',(-0.,-2.358180484636E-16,-1.));
#3421 = DIRECTION('',(0.,-1.,2.358180484636E-16));
#3422 = ADVANCED_FACE('',(#3423),#3429,.T.);
#3423 = FACE_BOUND('',#3424,.T.);
#3424 = EDGE_LOOP('',(#3425,#3426,#3427,#3428));
#3425 = ORIENTED_EDGE('',*,*,#3196,.F.);
#3426 = ORIENTED_EDGE('',*,*,#3227,.F.);
#3427 = ORIENTED_EDGE('',*,*,#3299,.T.);
#3428 = ORIENTED_EDGE('',*,*,#3377,.F.);
#3429 = PLANE('',#3430);
#3430 = AXIS2_PLACEMENT_3D('',#3431,#3432,#3433);
#3431 = CARTESIAN_POINT('',(0.,8.556230076998E-16,4.16602));
#3432 = DIRECTION('',(0.,0.,1.));
#3433 = DIRECTION('',(1.,0.,0.));
#3434 = ADVANCED_FACE('',(#3435),#3441,.T.);
#3435 = FACE_BOUND('',#3436,.T.);
#3436 = EDGE_LOOP('',(#3437,#3438,#3439,#3440));
#3437 = ORIENTED_EDGE('',*,*,#3345,.F.);
#3438 = ORIENTED_EDGE('',*,*,#3243,.T.);
#3439 = ORIENTED_EDGE('',*,*,#3314,.T.);
#3440 = ORIENTED_EDGE('',*,*,#3392,.T.);
#3441 = PLANE('',#3442);
#3442 = AXIS2_PLACEMENT_3D('',#3443,#3444,#3445);
#3443 = CARTESIAN_POINT('',(0.,9.088108829896E-16,3.76602));
#3444 = DIRECTION('',(-0.,-2.775557561563E-16,-1.));
#3445 = DIRECTION('',(0.,-1.,2.775557561563E-16));
#3446 = ADVANCED_FACE('',(#3447),#3453,.T.);
#3447 = FACE_BOUND('',#3448,.T.);
#3448 = EDGE_LOOP('',(#3449,#3450,#3451,#3452));
#3449 = ORIENTED_EDGE('',*,*,#3330,.F.);
#3450 = ORIENTED_EDGE('',*,*,#3261,.F.);
#3451 = ORIENTED_EDGE('',*,*,#3361,.T.);
#3452 = ORIENTED_EDGE('',*,*,#3399,.F.);
#3453 = PLANE('',#3454);
#3454 = AXIS2_PLACEMENT_3D('',#3455,#3456,#3457);
#3455 = CARTESIAN_POINT('',(0.,1.228122814851E-16,1.43111));
#3456 = DIRECTION('',(0.,2.284308435623E-16,1.));
#3457 = DIRECTION('',(0.,1.,-2.284308435623E-16));
#3458 = MANIFOLD_SOLID_BREP('',#3459);
#3459 = CLOSED_SHELL('',(#3460,#3485,#3576,#3593,#3611,#3631,#3648,#3658
    ,#3683));
#3460 = ADVANCED_FACE('',(#3461),#3480,.F.);
#3461 = FACE_BOUND('',#3462,.T.);
#3462 = EDGE_LOOP('',(#3463,#3474));
#3463 = ORIENTED_EDGE('',*,*,#3464,.F.);
#3464 = EDGE_CURVE('',#3465,#3467,#3469,.T.);
#3465 = VERTEX_POINT('',#3466);
#3466 = CARTESIAN_POINT('',(1.019716596842,-0.306105,7.78762));
#3467 = VERTEX_POINT('',#3468);
#3468 = CARTESIAN_POINT('',(-1.019716596842,-0.306105,7.78762));
#3469 = CIRCLE('',#3470,1.06467);
#3470 = AXIS2_PLACEMENT_3D('',#3471,#3472,#3473);
#3471 = CARTESIAN_POINT('',(0.,1.729199006206E-15,7.78762));
#3472 = DIRECTION('',(0.,-2.22044604925E-16,-1.));
#3473 = DIRECTION('',(1.,0.,0.));
#3474 = ORIENTED_EDGE('',*,*,#3475,.F.);
#3475 = EDGE_CURVE('',#3467,#3465,#3476,.T.);
#3476 = LINE('',#3477,#3478);
#3477 = CARTESIAN_POINT('',(-1.37341,-0.306105,7.78762));
#3478 = VECTOR('',#3479,1.);
#3479 = DIRECTION('',(1.,0.,0.));
#3480 = PLANE('',#3481);
#3481 = AXIS2_PLACEMENT_3D('',#3482,#3483,#3484);
#3482 = CARTESIAN_POINT('',(0.,1.729199006206E-15,7.78762));
#3483 = DIRECTION('',(-0.,-2.22044604925E-16,-1.));
#3484 = DIRECTION('',(1.,0.,0.));
#3485 = ADVANCED_FACE('',(#3486),#3571,.T.);
#3486 = FACE_BOUND('',#3487,.T.);
#3487 = EDGE_LOOP('',(#3488,#3496,#3497,#3505,#3514,#3522,#3531,#3539,
    #3548,#3556,#3563,#3564));
#3488 = ORIENTED_EDGE('',*,*,#3489,.F.);
#3489 = EDGE_CURVE('',#3465,#3490,#3492,.T.);
#3490 = VERTEX_POINT('',#3491);
#3491 = CARTESIAN_POINT('',(1.019716596842,-0.306105,7.28762));
#3492 = LINE('',#3493,#3494);
#3493 = CARTESIAN_POINT('',(1.019716596842,-0.306105,7.78762));
#3494 = VECTOR('',#3495,1.);
#3495 = DIRECTION('',(-0.,-2.22044604925E-16,-1.));
#3496 = ORIENTED_EDGE('',*,*,#3464,.T.);
#3497 = ORIENTED_EDGE('',*,*,#3498,.T.);
#3498 = EDGE_CURVE('',#3467,#3499,#3501,.T.);
#3499 = VERTEX_POINT('',#3500);
#3500 = CARTESIAN_POINT('',(-1.019716596842,-0.306105,7.28762));
#3501 = LINE('',#3502,#3503);
#3502 = CARTESIAN_POINT('',(-1.019716596842,-0.306105,7.78762));
#3503 = VECTOR('',#3504,1.);
#3504 = DIRECTION('',(-0.,-2.22044604925E-16,-1.));
#3505 = ORIENTED_EDGE('',*,*,#3506,.T.);
#3506 = EDGE_CURVE('',#3499,#3507,#3509,.T.);
#3507 = VERTEX_POINT('',#3508);
#3508 = CARTESIAN_POINT('',(-1.019716596842,0.306105,7.28762));
#3509 = CIRCLE('',#3510,1.06467);
#3510 = AXIS2_PLACEMENT_3D('',#3511,#3512,#3513);
#3511 = CARTESIAN_POINT('',(0.,1.618176703744E-15,7.28762));
#3512 = DIRECTION('',(0.,-2.22044604925E-16,-1.));
#3513 = DIRECTION('',(1.,0.,0.));
#3514 = ORIENTED_EDGE('',*,*,#3515,.F.);
#3515 = EDGE_CURVE('',#3516,#3507,#3518,.T.);
#3516 = VERTEX_POINT('',#3517);
#3517 = CARTESIAN_POINT('',(-1.019716596842,0.306105,7.78762));
#3518 = LINE('',#3519,#3520);
#3519 = CARTESIAN_POINT('',(-1.019716596842,0.306105,7.78762));
#3520 = VECTOR('',#3521,1.);
#3521 = DIRECTION('',(-0.,-2.22044604925E-16,-1.));
#3522 = ORIENTED_EDGE('',*,*,#3523,.T.);
#3523 = EDGE_CURVE('',#3516,#3524,#3526,.T.);
#3524 = VERTEX_POINT('',#3525);
#3525 = CARTESIAN_POINT('',(1.019716596842,0.306105,7.78762));
#3526 = CIRCLE('',#3527,1.06467);
#3527 = AXIS2_PLACEMENT_3D('',#3528,#3529,#3530);
#3528 = CARTESIAN_POINT('',(0.,1.729199006206E-15,7.78762));
#3529 = DIRECTION('',(0.,-2.22044604925E-16,-1.));
#3530 = DIRECTION('',(1.,0.,0.));
#3531 = ORIENTED_EDGE('',*,*,#3532,.T.);
#3532 = EDGE_CURVE('',#3524,#3533,#3535,.T.);
#3533 = VERTEX_POINT('',#3534);
#3534 = CARTESIAN_POINT('',(1.019716596842,0.306105,7.28762));
#3535 = LINE('',#3536,#3537);
#3536 = CARTESIAN_POINT('',(1.019716596842,0.306105,7.78762));
#3537 = VECTOR('',#3538,1.);
#3538 = DIRECTION('',(-0.,-2.22044604925E-16,-1.));
#3539 = ORIENTED_EDGE('',*,*,#3540,.T.);
#3540 = EDGE_CURVE('',#3533,#3541,#3543,.T.);
#3541 = VERTEX_POINT('',#3542);
#3542 = CARTESIAN_POINT('',(1.06467,1.618176703744E-15,7.28762));
#3543 = CIRCLE('',#3544,1.06467);
#3544 = AXIS2_PLACEMENT_3D('',#3545,#3546,#3547);
#3545 = CARTESIAN_POINT('',(0.,1.618176703744E-15,7.28762));
#3546 = DIRECTION('',(0.,-2.22044604925E-16,-1.));
#3547 = DIRECTION('',(1.,0.,0.));
#3548 = ORIENTED_EDGE('',*,*,#3549,.T.);
#3549 = EDGE_CURVE('',#3541,#3550,#3552,.T.);
#3550 = VERTEX_POINT('',#3551);
#3551 = CARTESIAN_POINT('',(1.06467,1.543098981927E-15,6.9495));
#3552 = LINE('',#3553,#3554);
#3553 = CARTESIAN_POINT('',(1.06467,1.729199006206E-15,7.78762));
#3554 = VECTOR('',#3555,1.);
#3555 = DIRECTION('',(0.,-2.22044604925E-16,-1.));
#3556 = ORIENTED_EDGE('',*,*,#3557,.F.);
#3557 = EDGE_CURVE('',#3550,#3550,#3558,.T.);
#3558 = CIRCLE('',#3559,1.06467);
#3559 = AXIS2_PLACEMENT_3D('',#3560,#3561,#3562);
#3560 = CARTESIAN_POINT('',(0.,1.543098981927E-15,6.9495));
#3561 = DIRECTION('',(0.,-2.22044604925E-16,-1.));
#3562 = DIRECTION('',(1.,0.,0.));
#3563 = ORIENTED_EDGE('',*,*,#3549,.F.);
#3564 = ORIENTED_EDGE('',*,*,#3565,.T.);
#3565 = EDGE_CURVE('',#3541,#3490,#3566,.T.);
#3566 = CIRCLE('',#3567,1.06467);
#3567 = AXIS2_PLACEMENT_3D('',#3568,#3569,#3570);
#3568 = CARTESIAN_POINT('',(0.,1.618176703744E-15,7.28762));
#3569 = DIRECTION('',(0.,-2.22044604925E-16,-1.));
#3570 = DIRECTION('',(1.,0.,0.));
#3571 = CYLINDRICAL_SURFACE('',#3572,1.06467);
#3572 = AXIS2_PLACEMENT_3D('',#3573,#3574,#3575);
#3573 = CARTESIAN_POINT('',(0.,1.729199006206E-15,7.78762));
#3574 = DIRECTION('',(-0.,-2.22044604925E-16,-1.));
#3575 = DIRECTION('',(1.,0.,0.));
#3576 = ADVANCED_FACE('',(#3577),#3588,.F.);
#3577 = FACE_BOUND('',#3578,.F.);
#3578 = EDGE_LOOP('',(#3579,#3580,#3581,#3587));
#3579 = ORIENTED_EDGE('',*,*,#3475,.F.);
#3580 = ORIENTED_EDGE('',*,*,#3498,.T.);
#3581 = ORIENTED_EDGE('',*,*,#3582,.T.);
#3582 = EDGE_CURVE('',#3499,#3490,#3583,.T.);
#3583 = LINE('',#3584,#3585);
#3584 = CARTESIAN_POINT('',(-1.37341,-0.306105,7.28762));
#3585 = VECTOR('',#3586,1.);
#3586 = DIRECTION('',(1.,0.,0.));
#3587 = ORIENTED_EDGE('',*,*,#3489,.F.);
#3588 = PLANE('',#3589);
#3589 = AXIS2_PLACEMENT_3D('',#3590,#3591,#3592);
#3590 = CARTESIAN_POINT('',(-1.37341,-0.306105,7.78762));
#3591 = DIRECTION('',(0.,-1.,0.));
#3592 = DIRECTION('',(1.,0.,0.));
#3593 = ADVANCED_FACE('',(#3594),#3606,.T.);
#3594 = FACE_BOUND('',#3595,.T.);
#3595 = EDGE_LOOP('',(#3596,#3602,#3603,#3604,#3605));
#3596 = ORIENTED_EDGE('',*,*,#3597,.T.);
#3597 = EDGE_CURVE('',#3533,#3507,#3598,.T.);
#3598 = LINE('',#3599,#3600);
#3599 = CARTESIAN_POINT('',(1.37341,0.306105,7.28762));
#3600 = VECTOR('',#3601,1.);
#3601 = DIRECTION('',(-1.,0.,0.));
#3602 = ORIENTED_EDGE('',*,*,#3506,.F.);
#3603 = ORIENTED_EDGE('',*,*,#3582,.T.);
#3604 = ORIENTED_EDGE('',*,*,#3565,.F.);
#3605 = ORIENTED_EDGE('',*,*,#3540,.F.);
#3606 = PLANE('',#3607);
#3607 = AXIS2_PLACEMENT_3D('',#3608,#3609,#3610);
#3608 = CARTESIAN_POINT('',(-3.30518936903E-17,1.718698471895E-15,
    7.28762));
#3609 = DIRECTION('',(0.,0.,1.));
#3610 = DIRECTION('',(1.,0.,0.));
#3611 = ADVANCED_FACE('',(#3612,#3615),#3626,.T.);
#3612 = FACE_BOUND('',#3613,.T.);
#3613 = EDGE_LOOP('',(#3614));
#3614 = ORIENTED_EDGE('',*,*,#3557,.T.);
#3615 = FACE_BOUND('',#3616,.T.);
#3616 = EDGE_LOOP('',(#3617));
#3617 = ORIENTED_EDGE('',*,*,#3618,.F.);
#3618 = EDGE_CURVE('',#3619,#3619,#3621,.T.);
#3619 = VERTEX_POINT('',#3620);
#3620 = CARTESIAN_POINT('',(0.8,1.543098981927E-15,6.9495));
#3621 = CIRCLE('',#3622,0.8);
#3622 = AXIS2_PLACEMENT_3D('',#3623,#3624,#3625);
#3623 = CARTESIAN_POINT('',(0.,1.543098981927E-15,6.9495));
#3624 = DIRECTION('',(0.,-2.22044604925E-16,-1.));
#3625 = DIRECTION('',(1.,0.,0.));
#3626 = PLANE('',#3627);
#3627 = AXIS2_PLACEMENT_3D('',#3628,#3629,#3630);
#3628 = CARTESIAN_POINT('',(0.,1.543098981927E-15,6.9495));
#3629 = DIRECTION('',(-0.,-2.22044604925E-16,-1.));
#3630 = DIRECTION('',(1.,0.,0.));
#3631 = ADVANCED_FACE('',(#3632),#3643,.F.);
#3632 = FACE_BOUND('',#3633,.F.);
#3633 = EDGE_LOOP('',(#3634,#3640,#3641,#3642));
#3634 = ORIENTED_EDGE('',*,*,#3635,.F.);
#3635 = EDGE_CURVE('',#3524,#3516,#3636,.T.);
#3636 = LINE('',#3637,#3638);
#3637 = CARTESIAN_POINT('',(1.37341,0.306105,7.78762));
#3638 = VECTOR('',#3639,1.);
#3639 = DIRECTION('',(-1.,0.,0.));
#3640 = ORIENTED_EDGE('',*,*,#3532,.T.);
#3641 = ORIENTED_EDGE('',*,*,#3597,.T.);
#3642 = ORIENTED_EDGE('',*,*,#3515,.F.);
#3643 = PLANE('',#3644);
#3644 = AXIS2_PLACEMENT_3D('',#3645,#3646,#3647);
#3645 = CARTESIAN_POINT('',(1.37341,0.306105,7.78762));
#3646 = DIRECTION('',(0.,1.,0.));
#3647 = DIRECTION('',(-1.,0.,0.));
#3648 = ADVANCED_FACE('',(#3649),#3653,.F.);
#3649 = FACE_BOUND('',#3650,.T.);
#3650 = EDGE_LOOP('',(#3651,#3652));
#3651 = ORIENTED_EDGE('',*,*,#3635,.F.);
#3652 = ORIENTED_EDGE('',*,*,#3523,.F.);
#3653 = PLANE('',#3654);
#3654 = AXIS2_PLACEMENT_3D('',#3655,#3656,#3657);
#3655 = CARTESIAN_POINT('',(0.,1.729199006206E-15,7.78762));
#3656 = DIRECTION('',(-0.,-2.22044604925E-16,-1.));
#3657 = DIRECTION('',(1.,0.,0.));
#3658 = ADVANCED_FACE('',(#3659),#3678,.T.);
#3659 = FACE_BOUND('',#3660,.T.);
#3660 = EDGE_LOOP('',(#3661,#3662,#3670,#3677));
#3661 = ORIENTED_EDGE('',*,*,#3618,.T.);
#3662 = ORIENTED_EDGE('',*,*,#3663,.T.);
#3663 = EDGE_CURVE('',#3619,#3664,#3666,.T.);
#3664 = VERTEX_POINT('',#3665);
#3665 = CARTESIAN_POINT('',(0.8,8.525713468543E-16,3.83964));
#3666 = LINE('',#3667,#3668);
#3667 = CARTESIAN_POINT('',(0.8,1.543098981927E-15,6.9495));
#3668 = VECTOR('',#3669,1.);
#3669 = DIRECTION('',(0.,-2.22044604925E-16,-1.));
#3670 = ORIENTED_EDGE('',*,*,#3671,.F.);
#3671 = EDGE_CURVE('',#3664,#3664,#3672,.T.);
#3672 = CIRCLE('',#3673,0.8);
#3673 = AXIS2_PLACEMENT_3D('',#3674,#3675,#3676);
#3674 = CARTESIAN_POINT('',(0.,8.525713468543E-16,3.83964));
#3675 = DIRECTION('',(0.,-2.22044604925E-16,-1.));
#3676 = DIRECTION('',(1.,0.,0.));
#3677 = ORIENTED_EDGE('',*,*,#3663,.F.);
#3678 = CYLINDRICAL_SURFACE('',#3679,0.8);
#3679 = AXIS2_PLACEMENT_3D('',#3680,#3681,#3682);
#3680 = CARTESIAN_POINT('',(0.,1.543098981927E-15,6.9495));
#3681 = DIRECTION('',(-0.,-2.22044604925E-16,-1.));
#3682 = DIRECTION('',(1.,0.,0.));
#3683 = ADVANCED_FACE('',(#3684),#3687,.T.);
#3684 = FACE_BOUND('',#3685,.T.);
#3685 = EDGE_LOOP('',(#3686));
#3686 = ORIENTED_EDGE('',*,*,#3671,.T.);
#3687 = PLANE('',#3688);
#3688 = AXIS2_PLACEMENT_3D('',#3689,#3690,#3691);
#3689 = CARTESIAN_POINT('',(0.,8.525713468543E-16,3.83964));
#3690 = DIRECTION('',(-0.,-2.22044604925E-16,-1.));
#3691 = DIRECTION('',(1.,0.,0.));
#3692 = ( GEOMETRIC_REPRESENTATION_CONTEXT(3) 
GLOBAL_UNCERTAINTY_ASSIGNED_CONTEXT((#3696)) 
GLOBAL_UNIT_ASSIGNED_CONTEXT((#3693,#3694,#3695)) REPRESENTATION_CONTEXT
('Context #1','3D Context with UNIT and UNCERTAINTY') );
#3693 = ( LENGTH_UNIT() NAMED_UNIT(*) SI_UNIT(.MILLI.,.METRE.) );
#3694 = ( NAMED_UNIT(*) PLANE_ANGLE_UNIT() SI_UNIT($,.RADIAN.) );
#3695 = ( NAMED_UNIT(*) SI_UNIT($,.STERADIAN.) SOLID_ANGLE_UNIT() );
#3696 = UNCERTAINTY_MEASURE_WITH_UNIT(LENGTH_MEASURE(1.E-06),#3693,
  'distance_accuracy_value','confusion accuracy');
#3697 = CONTEXT_DEPENDENT_SHAPE_REPRESENTATION(#3698,#3700);
#3698 = ( REPRESENTATION_RELATIONSHIP('','',#2308,#2281) 
REPRESENTATION_RELATIONSHIP_WITH_TRANSFORMATION(#3699) 
SHAPE_REPRESENTATION_RELATIONSHIP() );
#3699 = ITEM_DEFINED_TRANSFORMATION('','',#11,#2282);
#3700 = PRODUCT_DEFINITION_SHAPE('Placement','Placement of an item',
  #3701);
#3701 = NEXT_ASSEMBLY_USAGE_OCCURRENCE('22','0','',#2276,#2303,$);
#3702 = PRODUCT_RELATED_PRODUCT_CATEGORY('part',$,(#2305));
#3703 = CONTEXT_DEPENDENT_SHAPE_REPRESENTATION(#3704,#3706);
#3704 = ( REPRESENTATION_RELATIONSHIP('','',#2308,#2281) 
REPRESENTATION_RELATIONSHIP_WITH_TRANSFORMATION(#3705) 
SHAPE_REPRESENTATION_RELATIONSHIP() );
#3705 = ITEM_DEFINED_TRANSFORMATION('','',#11,#2286);
#3706 = PRODUCT_DEFINITION_SHAPE('Placement','Placement of an item',
  #3707);
#3707 = NEXT_ASSEMBLY_USAGE_OCCURRENCE('23','1','',#2276,#2303,$);
#3708 = MECHANICAL_DESIGN_GEOMETRIC_PRESENTATION_REPRESENTATION('',(
    #3709,#3720,#3729),#3692);
#3709 = STYLED_ITEM('color',(#3710),#2309);
#3710 = PRESENTATION_STYLE_ASSIGNMENT((#3711,#3717));
#3711 = SURFACE_STYLE_USAGE(.BOTH.,#3712);
#3712 = SURFACE_SIDE_STYLE('',(#3713));
#3713 = SURFACE_STYLE_FILL_AREA(#3714);
#3714 = FILL_AREA_STYLE('',(#3715));
#3715 = FILL_AREA_STYLE_COLOUR('',#3716);
#3716 = COLOUR_RGB('',0.917599985683,0.917599985683,0.917599985683);
#3717 = CURVE_STYLE('',#3718,POSITIVE_LENGTH_MEASURE(0.1),#3719);
#3718 = DRAUGHTING_PRE_DEFINED_CURVE_FONT('continuous');
#3719 = COLOUR_RGB('',9.803921802644E-02,9.803921802644E-02,
  9.803921802644E-02);
#3720 = STYLED_ITEM('color',(#3721),#3172);
#3721 = PRESENTATION_STYLE_ASSIGNMENT((#3722,#3727));
#3722 = SURFACE_STYLE_USAGE(.BOTH.,#3723);
#3723 = SURFACE_SIDE_STYLE('',(#3724));
#3724 = SURFACE_STYLE_FILL_AREA(#3725);
#3725 = FILL_AREA_STYLE('',(#3726));
#3726 = FILL_AREA_STYLE_COLOUR('',#3716);
#3727 = CURVE_STYLE('',#3728,POSITIVE_LENGTH_MEASURE(0.1),#3719);
#3728 = DRAUGHTING_PRE_DEFINED_CURVE_FONT('continuous');
#3729 = STYLED_ITEM('color',(#3730),#3458);
#3730 = PRESENTATION_STYLE_ASSIGNMENT((#3731,#3736));
#3731 = SURFACE_STYLE_USAGE(.BOTH.,#3732);
#3732 = SURFACE_SIDE_STYLE('',(#3733));
#3733 = SURFACE_STYLE_FILL_AREA(#3734);
#3734 = FILL_AREA_STYLE('',(#3735));
#3735 = FILL_AREA_STYLE_COLOUR('',#3716);
#3736 = CURVE_STYLE('',#3737,POSITIVE_LENGTH_MEASURE(0.1),#3719);
#3737 = DRAUGHTING_PRE_DEFINED_CURVE_FONT('continuous');
#3738 = MECHANICAL_DESIGN_GEOMETRIC_PRESENTATION_REPRESENTATION('',(
    #3739),#2263);
#3739 = STYLED_ITEM('color',(#3740),#37);
#3740 = PRESENTATION_STYLE_ASSIGNMENT((#3741,#3747));
#3741 = SURFACE_STYLE_USAGE(.BOTH.,#3742);
#3742 = SURFACE_SIDE_STYLE('',(#3743));
#3743 = SURFACE_STYLE_FILL_AREA(#3744);
#3744 = FILL_AREA_STYLE('',(#3745));
#3745 = FILL_AREA_STYLE_COLOUR('',#3746);
#3746 = COLOUR_RGB('',0.290196088226,0.725490202603,0.160784315601);
#3747 = CURVE_STYLE('',#3748,POSITIVE_LENGTH_MEASURE(0.1),#3719);
#3748 = DRAUGHTING_PRE_DEFINED_CURVE_FONT('continuous');
ENDSEC;
END-ISO-10303-21;
