ISO-10303-21;
HEADER;
FILE_DESCRIPTION(('FreeCAD Model'),'2;1');
FILE_NAME('Open CASCADE Shape Model','2026-06-20T22:51:01',(''),(''),
  'Open CASCADE STEP processor 7.8','FreeCAD','Unknown');
FILE_SCHEMA(('AUTOMOTIVE_DESIGN { 1 0 10303 214 1 1 1 1 }'));
ENDSEC;
DATA;
#1 = APPLICATION_PROTOCOL_DEFINITION('international standard',
  'automotive_design',2000,#2);
#2 = APPLICATION_CONTEXT(
  'core data for automotive mechanical design processes');
#3 = SHAPE_DEFINITION_REPRESENTATION(#4,#10);
#4 = PRODUCT_DEFINITION_SHAPE('','',#5);
#5 = PRODUCT_DEFINITION('design','',#6,#9);
#6 = PRODUCT_DEFINITION_FORMATION('','',#7);
#7 = PRODUCT('KF128_2_54','KF128_2_54','',(#8));
#8 = PRODUCT_CONTEXT('',#2,'mechanical');
#9 = PRODUCT_DEFINITION_CONTEXT('part definition',#2,'design');
#10 = SHAPE_REPRESENTATION('',(#11,#15,#19),#23);
#11 = AXIS2_PLACEMENT_3D('',#12,#13,#14);
#12 = CARTESIAN_POINT('',(0.,0.,0.));
#13 = DIRECTION('',(0.,0.,1.));
#14 = DIRECTION('',(1.,0.,-0.));
#15 = AXIS2_PLACEMENT_3D('',#16,#17,#18);
#16 = CARTESIAN_POINT('',(0.,0.,0.));
#17 = DIRECTION('',(0.,0.,1.));
#18 = DIRECTION('',(1.,0.,0.));
#19 = AXIS2_PLACEMENT_3D('',#20,#21,#22);
#20 = CARTESIAN_POINT('',(0.,0.,0.));
#21 = DIRECTION('',(0.,0.,1.));
#22 = DIRECTION('',(1.,0.,0.));
#23 = ( GEOMETRIC_REPRESENTATION_CONTEXT(3) 
GLOBAL_UNCERTAINTY_ASSIGNED_CONTEXT((#27)) GLOBAL_UNIT_ASSIGNED_CONTEXT(
(#24,#25,#26)) REPRESENTATION_CONTEXT('Context #1',
  '3D Context with UNIT and UNCERTAINTY') );
#24 = ( LENGTH_UNIT() NAMED_UNIT(*) SI_UNIT(.MILLI.,.METRE.) );
#25 = ( NAMED_UNIT(*) PLANE_ANGLE_UNIT() SI_UNIT($,.RADIAN.) );
#26 = ( NAMED_UNIT(*) SI_UNIT($,.STERADIAN.) SOLID_ANGLE_UNIT() );
#27 = UNCERTAINTY_MEASURE_WITH_UNIT(LENGTH_MEASURE(1.E-06),#24,
  'distance_accuracy_value','confusion accuracy');
#28 = PRODUCT_RELATED_PRODUCT_CATEGORY('part',$,(#7));
#29 = SHAPE_DEFINITION_REPRESENTATION(#30,#36);
#30 = PRODUCT_DEFINITION_SHAPE('','',#31);
#31 = PRODUCT_DEFINITION('design','',#32,#35);
#32 = PRODUCT_DEFINITION_FORMATION('','',#33);
#33 = PRODUCT('Connector_body','Connector_body','',(#34));
#34 = PRODUCT_CONTEXT('',#2,'mechanical');
#35 = PRODUCT_DEFINITION_CONTEXT('part definition',#2,'design');
#36 = ADVANCED_BREP_SHAPE_REPRESENTATION('',(#11,#37),#5176);
#37 = MANIFOLD_SOLID_BREP('',#38);
#38 = CLOSED_SHELL('',(#39,#79,#110,#150,#181,#221,#252,#292,#323,#533,
    #894,#951,#1008,#1025,#1056,#1080,#1104,#1121,#1143,#1172,#1194,
    #1223,#1245,#1274,#1296,#1325,#1502,#1556,#1620,#1667,#1691,#1715,
    #1772,#1812,#1866,#1913,#1937,#1977,#2041,#2065,#2122,#2176,#2223,
    #2247,#2287,#2351,#2375,#2432,#2486,#2533,#2557,#2597,#2661,#2685,
    #2742,#2796,#2843,#2867,#2907,#2971,#2995,#3052,#3069,#3086,#3158,
    #3215,#3246,#3270,#3294,#3311,#3340,#3357,#3386,#3403,#3432,#3449,
    #3478,#3495,#3507,#3519,#3531,#3543,#3555,#3572,#3589,#3612,#3629,
    #3646,#3674,#3686,#3698,#3715,#3732,#3744,#3767,#3784,#3801,#3829,
    #3841,#3858,#3875,#3887,#3910,#3927,#3944,#3972,#3984,#4001,#4018,
    #4030,#4053,#4070,#4087,#4115,#4127,#4144,#4161,#4173,#4196,#4213,
    #4230,#4258,#4270,#4295,#4320,#4345,#4370,#4395,#4420,#4445,#4470,
    #4495,#4520,#4545,#4570,#4595,#4620,#4645,#4665,#4685,#4705,#4725,
    #4745,#4770,#4795,#4820,#4845,#4870,#4895,#4920,#4945,#4970,#4995,
    #5012,#5029,#5046,#5063,#5080,#5092,#5104,#5116,#5128,#5140,#5152,
    #5164));
#39 = ADVANCED_FACE('',(#40),#74,.T.);
#40 = FACE_BOUND('',#41,.T.);
#41 = EDGE_LOOP('',(#42,#52,#60,#68));
#42 = ORIENTED_EDGE('',*,*,#43,.F.);
#43 = EDGE_CURVE('',#44,#46,#48,.T.);
#44 = VERTEX_POINT('',#45);
#45 = CARTESIAN_POINT('',(9.49,-2.016232,1.532840329046));
#46 = VERTEX_POINT('',#47);
#47 = CARTESIAN_POINT('',(10.83,-2.016232,1.532840329046));
#48 = LINE('',#49,#50);
#49 = CARTESIAN_POINT('',(10.36,-2.016232,1.532840329046));
#50 = VECTOR('',#51,1.);
#51 = DIRECTION('',(1.,0.,0.));
#52 = ORIENTED_EDGE('',*,*,#53,.T.);
#53 = EDGE_CURVE('',#44,#54,#56,.T.);
#54 = VERTEX_POINT('',#55);
#55 = CARTESIAN_POINT('',(9.49,-2.5,1.532840329046));
#56 = LINE('',#57,#58);
#57 = CARTESIAN_POINT('',(9.49,3.403589252763E-16,1.532840329046));
#58 = VECTOR('',#59,1.);
#59 = DIRECTION('',(0.,-1.,2.22044604925E-16));
#60 = ORIENTED_EDGE('',*,*,#61,.T.);
#61 = EDGE_CURVE('',#54,#62,#64,.T.);
#62 = VERTEX_POINT('',#63);
#63 = CARTESIAN_POINT('',(10.83,-2.5,1.532840329046));
#64 = LINE('',#65,#66);
#65 = CARTESIAN_POINT('',(9.49,-2.5,1.532840329046));
#66 = VECTOR('',#67,1.);
#67 = DIRECTION('',(1.,0.,0.));
#68 = ORIENTED_EDGE('',*,*,#69,.F.);
#69 = EDGE_CURVE('',#46,#62,#70,.T.);
#70 = LINE('',#71,#72);
#71 = CARTESIAN_POINT('',(10.83,3.403589252763E-16,1.532840329046));
#72 = VECTOR('',#73,1.);
#73 = DIRECTION('',(0.,-1.,2.22044604925E-16));
#74 = PLANE('',#75);
#75 = AXIS2_PLACEMENT_3D('',#76,#77,#78);
#76 = CARTESIAN_POINT('',(9.49,3.403589252763E-16,1.532840329046));
#77 = DIRECTION('',(0.,2.22044604925E-16,1.));
#78 = DIRECTION('',(1.,0.,0.));
#79 = ADVANCED_FACE('',(#80),#105,.T.);
#80 = FACE_BOUND('',#81,.T.);
#81 = EDGE_LOOP('',(#82,#90,#98,#104));
#82 = ORIENTED_EDGE('',*,*,#83,.F.);
#83 = EDGE_CURVE('',#84,#44,#86,.T.);
#84 = VERTEX_POINT('',#85);
#85 = CARTESIAN_POINT('',(9.49,-2.016232,3.132840329046));
#86 = LINE('',#87,#88);
#87 = CARTESIAN_POINT('',(9.49,-2.016232,2.231588664523));
#88 = VECTOR('',#89,1.);
#89 = DIRECTION('',(0.,0.,-1.));
#90 = ORIENTED_EDGE('',*,*,#91,.T.);
#91 = EDGE_CURVE('',#84,#92,#94,.T.);
#92 = VERTEX_POINT('',#93);
#93 = CARTESIAN_POINT('',(9.49,-2.5,3.132840329046));
#94 = LINE('',#95,#96);
#95 = CARTESIAN_POINT('',(9.49,6.956302931563E-16,3.132840329046));
#96 = VECTOR('',#97,1.);
#97 = DIRECTION('',(0.,-1.,2.22044604925E-16));
#98 = ORIENTED_EDGE('',*,*,#99,.T.);
#99 = EDGE_CURVE('',#92,#54,#100,.T.);
#100 = LINE('',#101,#102);
#101 = CARTESIAN_POINT('',(9.49,-2.5,3.132840329046));
#102 = VECTOR('',#103,1.);
#103 = DIRECTION('',(0.,-9.E-17,-1.));
#104 = ORIENTED_EDGE('',*,*,#53,.F.);
#105 = PLANE('',#106);
#106 = AXIS2_PLACEMENT_3D('',#107,#108,#109);
#107 = CARTESIAN_POINT('',(9.49,6.956302931563E-16,3.132840329046));
#108 = DIRECTION('',(1.,0.,0.));
#109 = DIRECTION('',(0.,-2.22044604925E-16,-1.));
#110 = ADVANCED_FACE('',(#111),#145,.T.);
#111 = FACE_BOUND('',#112,.T.);
#112 = EDGE_LOOP('',(#113,#123,#131,#139));
#113 = ORIENTED_EDGE('',*,*,#114,.F.);
#114 = EDGE_CURVE('',#115,#117,#119,.T.);
#115 = VERTEX_POINT('',#116);
#116 = CARTESIAN_POINT('',(6.95,-2.016232,1.532840329046));
#117 = VERTEX_POINT('',#118);
#118 = CARTESIAN_POINT('',(8.29,-2.016232,1.532840329046));
#119 = LINE('',#120,#121);
#120 = CARTESIAN_POINT('',(7.82,-2.016232,1.532840329046));
#121 = VECTOR('',#122,1.);
#122 = DIRECTION('',(1.,0.,0.));
#123 = ORIENTED_EDGE('',*,*,#124,.T.);
#124 = EDGE_CURVE('',#115,#125,#127,.T.);
#125 = VERTEX_POINT('',#126);
#126 = CARTESIAN_POINT('',(6.95,-2.5,1.532840329046));
#127 = LINE('',#128,#129);
#128 = CARTESIAN_POINT('',(6.95,3.403589252763E-16,1.532840329046));
#129 = VECTOR('',#130,1.);
#130 = DIRECTION('',(0.,-1.,2.22044604925E-16));
#131 = ORIENTED_EDGE('',*,*,#132,.T.);
#132 = EDGE_CURVE('',#125,#133,#135,.T.);
#133 = VERTEX_POINT('',#134);
#134 = CARTESIAN_POINT('',(8.29,-2.5,1.532840329046));
#135 = LINE('',#136,#137);
#136 = CARTESIAN_POINT('',(6.95,-2.5,1.532840329046));
#137 = VECTOR('',#138,1.);
#138 = DIRECTION('',(1.,0.,0.));
#139 = ORIENTED_EDGE('',*,*,#140,.F.);
#140 = EDGE_CURVE('',#117,#133,#141,.T.);
#141 = LINE('',#142,#143);
#142 = CARTESIAN_POINT('',(8.29,3.403589252763E-16,1.532840329046));
#143 = VECTOR('',#144,1.);
#144 = DIRECTION('',(0.,-1.,2.22044604925E-16));
#145 = PLANE('',#146);
#146 = AXIS2_PLACEMENT_3D('',#147,#148,#149);
#147 = CARTESIAN_POINT('',(6.95,3.403589252763E-16,1.532840329046));
#148 = DIRECTION('',(0.,2.22044604925E-16,1.));
#149 = DIRECTION('',(1.,0.,0.));
#150 = ADVANCED_FACE('',(#151),#176,.T.);
#151 = FACE_BOUND('',#152,.T.);
#152 = EDGE_LOOP('',(#153,#161,#169,#175));
#153 = ORIENTED_EDGE('',*,*,#154,.F.);
#154 = EDGE_CURVE('',#155,#115,#157,.T.);
#155 = VERTEX_POINT('',#156);
#156 = CARTESIAN_POINT('',(6.95,-2.016232,3.132840329046));
#157 = LINE('',#158,#159);
#158 = CARTESIAN_POINT('',(6.95,-2.016232,2.231588664523));
#159 = VECTOR('',#160,1.);
#160 = DIRECTION('',(0.,0.,-1.));
#161 = ORIENTED_EDGE('',*,*,#162,.T.);
#162 = EDGE_CURVE('',#155,#163,#165,.T.);
#163 = VERTEX_POINT('',#164);
#164 = CARTESIAN_POINT('',(6.95,-2.5,3.132840329046));
#165 = LINE('',#166,#167);
#166 = CARTESIAN_POINT('',(6.95,6.956302931563E-16,3.132840329046));
#167 = VECTOR('',#168,1.);
#168 = DIRECTION('',(0.,-1.,2.22044604925E-16));
#169 = ORIENTED_EDGE('',*,*,#170,.T.);
#170 = EDGE_CURVE('',#163,#125,#171,.T.);
#171 = LINE('',#172,#173);
#172 = CARTESIAN_POINT('',(6.95,-2.5,3.132840329046));
#173 = VECTOR('',#174,1.);
#174 = DIRECTION('',(0.,-9.E-17,-1.));
#175 = ORIENTED_EDGE('',*,*,#124,.F.);
#176 = PLANE('',#177);
#177 = AXIS2_PLACEMENT_3D('',#178,#179,#180);
#178 = CARTESIAN_POINT('',(6.95,6.956302931563E-16,3.132840329046));
#179 = DIRECTION('',(1.,0.,0.));
#180 = DIRECTION('',(0.,-2.22044604925E-16,-1.));
#181 = ADVANCED_FACE('',(#182),#216,.T.);
#182 = FACE_BOUND('',#183,.T.);
#183 = EDGE_LOOP('',(#184,#194,#202,#210));
#184 = ORIENTED_EDGE('',*,*,#185,.F.);
#185 = EDGE_CURVE('',#186,#188,#190,.T.);
#186 = VERTEX_POINT('',#187);
#187 = CARTESIAN_POINT('',(4.41,-2.016232,1.532840329046));
#188 = VERTEX_POINT('',#189);
#189 = CARTESIAN_POINT('',(5.75,-2.016232,1.532840329046));
#190 = LINE('',#191,#192);
#191 = CARTESIAN_POINT('',(5.28,-2.016232,1.532840329046));
#192 = VECTOR('',#193,1.);
#193 = DIRECTION('',(1.,0.,0.));
#194 = ORIENTED_EDGE('',*,*,#195,.T.);
#195 = EDGE_CURVE('',#186,#196,#198,.T.);
#196 = VERTEX_POINT('',#197);
#197 = CARTESIAN_POINT('',(4.41,-2.5,1.532840329046));
#198 = LINE('',#199,#200);
#199 = CARTESIAN_POINT('',(4.41,3.403589252763E-16,1.532840329046));
#200 = VECTOR('',#201,1.);
#201 = DIRECTION('',(0.,-1.,2.22044604925E-16));
#202 = ORIENTED_EDGE('',*,*,#203,.T.);
#203 = EDGE_CURVE('',#196,#204,#206,.T.);
#204 = VERTEX_POINT('',#205);
#205 = CARTESIAN_POINT('',(5.75,-2.5,1.532840329046));
#206 = LINE('',#207,#208);
#207 = CARTESIAN_POINT('',(4.41,-2.5,1.532840329046));
#208 = VECTOR('',#209,1.);
#209 = DIRECTION('',(1.,0.,0.));
#210 = ORIENTED_EDGE('',*,*,#211,.F.);
#211 = EDGE_CURVE('',#188,#204,#212,.T.);
#212 = LINE('',#213,#214);
#213 = CARTESIAN_POINT('',(5.75,3.403589252763E-16,1.532840329046));
#214 = VECTOR('',#215,1.);
#215 = DIRECTION('',(0.,-1.,2.22044604925E-16));
#216 = PLANE('',#217);
#217 = AXIS2_PLACEMENT_3D('',#218,#219,#220);
#218 = CARTESIAN_POINT('',(4.41,3.403589252763E-16,1.532840329046));
#219 = DIRECTION('',(0.,2.22044604925E-16,1.));
#220 = DIRECTION('',(1.,0.,0.));
#221 = ADVANCED_FACE('',(#222),#247,.T.);
#222 = FACE_BOUND('',#223,.T.);
#223 = EDGE_LOOP('',(#224,#232,#240,#246));
#224 = ORIENTED_EDGE('',*,*,#225,.F.);
#225 = EDGE_CURVE('',#226,#186,#228,.T.);
#226 = VERTEX_POINT('',#227);
#227 = CARTESIAN_POINT('',(4.41,-2.016232,3.132840329046));
#228 = LINE('',#229,#230);
#229 = CARTESIAN_POINT('',(4.41,-2.016232,2.231588664523));
#230 = VECTOR('',#231,1.);
#231 = DIRECTION('',(0.,0.,-1.));
#232 = ORIENTED_EDGE('',*,*,#233,.T.);
#233 = EDGE_CURVE('',#226,#234,#236,.T.);
#234 = VERTEX_POINT('',#235);
#235 = CARTESIAN_POINT('',(4.41,-2.5,3.132840329046));
#236 = LINE('',#237,#238);
#237 = CARTESIAN_POINT('',(4.41,6.956302931563E-16,3.132840329046));
#238 = VECTOR('',#239,1.);
#239 = DIRECTION('',(0.,-1.,2.22044604925E-16));
#240 = ORIENTED_EDGE('',*,*,#241,.T.);
#241 = EDGE_CURVE('',#234,#196,#242,.T.);
#242 = LINE('',#243,#244);
#243 = CARTESIAN_POINT('',(4.41,-2.5,3.132840329046));
#244 = VECTOR('',#245,1.);
#245 = DIRECTION('',(0.,-9.E-17,-1.));
#246 = ORIENTED_EDGE('',*,*,#195,.F.);
#247 = PLANE('',#248);
#248 = AXIS2_PLACEMENT_3D('',#249,#250,#251);
#249 = CARTESIAN_POINT('',(4.41,6.956302931563E-16,3.132840329046));
#250 = DIRECTION('',(1.,0.,0.));
#251 = DIRECTION('',(0.,-2.22044604925E-16,-1.));
#252 = ADVANCED_FACE('',(#253),#287,.T.);
#253 = FACE_BOUND('',#254,.T.);
#254 = EDGE_LOOP('',(#255,#265,#273,#281));
#255 = ORIENTED_EDGE('',*,*,#256,.F.);
#256 = EDGE_CURVE('',#257,#259,#261,.T.);
#257 = VERTEX_POINT('',#258);
#258 = CARTESIAN_POINT('',(1.87,-2.016232,1.532840329046));
#259 = VERTEX_POINT('',#260);
#260 = CARTESIAN_POINT('',(3.21,-2.016232,1.532840329046));
#261 = LINE('',#262,#263);
#262 = CARTESIAN_POINT('',(2.74,-2.016232,1.532840329046));
#263 = VECTOR('',#264,1.);
#264 = DIRECTION('',(1.,0.,0.));
#265 = ORIENTED_EDGE('',*,*,#266,.T.);
#266 = EDGE_CURVE('',#257,#267,#269,.T.);
#267 = VERTEX_POINT('',#268);
#268 = CARTESIAN_POINT('',(1.87,-2.5,1.532840329046));
#269 = LINE('',#270,#271);
#270 = CARTESIAN_POINT('',(1.87,3.403589252763E-16,1.532840329046));
#271 = VECTOR('',#272,1.);
#272 = DIRECTION('',(0.,-1.,2.22044604925E-16));
#273 = ORIENTED_EDGE('',*,*,#274,.T.);
#274 = EDGE_CURVE('',#267,#275,#277,.T.);
#275 = VERTEX_POINT('',#276);
#276 = CARTESIAN_POINT('',(3.21,-2.5,1.532840329046));
#277 = LINE('',#278,#279);
#278 = CARTESIAN_POINT('',(1.87,-2.5,1.532840329046));
#279 = VECTOR('',#280,1.);
#280 = DIRECTION('',(1.,0.,0.));
#281 = ORIENTED_EDGE('',*,*,#282,.F.);
#282 = EDGE_CURVE('',#259,#275,#283,.T.);
#283 = LINE('',#284,#285);
#284 = CARTESIAN_POINT('',(3.21,3.403589252763E-16,1.532840329046));
#285 = VECTOR('',#286,1.);
#286 = DIRECTION('',(0.,-1.,2.22044604925E-16));
#287 = PLANE('',#288);
#288 = AXIS2_PLACEMENT_3D('',#289,#290,#291);
#289 = CARTESIAN_POINT('',(1.87,3.403589252763E-16,1.532840329046));
#290 = DIRECTION('',(0.,2.22044604925E-16,1.));
#291 = DIRECTION('',(1.,0.,0.));
#292 = ADVANCED_FACE('',(#293),#318,.T.);
#293 = FACE_BOUND('',#294,.T.);
#294 = EDGE_LOOP('',(#295,#303,#311,#317));
#295 = ORIENTED_EDGE('',*,*,#296,.F.);
#296 = EDGE_CURVE('',#297,#257,#299,.T.);
#297 = VERTEX_POINT('',#298);
#298 = CARTESIAN_POINT('',(1.87,-2.016232,3.132840329046));
#299 = LINE('',#300,#301);
#300 = CARTESIAN_POINT('',(1.87,-2.016232,2.231588664523));
#301 = VECTOR('',#302,1.);
#302 = DIRECTION('',(0.,0.,-1.));
#303 = ORIENTED_EDGE('',*,*,#304,.T.);
#304 = EDGE_CURVE('',#297,#305,#307,.T.);
#305 = VERTEX_POINT('',#306);
#306 = CARTESIAN_POINT('',(1.87,-2.5,3.132840329046));
#307 = LINE('',#308,#309);
#308 = CARTESIAN_POINT('',(1.87,6.956302931563E-16,3.132840329046));
#309 = VECTOR('',#310,1.);
#310 = DIRECTION('',(0.,-1.,2.22044604925E-16));
#311 = ORIENTED_EDGE('',*,*,#312,.T.);
#312 = EDGE_CURVE('',#305,#267,#313,.T.);
#313 = LINE('',#314,#315);
#314 = CARTESIAN_POINT('',(1.87,-2.5,3.132840329046));
#315 = VECTOR('',#316,1.);
#316 = DIRECTION('',(0.,-9.E-17,-1.));
#317 = ORIENTED_EDGE('',*,*,#266,.F.);
#318 = PLANE('',#319);
#319 = AXIS2_PLACEMENT_3D('',#320,#321,#322);
#320 = CARTESIAN_POINT('',(1.87,6.956302931563E-16,3.132840329046));
#321 = DIRECTION('',(1.,0.,0.));
#322 = DIRECTION('',(0.,-2.22044604925E-16,-1.));
#323 = ADVANCED_FACE('',(#324,#358,#392,#426,#460,#494),#528,.F.);
#324 = FACE_BOUND('',#325,.F.);
#325 = EDGE_LOOP('',(#326,#336,#344,#352));
#326 = ORIENTED_EDGE('',*,*,#327,.T.);
#327 = EDGE_CURVE('',#328,#330,#332,.T.);
#328 = VERTEX_POINT('',#329);
#329 = CARTESIAN_POINT('',(11.63,-3.3,0.));
#330 = VERTEX_POINT('',#331);
#331 = CARTESIAN_POINT('',(-1.47,-3.3,0.));
#332 = LINE('',#333,#334);
#333 = CARTESIAN_POINT('',(11.63,-3.3,0.));
#334 = VECTOR('',#335,1.);
#335 = DIRECTION('',(-1.,-0.,-0.));
#336 = ORIENTED_EDGE('',*,*,#337,.T.);
#337 = EDGE_CURVE('',#330,#338,#340,.T.);
#338 = VERTEX_POINT('',#339);
#339 = CARTESIAN_POINT('',(-1.47,-3.3,4.95));
#340 = LINE('',#341,#342);
#341 = CARTESIAN_POINT('',(-1.47,-3.3,0.));
#342 = VECTOR('',#343,1.);
#343 = DIRECTION('',(0.,9.E-17,1.));
#344 = ORIENTED_EDGE('',*,*,#345,.F.);
#345 = EDGE_CURVE('',#346,#338,#348,.T.);
#346 = VERTEX_POINT('',#347);
#347 = CARTESIAN_POINT('',(11.63,-3.3,4.95));
#348 = LINE('',#349,#350);
#349 = CARTESIAN_POINT('',(11.63,-3.3,4.95));
#350 = VECTOR('',#351,1.);
#351 = DIRECTION('',(-1.,-0.,-0.));
#352 = ORIENTED_EDGE('',*,*,#353,.F.);
#353 = EDGE_CURVE('',#328,#346,#354,.T.);
#354 = LINE('',#355,#356);
#355 = CARTESIAN_POINT('',(11.63,-3.3,0.));
#356 = VECTOR('',#357,1.);
#357 = DIRECTION('',(0.,9.E-17,1.));
#358 = FACE_BOUND('',#359,.F.);
#359 = EDGE_LOOP('',(#360,#370,#378,#386));
#360 = ORIENTED_EDGE('',*,*,#361,.T.);
#361 = EDGE_CURVE('',#362,#364,#366,.T.);
#362 = VERTEX_POINT('',#363);
#363 = CARTESIAN_POINT('',(-1.07,-3.3,0.532840329046));
#364 = VERTEX_POINT('',#365);
#365 = CARTESIAN_POINT('',(1.07,-3.3,0.532840329046));
#366 = LINE('',#367,#368);
#367 = CARTESIAN_POINT('',(5.48,-3.3,0.532840329046));
#368 = VECTOR('',#369,1.);
#369 = DIRECTION('',(1.,0.,0.));
#370 = ORIENTED_EDGE('',*,*,#371,.T.);
#371 = EDGE_CURVE('',#364,#372,#374,.T.);
#372 = VERTEX_POINT('',#373);
#373 = CARTESIAN_POINT('',(1.07,-3.3,4.532840329046));
#374 = LINE('',#375,#376);
#375 = CARTESIAN_POINT('',(1.07,-3.3,0.532840329046));
#376 = VECTOR('',#377,1.);
#377 = DIRECTION('',(0.,9.E-17,1.));
#378 = ORIENTED_EDGE('',*,*,#379,.T.);
#379 = EDGE_CURVE('',#372,#380,#382,.T.);
#380 = VERTEX_POINT('',#381);
#381 = CARTESIAN_POINT('',(-1.07,-3.3,4.532840329046));
#382 = LINE('',#383,#384);
#383 = CARTESIAN_POINT('',(6.15,-3.3,4.532840329046));
#384 = VECTOR('',#385,1.);
#385 = DIRECTION('',(-1.,0.,0.));
#386 = ORIENTED_EDGE('',*,*,#387,.T.);
#387 = EDGE_CURVE('',#380,#362,#388,.T.);
#388 = LINE('',#389,#390);
#389 = CARTESIAN_POINT('',(-1.07,-3.3,1.532840329046));
#390 = VECTOR('',#391,1.);
#391 = DIRECTION('',(0.,-9.E-17,-1.));
#392 = FACE_BOUND('',#393,.F.);
#393 = EDGE_LOOP('',(#394,#404,#412,#420));
#394 = ORIENTED_EDGE('',*,*,#395,.T.);
#395 = EDGE_CURVE('',#396,#398,#400,.T.);
#396 = VERTEX_POINT('',#397);
#397 = CARTESIAN_POINT('',(1.47,-3.3,4.532840329046));
#398 = VERTEX_POINT('',#399);
#399 = CARTESIAN_POINT('',(1.47,-3.3,0.532840329046));
#400 = LINE('',#401,#402);
#401 = CARTESIAN_POINT('',(1.47,-3.3,1.532840329046));
#402 = VECTOR('',#403,1.);
#403 = DIRECTION('',(0.,-9.E-17,-1.));
#404 = ORIENTED_EDGE('',*,*,#405,.T.);
#405 = EDGE_CURVE('',#398,#406,#408,.T.);
#406 = VERTEX_POINT('',#407);
#407 = CARTESIAN_POINT('',(3.61,-3.3,0.532840329046));
#408 = LINE('',#409,#410);
#409 = CARTESIAN_POINT('',(8.02,-3.3,0.532840329046));
#410 = VECTOR('',#411,1.);
#411 = DIRECTION('',(1.,0.,0.));
#412 = ORIENTED_EDGE('',*,*,#413,.T.);
#413 = EDGE_CURVE('',#406,#414,#416,.T.);
#414 = VERTEX_POINT('',#415);
#415 = CARTESIAN_POINT('',(3.61,-3.3,4.532840329046));
#416 = LINE('',#417,#418);
#417 = CARTESIAN_POINT('',(3.61,-3.3,0.532840329046));
#418 = VECTOR('',#419,1.);
#419 = DIRECTION('',(0.,9.E-17,1.));
#420 = ORIENTED_EDGE('',*,*,#421,.T.);
#421 = EDGE_CURVE('',#414,#396,#422,.T.);
#422 = LINE('',#423,#424);
#423 = CARTESIAN_POINT('',(8.69,-3.3,4.532840329046));
#424 = VECTOR('',#425,1.);
#425 = DIRECTION('',(-1.,0.,0.));
#426 = FACE_BOUND('',#427,.F.);
#427 = EDGE_LOOP('',(#428,#438,#446,#454));
#428 = ORIENTED_EDGE('',*,*,#429,.T.);
#429 = EDGE_CURVE('',#430,#432,#434,.T.);
#430 = VERTEX_POINT('',#431);
#431 = CARTESIAN_POINT('',(4.01,-3.3,4.532840329046));
#432 = VERTEX_POINT('',#433);
#433 = CARTESIAN_POINT('',(4.01,-3.3,0.532840329046));
#434 = LINE('',#435,#436);
#435 = CARTESIAN_POINT('',(4.01,-3.3,1.532840329046));
#436 = VECTOR('',#437,1.);
#437 = DIRECTION('',(0.,-9.E-17,-1.));
#438 = ORIENTED_EDGE('',*,*,#439,.T.);
#439 = EDGE_CURVE('',#432,#440,#442,.T.);
#440 = VERTEX_POINT('',#441);
#441 = CARTESIAN_POINT('',(6.15,-3.3,0.532840329046));
#442 = LINE('',#443,#444);
#443 = CARTESIAN_POINT('',(10.56,-3.3,0.532840329046));
#444 = VECTOR('',#445,1.);
#445 = DIRECTION('',(1.,0.,0.));
#446 = ORIENTED_EDGE('',*,*,#447,.T.);
#447 = EDGE_CURVE('',#440,#448,#450,.T.);
#448 = VERTEX_POINT('',#449);
#449 = CARTESIAN_POINT('',(6.15,-3.3,4.532840329046));
#450 = LINE('',#451,#452);
#451 = CARTESIAN_POINT('',(6.15,-3.3,0.532840329046));
#452 = VECTOR('',#453,1.);
#453 = DIRECTION('',(0.,9.E-17,1.));
#454 = ORIENTED_EDGE('',*,*,#455,.T.);
#455 = EDGE_CURVE('',#448,#430,#456,.T.);
#456 = LINE('',#457,#458);
#457 = CARTESIAN_POINT('',(11.23,-3.3,4.532840329046));
#458 = VECTOR('',#459,1.);
#459 = DIRECTION('',(-1.,0.,0.));
#460 = FACE_BOUND('',#461,.F.);
#461 = EDGE_LOOP('',(#462,#472,#480,#488));
#462 = ORIENTED_EDGE('',*,*,#463,.T.);
#463 = EDGE_CURVE('',#464,#466,#468,.T.);
#464 = VERTEX_POINT('',#465);
#465 = CARTESIAN_POINT('',(6.55,-3.3,4.532840329046));
#466 = VERTEX_POINT('',#467);
#467 = CARTESIAN_POINT('',(6.55,-3.3,0.532840329046));
#468 = LINE('',#469,#470);
#469 = CARTESIAN_POINT('',(6.55,-3.3,1.532840329046));
#470 = VECTOR('',#471,1.);
#471 = DIRECTION('',(0.,-9.E-17,-1.));
#472 = ORIENTED_EDGE('',*,*,#473,.T.);
#473 = EDGE_CURVE('',#466,#474,#476,.T.);
#474 = VERTEX_POINT('',#475);
#475 = CARTESIAN_POINT('',(8.69,-3.3,0.532840329046));
#476 = LINE('',#477,#478);
#477 = CARTESIAN_POINT('',(13.1,-3.3,0.532840329046));
#478 = VECTOR('',#479,1.);
#479 = DIRECTION('',(1.,0.,0.));
#480 = ORIENTED_EDGE('',*,*,#481,.T.);
#481 = EDGE_CURVE('',#474,#482,#484,.T.);
#482 = VERTEX_POINT('',#483);
#483 = CARTESIAN_POINT('',(8.69,-3.3,4.532840329046));
#484 = LINE('',#485,#486);
#485 = CARTESIAN_POINT('',(8.69,-3.3,0.532840329046));
#486 = VECTOR('',#487,1.);
#487 = DIRECTION('',(0.,9.E-17,1.));
#488 = ORIENTED_EDGE('',*,*,#489,.T.);
#489 = EDGE_CURVE('',#482,#464,#490,.T.);
#490 = LINE('',#491,#492);
#491 = CARTESIAN_POINT('',(13.77,-3.3,4.532840329046));
#492 = VECTOR('',#493,1.);
#493 = DIRECTION('',(-1.,0.,0.));
#494 = FACE_BOUND('',#495,.F.);
#495 = EDGE_LOOP('',(#496,#506,#514,#522));
#496 = ORIENTED_EDGE('',*,*,#497,.T.);
#497 = EDGE_CURVE('',#498,#500,#502,.T.);
#498 = VERTEX_POINT('',#499);
#499 = CARTESIAN_POINT('',(9.09,-3.3,4.532840329046));
#500 = VERTEX_POINT('',#501);
#501 = CARTESIAN_POINT('',(9.09,-3.3,0.532840329046));
#502 = LINE('',#503,#504);
#503 = CARTESIAN_POINT('',(9.09,-3.3,1.532840329046));
#504 = VECTOR('',#505,1.);
#505 = DIRECTION('',(0.,-9.E-17,-1.));
#506 = ORIENTED_EDGE('',*,*,#507,.T.);
#507 = EDGE_CURVE('',#500,#508,#510,.T.);
#508 = VERTEX_POINT('',#509);
#509 = CARTESIAN_POINT('',(11.23,-3.3,0.532840329046));
#510 = LINE('',#511,#512);
#511 = CARTESIAN_POINT('',(15.64,-3.3,0.532840329046));
#512 = VECTOR('',#513,1.);
#513 = DIRECTION('',(1.,0.,0.));
#514 = ORIENTED_EDGE('',*,*,#515,.T.);
#515 = EDGE_CURVE('',#508,#516,#518,.T.);
#516 = VERTEX_POINT('',#517);
#517 = CARTESIAN_POINT('',(11.23,-3.3,4.532840329046));
#518 = LINE('',#519,#520);
#519 = CARTESIAN_POINT('',(11.23,-3.3,0.532840329046));
#520 = VECTOR('',#521,1.);
#521 = DIRECTION('',(0.,9.E-17,1.));
#522 = ORIENTED_EDGE('',*,*,#523,.T.);
#523 = EDGE_CURVE('',#516,#498,#524,.T.);
#524 = LINE('',#525,#526);
#525 = CARTESIAN_POINT('',(16.31,-3.3,4.532840329046));
#526 = VECTOR('',#527,1.);
#527 = DIRECTION('',(-1.,0.,0.));
#528 = PLANE('',#529);
#529 = AXIS2_PLACEMENT_3D('',#530,#531,#532);
#530 = CARTESIAN_POINT('',(11.63,-3.3,0.));
#531 = DIRECTION('',(0.,1.,-9.E-17));
#532 = DIRECTION('',(0.,9.E-17,1.));
#533 = ADVANCED_FACE('',(#534,#559,#625,#691,#757,#823),#889,.F.);
#534 = FACE_BOUND('',#535,.F.);
#535 = EDGE_LOOP('',(#536,#546,#552,#553));
#536 = ORIENTED_EDGE('',*,*,#537,.T.);
#537 = EDGE_CURVE('',#538,#540,#542,.T.);
#538 = VERTEX_POINT('',#539);
#539 = CARTESIAN_POINT('',(11.63,3.,0.));
#540 = VERTEX_POINT('',#541);
#541 = CARTESIAN_POINT('',(-1.47,3.,0.));
#542 = LINE('',#543,#544);
#543 = CARTESIAN_POINT('',(11.63,3.,0.));
#544 = VECTOR('',#545,1.);
#545 = DIRECTION('',(-1.,-0.,-0.));
#546 = ORIENTED_EDGE('',*,*,#547,.T.);
#547 = EDGE_CURVE('',#540,#330,#548,.T.);
#548 = LINE('',#549,#550);
#549 = CARTESIAN_POINT('',(-1.47,3.,4.4E-16));
#550 = VECTOR('',#551,1.);
#551 = DIRECTION('',(0.,-1.,-7.E-17));
#552 = ORIENTED_EDGE('',*,*,#327,.F.);
#553 = ORIENTED_EDGE('',*,*,#554,.F.);
#554 = EDGE_CURVE('',#538,#328,#555,.T.);
#555 = LINE('',#556,#557);
#556 = CARTESIAN_POINT('',(11.63,3.,4.4E-16));
#557 = VECTOR('',#558,1.);
#558 = DIRECTION('',(0.,-1.,-7.E-17));
#559 = FACE_BOUND('',#560,.F.);
#560 = EDGE_LOOP('',(#561,#571,#579,#587,#595,#603,#611,#619));
#561 = ORIENTED_EDGE('',*,*,#562,.F.);
#562 = EDGE_CURVE('',#563,#565,#567,.T.);
#563 = VERTEX_POINT('',#564);
#564 = CARTESIAN_POINT('',(1.07,2.085974,0.));
#565 = VERTEX_POINT('',#566);
#566 = CARTESIAN_POINT('',(0.7,2.085974,0.));
#567 = LINE('',#568,#569);
#568 = CARTESIAN_POINT('',(1.07,2.085974,0.));
#569 = VECTOR('',#570,1.);
#570 = DIRECTION('',(-1.,-0.,-0.));
#571 = ORIENTED_EDGE('',*,*,#572,.T.);
#572 = EDGE_CURVE('',#563,#573,#575,.T.);
#573 = VERTEX_POINT('',#574);
#574 = CARTESIAN_POINT('',(1.07,-2.225654,0.));
#575 = LINE('',#576,#577);
#576 = CARTESIAN_POINT('',(1.07,2.085974,0.));
#577 = VECTOR('',#578,1.);
#578 = DIRECTION('',(0.,-1.,0.));
#579 = ORIENTED_EDGE('',*,*,#580,.T.);
#580 = EDGE_CURVE('',#573,#581,#583,.T.);
#581 = VERTEX_POINT('',#582);
#582 = CARTESIAN_POINT('',(-1.07,-2.225654,0.));
#583 = LINE('',#584,#585);
#584 = CARTESIAN_POINT('',(1.07,-2.225654,0.));
#585 = VECTOR('',#586,1.);
#586 = DIRECTION('',(-1.,-0.,-0.));
#587 = ORIENTED_EDGE('',*,*,#588,.F.);
#588 = EDGE_CURVE('',#589,#581,#591,.T.);
#589 = VERTEX_POINT('',#590);
#590 = CARTESIAN_POINT('',(-1.07,2.085974,0.));
#591 = LINE('',#592,#593);
#592 = CARTESIAN_POINT('',(-1.07,2.085974,0.));
#593 = VECTOR('',#594,1.);
#594 = DIRECTION('',(0.,-1.,0.));
#595 = ORIENTED_EDGE('',*,*,#596,.F.);
#596 = EDGE_CURVE('',#597,#589,#599,.T.);
#597 = VERTEX_POINT('',#598);
#598 = CARTESIAN_POINT('',(-0.7,2.085974,0.));
#599 = LINE('',#600,#601);
#600 = CARTESIAN_POINT('',(1.07,2.085974,0.));
#601 = VECTOR('',#602,1.);
#602 = DIRECTION('',(-1.,-0.,-0.));
#603 = ORIENTED_EDGE('',*,*,#604,.T.);
#604 = EDGE_CURVE('',#597,#605,#607,.T.);
#605 = VERTEX_POINT('',#606);
#606 = CARTESIAN_POINT('',(-0.7,2.527085,0.));
#607 = LINE('',#608,#609);
#608 = CARTESIAN_POINT('',(-0.7,2.085974,0.));
#609 = VECTOR('',#610,1.);
#610 = DIRECTION('',(0.,1.,0.));
#611 = ORIENTED_EDGE('',*,*,#612,.F.);
#612 = EDGE_CURVE('',#613,#605,#615,.T.);
#613 = VERTEX_POINT('',#614);
#614 = CARTESIAN_POINT('',(0.7,2.527085,0.));
#615 = LINE('',#616,#617);
#616 = CARTESIAN_POINT('',(0.7,2.527085,0.));
#617 = VECTOR('',#618,1.);
#618 = DIRECTION('',(-1.,-0.,-0.));
#619 = ORIENTED_EDGE('',*,*,#620,.F.);
#620 = EDGE_CURVE('',#565,#613,#621,.T.);
#621 = LINE('',#622,#623);
#622 = CARTESIAN_POINT('',(0.7,2.085974,0.));
#623 = VECTOR('',#624,1.);
#624 = DIRECTION('',(0.,1.,0.));
#625 = FACE_BOUND('',#626,.F.);
#626 = EDGE_LOOP('',(#627,#637,#645,#653,#661,#669,#677,#685));
#627 = ORIENTED_EDGE('',*,*,#628,.F.);
#628 = EDGE_CURVE('',#629,#631,#633,.T.);
#629 = VERTEX_POINT('',#630);
#630 = CARTESIAN_POINT('',(3.61,2.085974,0.));
#631 = VERTEX_POINT('',#632);
#632 = CARTESIAN_POINT('',(3.24,2.085974,0.));
#633 = LINE('',#634,#635);
#634 = CARTESIAN_POINT('',(3.61,2.085974,0.));
#635 = VECTOR('',#636,1.);
#636 = DIRECTION('',(-1.,-0.,-0.));
#637 = ORIENTED_EDGE('',*,*,#638,.T.);
#638 = EDGE_CURVE('',#629,#639,#641,.T.);
#639 = VERTEX_POINT('',#640);
#640 = CARTESIAN_POINT('',(3.61,-2.225654,0.));
#641 = LINE('',#642,#643);
#642 = CARTESIAN_POINT('',(3.61,2.085974,0.));
#643 = VECTOR('',#644,1.);
#644 = DIRECTION('',(0.,-1.,0.));
#645 = ORIENTED_EDGE('',*,*,#646,.T.);
#646 = EDGE_CURVE('',#639,#647,#649,.T.);
#647 = VERTEX_POINT('',#648);
#648 = CARTESIAN_POINT('',(1.47,-2.225654,0.));
#649 = LINE('',#650,#651);
#650 = CARTESIAN_POINT('',(3.61,-2.225654,0.));
#651 = VECTOR('',#652,1.);
#652 = DIRECTION('',(-1.,-0.,-0.));
#653 = ORIENTED_EDGE('',*,*,#654,.F.);
#654 = EDGE_CURVE('',#655,#647,#657,.T.);
#655 = VERTEX_POINT('',#656);
#656 = CARTESIAN_POINT('',(1.47,2.085974,0.));
#657 = LINE('',#658,#659);
#658 = CARTESIAN_POINT('',(1.47,2.085974,0.));
#659 = VECTOR('',#660,1.);
#660 = DIRECTION('',(0.,-1.,0.));
#661 = ORIENTED_EDGE('',*,*,#662,.F.);
#662 = EDGE_CURVE('',#663,#655,#665,.T.);
#663 = VERTEX_POINT('',#664);
#664 = CARTESIAN_POINT('',(1.84,2.085974,0.));
#665 = LINE('',#666,#667);
#666 = CARTESIAN_POINT('',(3.61,2.085974,0.));
#667 = VECTOR('',#668,1.);
#668 = DIRECTION('',(-1.,-0.,-0.));
#669 = ORIENTED_EDGE('',*,*,#670,.T.);
#670 = EDGE_CURVE('',#663,#671,#673,.T.);
#671 = VERTEX_POINT('',#672);
#672 = CARTESIAN_POINT('',(1.84,2.527085,0.));
#673 = LINE('',#674,#675);
#674 = CARTESIAN_POINT('',(1.84,2.085974,0.));
#675 = VECTOR('',#676,1.);
#676 = DIRECTION('',(0.,1.,0.));
#677 = ORIENTED_EDGE('',*,*,#678,.F.);
#678 = EDGE_CURVE('',#679,#671,#681,.T.);
#679 = VERTEX_POINT('',#680);
#680 = CARTESIAN_POINT('',(3.24,2.527085,0.));
#681 = LINE('',#682,#683);
#682 = CARTESIAN_POINT('',(3.24,2.527085,0.));
#683 = VECTOR('',#684,1.);
#684 = DIRECTION('',(-1.,-0.,-0.));
#685 = ORIENTED_EDGE('',*,*,#686,.F.);
#686 = EDGE_CURVE('',#631,#679,#687,.T.);
#687 = LINE('',#688,#689);
#688 = CARTESIAN_POINT('',(3.24,2.085974,0.));
#689 = VECTOR('',#690,1.);
#690 = DIRECTION('',(0.,1.,0.));
#691 = FACE_BOUND('',#692,.F.);
#692 = EDGE_LOOP('',(#693,#703,#711,#719,#727,#735,#743,#751));
#693 = ORIENTED_EDGE('',*,*,#694,.F.);
#694 = EDGE_CURVE('',#695,#697,#699,.T.);
#695 = VERTEX_POINT('',#696);
#696 = CARTESIAN_POINT('',(6.15,2.085974,0.));
#697 = VERTEX_POINT('',#698);
#698 = CARTESIAN_POINT('',(5.78,2.085974,0.));
#699 = LINE('',#700,#701);
#700 = CARTESIAN_POINT('',(6.15,2.085974,0.));
#701 = VECTOR('',#702,1.);
#702 = DIRECTION('',(-1.,-0.,-0.));
#703 = ORIENTED_EDGE('',*,*,#704,.T.);
#704 = EDGE_CURVE('',#695,#705,#707,.T.);
#705 = VERTEX_POINT('',#706);
#706 = CARTESIAN_POINT('',(6.15,-2.225654,0.));
#707 = LINE('',#708,#709);
#708 = CARTESIAN_POINT('',(6.15,2.085974,0.));
#709 = VECTOR('',#710,1.);
#710 = DIRECTION('',(0.,-1.,0.));
#711 = ORIENTED_EDGE('',*,*,#712,.T.);
#712 = EDGE_CURVE('',#705,#713,#715,.T.);
#713 = VERTEX_POINT('',#714);
#714 = CARTESIAN_POINT('',(4.01,-2.225654,0.));
#715 = LINE('',#716,#717);
#716 = CARTESIAN_POINT('',(6.15,-2.225654,0.));
#717 = VECTOR('',#718,1.);
#718 = DIRECTION('',(-1.,-0.,-0.));
#719 = ORIENTED_EDGE('',*,*,#720,.F.);
#720 = EDGE_CURVE('',#721,#713,#723,.T.);
#721 = VERTEX_POINT('',#722);
#722 = CARTESIAN_POINT('',(4.01,2.085974,0.));
#723 = LINE('',#724,#725);
#724 = CARTESIAN_POINT('',(4.01,2.085974,0.));
#725 = VECTOR('',#726,1.);
#726 = DIRECTION('',(0.,-1.,0.));
#727 = ORIENTED_EDGE('',*,*,#728,.F.);
#728 = EDGE_CURVE('',#729,#721,#731,.T.);
#729 = VERTEX_POINT('',#730);
#730 = CARTESIAN_POINT('',(4.38,2.085974,0.));
#731 = LINE('',#732,#733);
#732 = CARTESIAN_POINT('',(6.15,2.085974,0.));
#733 = VECTOR('',#734,1.);
#734 = DIRECTION('',(-1.,-0.,-0.));
#735 = ORIENTED_EDGE('',*,*,#736,.T.);
#736 = EDGE_CURVE('',#729,#737,#739,.T.);
#737 = VERTEX_POINT('',#738);
#738 = CARTESIAN_POINT('',(4.38,2.527085,0.));
#739 = LINE('',#740,#741);
#740 = CARTESIAN_POINT('',(4.38,2.085974,0.));
#741 = VECTOR('',#742,1.);
#742 = DIRECTION('',(0.,1.,0.));
#743 = ORIENTED_EDGE('',*,*,#744,.F.);
#744 = EDGE_CURVE('',#745,#737,#747,.T.);
#745 = VERTEX_POINT('',#746);
#746 = CARTESIAN_POINT('',(5.78,2.527085,0.));
#747 = LINE('',#748,#749);
#748 = CARTESIAN_POINT('',(5.78,2.527085,0.));
#749 = VECTOR('',#750,1.);
#750 = DIRECTION('',(-1.,-0.,-0.));
#751 = ORIENTED_EDGE('',*,*,#752,.F.);
#752 = EDGE_CURVE('',#697,#745,#753,.T.);
#753 = LINE('',#754,#755);
#754 = CARTESIAN_POINT('',(5.78,2.085974,0.));
#755 = VECTOR('',#756,1.);
#756 = DIRECTION('',(0.,1.,0.));
#757 = FACE_BOUND('',#758,.F.);
#758 = EDGE_LOOP('',(#759,#769,#777,#785,#793,#801,#809,#817));
#759 = ORIENTED_EDGE('',*,*,#760,.F.);
#760 = EDGE_CURVE('',#761,#763,#765,.T.);
#761 = VERTEX_POINT('',#762);
#762 = CARTESIAN_POINT('',(8.69,2.085974,0.));
#763 = VERTEX_POINT('',#764);
#764 = CARTESIAN_POINT('',(8.32,2.085974,0.));
#765 = LINE('',#766,#767);
#766 = CARTESIAN_POINT('',(8.69,2.085974,0.));
#767 = VECTOR('',#768,1.);
#768 = DIRECTION('',(-1.,-0.,-0.));
#769 = ORIENTED_EDGE('',*,*,#770,.T.);
#770 = EDGE_CURVE('',#761,#771,#773,.T.);
#771 = VERTEX_POINT('',#772);
#772 = CARTESIAN_POINT('',(8.69,-2.225654,0.));
#773 = LINE('',#774,#775);
#774 = CARTESIAN_POINT('',(8.69,2.085974,0.));
#775 = VECTOR('',#776,1.);
#776 = DIRECTION('',(0.,-1.,0.));
#777 = ORIENTED_EDGE('',*,*,#778,.T.);
#778 = EDGE_CURVE('',#771,#779,#781,.T.);
#779 = VERTEX_POINT('',#780);
#780 = CARTESIAN_POINT('',(6.55,-2.225654,0.));
#781 = LINE('',#782,#783);
#782 = CARTESIAN_POINT('',(8.69,-2.225654,0.));
#783 = VECTOR('',#784,1.);
#784 = DIRECTION('',(-1.,-0.,-0.));
#785 = ORIENTED_EDGE('',*,*,#786,.F.);
#786 = EDGE_CURVE('',#787,#779,#789,.T.);
#787 = VERTEX_POINT('',#788);
#788 = CARTESIAN_POINT('',(6.55,2.085974,0.));
#789 = LINE('',#790,#791);
#790 = CARTESIAN_POINT('',(6.55,2.085974,0.));
#791 = VECTOR('',#792,1.);
#792 = DIRECTION('',(0.,-1.,0.));
#793 = ORIENTED_EDGE('',*,*,#794,.F.);
#794 = EDGE_CURVE('',#795,#787,#797,.T.);
#795 = VERTEX_POINT('',#796);
#796 = CARTESIAN_POINT('',(6.92,2.085974,0.));
#797 = LINE('',#798,#799);
#798 = CARTESIAN_POINT('',(8.69,2.085974,0.));
#799 = VECTOR('',#800,1.);
#800 = DIRECTION('',(-1.,-0.,-0.));
#801 = ORIENTED_EDGE('',*,*,#802,.T.);
#802 = EDGE_CURVE('',#795,#803,#805,.T.);
#803 = VERTEX_POINT('',#804);
#804 = CARTESIAN_POINT('',(6.92,2.527085,0.));
#805 = LINE('',#806,#807);
#806 = CARTESIAN_POINT('',(6.92,2.085974,0.));
#807 = VECTOR('',#808,1.);
#808 = DIRECTION('',(0.,1.,0.));
#809 = ORIENTED_EDGE('',*,*,#810,.F.);
#810 = EDGE_CURVE('',#811,#803,#813,.T.);
#811 = VERTEX_POINT('',#812);
#812 = CARTESIAN_POINT('',(8.32,2.527085,0.));
#813 = LINE('',#814,#815);
#814 = CARTESIAN_POINT('',(8.32,2.527085,0.));
#815 = VECTOR('',#816,1.);
#816 = DIRECTION('',(-1.,-0.,-0.));
#817 = ORIENTED_EDGE('',*,*,#818,.F.);
#818 = EDGE_CURVE('',#763,#811,#819,.T.);
#819 = LINE('',#820,#821);
#820 = CARTESIAN_POINT('',(8.32,2.085974,0.));
#821 = VECTOR('',#822,1.);
#822 = DIRECTION('',(0.,1.,0.));
#823 = FACE_BOUND('',#824,.F.);
#824 = EDGE_LOOP('',(#825,#835,#843,#851,#859,#867,#875,#883));
#825 = ORIENTED_EDGE('',*,*,#826,.F.);
#826 = EDGE_CURVE('',#827,#829,#831,.T.);
#827 = VERTEX_POINT('',#828);
#828 = CARTESIAN_POINT('',(11.23,2.085974,0.));
#829 = VERTEX_POINT('',#830);
#830 = CARTESIAN_POINT('',(10.86,2.085974,0.));
#831 = LINE('',#832,#833);
#832 = CARTESIAN_POINT('',(11.23,2.085974,0.));
#833 = VECTOR('',#834,1.);
#834 = DIRECTION('',(-1.,-0.,-0.));
#835 = ORIENTED_EDGE('',*,*,#836,.T.);
#836 = EDGE_CURVE('',#827,#837,#839,.T.);
#837 = VERTEX_POINT('',#838);
#838 = CARTESIAN_POINT('',(11.23,-2.225654,0.));
#839 = LINE('',#840,#841);
#840 = CARTESIAN_POINT('',(11.23,2.085974,0.));
#841 = VECTOR('',#842,1.);
#842 = DIRECTION('',(0.,-1.,0.));
#843 = ORIENTED_EDGE('',*,*,#844,.T.);
#844 = EDGE_CURVE('',#837,#845,#847,.T.);
#845 = VERTEX_POINT('',#846);
#846 = CARTESIAN_POINT('',(9.09,-2.225654,0.));
#847 = LINE('',#848,#849);
#848 = CARTESIAN_POINT('',(11.23,-2.225654,0.));
#849 = VECTOR('',#850,1.);
#850 = DIRECTION('',(-1.,-0.,-0.));
#851 = ORIENTED_EDGE('',*,*,#852,.F.);
#852 = EDGE_CURVE('',#853,#845,#855,.T.);
#853 = VERTEX_POINT('',#854);
#854 = CARTESIAN_POINT('',(9.09,2.085974,0.));
#855 = LINE('',#856,#857);
#856 = CARTESIAN_POINT('',(9.09,2.085974,0.));
#857 = VECTOR('',#858,1.);
#858 = DIRECTION('',(0.,-1.,0.));
#859 = ORIENTED_EDGE('',*,*,#860,.F.);
#860 = EDGE_CURVE('',#861,#853,#863,.T.);
#861 = VERTEX_POINT('',#862);
#862 = CARTESIAN_POINT('',(9.46,2.085974,0.));
#863 = LINE('',#864,#865);
#864 = CARTESIAN_POINT('',(11.23,2.085974,0.));
#865 = VECTOR('',#866,1.);
#866 = DIRECTION('',(-1.,-0.,-0.));
#867 = ORIENTED_EDGE('',*,*,#868,.T.);
#868 = EDGE_CURVE('',#861,#869,#871,.T.);
#869 = VERTEX_POINT('',#870);
#870 = CARTESIAN_POINT('',(9.46,2.527085,0.));
#871 = LINE('',#872,#873);
#872 = CARTESIAN_POINT('',(9.46,2.085974,0.));
#873 = VECTOR('',#874,1.);
#874 = DIRECTION('',(0.,1.,0.));
#875 = ORIENTED_EDGE('',*,*,#876,.F.);
#876 = EDGE_CURVE('',#877,#869,#879,.T.);
#877 = VERTEX_POINT('',#878);
#878 = CARTESIAN_POINT('',(10.86,2.527085,0.));
#879 = LINE('',#880,#881);
#880 = CARTESIAN_POINT('',(10.86,2.527085,0.));
#881 = VECTOR('',#882,1.);
#882 = DIRECTION('',(-1.,-0.,-0.));
#883 = ORIENTED_EDGE('',*,*,#884,.F.);
#884 = EDGE_CURVE('',#829,#877,#885,.T.);
#885 = LINE('',#886,#887);
#886 = CARTESIAN_POINT('',(10.86,2.085974,0.));
#887 = VECTOR('',#888,1.);
#888 = DIRECTION('',(0.,1.,0.));
#889 = PLANE('',#890);
#890 = AXIS2_PLACEMENT_3D('',#891,#892,#893);
#891 = CARTESIAN_POINT('',(11.63,3.,4.4E-16));
#892 = DIRECTION('',(0.,-7.E-17,1.));
#893 = DIRECTION('',(0.,-1.,-7.E-17));
#894 = ADVANCED_FACE('',(#895),#946,.T.);
#895 = FACE_BOUND('',#896,.F.);
#896 = EDGE_LOOP('',(#897,#907,#915,#923,#931,#937,#938,#939));
#897 = ORIENTED_EDGE('',*,*,#898,.T.);
#898 = EDGE_CURVE('',#899,#901,#903,.T.);
#899 = VERTEX_POINT('',#900);
#900 = CARTESIAN_POINT('',(11.63,-3.,5.25));
#901 = VERTEX_POINT('',#902);
#902 = CARTESIAN_POINT('',(11.63,-2.4,5.25));
#903 = LINE('',#904,#905);
#904 = CARTESIAN_POINT('',(11.63,-3.,5.25));
#905 = VECTOR('',#906,1.);
#906 = DIRECTION('',(0.,1.,0.));
#907 = ORIENTED_EDGE('',*,*,#908,.T.);
#908 = EDGE_CURVE('',#901,#909,#911,.T.);
#909 = VERTEX_POINT('',#910);
#910 = CARTESIAN_POINT('',(11.63,-1.5,8.5));
#911 = LINE('',#912,#913);
#912 = CARTESIAN_POINT('',(11.63,-2.4,5.25));
#913 = VECTOR('',#914,1.);
#914 = DIRECTION('',(0.,0.266879082981,0.963730021877));
#915 = ORIENTED_EDGE('',*,*,#916,.T.);
#916 = EDGE_CURVE('',#909,#917,#919,.T.);
#917 = VERTEX_POINT('',#918);
#918 = CARTESIAN_POINT('',(11.63,1.5,8.5));
#919 = LINE('',#920,#921);
#920 = CARTESIAN_POINT('',(11.63,-1.5,8.5));
#921 = VECTOR('',#922,1.);
#922 = DIRECTION('',(0.,1.,0.));
#923 = ORIENTED_EDGE('',*,*,#924,.T.);
#924 = EDGE_CURVE('',#917,#925,#927,.T.);
#925 = VERTEX_POINT('',#926);
#926 = CARTESIAN_POINT('',(11.63,3.,3.15));
#927 = LINE('',#928,#929);
#928 = CARTESIAN_POINT('',(11.63,1.5,8.5));
#929 = VECTOR('',#930,1.);
#930 = DIRECTION('',(0.,0.269963692325,-0.962870502626));
#931 = ORIENTED_EDGE('',*,*,#932,.T.);
#932 = EDGE_CURVE('',#925,#538,#933,.T.);
#933 = LINE('',#934,#935);
#934 = CARTESIAN_POINT('',(11.63,3.,3.15));
#935 = VECTOR('',#936,1.);
#936 = DIRECTION('',(0.,0.,-1.));
#937 = ORIENTED_EDGE('',*,*,#554,.T.);
#938 = ORIENTED_EDGE('',*,*,#353,.T.);
#939 = ORIENTED_EDGE('',*,*,#940,.F.);
#940 = EDGE_CURVE('',#899,#346,#941,.T.);
#941 = CIRCLE('',#942,0.3);
#942 = AXIS2_PLACEMENT_3D('',#943,#944,#945);
#943 = CARTESIAN_POINT('',(11.63,-3.,4.95));
#944 = DIRECTION('',(1.,0.,0.));
#945 = DIRECTION('',(0.,1.,0.));
#946 = PLANE('',#947);
#947 = AXIS2_PLACEMENT_3D('',#948,#949,#950);
#948 = CARTESIAN_POINT('',(11.63,-0.182842852606,3.789288595895));
#949 = DIRECTION('',(1.,0.,0.));
#950 = DIRECTION('',(0.,0.,1.));
#951 = ADVANCED_FACE('',(#952),#1003,.F.);
#952 = FACE_BOUND('',#953,.T.);
#953 = EDGE_LOOP('',(#954,#964,#972,#980,#988,#994,#995,#996));
#954 = ORIENTED_EDGE('',*,*,#955,.T.);
#955 = EDGE_CURVE('',#956,#958,#960,.T.);
#956 = VERTEX_POINT('',#957);
#957 = CARTESIAN_POINT('',(-1.47,-3.,5.25));
#958 = VERTEX_POINT('',#959);
#959 = CARTESIAN_POINT('',(-1.47,-2.4,5.25));
#960 = LINE('',#961,#962);
#961 = CARTESIAN_POINT('',(-1.47,-3.,5.25));
#962 = VECTOR('',#963,1.);
#963 = DIRECTION('',(0.,1.,0.));
#964 = ORIENTED_EDGE('',*,*,#965,.T.);
#965 = EDGE_CURVE('',#958,#966,#968,.T.);
#966 = VERTEX_POINT('',#967);
#967 = CARTESIAN_POINT('',(-1.47,-1.5,8.5));
#968 = LINE('',#969,#970);
#969 = CARTESIAN_POINT('',(-1.47,-2.4,5.25));
#970 = VECTOR('',#971,1.);
#971 = DIRECTION('',(0.,0.266879082981,0.963730021877));
#972 = ORIENTED_EDGE('',*,*,#973,.T.);
#973 = EDGE_CURVE('',#966,#974,#976,.T.);
#974 = VERTEX_POINT('',#975);
#975 = CARTESIAN_POINT('',(-1.47,1.5,8.5));
#976 = LINE('',#977,#978);
#977 = CARTESIAN_POINT('',(-1.47,-1.5,8.5));
#978 = VECTOR('',#979,1.);
#979 = DIRECTION('',(0.,1.,0.));
#980 = ORIENTED_EDGE('',*,*,#981,.T.);
#981 = EDGE_CURVE('',#974,#982,#984,.T.);
#982 = VERTEX_POINT('',#983);
#983 = CARTESIAN_POINT('',(-1.47,3.,3.15));
#984 = LINE('',#985,#986);
#985 = CARTESIAN_POINT('',(-1.47,1.5,8.5));
#986 = VECTOR('',#987,1.);
#987 = DIRECTION('',(0.,0.269963692325,-0.962870502626));
#988 = ORIENTED_EDGE('',*,*,#989,.T.);
#989 = EDGE_CURVE('',#982,#540,#990,.T.);
#990 = LINE('',#991,#992);
#991 = CARTESIAN_POINT('',(-1.47,3.,3.15));
#992 = VECTOR('',#993,1.);
#993 = DIRECTION('',(0.,0.,-1.));
#994 = ORIENTED_EDGE('',*,*,#547,.T.);
#995 = ORIENTED_EDGE('',*,*,#337,.T.);
#996 = ORIENTED_EDGE('',*,*,#997,.F.);
#997 = EDGE_CURVE('',#956,#338,#998,.T.);
#998 = CIRCLE('',#999,0.3);
#999 = AXIS2_PLACEMENT_3D('',#1000,#1001,#1002);
#1000 = CARTESIAN_POINT('',(-1.47,-3.,4.95));
#1001 = DIRECTION('',(1.,0.,0.));
#1002 = DIRECTION('',(0.,1.,0.));
#1003 = PLANE('',#1004);
#1004 = AXIS2_PLACEMENT_3D('',#1005,#1006,#1007);
#1005 = CARTESIAN_POINT('',(-1.47,-0.182842852606,3.789288595895));
#1006 = DIRECTION('',(1.,0.,0.));
#1007 = DIRECTION('',(0.,0.,1.));
#1008 = ADVANCED_FACE('',(#1009),#1020,.T.);
#1009 = FACE_BOUND('',#1010,.T.);
#1010 = EDGE_LOOP('',(#1011,#1017,#1018,#1019));
#1011 = ORIENTED_EDGE('',*,*,#1012,.T.);
#1012 = EDGE_CURVE('',#899,#956,#1013,.T.);
#1013 = LINE('',#1014,#1015);
#1014 = CARTESIAN_POINT('',(11.63,-3.,5.25));
#1015 = VECTOR('',#1016,1.);
#1016 = DIRECTION('',(-1.,-0.,-0.));
#1017 = ORIENTED_EDGE('',*,*,#997,.T.);
#1018 = ORIENTED_EDGE('',*,*,#345,.F.);
#1019 = ORIENTED_EDGE('',*,*,#940,.F.);
#1020 = CYLINDRICAL_SURFACE('',#1021,0.3);
#1021 = AXIS2_PLACEMENT_3D('',#1022,#1023,#1024);
#1022 = CARTESIAN_POINT('',(11.63,-3.,4.95));
#1023 = DIRECTION('',(1.,0.,0.));
#1024 = DIRECTION('',(0.,1.,0.));
#1025 = ADVANCED_FACE('',(#1026),#1051,.F.);
#1026 = FACE_BOUND('',#1027,.T.);
#1027 = EDGE_LOOP('',(#1028,#1036,#1044,#1050));
#1028 = ORIENTED_EDGE('',*,*,#1029,.T.);
#1029 = EDGE_CURVE('',#364,#1030,#1032,.T.);
#1030 = VERTEX_POINT('',#1031);
#1031 = CARTESIAN_POINT('',(0.67,-2.5,1.532840329046));
#1032 = LINE('',#1033,#1034);
#1033 = CARTESIAN_POINT('',(0.857111111111,-2.874222222222,
    1.065062551269));
#1034 = VECTOR('',#1035,1.);
#1035 = DIRECTION('',(-0.298142397,0.596284794,0.7453559925));
#1036 = ORIENTED_EDGE('',*,*,#1037,.F.);
#1037 = EDGE_CURVE('',#1038,#1030,#1040,.T.);
#1038 = VERTEX_POINT('',#1039);
#1039 = CARTESIAN_POINT('',(-0.67,-2.5,1.532840329046));
#1040 = LINE('',#1041,#1042);
#1041 = CARTESIAN_POINT('',(-0.67,-2.5,1.532840329046));
#1042 = VECTOR('',#1043,1.);
#1043 = DIRECTION('',(1.,0.,0.));
#1044 = ORIENTED_EDGE('',*,*,#1045,.F.);
#1045 = EDGE_CURVE('',#362,#1038,#1046,.T.);
#1046 = LINE('',#1047,#1048);
#1047 = CARTESIAN_POINT('',(-0.805555555556,-2.771111111111,
    1.193951440157));
#1048 = VECTOR('',#1049,1.);
#1049 = DIRECTION('',(0.298142397,0.596284794,0.7453559925));
#1050 = ORIENTED_EDGE('',*,*,#361,.T.);
#1051 = PLANE('',#1052);
#1052 = AXIS2_PLACEMENT_3D('',#1053,#1054,#1055);
#1053 = CARTESIAN_POINT('',(-0.67,-2.9,1.032840329046));
#1054 = DIRECTION('',(0.,0.780868809443,-0.624695047554));
#1055 = DIRECTION('',(-1.,-0.,-0.));
#1056 = ADVANCED_FACE('',(#1057),#1075,.F.);
#1057 = FACE_BOUND('',#1058,.T.);
#1058 = EDGE_LOOP('',(#1059,#1060,#1061,#1069));
#1059 = ORIENTED_EDGE('',*,*,#1029,.F.);
#1060 = ORIENTED_EDGE('',*,*,#371,.T.);
#1061 = ORIENTED_EDGE('',*,*,#1062,.T.);
#1062 = EDGE_CURVE('',#372,#1063,#1065,.T.);
#1063 = VERTEX_POINT('',#1064);
#1064 = CARTESIAN_POINT('',(0.67,-2.5,3.132840329046));
#1065 = LINE('',#1066,#1067);
#1066 = CARTESIAN_POINT('',(0.529420289855,-2.21884057971,2.640811343539
    ));
#1067 = VECTOR('',#1068,1.);
#1068 = DIRECTION('',(-0.240771706172,0.481543412343,-0.8427009716));
#1069 = ORIENTED_EDGE('',*,*,#1070,.F.);
#1070 = EDGE_CURVE('',#1030,#1063,#1071,.T.);
#1071 = LINE('',#1072,#1073);
#1072 = CARTESIAN_POINT('',(0.67,-2.5,0.532840329046));
#1073 = VECTOR('',#1074,1.);
#1074 = DIRECTION('',(0.,9.E-17,1.));
#1075 = PLANE('',#1076);
#1076 = AXIS2_PLACEMENT_3D('',#1077,#1078,#1079);
#1077 = CARTESIAN_POINT('',(0.87,-2.9,0.532840329046));
#1078 = DIRECTION('',(0.894427191,0.4472135955,-4.179956513587E-17));
#1079 = DIRECTION('',(-1.386667629497E-18,-9.069333381475E-17,-1.));
#1080 = ADVANCED_FACE('',(#1081),#1099,.T.);
#1081 = FACE_BOUND('',#1082,.T.);
#1082 = EDGE_LOOP('',(#1083,#1091,#1092,#1093));
#1083 = ORIENTED_EDGE('',*,*,#1084,.F.);
#1084 = EDGE_CURVE('',#380,#1085,#1087,.T.);
#1085 = VERTEX_POINT('',#1086);
#1086 = CARTESIAN_POINT('',(-0.67,-2.5,3.132840329046));
#1087 = LINE('',#1088,#1089);
#1088 = CARTESIAN_POINT('',(-0.896376811594,-2.952753623188,
    3.925159169626));
#1089 = VECTOR('',#1090,1.);
#1090 = DIRECTION('',(0.240771706172,0.481543412343,-0.8427009716));
#1091 = ORIENTED_EDGE('',*,*,#387,.T.);
#1092 = ORIENTED_EDGE('',*,*,#1045,.T.);
#1093 = ORIENTED_EDGE('',*,*,#1094,.F.);
#1094 = EDGE_CURVE('',#1085,#1038,#1095,.T.);
#1095 = LINE('',#1096,#1097);
#1096 = CARTESIAN_POINT('',(-0.67,-2.5,3.132840329046));
#1097 = VECTOR('',#1098,1.);
#1098 = DIRECTION('',(0.,-9.E-17,-1.));
#1099 = PLANE('',#1100);
#1100 = AXIS2_PLACEMENT_3D('',#1101,#1102,#1103);
#1101 = CARTESIAN_POINT('',(-0.92579471366,-3.011589427321,
    2.512761325567));
#1102 = DIRECTION('',(0.894427191,-0.4472135955,0.));
#1103 = DIRECTION('',(0.4472135955,0.894427191,0.));
#1104 = ADVANCED_FACE('',(#1105),#1116,.F.);
#1105 = FACE_BOUND('',#1106,.T.);
#1106 = EDGE_LOOP('',(#1107,#1108,#1109,#1110));
#1107 = ORIENTED_EDGE('',*,*,#1062,.F.);
#1108 = ORIENTED_EDGE('',*,*,#379,.T.);
#1109 = ORIENTED_EDGE('',*,*,#1084,.T.);
#1110 = ORIENTED_EDGE('',*,*,#1111,.F.);
#1111 = EDGE_CURVE('',#1063,#1085,#1112,.T.);
#1112 = LINE('',#1113,#1114);
#1113 = CARTESIAN_POINT('',(0.67,-2.5,3.132840329046));
#1114 = VECTOR('',#1115,1.);
#1115 = DIRECTION('',(-1.,0.,0.));
#1116 = PLANE('',#1117);
#1117 = AXIS2_PLACEMENT_3D('',#1118,#1119,#1120);
#1118 = CARTESIAN_POINT('',(0.67,-2.9,3.832840329046));
#1119 = DIRECTION('',(0.,0.868243142124,0.496138938357));
#1120 = DIRECTION('',(1.,0.,0.));
#1121 = ADVANCED_FACE('',(#1122),#1138,.T.);
#1122 = FACE_BOUND('',#1123,.T.);
#1123 = EDGE_LOOP('',(#1124,#1130,#1131,#1137));
#1124 = ORIENTED_EDGE('',*,*,#1125,.F.);
#1125 = EDGE_CURVE('',#396,#305,#1126,.T.);
#1126 = LINE('',#1127,#1128);
#1127 = CARTESIAN_POINT('',(1.643623188406,-2.952753623188,
    3.925159169626));
#1128 = VECTOR('',#1129,1.);
#1129 = DIRECTION('',(0.240771706172,0.481543412343,-0.8427009716));
#1130 = ORIENTED_EDGE('',*,*,#395,.T.);
#1131 = ORIENTED_EDGE('',*,*,#1132,.T.);
#1132 = EDGE_CURVE('',#398,#267,#1133,.T.);
#1133 = LINE('',#1134,#1135);
#1134 = CARTESIAN_POINT('',(1.734444444444,-2.771111111111,
    1.193951440157));
#1135 = VECTOR('',#1136,1.);
#1136 = DIRECTION('',(0.298142397,0.596284794,0.7453559925));
#1137 = ORIENTED_EDGE('',*,*,#312,.F.);
#1138 = PLANE('',#1139);
#1139 = AXIS2_PLACEMENT_3D('',#1140,#1141,#1142);
#1140 = CARTESIAN_POINT('',(1.61420528634,-3.011589427321,2.512761325567
    ));
#1141 = DIRECTION('',(0.894427191,-0.4472135955,0.));
#1142 = DIRECTION('',(0.4472135955,0.894427191,0.));
#1143 = ADVANCED_FACE('',(#1144),#1167,.F.);
#1144 = FACE_BOUND('',#1145,.T.);
#1145 = EDGE_LOOP('',(#1146,#1152,#1153,#1161));
#1146 = ORIENTED_EDGE('',*,*,#1147,.F.);
#1147 = EDGE_CURVE('',#406,#275,#1148,.T.);
#1148 = LINE('',#1149,#1150);
#1149 = CARTESIAN_POINT('',(3.397111111111,-2.874222222222,
    1.065062551269));
#1150 = VECTOR('',#1151,1.);
#1151 = DIRECTION('',(-0.298142397,0.596284794,0.7453559925));
#1152 = ORIENTED_EDGE('',*,*,#413,.T.);
#1153 = ORIENTED_EDGE('',*,*,#1154,.T.);
#1154 = EDGE_CURVE('',#414,#1155,#1157,.T.);
#1155 = VERTEX_POINT('',#1156);
#1156 = CARTESIAN_POINT('',(3.21,-2.5,3.132840329046));
#1157 = LINE('',#1158,#1159);
#1158 = CARTESIAN_POINT('',(3.069420289855,-2.21884057971,2.640811343539
    ));
#1159 = VECTOR('',#1160,1.);
#1160 = DIRECTION('',(-0.240771706172,0.481543412343,-0.8427009716));
#1161 = ORIENTED_EDGE('',*,*,#1162,.F.);
#1162 = EDGE_CURVE('',#275,#1155,#1163,.T.);
#1163 = LINE('',#1164,#1165);
#1164 = CARTESIAN_POINT('',(3.21,-2.5,0.532840329046));
#1165 = VECTOR('',#1166,1.);
#1166 = DIRECTION('',(0.,9.E-17,1.));
#1167 = PLANE('',#1168);
#1168 = AXIS2_PLACEMENT_3D('',#1169,#1170,#1171);
#1169 = CARTESIAN_POINT('',(3.41,-2.9,0.532840329046));
#1170 = DIRECTION('',(0.894427191,0.4472135955,-4.179956513587E-17));
#1171 = DIRECTION('',(-1.386667629497E-18,-9.069333381475E-17,-1.));
#1172 = ADVANCED_FACE('',(#1173),#1189,.T.);
#1173 = FACE_BOUND('',#1174,.T.);
#1174 = EDGE_LOOP('',(#1175,#1181,#1182,#1188));
#1175 = ORIENTED_EDGE('',*,*,#1176,.F.);
#1176 = EDGE_CURVE('',#430,#234,#1177,.T.);
#1177 = LINE('',#1178,#1179);
#1178 = CARTESIAN_POINT('',(4.183623188406,-2.952753623188,
    3.925159169626));
#1179 = VECTOR('',#1180,1.);
#1180 = DIRECTION('',(0.240771706172,0.481543412343,-0.8427009716));
#1181 = ORIENTED_EDGE('',*,*,#429,.T.);
#1182 = ORIENTED_EDGE('',*,*,#1183,.T.);
#1183 = EDGE_CURVE('',#432,#196,#1184,.T.);
#1184 = LINE('',#1185,#1186);
#1185 = CARTESIAN_POINT('',(4.274444444444,-2.771111111111,
    1.193951440157));
#1186 = VECTOR('',#1187,1.);
#1187 = DIRECTION('',(0.298142397,0.596284794,0.7453559925));
#1188 = ORIENTED_EDGE('',*,*,#241,.F.);
#1189 = PLANE('',#1190);
#1190 = AXIS2_PLACEMENT_3D('',#1191,#1192,#1193);
#1191 = CARTESIAN_POINT('',(4.15420528634,-3.011589427321,2.512761325567
    ));
#1192 = DIRECTION('',(0.894427191,-0.4472135955,0.));
#1193 = DIRECTION('',(0.4472135955,0.894427191,0.));
#1194 = ADVANCED_FACE('',(#1195),#1218,.F.);
#1195 = FACE_BOUND('',#1196,.T.);
#1196 = EDGE_LOOP('',(#1197,#1203,#1204,#1212));
#1197 = ORIENTED_EDGE('',*,*,#1198,.F.);
#1198 = EDGE_CURVE('',#440,#204,#1199,.T.);
#1199 = LINE('',#1200,#1201);
#1200 = CARTESIAN_POINT('',(5.937111111111,-2.874222222222,
    1.065062551269));
#1201 = VECTOR('',#1202,1.);
#1202 = DIRECTION('',(-0.298142397,0.596284794,0.7453559925));
#1203 = ORIENTED_EDGE('',*,*,#447,.T.);
#1204 = ORIENTED_EDGE('',*,*,#1205,.T.);
#1205 = EDGE_CURVE('',#448,#1206,#1208,.T.);
#1206 = VERTEX_POINT('',#1207);
#1207 = CARTESIAN_POINT('',(5.75,-2.5,3.132840329046));
#1208 = LINE('',#1209,#1210);
#1209 = CARTESIAN_POINT('',(5.609420289855,-2.21884057971,2.640811343539
    ));
#1210 = VECTOR('',#1211,1.);
#1211 = DIRECTION('',(-0.240771706172,0.481543412343,-0.8427009716));
#1212 = ORIENTED_EDGE('',*,*,#1213,.F.);
#1213 = EDGE_CURVE('',#204,#1206,#1214,.T.);
#1214 = LINE('',#1215,#1216);
#1215 = CARTESIAN_POINT('',(5.75,-2.5,0.532840329046));
#1216 = VECTOR('',#1217,1.);
#1217 = DIRECTION('',(0.,9.E-17,1.));
#1218 = PLANE('',#1219);
#1219 = AXIS2_PLACEMENT_3D('',#1220,#1221,#1222);
#1220 = CARTESIAN_POINT('',(5.95,-2.9,0.532840329046));
#1221 = DIRECTION('',(0.894427191,0.4472135955,-4.179956513587E-17));
#1222 = DIRECTION('',(-1.386667629497E-18,-9.069333381475E-17,-1.));
#1223 = ADVANCED_FACE('',(#1224),#1240,.T.);
#1224 = FACE_BOUND('',#1225,.T.);
#1225 = EDGE_LOOP('',(#1226,#1232,#1233,#1239));
#1226 = ORIENTED_EDGE('',*,*,#1227,.F.);
#1227 = EDGE_CURVE('',#464,#163,#1228,.T.);
#1228 = LINE('',#1229,#1230);
#1229 = CARTESIAN_POINT('',(6.723623188406,-2.952753623188,
    3.925159169626));
#1230 = VECTOR('',#1231,1.);
#1231 = DIRECTION('',(0.240771706172,0.481543412343,-0.8427009716));
#1232 = ORIENTED_EDGE('',*,*,#463,.T.);
#1233 = ORIENTED_EDGE('',*,*,#1234,.T.);
#1234 = EDGE_CURVE('',#466,#125,#1235,.T.);
#1235 = LINE('',#1236,#1237);
#1236 = CARTESIAN_POINT('',(6.814444444444,-2.771111111111,
    1.193951440157));
#1237 = VECTOR('',#1238,1.);
#1238 = DIRECTION('',(0.298142397,0.596284794,0.7453559925));
#1239 = ORIENTED_EDGE('',*,*,#170,.F.);
#1240 = PLANE('',#1241);
#1241 = AXIS2_PLACEMENT_3D('',#1242,#1243,#1244);
#1242 = CARTESIAN_POINT('',(6.69420528634,-3.011589427321,2.512761325567
    ));
#1243 = DIRECTION('',(0.894427191,-0.4472135955,0.));
#1244 = DIRECTION('',(0.4472135955,0.894427191,0.));
#1245 = ADVANCED_FACE('',(#1246),#1269,.F.);
#1246 = FACE_BOUND('',#1247,.T.);
#1247 = EDGE_LOOP('',(#1248,#1254,#1255,#1263));
#1248 = ORIENTED_EDGE('',*,*,#1249,.F.);
#1249 = EDGE_CURVE('',#474,#133,#1250,.T.);
#1250 = LINE('',#1251,#1252);
#1251 = CARTESIAN_POINT('',(8.477111111111,-2.874222222222,
    1.065062551269));
#1252 = VECTOR('',#1253,1.);
#1253 = DIRECTION('',(-0.298142397,0.596284794,0.7453559925));
#1254 = ORIENTED_EDGE('',*,*,#481,.T.);
#1255 = ORIENTED_EDGE('',*,*,#1256,.T.);
#1256 = EDGE_CURVE('',#482,#1257,#1259,.T.);
#1257 = VERTEX_POINT('',#1258);
#1258 = CARTESIAN_POINT('',(8.29,-2.5,3.132840329046));
#1259 = LINE('',#1260,#1261);
#1260 = CARTESIAN_POINT('',(8.149420289855,-2.21884057971,2.640811343539
    ));
#1261 = VECTOR('',#1262,1.);
#1262 = DIRECTION('',(-0.240771706172,0.481543412343,-0.8427009716));
#1263 = ORIENTED_EDGE('',*,*,#1264,.F.);
#1264 = EDGE_CURVE('',#133,#1257,#1265,.T.);
#1265 = LINE('',#1266,#1267);
#1266 = CARTESIAN_POINT('',(8.29,-2.5,0.532840329046));
#1267 = VECTOR('',#1268,1.);
#1268 = DIRECTION('',(0.,9.E-17,1.));
#1269 = PLANE('',#1270);
#1270 = AXIS2_PLACEMENT_3D('',#1271,#1272,#1273);
#1271 = CARTESIAN_POINT('',(8.49,-2.9,0.532840329046));
#1272 = DIRECTION('',(0.894427191,0.4472135955,-4.179956513587E-17));
#1273 = DIRECTION('',(-1.386667629497E-18,-9.069333381475E-17,-1.));
#1274 = ADVANCED_FACE('',(#1275),#1291,.T.);
#1275 = FACE_BOUND('',#1276,.T.);
#1276 = EDGE_LOOP('',(#1277,#1283,#1284,#1290));
#1277 = ORIENTED_EDGE('',*,*,#1278,.F.);
#1278 = EDGE_CURVE('',#498,#92,#1279,.T.);
#1279 = LINE('',#1280,#1281);
#1280 = CARTESIAN_POINT('',(9.263623188406,-2.952753623188,
    3.925159169626));
#1281 = VECTOR('',#1282,1.);
#1282 = DIRECTION('',(0.240771706172,0.481543412343,-0.8427009716));
#1283 = ORIENTED_EDGE('',*,*,#497,.T.);
#1284 = ORIENTED_EDGE('',*,*,#1285,.T.);
#1285 = EDGE_CURVE('',#500,#54,#1286,.T.);
#1286 = LINE('',#1287,#1288);
#1287 = CARTESIAN_POINT('',(9.354444444444,-2.771111111111,
    1.193951440157));
#1288 = VECTOR('',#1289,1.);
#1289 = DIRECTION('',(0.298142397,0.596284794,0.7453559925));
#1290 = ORIENTED_EDGE('',*,*,#99,.F.);
#1291 = PLANE('',#1292);
#1292 = AXIS2_PLACEMENT_3D('',#1293,#1294,#1295);
#1293 = CARTESIAN_POINT('',(9.23420528634,-3.011589427321,2.512761325567
    ));
#1294 = DIRECTION('',(0.894427191,-0.4472135955,0.));
#1295 = DIRECTION('',(0.4472135955,0.894427191,0.));
#1296 = ADVANCED_FACE('',(#1297),#1320,.F.);
#1297 = FACE_BOUND('',#1298,.T.);
#1298 = EDGE_LOOP('',(#1299,#1305,#1306,#1314));
#1299 = ORIENTED_EDGE('',*,*,#1300,.F.);
#1300 = EDGE_CURVE('',#508,#62,#1301,.T.);
#1301 = LINE('',#1302,#1303);
#1302 = CARTESIAN_POINT('',(11.017111111111,-2.874222222222,
    1.065062551269));
#1303 = VECTOR('',#1304,1.);
#1304 = DIRECTION('',(-0.298142397,0.596284794,0.7453559925));
#1305 = ORIENTED_EDGE('',*,*,#515,.T.);
#1306 = ORIENTED_EDGE('',*,*,#1307,.T.);
#1307 = EDGE_CURVE('',#516,#1308,#1310,.T.);
#1308 = VERTEX_POINT('',#1309);
#1309 = CARTESIAN_POINT('',(10.83,-2.5,3.132840329046));
#1310 = LINE('',#1311,#1312);
#1311 = CARTESIAN_POINT('',(10.689420289855,-2.21884057971,
    2.640811343539));
#1312 = VECTOR('',#1313,1.);
#1313 = DIRECTION('',(-0.240771706172,0.481543412343,-0.8427009716));
#1314 = ORIENTED_EDGE('',*,*,#1315,.F.);
#1315 = EDGE_CURVE('',#62,#1308,#1316,.T.);
#1316 = LINE('',#1317,#1318);
#1317 = CARTESIAN_POINT('',(10.83,-2.5,0.532840329046));
#1318 = VECTOR('',#1319,1.);
#1319 = DIRECTION('',(0.,9.E-17,1.));
#1320 = PLANE('',#1321);
#1321 = AXIS2_PLACEMENT_3D('',#1322,#1323,#1324);
#1322 = CARTESIAN_POINT('',(11.03,-2.9,0.532840329046));
#1323 = DIRECTION('',(0.894427191,0.4472135955,-4.179956513587E-17));
#1324 = DIRECTION('',(-1.386667629497E-18,-9.069333381475E-17,-1.));
#1325 = ADVANCED_FACE('',(#1326),#1497,.F.);
#1326 = FACE_BOUND('',#1327,.F.);
#1327 = EDGE_LOOP('',(#1328,#1329,#1337,#1345,#1353,#1361,#1369,#1377,
    #1385,#1393,#1401,#1409,#1417,#1425,#1433,#1441,#1449,#1457,#1465,
    #1473,#1481,#1489,#1495,#1496));
#1328 = ORIENTED_EDGE('',*,*,#932,.F.);
#1329 = ORIENTED_EDGE('',*,*,#1330,.T.);
#1330 = EDGE_CURVE('',#925,#1331,#1333,.T.);
#1331 = VERTEX_POINT('',#1332);
#1332 = CARTESIAN_POINT('',(10.86,3.,3.15));
#1333 = LINE('',#1334,#1335);
#1334 = CARTESIAN_POINT('',(11.63,3.,3.15));
#1335 = VECTOR('',#1336,1.);
#1336 = DIRECTION('',(-1.,-0.,-0.));
#1337 = ORIENTED_EDGE('',*,*,#1338,.F.);
#1338 = EDGE_CURVE('',#1339,#1331,#1341,.T.);
#1339 = VERTEX_POINT('',#1340);
#1340 = CARTESIAN_POINT('',(10.86,3.,1.5091518));
#1341 = LINE('',#1342,#1343);
#1342 = CARTESIAN_POINT('',(10.86,3.,2.823773498156));
#1343 = VECTOR('',#1344,1.);
#1344 = DIRECTION('',(0.,0.,1.));
#1345 = ORIENTED_EDGE('',*,*,#1346,.F.);
#1346 = EDGE_CURVE('',#1347,#1339,#1349,.T.);
#1347 = VERTEX_POINT('',#1348);
#1348 = CARTESIAN_POINT('',(9.46,3.,1.5091518));
#1349 = LINE('',#1350,#1351);
#1350 = CARTESIAN_POINT('',(11.245,3.,1.5091518));
#1351 = VECTOR('',#1352,1.);
#1352 = DIRECTION('',(1.,0.,0.));
#1353 = ORIENTED_EDGE('',*,*,#1354,.T.);
#1354 = EDGE_CURVE('',#1347,#1355,#1357,.T.);
#1355 = VERTEX_POINT('',#1356);
#1356 = CARTESIAN_POINT('',(9.46,3.,3.15));
#1357 = LINE('',#1358,#1359);
#1358 = CARTESIAN_POINT('',(9.46,3.,2.823773498156));
#1359 = VECTOR('',#1360,1.);
#1360 = DIRECTION('',(0.,0.,1.));
#1361 = ORIENTED_EDGE('',*,*,#1362,.T.);
#1362 = EDGE_CURVE('',#1355,#1363,#1365,.T.);
#1363 = VERTEX_POINT('',#1364);
#1364 = CARTESIAN_POINT('',(8.32,3.,3.15));
#1365 = LINE('',#1366,#1367);
#1366 = CARTESIAN_POINT('',(11.63,3.,3.15));
#1367 = VECTOR('',#1368,1.);
#1368 = DIRECTION('',(-1.,-0.,-0.));
#1369 = ORIENTED_EDGE('',*,*,#1370,.F.);
#1370 = EDGE_CURVE('',#1371,#1363,#1373,.T.);
#1371 = VERTEX_POINT('',#1372);
#1372 = CARTESIAN_POINT('',(8.32,3.,1.5091518));
#1373 = LINE('',#1374,#1375);
#1374 = CARTESIAN_POINT('',(8.32,3.,2.823773498156));
#1375 = VECTOR('',#1376,1.);
#1376 = DIRECTION('',(0.,0.,1.));
#1377 = ORIENTED_EDGE('',*,*,#1378,.F.);
#1378 = EDGE_CURVE('',#1379,#1371,#1381,.T.);
#1379 = VERTEX_POINT('',#1380);
#1380 = CARTESIAN_POINT('',(6.92,3.,1.5091518));
#1381 = LINE('',#1382,#1383);
#1382 = CARTESIAN_POINT('',(9.975,3.,1.5091518));
#1383 = VECTOR('',#1384,1.);
#1384 = DIRECTION('',(1.,0.,0.));
#1385 = ORIENTED_EDGE('',*,*,#1386,.T.);
#1386 = EDGE_CURVE('',#1379,#1387,#1389,.T.);
#1387 = VERTEX_POINT('',#1388);
#1388 = CARTESIAN_POINT('',(6.92,3.,3.15));
#1389 = LINE('',#1390,#1391);
#1390 = CARTESIAN_POINT('',(6.92,3.,2.823773498156));
#1391 = VECTOR('',#1392,1.);
#1392 = DIRECTION('',(0.,0.,1.));
#1393 = ORIENTED_EDGE('',*,*,#1394,.T.);
#1394 = EDGE_CURVE('',#1387,#1395,#1397,.T.);
#1395 = VERTEX_POINT('',#1396);
#1396 = CARTESIAN_POINT('',(5.78,3.,3.15));
#1397 = LINE('',#1398,#1399);
#1398 = CARTESIAN_POINT('',(11.63,3.,3.15));
#1399 = VECTOR('',#1400,1.);
#1400 = DIRECTION('',(-1.,-0.,-0.));
#1401 = ORIENTED_EDGE('',*,*,#1402,.F.);
#1402 = EDGE_CURVE('',#1403,#1395,#1405,.T.);
#1403 = VERTEX_POINT('',#1404);
#1404 = CARTESIAN_POINT('',(5.78,3.,1.5091518));
#1405 = LINE('',#1406,#1407);
#1406 = CARTESIAN_POINT('',(5.78,3.,2.823773498156));
#1407 = VECTOR('',#1408,1.);
#1408 = DIRECTION('',(0.,0.,1.));
#1409 = ORIENTED_EDGE('',*,*,#1410,.F.);
#1410 = EDGE_CURVE('',#1411,#1403,#1413,.T.);
#1411 = VERTEX_POINT('',#1412);
#1412 = CARTESIAN_POINT('',(4.38,3.,1.5091518));
#1413 = LINE('',#1414,#1415);
#1414 = CARTESIAN_POINT('',(8.705,3.,1.5091518));
#1415 = VECTOR('',#1416,1.);
#1416 = DIRECTION('',(1.,0.,0.));
#1417 = ORIENTED_EDGE('',*,*,#1418,.T.);
#1418 = EDGE_CURVE('',#1411,#1419,#1421,.T.);
#1419 = VERTEX_POINT('',#1420);
#1420 = CARTESIAN_POINT('',(4.38,3.,3.15));
#1421 = LINE('',#1422,#1423);
#1422 = CARTESIAN_POINT('',(4.38,3.,2.823773498156));
#1423 = VECTOR('',#1424,1.);
#1424 = DIRECTION('',(0.,0.,1.));
#1425 = ORIENTED_EDGE('',*,*,#1426,.T.);
#1426 = EDGE_CURVE('',#1419,#1427,#1429,.T.);
#1427 = VERTEX_POINT('',#1428);
#1428 = CARTESIAN_POINT('',(3.24,3.,3.15));
#1429 = LINE('',#1430,#1431);
#1430 = CARTESIAN_POINT('',(11.63,3.,3.15));
#1431 = VECTOR('',#1432,1.);
#1432 = DIRECTION('',(-1.,-0.,-0.));
#1433 = ORIENTED_EDGE('',*,*,#1434,.F.);
#1434 = EDGE_CURVE('',#1435,#1427,#1437,.T.);
#1435 = VERTEX_POINT('',#1436);
#1436 = CARTESIAN_POINT('',(3.24,3.,1.5091518));
#1437 = LINE('',#1438,#1439);
#1438 = CARTESIAN_POINT('',(3.24,3.,2.823773498156));
#1439 = VECTOR('',#1440,1.);
#1440 = DIRECTION('',(0.,0.,1.));
#1441 = ORIENTED_EDGE('',*,*,#1442,.F.);
#1442 = EDGE_CURVE('',#1443,#1435,#1445,.T.);
#1443 = VERTEX_POINT('',#1444);
#1444 = CARTESIAN_POINT('',(1.84,3.,1.5091518));
#1445 = LINE('',#1446,#1447);
#1446 = CARTESIAN_POINT('',(7.435,3.,1.5091518));
#1447 = VECTOR('',#1448,1.);
#1448 = DIRECTION('',(1.,0.,0.));
#1449 = ORIENTED_EDGE('',*,*,#1450,.T.);
#1450 = EDGE_CURVE('',#1443,#1451,#1453,.T.);
#1451 = VERTEX_POINT('',#1452);
#1452 = CARTESIAN_POINT('',(1.84,3.,3.15));
#1453 = LINE('',#1454,#1455);
#1454 = CARTESIAN_POINT('',(1.84,3.,2.823773498156));
#1455 = VECTOR('',#1456,1.);
#1456 = DIRECTION('',(0.,0.,1.));
#1457 = ORIENTED_EDGE('',*,*,#1458,.T.);
#1458 = EDGE_CURVE('',#1451,#1459,#1461,.T.);
#1459 = VERTEX_POINT('',#1460);
#1460 = CARTESIAN_POINT('',(0.7,3.,3.15));
#1461 = LINE('',#1462,#1463);
#1462 = CARTESIAN_POINT('',(11.63,3.,3.15));
#1463 = VECTOR('',#1464,1.);
#1464 = DIRECTION('',(-1.,-0.,-0.));
#1465 = ORIENTED_EDGE('',*,*,#1466,.F.);
#1466 = EDGE_CURVE('',#1467,#1459,#1469,.T.);
#1467 = VERTEX_POINT('',#1468);
#1468 = CARTESIAN_POINT('',(0.7,3.,1.5091518));
#1469 = LINE('',#1470,#1471);
#1470 = CARTESIAN_POINT('',(0.7,3.,2.823773498156));
#1471 = VECTOR('',#1472,1.);
#1472 = DIRECTION('',(0.,0.,1.));
#1473 = ORIENTED_EDGE('',*,*,#1474,.F.);
#1474 = EDGE_CURVE('',#1475,#1467,#1477,.T.);
#1475 = VERTEX_POINT('',#1476);
#1476 = CARTESIAN_POINT('',(-0.7,3.,1.5091518));
#1477 = LINE('',#1478,#1479);
#1478 = CARTESIAN_POINT('',(6.165,3.,1.5091518));
#1479 = VECTOR('',#1480,1.);
#1480 = DIRECTION('',(1.,0.,0.));
#1481 = ORIENTED_EDGE('',*,*,#1482,.T.);
#1482 = EDGE_CURVE('',#1475,#1483,#1485,.T.);
#1483 = VERTEX_POINT('',#1484);
#1484 = CARTESIAN_POINT('',(-0.7,3.,3.15));
#1485 = LINE('',#1486,#1487);
#1486 = CARTESIAN_POINT('',(-0.7,3.,2.823773498156));
#1487 = VECTOR('',#1488,1.);
#1488 = DIRECTION('',(0.,0.,1.));
#1489 = ORIENTED_EDGE('',*,*,#1490,.T.);
#1490 = EDGE_CURVE('',#1483,#982,#1491,.T.);
#1491 = LINE('',#1492,#1493);
#1492 = CARTESIAN_POINT('',(11.63,3.,3.15));
#1493 = VECTOR('',#1494,1.);
#1494 = DIRECTION('',(-1.,-0.,-0.));
#1495 = ORIENTED_EDGE('',*,*,#989,.T.);
#1496 = ORIENTED_EDGE('',*,*,#537,.F.);
#1497 = PLANE('',#1498);
#1498 = AXIS2_PLACEMENT_3D('',#1499,#1500,#1501);
#1499 = CARTESIAN_POINT('',(11.63,3.,3.15));
#1500 = DIRECTION('',(0.,-1.,0.));
#1501 = DIRECTION('',(0.,0.,-1.));
#1502 = ADVANCED_FACE('',(#1503),#1551,.T.);
#1503 = FACE_BOUND('',#1504,.T.);
#1504 = EDGE_LOOP('',(#1505,#1513,#1521,#1527,#1528,#1536,#1544,#1550));
#1505 = ORIENTED_EDGE('',*,*,#1506,.F.);
#1506 = EDGE_CURVE('',#1507,#563,#1509,.T.);
#1507 = VERTEX_POINT('',#1508);
#1508 = CARTESIAN_POINT('',(1.07,2.085974,4.594855));
#1509 = LINE('',#1510,#1511);
#1510 = CARTESIAN_POINT('',(1.07,2.085974,4.594855));
#1511 = VECTOR('',#1512,1.);
#1512 = DIRECTION('',(0.,0.,-1.));
#1513 = ORIENTED_EDGE('',*,*,#1514,.T.);
#1514 = EDGE_CURVE('',#1507,#1515,#1517,.T.);
#1515 = VERTEX_POINT('',#1516);
#1516 = CARTESIAN_POINT('',(-1.07,2.085974,4.594855));
#1517 = LINE('',#1518,#1519);
#1518 = CARTESIAN_POINT('',(1.07,2.085974,4.594855));
#1519 = VECTOR('',#1520,1.);
#1520 = DIRECTION('',(-1.,-0.,-0.));
#1521 = ORIENTED_EDGE('',*,*,#1522,.T.);
#1522 = EDGE_CURVE('',#1515,#589,#1523,.T.);
#1523 = LINE('',#1524,#1525);
#1524 = CARTESIAN_POINT('',(-1.07,2.085974,4.594855));
#1525 = VECTOR('',#1526,1.);
#1526 = DIRECTION('',(0.,0.,-1.));
#1527 = ORIENTED_EDGE('',*,*,#596,.F.);
#1528 = ORIENTED_EDGE('',*,*,#1529,.F.);
#1529 = EDGE_CURVE('',#1530,#597,#1532,.T.);
#1530 = VERTEX_POINT('',#1531);
#1531 = CARTESIAN_POINT('',(-0.7,2.085974,3.7725668));
#1532 = LINE('',#1533,#1534);
#1533 = CARTESIAN_POINT('',(-0.7,2.085974,3.7725668));
#1534 = VECTOR('',#1535,1.);
#1535 = DIRECTION('',(0.,0.,-1.));
#1536 = ORIENTED_EDGE('',*,*,#1537,.F.);
#1537 = EDGE_CURVE('',#1538,#1530,#1540,.T.);
#1538 = VERTEX_POINT('',#1539);
#1539 = CARTESIAN_POINT('',(0.7,2.085974,3.7725668));
#1540 = LINE('',#1541,#1542);
#1541 = CARTESIAN_POINT('',(0.7,2.085974,3.7725668));
#1542 = VECTOR('',#1543,1.);
#1543 = DIRECTION('',(-1.,-0.,-0.));
#1544 = ORIENTED_EDGE('',*,*,#1545,.T.);
#1545 = EDGE_CURVE('',#1538,#565,#1546,.T.);
#1546 = LINE('',#1547,#1548);
#1547 = CARTESIAN_POINT('',(0.7,2.085974,3.7725668));
#1548 = VECTOR('',#1549,1.);
#1549 = DIRECTION('',(0.,0.,-1.));
#1550 = ORIENTED_EDGE('',*,*,#562,.F.);
#1551 = PLANE('',#1552);
#1552 = AXIS2_PLACEMENT_3D('',#1553,#1554,#1555);
#1553 = CARTESIAN_POINT('',(1.07,2.085974,4.594855));
#1554 = DIRECTION('',(0.,-1.,0.));
#1555 = DIRECTION('',(0.,0.,-1.));
#1556 = ADVANCED_FACE('',(#1557),#1615,.F.);
#1557 = FACE_BOUND('',#1558,.T.);
#1558 = EDGE_LOOP('',(#1559,#1567,#1575,#1583,#1591,#1599,#1607,#1613,
    #1614));
#1559 = ORIENTED_EDGE('',*,*,#1560,.T.);
#1560 = EDGE_CURVE('',#573,#1561,#1563,.T.);
#1561 = VERTEX_POINT('',#1562);
#1562 = CARTESIAN_POINT('',(1.07,-2.016232,1.330337));
#1563 = LINE('',#1564,#1565);
#1564 = CARTESIAN_POINT('',(1.07,-2.225654,0.));
#1565 = VECTOR('',#1566,1.);
#1566 = DIRECTION('',(0.,0.155505255414,0.987835064947));
#1567 = ORIENTED_EDGE('',*,*,#1568,.T.);
#1568 = EDGE_CURVE('',#1561,#1569,#1571,.T.);
#1569 = VERTEX_POINT('',#1570);
#1570 = CARTESIAN_POINT('',(1.07,-2.016232,3.7725));
#1571 = LINE('',#1572,#1573);
#1572 = CARTESIAN_POINT('',(1.07,-2.016232,1.330337));
#1573 = VECTOR('',#1574,1.);
#1574 = DIRECTION('',(0.,0.,1.));
#1575 = ORIENTED_EDGE('',*,*,#1576,.T.);
#1576 = EDGE_CURVE('',#1569,#1577,#1579,.T.);
#1577 = VERTEX_POINT('',#1578);
#1578 = CARTESIAN_POINT('',(1.07,-1.64713,3.7725));
#1579 = LINE('',#1580,#1581);
#1580 = CARTESIAN_POINT('',(1.07,-2.016232,3.7725));
#1581 = VECTOR('',#1582,1.);
#1582 = DIRECTION('',(0.,1.,0.));
#1583 = ORIENTED_EDGE('',*,*,#1584,.T.);
#1584 = EDGE_CURVE('',#1577,#1585,#1587,.T.);
#1585 = VERTEX_POINT('',#1586);
#1586 = CARTESIAN_POINT('',(1.07,-1.64713,6.504291));
#1587 = LINE('',#1588,#1589);
#1588 = CARTESIAN_POINT('',(1.07,-1.64713,3.7725));
#1589 = VECTOR('',#1590,1.);
#1590 = DIRECTION('',(0.,0.,1.));
#1591 = ORIENTED_EDGE('',*,*,#1592,.T.);
#1592 = EDGE_CURVE('',#1585,#1593,#1595,.T.);
#1593 = VERTEX_POINT('',#1594);
#1594 = CARTESIAN_POINT('',(1.07,1.630173,6.504291));
#1595 = LINE('',#1596,#1597);
#1596 = CARTESIAN_POINT('',(1.07,-1.64713,6.504291));
#1597 = VECTOR('',#1598,1.);
#1598 = DIRECTION('',(0.,1.,0.));
#1599 = ORIENTED_EDGE('',*,*,#1600,.T.);
#1600 = EDGE_CURVE('',#1593,#1601,#1603,.T.);
#1601 = VERTEX_POINT('',#1602);
#1602 = CARTESIAN_POINT('',(1.07,1.630173,6.011533));
#1603 = LINE('',#1604,#1605);
#1604 = CARTESIAN_POINT('',(1.07,1.630173,6.504291));
#1605 = VECTOR('',#1606,1.);
#1606 = DIRECTION('',(0.,0.,-1.));
#1607 = ORIENTED_EDGE('',*,*,#1608,.T.);
#1608 = EDGE_CURVE('',#1601,#1507,#1609,.T.);
#1609 = LINE('',#1610,#1611);
#1610 = CARTESIAN_POINT('',(1.07,1.630173,6.011533));
#1611 = VECTOR('',#1612,1.);
#1612 = DIRECTION('',(0.,0.306277272459,-0.951942347191));
#1613 = ORIENTED_EDGE('',*,*,#1506,.T.);
#1614 = ORIENTED_EDGE('',*,*,#572,.T.);
#1615 = PLANE('',#1616);
#1616 = AXIS2_PLACEMENT_3D('',#1617,#1618,#1619);
#1617 = CARTESIAN_POINT('',(1.07,-6.254098390486E-03,3.106456865277));
#1618 = DIRECTION('',(1.,0.,0.));
#1619 = DIRECTION('',(0.,0.,1.));
#1620 = ADVANCED_FACE('',(#1621),#1662,.F.);
#1621 = FACE_BOUND('',#1622,.F.);
#1622 = EDGE_LOOP('',(#1623,#1631,#1639,#1645,#1646,#1647,#1655,#1661));
#1623 = ORIENTED_EDGE('',*,*,#1624,.T.);
#1624 = EDGE_CURVE('',#1459,#1625,#1627,.T.);
#1625 = VERTEX_POINT('',#1626);
#1626 = CARTESIAN_POINT('',(0.7,2.523512383178,4.8494725));
#1627 = LINE('',#1628,#1629);
#1628 = CARTESIAN_POINT('',(0.7,2.323466850359,5.562968233721));
#1629 = VECTOR('',#1630,1.);
#1630 = DIRECTION('',(0.,-0.269963692325,0.962870502626));
#1631 = ORIENTED_EDGE('',*,*,#1632,.T.);
#1632 = EDGE_CURVE('',#1625,#1633,#1635,.T.);
#1633 = VERTEX_POINT('',#1634);
#1634 = CARTESIAN_POINT('',(0.7,2.523512383178,3.7725668));
#1635 = LINE('',#1636,#1637);
#1636 = CARTESIAN_POINT('',(0.7,2.523512383178,4.8494725));
#1637 = VECTOR('',#1638,1.);
#1638 = DIRECTION('',(0.,0.,-1.));
#1639 = ORIENTED_EDGE('',*,*,#1640,.T.);
#1640 = EDGE_CURVE('',#1633,#1538,#1641,.T.);
#1641 = LINE('',#1642,#1643);
#1642 = CARTESIAN_POINT('',(0.7,2.523512383178,3.7725668));
#1643 = VECTOR('',#1644,1.);
#1644 = DIRECTION('',(0.,-1.,0.));
#1645 = ORIENTED_EDGE('',*,*,#1545,.T.);
#1646 = ORIENTED_EDGE('',*,*,#620,.T.);
#1647 = ORIENTED_EDGE('',*,*,#1648,.T.);
#1648 = EDGE_CURVE('',#613,#1649,#1651,.T.);
#1649 = VERTEX_POINT('',#1650);
#1650 = CARTESIAN_POINT('',(0.7,2.527085,1.5091518));
#1651 = LINE('',#1652,#1653);
#1652 = CARTESIAN_POINT('',(0.7,2.527085,0.));
#1653 = VECTOR('',#1654,1.);
#1654 = DIRECTION('',(0.,0.,1.));
#1655 = ORIENTED_EDGE('',*,*,#1656,.T.);
#1656 = EDGE_CURVE('',#1649,#1467,#1657,.T.);
#1657 = LINE('',#1658,#1659);
#1658 = CARTESIAN_POINT('',(0.7,2.527085,1.5091518));
#1659 = VECTOR('',#1660,1.);
#1660 = DIRECTION('',(0.,1.,0.));
#1661 = ORIENTED_EDGE('',*,*,#1466,.T.);
#1662 = PLANE('',#1663);
#1663 = AXIS2_PLACEMENT_3D('',#1664,#1665,#1666);
#1664 = CARTESIAN_POINT('',(0.7,2.689011253687,2.497546996313));
#1665 = DIRECTION('',(1.,0.,0.));
#1666 = DIRECTION('',(0.,0.,1.));
#1667 = ADVANCED_FACE('',(#1668),#1686,.T.);
#1668 = FACE_BOUND('',#1669,.T.);
#1669 = EDGE_LOOP('',(#1670,#1671,#1679,#1685));
#1670 = ORIENTED_EDGE('',*,*,#580,.T.);
#1671 = ORIENTED_EDGE('',*,*,#1672,.T.);
#1672 = EDGE_CURVE('',#581,#1673,#1675,.T.);
#1673 = VERTEX_POINT('',#1674);
#1674 = CARTESIAN_POINT('',(-1.07,-2.016232,1.330337));
#1675 = LINE('',#1676,#1677);
#1676 = CARTESIAN_POINT('',(-1.07,-2.225654,0.));
#1677 = VECTOR('',#1678,1.);
#1678 = DIRECTION('',(0.,0.155505255414,0.987835064947));
#1679 = ORIENTED_EDGE('',*,*,#1680,.F.);
#1680 = EDGE_CURVE('',#1561,#1673,#1681,.T.);
#1681 = LINE('',#1682,#1683);
#1682 = CARTESIAN_POINT('',(1.07,-2.016232,1.330337));
#1683 = VECTOR('',#1684,1.);
#1684 = DIRECTION('',(-1.,-0.,-0.));
#1685 = ORIENTED_EDGE('',*,*,#1560,.F.);
#1686 = PLANE('',#1687);
#1687 = AXIS2_PLACEMENT_3D('',#1688,#1689,#1690);
#1688 = CARTESIAN_POINT('',(1.07,-2.225654,0.));
#1689 = DIRECTION('',(0.,0.987835064947,-0.155505255414));
#1690 = DIRECTION('',(0.,0.155505255414,0.987835064947));
#1691 = ADVANCED_FACE('',(#1692),#1710,.F.);
#1692 = FACE_BOUND('',#1693,.F.);
#1693 = EDGE_LOOP('',(#1694,#1695,#1703,#1709));
#1694 = ORIENTED_EDGE('',*,*,#612,.T.);
#1695 = ORIENTED_EDGE('',*,*,#1696,.T.);
#1696 = EDGE_CURVE('',#605,#1697,#1699,.T.);
#1697 = VERTEX_POINT('',#1698);
#1698 = CARTESIAN_POINT('',(-0.7,2.527085,1.5091518));
#1699 = LINE('',#1700,#1701);
#1700 = CARTESIAN_POINT('',(-0.7,2.527085,0.));
#1701 = VECTOR('',#1702,1.);
#1702 = DIRECTION('',(0.,0.,1.));
#1703 = ORIENTED_EDGE('',*,*,#1704,.F.);
#1704 = EDGE_CURVE('',#1649,#1697,#1705,.T.);
#1705 = LINE('',#1706,#1707);
#1706 = CARTESIAN_POINT('',(0.7,2.527085,1.5091518));
#1707 = VECTOR('',#1708,1.);
#1708 = DIRECTION('',(-1.,-0.,-0.));
#1709 = ORIENTED_EDGE('',*,*,#1648,.F.);
#1710 = PLANE('',#1711);
#1711 = AXIS2_PLACEMENT_3D('',#1712,#1713,#1714);
#1712 = CARTESIAN_POINT('',(0.7,2.527085,0.));
#1713 = DIRECTION('',(0.,1.,0.));
#1714 = DIRECTION('',(0.,0.,1.));
#1715 = ADVANCED_FACE('',(#1716),#1767,.T.);
#1716 = FACE_BOUND('',#1717,.F.);
#1717 = EDGE_LOOP('',(#1718,#1719,#1727,#1735,#1743,#1751,#1759,#1765,
    #1766));
#1718 = ORIENTED_EDGE('',*,*,#1672,.T.);
#1719 = ORIENTED_EDGE('',*,*,#1720,.T.);
#1720 = EDGE_CURVE('',#1673,#1721,#1723,.T.);
#1721 = VERTEX_POINT('',#1722);
#1722 = CARTESIAN_POINT('',(-1.07,-2.016232,3.7725));
#1723 = LINE('',#1724,#1725);
#1724 = CARTESIAN_POINT('',(-1.07,-2.016232,1.330337));
#1725 = VECTOR('',#1726,1.);
#1726 = DIRECTION('',(0.,0.,1.));
#1727 = ORIENTED_EDGE('',*,*,#1728,.T.);
#1728 = EDGE_CURVE('',#1721,#1729,#1731,.T.);
#1729 = VERTEX_POINT('',#1730);
#1730 = CARTESIAN_POINT('',(-1.07,-1.64713,3.7725));
#1731 = LINE('',#1732,#1733);
#1732 = CARTESIAN_POINT('',(-1.07,-2.016232,3.7725));
#1733 = VECTOR('',#1734,1.);
#1734 = DIRECTION('',(0.,1.,0.));
#1735 = ORIENTED_EDGE('',*,*,#1736,.T.);
#1736 = EDGE_CURVE('',#1729,#1737,#1739,.T.);
#1737 = VERTEX_POINT('',#1738);
#1738 = CARTESIAN_POINT('',(-1.07,-1.64713,6.504291));
#1739 = LINE('',#1740,#1741);
#1740 = CARTESIAN_POINT('',(-1.07,-1.64713,3.7725));
#1741 = VECTOR('',#1742,1.);
#1742 = DIRECTION('',(0.,0.,1.));
#1743 = ORIENTED_EDGE('',*,*,#1744,.T.);
#1744 = EDGE_CURVE('',#1737,#1745,#1747,.T.);
#1745 = VERTEX_POINT('',#1746);
#1746 = CARTESIAN_POINT('',(-1.07,1.630173,6.504291));
#1747 = LINE('',#1748,#1749);
#1748 = CARTESIAN_POINT('',(-1.07,-1.64713,6.504291));
#1749 = VECTOR('',#1750,1.);
#1750 = DIRECTION('',(0.,1.,0.));
#1751 = ORIENTED_EDGE('',*,*,#1752,.T.);
#1752 = EDGE_CURVE('',#1745,#1753,#1755,.T.);
#1753 = VERTEX_POINT('',#1754);
#1754 = CARTESIAN_POINT('',(-1.07,1.630173,6.011533));
#1755 = LINE('',#1756,#1757);
#1756 = CARTESIAN_POINT('',(-1.07,1.630173,6.504291));
#1757 = VECTOR('',#1758,1.);
#1758 = DIRECTION('',(0.,0.,-1.));
#1759 = ORIENTED_EDGE('',*,*,#1760,.T.);
#1760 = EDGE_CURVE('',#1753,#1515,#1761,.T.);
#1761 = LINE('',#1762,#1763);
#1762 = CARTESIAN_POINT('',(-1.07,1.630173,6.011533));
#1763 = VECTOR('',#1764,1.);
#1764 = DIRECTION('',(0.,0.306277272459,-0.951942347191));
#1765 = ORIENTED_EDGE('',*,*,#1522,.T.);
#1766 = ORIENTED_EDGE('',*,*,#588,.T.);
#1767 = PLANE('',#1768);
#1768 = AXIS2_PLACEMENT_3D('',#1769,#1770,#1771);
#1769 = CARTESIAN_POINT('',(-1.07,-6.254098390486E-03,3.106456865277));
#1770 = DIRECTION('',(1.,0.,0.));
#1771 = DIRECTION('',(0.,0.,1.));
#1772 = ADVANCED_FACE('',(#1773),#1807,.T.);
#1773 = FACE_BOUND('',#1774,.T.);
#1774 = EDGE_LOOP('',(#1775,#1783,#1791,#1797,#1798,#1799,#1800,#1806));
#1775 = ORIENTED_EDGE('',*,*,#1776,.T.);
#1776 = EDGE_CURVE('',#1483,#1777,#1779,.T.);
#1777 = VERTEX_POINT('',#1778);
#1778 = CARTESIAN_POINT('',(-0.7,2.523512383178,4.8494725));
#1779 = LINE('',#1780,#1781);
#1780 = CARTESIAN_POINT('',(-0.7,2.323466850359,5.562968233721));
#1781 = VECTOR('',#1782,1.);
#1782 = DIRECTION('',(0.,-0.269963692325,0.962870502626));
#1783 = ORIENTED_EDGE('',*,*,#1784,.T.);
#1784 = EDGE_CURVE('',#1777,#1785,#1787,.T.);
#1785 = VERTEX_POINT('',#1786);
#1786 = CARTESIAN_POINT('',(-0.7,2.523512383178,3.7725668));
#1787 = LINE('',#1788,#1789);
#1788 = CARTESIAN_POINT('',(-0.7,2.523512383178,4.8494725));
#1789 = VECTOR('',#1790,1.);
#1790 = DIRECTION('',(0.,0.,-1.));
#1791 = ORIENTED_EDGE('',*,*,#1792,.T.);
#1792 = EDGE_CURVE('',#1785,#1530,#1793,.T.);
#1793 = LINE('',#1794,#1795);
#1794 = CARTESIAN_POINT('',(-0.7,2.523512383178,3.7725668));
#1795 = VECTOR('',#1796,1.);
#1796 = DIRECTION('',(0.,-1.,0.));
#1797 = ORIENTED_EDGE('',*,*,#1529,.T.);
#1798 = ORIENTED_EDGE('',*,*,#604,.T.);
#1799 = ORIENTED_EDGE('',*,*,#1696,.T.);
#1800 = ORIENTED_EDGE('',*,*,#1801,.T.);
#1801 = EDGE_CURVE('',#1697,#1475,#1802,.T.);
#1802 = LINE('',#1803,#1804);
#1803 = CARTESIAN_POINT('',(-0.7,2.527085,1.5091518));
#1804 = VECTOR('',#1805,1.);
#1805 = DIRECTION('',(0.,1.,0.));
#1806 = ORIENTED_EDGE('',*,*,#1482,.T.);
#1807 = PLANE('',#1808);
#1808 = AXIS2_PLACEMENT_3D('',#1809,#1810,#1811);
#1809 = CARTESIAN_POINT('',(-0.7,2.689011253687,2.497546996313));
#1810 = DIRECTION('',(1.,0.,0.));
#1811 = DIRECTION('',(0.,0.,1.));
#1812 = ADVANCED_FACE('',(#1813),#1861,.T.);
#1813 = FACE_BOUND('',#1814,.T.);
#1814 = EDGE_LOOP('',(#1815,#1823,#1831,#1837,#1838,#1846,#1854,#1860));
#1815 = ORIENTED_EDGE('',*,*,#1816,.F.);
#1816 = EDGE_CURVE('',#1817,#629,#1819,.T.);
#1817 = VERTEX_POINT('',#1818);
#1818 = CARTESIAN_POINT('',(3.61,2.085974,4.594855));
#1819 = LINE('',#1820,#1821);
#1820 = CARTESIAN_POINT('',(3.61,2.085974,4.594855));
#1821 = VECTOR('',#1822,1.);
#1822 = DIRECTION('',(0.,0.,-1.));
#1823 = ORIENTED_EDGE('',*,*,#1824,.T.);
#1824 = EDGE_CURVE('',#1817,#1825,#1827,.T.);
#1825 = VERTEX_POINT('',#1826);
#1826 = CARTESIAN_POINT('',(1.47,2.085974,4.594855));
#1827 = LINE('',#1828,#1829);
#1828 = CARTESIAN_POINT('',(3.61,2.085974,4.594855));
#1829 = VECTOR('',#1830,1.);
#1830 = DIRECTION('',(-1.,-0.,-0.));
#1831 = ORIENTED_EDGE('',*,*,#1832,.T.);
#1832 = EDGE_CURVE('',#1825,#655,#1833,.T.);
#1833 = LINE('',#1834,#1835);
#1834 = CARTESIAN_POINT('',(1.47,2.085974,4.594855));
#1835 = VECTOR('',#1836,1.);
#1836 = DIRECTION('',(0.,0.,-1.));
#1837 = ORIENTED_EDGE('',*,*,#662,.F.);
#1838 = ORIENTED_EDGE('',*,*,#1839,.F.);
#1839 = EDGE_CURVE('',#1840,#663,#1842,.T.);
#1840 = VERTEX_POINT('',#1841);
#1841 = CARTESIAN_POINT('',(1.84,2.085974,3.7725668));
#1842 = LINE('',#1843,#1844);
#1843 = CARTESIAN_POINT('',(1.84,2.085974,3.7725668));
#1844 = VECTOR('',#1845,1.);
#1845 = DIRECTION('',(0.,0.,-1.));
#1846 = ORIENTED_EDGE('',*,*,#1847,.F.);
#1847 = EDGE_CURVE('',#1848,#1840,#1850,.T.);
#1848 = VERTEX_POINT('',#1849);
#1849 = CARTESIAN_POINT('',(3.24,2.085974,3.7725668));
#1850 = LINE('',#1851,#1852);
#1851 = CARTESIAN_POINT('',(3.24,2.085974,3.7725668));
#1852 = VECTOR('',#1853,1.);
#1853 = DIRECTION('',(-1.,-0.,-0.));
#1854 = ORIENTED_EDGE('',*,*,#1855,.T.);
#1855 = EDGE_CURVE('',#1848,#631,#1856,.T.);
#1856 = LINE('',#1857,#1858);
#1857 = CARTESIAN_POINT('',(3.24,2.085974,3.7725668));
#1858 = VECTOR('',#1859,1.);
#1859 = DIRECTION('',(0.,0.,-1.));
#1860 = ORIENTED_EDGE('',*,*,#628,.F.);
#1861 = PLANE('',#1862);
#1862 = AXIS2_PLACEMENT_3D('',#1863,#1864,#1865);
#1863 = CARTESIAN_POINT('',(3.61,2.085974,4.594855));
#1864 = DIRECTION('',(0.,-1.,0.));
#1865 = DIRECTION('',(0.,0.,-1.));
#1866 = ADVANCED_FACE('',(#1867),#1908,.F.);
#1867 = FACE_BOUND('',#1868,.F.);
#1868 = EDGE_LOOP('',(#1869,#1877,#1885,#1891,#1892,#1893,#1901,#1907));
#1869 = ORIENTED_EDGE('',*,*,#1870,.T.);
#1870 = EDGE_CURVE('',#1427,#1871,#1873,.T.);
#1871 = VERTEX_POINT('',#1872);
#1872 = CARTESIAN_POINT('',(3.24,2.523512383178,4.8494725));
#1873 = LINE('',#1874,#1875);
#1874 = CARTESIAN_POINT('',(3.24,2.323466850359,5.562968233721));
#1875 = VECTOR('',#1876,1.);
#1876 = DIRECTION('',(0.,-0.269963692325,0.962870502626));
#1877 = ORIENTED_EDGE('',*,*,#1878,.T.);
#1878 = EDGE_CURVE('',#1871,#1879,#1881,.T.);
#1879 = VERTEX_POINT('',#1880);
#1880 = CARTESIAN_POINT('',(3.24,2.523512383178,3.7725668));
#1881 = LINE('',#1882,#1883);
#1882 = CARTESIAN_POINT('',(3.24,2.523512383178,4.8494725));
#1883 = VECTOR('',#1884,1.);
#1884 = DIRECTION('',(0.,0.,-1.));
#1885 = ORIENTED_EDGE('',*,*,#1886,.T.);
#1886 = EDGE_CURVE('',#1879,#1848,#1887,.T.);
#1887 = LINE('',#1888,#1889);
#1888 = CARTESIAN_POINT('',(3.24,2.523512383178,3.7725668));
#1889 = VECTOR('',#1890,1.);
#1890 = DIRECTION('',(0.,-1.,0.));
#1891 = ORIENTED_EDGE('',*,*,#1855,.T.);
#1892 = ORIENTED_EDGE('',*,*,#686,.T.);
#1893 = ORIENTED_EDGE('',*,*,#1894,.T.);
#1894 = EDGE_CURVE('',#679,#1895,#1897,.T.);
#1895 = VERTEX_POINT('',#1896);
#1896 = CARTESIAN_POINT('',(3.24,2.527085,1.5091518));
#1897 = LINE('',#1898,#1899);
#1898 = CARTESIAN_POINT('',(3.24,2.527085,0.));
#1899 = VECTOR('',#1900,1.);
#1900 = DIRECTION('',(0.,0.,1.));
#1901 = ORIENTED_EDGE('',*,*,#1902,.T.);
#1902 = EDGE_CURVE('',#1895,#1435,#1903,.T.);
#1903 = LINE('',#1904,#1905);
#1904 = CARTESIAN_POINT('',(3.24,2.527085,1.5091518));
#1905 = VECTOR('',#1906,1.);
#1906 = DIRECTION('',(0.,1.,0.));
#1907 = ORIENTED_EDGE('',*,*,#1434,.T.);
#1908 = PLANE('',#1909);
#1909 = AXIS2_PLACEMENT_3D('',#1910,#1911,#1912);
#1910 = CARTESIAN_POINT('',(3.24,2.689011253687,2.497546996313));
#1911 = DIRECTION('',(1.,0.,0.));
#1912 = DIRECTION('',(0.,0.,1.));
#1913 = ADVANCED_FACE('',(#1914),#1932,.F.);
#1914 = FACE_BOUND('',#1915,.F.);
#1915 = EDGE_LOOP('',(#1916,#1917,#1925,#1931));
#1916 = ORIENTED_EDGE('',*,*,#678,.T.);
#1917 = ORIENTED_EDGE('',*,*,#1918,.T.);
#1918 = EDGE_CURVE('',#671,#1919,#1921,.T.);
#1919 = VERTEX_POINT('',#1920);
#1920 = CARTESIAN_POINT('',(1.84,2.527085,1.5091518));
#1921 = LINE('',#1922,#1923);
#1922 = CARTESIAN_POINT('',(1.84,2.527085,0.));
#1923 = VECTOR('',#1924,1.);
#1924 = DIRECTION('',(0.,0.,1.));
#1925 = ORIENTED_EDGE('',*,*,#1926,.F.);
#1926 = EDGE_CURVE('',#1895,#1919,#1927,.T.);
#1927 = LINE('',#1928,#1929);
#1928 = CARTESIAN_POINT('',(3.24,2.527085,1.5091518));
#1929 = VECTOR('',#1930,1.);
#1930 = DIRECTION('',(-1.,-0.,-0.));
#1931 = ORIENTED_EDGE('',*,*,#1894,.F.);
#1932 = PLANE('',#1933);
#1933 = AXIS2_PLACEMENT_3D('',#1934,#1935,#1936);
#1934 = CARTESIAN_POINT('',(3.24,2.527085,0.));
#1935 = DIRECTION('',(0.,1.,0.));
#1936 = DIRECTION('',(0.,0.,1.));
#1937 = ADVANCED_FACE('',(#1938),#1972,.T.);
#1938 = FACE_BOUND('',#1939,.T.);
#1939 = EDGE_LOOP('',(#1940,#1948,#1956,#1962,#1963,#1964,#1965,#1971));
#1940 = ORIENTED_EDGE('',*,*,#1941,.T.);
#1941 = EDGE_CURVE('',#1451,#1942,#1944,.T.);
#1942 = VERTEX_POINT('',#1943);
#1943 = CARTESIAN_POINT('',(1.84,2.523512383178,4.8494725));
#1944 = LINE('',#1945,#1946);
#1945 = CARTESIAN_POINT('',(1.84,2.323466850359,5.562968233721));
#1946 = VECTOR('',#1947,1.);
#1947 = DIRECTION('',(0.,-0.269963692325,0.962870502626));
#1948 = ORIENTED_EDGE('',*,*,#1949,.T.);
#1949 = EDGE_CURVE('',#1942,#1950,#1952,.T.);
#1950 = VERTEX_POINT('',#1951);
#1951 = CARTESIAN_POINT('',(1.84,2.523512383178,3.7725668));
#1952 = LINE('',#1953,#1954);
#1953 = CARTESIAN_POINT('',(1.84,2.523512383178,4.8494725));
#1954 = VECTOR('',#1955,1.);
#1955 = DIRECTION('',(0.,0.,-1.));
#1956 = ORIENTED_EDGE('',*,*,#1957,.T.);
#1957 = EDGE_CURVE('',#1950,#1840,#1958,.T.);
#1958 = LINE('',#1959,#1960);
#1959 = CARTESIAN_POINT('',(1.84,2.523512383178,3.7725668));
#1960 = VECTOR('',#1961,1.);
#1961 = DIRECTION('',(0.,-1.,0.));
#1962 = ORIENTED_EDGE('',*,*,#1839,.T.);
#1963 = ORIENTED_EDGE('',*,*,#670,.T.);
#1964 = ORIENTED_EDGE('',*,*,#1918,.T.);
#1965 = ORIENTED_EDGE('',*,*,#1966,.T.);
#1966 = EDGE_CURVE('',#1919,#1443,#1967,.T.);
#1967 = LINE('',#1968,#1969);
#1968 = CARTESIAN_POINT('',(1.84,2.527085,1.5091518));
#1969 = VECTOR('',#1970,1.);
#1970 = DIRECTION('',(0.,1.,0.));
#1971 = ORIENTED_EDGE('',*,*,#1450,.T.);
#1972 = PLANE('',#1973);
#1973 = AXIS2_PLACEMENT_3D('',#1974,#1975,#1976);
#1974 = CARTESIAN_POINT('',(1.84,2.689011253687,2.497546996313));
#1975 = DIRECTION('',(1.,0.,0.));
#1976 = DIRECTION('',(0.,0.,1.));
#1977 = ADVANCED_FACE('',(#1978),#2036,.T.);
#1978 = FACE_BOUND('',#1979,.F.);
#1979 = EDGE_LOOP('',(#1980,#1988,#1996,#2004,#2012,#2020,#2028,#2034,
    #2035));
#1980 = ORIENTED_EDGE('',*,*,#1981,.T.);
#1981 = EDGE_CURVE('',#647,#1982,#1984,.T.);
#1982 = VERTEX_POINT('',#1983);
#1983 = CARTESIAN_POINT('',(1.47,-2.016232,1.330337));
#1984 = LINE('',#1985,#1986);
#1985 = CARTESIAN_POINT('',(1.47,-2.225654,0.));
#1986 = VECTOR('',#1987,1.);
#1987 = DIRECTION('',(0.,0.155505255414,0.987835064947));
#1988 = ORIENTED_EDGE('',*,*,#1989,.T.);
#1989 = EDGE_CURVE('',#1982,#1990,#1992,.T.);
#1990 = VERTEX_POINT('',#1991);
#1991 = CARTESIAN_POINT('',(1.47,-2.016232,3.7725));
#1992 = LINE('',#1993,#1994);
#1993 = CARTESIAN_POINT('',(1.47,-2.016232,1.330337));
#1994 = VECTOR('',#1995,1.);
#1995 = DIRECTION('',(0.,0.,1.));
#1996 = ORIENTED_EDGE('',*,*,#1997,.T.);
#1997 = EDGE_CURVE('',#1990,#1998,#2000,.T.);
#1998 = VERTEX_POINT('',#1999);
#1999 = CARTESIAN_POINT('',(1.47,-1.64713,3.7725));
#2000 = LINE('',#2001,#2002);
#2001 = CARTESIAN_POINT('',(1.47,-2.016232,3.7725));
#2002 = VECTOR('',#2003,1.);
#2003 = DIRECTION('',(0.,1.,0.));
#2004 = ORIENTED_EDGE('',*,*,#2005,.T.);
#2005 = EDGE_CURVE('',#1998,#2006,#2008,.T.);
#2006 = VERTEX_POINT('',#2007);
#2007 = CARTESIAN_POINT('',(1.47,-1.64713,6.504291));
#2008 = LINE('',#2009,#2010);
#2009 = CARTESIAN_POINT('',(1.47,-1.64713,3.7725));
#2010 = VECTOR('',#2011,1.);
#2011 = DIRECTION('',(0.,0.,1.));
#2012 = ORIENTED_EDGE('',*,*,#2013,.T.);
#2013 = EDGE_CURVE('',#2006,#2014,#2016,.T.);
#2014 = VERTEX_POINT('',#2015);
#2015 = CARTESIAN_POINT('',(1.47,1.630173,6.504291));
#2016 = LINE('',#2017,#2018);
#2017 = CARTESIAN_POINT('',(1.47,-1.64713,6.504291));
#2018 = VECTOR('',#2019,1.);
#2019 = DIRECTION('',(0.,1.,0.));
#2020 = ORIENTED_EDGE('',*,*,#2021,.T.);
#2021 = EDGE_CURVE('',#2014,#2022,#2024,.T.);
#2022 = VERTEX_POINT('',#2023);
#2023 = CARTESIAN_POINT('',(1.47,1.630173,6.011533));
#2024 = LINE('',#2025,#2026);
#2025 = CARTESIAN_POINT('',(1.47,1.630173,6.504291));
#2026 = VECTOR('',#2027,1.);
#2027 = DIRECTION('',(0.,0.,-1.));
#2028 = ORIENTED_EDGE('',*,*,#2029,.T.);
#2029 = EDGE_CURVE('',#2022,#1825,#2030,.T.);
#2030 = LINE('',#2031,#2032);
#2031 = CARTESIAN_POINT('',(1.47,1.630173,6.011533));
#2032 = VECTOR('',#2033,1.);
#2033 = DIRECTION('',(0.,0.306277272459,-0.951942347191));
#2034 = ORIENTED_EDGE('',*,*,#1832,.T.);
#2035 = ORIENTED_EDGE('',*,*,#654,.T.);
#2036 = PLANE('',#2037);
#2037 = AXIS2_PLACEMENT_3D('',#2038,#2039,#2040);
#2038 = CARTESIAN_POINT('',(1.47,-6.254098390486E-03,3.106456865277));
#2039 = DIRECTION('',(1.,0.,0.));
#2040 = DIRECTION('',(0.,0.,1.));
#2041 = ADVANCED_FACE('',(#2042),#2060,.T.);
#2042 = FACE_BOUND('',#2043,.T.);
#2043 = EDGE_LOOP('',(#2044,#2045,#2046,#2054));
#2044 = ORIENTED_EDGE('',*,*,#646,.T.);
#2045 = ORIENTED_EDGE('',*,*,#1981,.T.);
#2046 = ORIENTED_EDGE('',*,*,#2047,.F.);
#2047 = EDGE_CURVE('',#2048,#1982,#2050,.T.);
#2048 = VERTEX_POINT('',#2049);
#2049 = CARTESIAN_POINT('',(3.61,-2.016232,1.330337));
#2050 = LINE('',#2051,#2052);
#2051 = CARTESIAN_POINT('',(3.61,-2.016232,1.330337));
#2052 = VECTOR('',#2053,1.);
#2053 = DIRECTION('',(-1.,-0.,-0.));
#2054 = ORIENTED_EDGE('',*,*,#2055,.F.);
#2055 = EDGE_CURVE('',#639,#2048,#2056,.T.);
#2056 = LINE('',#2057,#2058);
#2057 = CARTESIAN_POINT('',(3.61,-2.225654,0.));
#2058 = VECTOR('',#2059,1.);
#2059 = DIRECTION('',(0.,0.155505255414,0.987835064947));
#2060 = PLANE('',#2061);
#2061 = AXIS2_PLACEMENT_3D('',#2062,#2063,#2064);
#2062 = CARTESIAN_POINT('',(3.61,-2.225654,0.));
#2063 = DIRECTION('',(0.,0.987835064947,-0.155505255414));
#2064 = DIRECTION('',(0.,0.155505255414,0.987835064947));
#2065 = ADVANCED_FACE('',(#2066),#2117,.F.);
#2066 = FACE_BOUND('',#2067,.T.);
#2067 = EDGE_LOOP('',(#2068,#2069,#2077,#2085,#2093,#2101,#2109,#2115,
    #2116));
#2068 = ORIENTED_EDGE('',*,*,#2055,.T.);
#2069 = ORIENTED_EDGE('',*,*,#2070,.T.);
#2070 = EDGE_CURVE('',#2048,#2071,#2073,.T.);
#2071 = VERTEX_POINT('',#2072);
#2072 = CARTESIAN_POINT('',(3.61,-2.016232,3.7725));
#2073 = LINE('',#2074,#2075);
#2074 = CARTESIAN_POINT('',(3.61,-2.016232,1.330337));
#2075 = VECTOR('',#2076,1.);
#2076 = DIRECTION('',(0.,0.,1.));
#2077 = ORIENTED_EDGE('',*,*,#2078,.T.);
#2078 = EDGE_CURVE('',#2071,#2079,#2081,.T.);
#2079 = VERTEX_POINT('',#2080);
#2080 = CARTESIAN_POINT('',(3.61,-1.64713,3.7725));
#2081 = LINE('',#2082,#2083);
#2082 = CARTESIAN_POINT('',(3.61,-2.016232,3.7725));
#2083 = VECTOR('',#2084,1.);
#2084 = DIRECTION('',(0.,1.,0.));
#2085 = ORIENTED_EDGE('',*,*,#2086,.T.);
#2086 = EDGE_CURVE('',#2079,#2087,#2089,.T.);
#2087 = VERTEX_POINT('',#2088);
#2088 = CARTESIAN_POINT('',(3.61,-1.64713,6.504291));
#2089 = LINE('',#2090,#2091);
#2090 = CARTESIAN_POINT('',(3.61,-1.64713,3.7725));
#2091 = VECTOR('',#2092,1.);
#2092 = DIRECTION('',(0.,0.,1.));
#2093 = ORIENTED_EDGE('',*,*,#2094,.T.);
#2094 = EDGE_CURVE('',#2087,#2095,#2097,.T.);
#2095 = VERTEX_POINT('',#2096);
#2096 = CARTESIAN_POINT('',(3.61,1.630173,6.504291));
#2097 = LINE('',#2098,#2099);
#2098 = CARTESIAN_POINT('',(3.61,-1.64713,6.504291));
#2099 = VECTOR('',#2100,1.);
#2100 = DIRECTION('',(0.,1.,0.));
#2101 = ORIENTED_EDGE('',*,*,#2102,.T.);
#2102 = EDGE_CURVE('',#2095,#2103,#2105,.T.);
#2103 = VERTEX_POINT('',#2104);
#2104 = CARTESIAN_POINT('',(3.61,1.630173,6.011533));
#2105 = LINE('',#2106,#2107);
#2106 = CARTESIAN_POINT('',(3.61,1.630173,6.504291));
#2107 = VECTOR('',#2108,1.);
#2108 = DIRECTION('',(0.,0.,-1.));
#2109 = ORIENTED_EDGE('',*,*,#2110,.T.);
#2110 = EDGE_CURVE('',#2103,#1817,#2111,.T.);
#2111 = LINE('',#2112,#2113);
#2112 = CARTESIAN_POINT('',(3.61,1.630173,6.011533));
#2113 = VECTOR('',#2114,1.);
#2114 = DIRECTION('',(0.,0.306277272459,-0.951942347191));
#2115 = ORIENTED_EDGE('',*,*,#1816,.T.);
#2116 = ORIENTED_EDGE('',*,*,#638,.T.);
#2117 = PLANE('',#2118);
#2118 = AXIS2_PLACEMENT_3D('',#2119,#2120,#2121);
#2119 = CARTESIAN_POINT('',(3.61,-6.254098390486E-03,3.106456865277));
#2120 = DIRECTION('',(1.,0.,0.));
#2121 = DIRECTION('',(0.,0.,1.));
#2122 = ADVANCED_FACE('',(#2123),#2171,.T.);
#2123 = FACE_BOUND('',#2124,.T.);
#2124 = EDGE_LOOP('',(#2125,#2133,#2141,#2147,#2148,#2156,#2164,#2170));
#2125 = ORIENTED_EDGE('',*,*,#2126,.F.);
#2126 = EDGE_CURVE('',#2127,#695,#2129,.T.);
#2127 = VERTEX_POINT('',#2128);
#2128 = CARTESIAN_POINT('',(6.15,2.085974,4.594855));
#2129 = LINE('',#2130,#2131);
#2130 = CARTESIAN_POINT('',(6.15,2.085974,4.594855));
#2131 = VECTOR('',#2132,1.);
#2132 = DIRECTION('',(0.,0.,-1.));
#2133 = ORIENTED_EDGE('',*,*,#2134,.T.);
#2134 = EDGE_CURVE('',#2127,#2135,#2137,.T.);
#2135 = VERTEX_POINT('',#2136);
#2136 = CARTESIAN_POINT('',(4.01,2.085974,4.594855));
#2137 = LINE('',#2138,#2139);
#2138 = CARTESIAN_POINT('',(6.15,2.085974,4.594855));
#2139 = VECTOR('',#2140,1.);
#2140 = DIRECTION('',(-1.,-0.,-0.));
#2141 = ORIENTED_EDGE('',*,*,#2142,.T.);
#2142 = EDGE_CURVE('',#2135,#721,#2143,.T.);
#2143 = LINE('',#2144,#2145);
#2144 = CARTESIAN_POINT('',(4.01,2.085974,4.594855));
#2145 = VECTOR('',#2146,1.);
#2146 = DIRECTION('',(0.,0.,-1.));
#2147 = ORIENTED_EDGE('',*,*,#728,.F.);
#2148 = ORIENTED_EDGE('',*,*,#2149,.F.);
#2149 = EDGE_CURVE('',#2150,#729,#2152,.T.);
#2150 = VERTEX_POINT('',#2151);
#2151 = CARTESIAN_POINT('',(4.38,2.085974,3.7725668));
#2152 = LINE('',#2153,#2154);
#2153 = CARTESIAN_POINT('',(4.38,2.085974,3.7725668));
#2154 = VECTOR('',#2155,1.);
#2155 = DIRECTION('',(0.,0.,-1.));
#2156 = ORIENTED_EDGE('',*,*,#2157,.F.);
#2157 = EDGE_CURVE('',#2158,#2150,#2160,.T.);
#2158 = VERTEX_POINT('',#2159);
#2159 = CARTESIAN_POINT('',(5.78,2.085974,3.7725668));
#2160 = LINE('',#2161,#2162);
#2161 = CARTESIAN_POINT('',(5.78,2.085974,3.7725668));
#2162 = VECTOR('',#2163,1.);
#2163 = DIRECTION('',(-1.,-0.,-0.));
#2164 = ORIENTED_EDGE('',*,*,#2165,.T.);
#2165 = EDGE_CURVE('',#2158,#697,#2166,.T.);
#2166 = LINE('',#2167,#2168);
#2167 = CARTESIAN_POINT('',(5.78,2.085974,3.7725668));
#2168 = VECTOR('',#2169,1.);
#2169 = DIRECTION('',(0.,0.,-1.));
#2170 = ORIENTED_EDGE('',*,*,#694,.F.);
#2171 = PLANE('',#2172);
#2172 = AXIS2_PLACEMENT_3D('',#2173,#2174,#2175);
#2173 = CARTESIAN_POINT('',(6.15,2.085974,4.594855));
#2174 = DIRECTION('',(0.,-1.,0.));
#2175 = DIRECTION('',(0.,0.,-1.));
#2176 = ADVANCED_FACE('',(#2177),#2218,.F.);
#2177 = FACE_BOUND('',#2178,.F.);
#2178 = EDGE_LOOP('',(#2179,#2187,#2195,#2201,#2202,#2203,#2211,#2217));
#2179 = ORIENTED_EDGE('',*,*,#2180,.T.);
#2180 = EDGE_CURVE('',#1395,#2181,#2183,.T.);
#2181 = VERTEX_POINT('',#2182);
#2182 = CARTESIAN_POINT('',(5.78,2.523512383178,4.8494725));
#2183 = LINE('',#2184,#2185);
#2184 = CARTESIAN_POINT('',(5.78,2.323466850359,5.562968233721));
#2185 = VECTOR('',#2186,1.);
#2186 = DIRECTION('',(0.,-0.269963692325,0.962870502626));
#2187 = ORIENTED_EDGE('',*,*,#2188,.T.);
#2188 = EDGE_CURVE('',#2181,#2189,#2191,.T.);
#2189 = VERTEX_POINT('',#2190);
#2190 = CARTESIAN_POINT('',(5.78,2.523512383178,3.7725668));
#2191 = LINE('',#2192,#2193);
#2192 = CARTESIAN_POINT('',(5.78,2.523512383178,4.8494725));
#2193 = VECTOR('',#2194,1.);
#2194 = DIRECTION('',(0.,0.,-1.));
#2195 = ORIENTED_EDGE('',*,*,#2196,.T.);
#2196 = EDGE_CURVE('',#2189,#2158,#2197,.T.);
#2197 = LINE('',#2198,#2199);
#2198 = CARTESIAN_POINT('',(5.78,2.523512383178,3.7725668));
#2199 = VECTOR('',#2200,1.);
#2200 = DIRECTION('',(0.,-1.,0.));
#2201 = ORIENTED_EDGE('',*,*,#2165,.T.);
#2202 = ORIENTED_EDGE('',*,*,#752,.T.);
#2203 = ORIENTED_EDGE('',*,*,#2204,.T.);
#2204 = EDGE_CURVE('',#745,#2205,#2207,.T.);
#2205 = VERTEX_POINT('',#2206);
#2206 = CARTESIAN_POINT('',(5.78,2.527085,1.5091518));
#2207 = LINE('',#2208,#2209);
#2208 = CARTESIAN_POINT('',(5.78,2.527085,0.));
#2209 = VECTOR('',#2210,1.);
#2210 = DIRECTION('',(0.,0.,1.));
#2211 = ORIENTED_EDGE('',*,*,#2212,.T.);
#2212 = EDGE_CURVE('',#2205,#1403,#2213,.T.);
#2213 = LINE('',#2214,#2215);
#2214 = CARTESIAN_POINT('',(5.78,2.527085,1.5091518));
#2215 = VECTOR('',#2216,1.);
#2216 = DIRECTION('',(0.,1.,0.));
#2217 = ORIENTED_EDGE('',*,*,#1402,.T.);
#2218 = PLANE('',#2219);
#2219 = AXIS2_PLACEMENT_3D('',#2220,#2221,#2222);
#2220 = CARTESIAN_POINT('',(5.78,2.689011253687,2.497546996313));
#2221 = DIRECTION('',(1.,0.,0.));
#2222 = DIRECTION('',(0.,0.,1.));
#2223 = ADVANCED_FACE('',(#2224),#2242,.F.);
#2224 = FACE_BOUND('',#2225,.F.);
#2225 = EDGE_LOOP('',(#2226,#2227,#2235,#2241));
#2226 = ORIENTED_EDGE('',*,*,#744,.T.);
#2227 = ORIENTED_EDGE('',*,*,#2228,.T.);
#2228 = EDGE_CURVE('',#737,#2229,#2231,.T.);
#2229 = VERTEX_POINT('',#2230);
#2230 = CARTESIAN_POINT('',(4.38,2.527085,1.5091518));
#2231 = LINE('',#2232,#2233);
#2232 = CARTESIAN_POINT('',(4.38,2.527085,0.));
#2233 = VECTOR('',#2234,1.);
#2234 = DIRECTION('',(0.,0.,1.));
#2235 = ORIENTED_EDGE('',*,*,#2236,.F.);
#2236 = EDGE_CURVE('',#2205,#2229,#2237,.T.);
#2237 = LINE('',#2238,#2239);
#2238 = CARTESIAN_POINT('',(5.78,2.527085,1.5091518));
#2239 = VECTOR('',#2240,1.);
#2240 = DIRECTION('',(-1.,-0.,-0.));
#2241 = ORIENTED_EDGE('',*,*,#2204,.F.);
#2242 = PLANE('',#2243);
#2243 = AXIS2_PLACEMENT_3D('',#2244,#2245,#2246);
#2244 = CARTESIAN_POINT('',(5.78,2.527085,0.));
#2245 = DIRECTION('',(0.,1.,0.));
#2246 = DIRECTION('',(0.,0.,1.));
#2247 = ADVANCED_FACE('',(#2248),#2282,.T.);
#2248 = FACE_BOUND('',#2249,.T.);
#2249 = EDGE_LOOP('',(#2250,#2258,#2266,#2272,#2273,#2274,#2275,#2281));
#2250 = ORIENTED_EDGE('',*,*,#2251,.T.);
#2251 = EDGE_CURVE('',#1419,#2252,#2254,.T.);
#2252 = VERTEX_POINT('',#2253);
#2253 = CARTESIAN_POINT('',(4.38,2.523512383178,4.8494725));
#2254 = LINE('',#2255,#2256);
#2255 = CARTESIAN_POINT('',(4.38,2.323466850359,5.562968233721));
#2256 = VECTOR('',#2257,1.);
#2257 = DIRECTION('',(0.,-0.269963692325,0.962870502626));
#2258 = ORIENTED_EDGE('',*,*,#2259,.T.);
#2259 = EDGE_CURVE('',#2252,#2260,#2262,.T.);
#2260 = VERTEX_POINT('',#2261);
#2261 = CARTESIAN_POINT('',(4.38,2.523512383178,3.7725668));
#2262 = LINE('',#2263,#2264);
#2263 = CARTESIAN_POINT('',(4.38,2.523512383178,4.8494725));
#2264 = VECTOR('',#2265,1.);
#2265 = DIRECTION('',(0.,0.,-1.));
#2266 = ORIENTED_EDGE('',*,*,#2267,.T.);
#2267 = EDGE_CURVE('',#2260,#2150,#2268,.T.);
#2268 = LINE('',#2269,#2270);
#2269 = CARTESIAN_POINT('',(4.38,2.523512383178,3.7725668));
#2270 = VECTOR('',#2271,1.);
#2271 = DIRECTION('',(0.,-1.,0.));
#2272 = ORIENTED_EDGE('',*,*,#2149,.T.);
#2273 = ORIENTED_EDGE('',*,*,#736,.T.);
#2274 = ORIENTED_EDGE('',*,*,#2228,.T.);
#2275 = ORIENTED_EDGE('',*,*,#2276,.T.);
#2276 = EDGE_CURVE('',#2229,#1411,#2277,.T.);
#2277 = LINE('',#2278,#2279);
#2278 = CARTESIAN_POINT('',(4.38,2.527085,1.5091518));
#2279 = VECTOR('',#2280,1.);
#2280 = DIRECTION('',(0.,1.,0.));
#2281 = ORIENTED_EDGE('',*,*,#1418,.T.);
#2282 = PLANE('',#2283);
#2283 = AXIS2_PLACEMENT_3D('',#2284,#2285,#2286);
#2284 = CARTESIAN_POINT('',(4.38,2.689011253687,2.497546996313));
#2285 = DIRECTION('',(1.,0.,0.));
#2286 = DIRECTION('',(0.,0.,1.));
#2287 = ADVANCED_FACE('',(#2288),#2346,.T.);
#2288 = FACE_BOUND('',#2289,.F.);
#2289 = EDGE_LOOP('',(#2290,#2298,#2306,#2314,#2322,#2330,#2338,#2344,
    #2345));
#2290 = ORIENTED_EDGE('',*,*,#2291,.T.);
#2291 = EDGE_CURVE('',#713,#2292,#2294,.T.);
#2292 = VERTEX_POINT('',#2293);
#2293 = CARTESIAN_POINT('',(4.01,-2.016232,1.330337));
#2294 = LINE('',#2295,#2296);
#2295 = CARTESIAN_POINT('',(4.01,-2.225654,0.));
#2296 = VECTOR('',#2297,1.);
#2297 = DIRECTION('',(0.,0.155505255414,0.987835064947));
#2298 = ORIENTED_EDGE('',*,*,#2299,.T.);
#2299 = EDGE_CURVE('',#2292,#2300,#2302,.T.);
#2300 = VERTEX_POINT('',#2301);
#2301 = CARTESIAN_POINT('',(4.01,-2.016232,3.7725));
#2302 = LINE('',#2303,#2304);
#2303 = CARTESIAN_POINT('',(4.01,-2.016232,1.330337));
#2304 = VECTOR('',#2305,1.);
#2305 = DIRECTION('',(0.,0.,1.));
#2306 = ORIENTED_EDGE('',*,*,#2307,.T.);
#2307 = EDGE_CURVE('',#2300,#2308,#2310,.T.);
#2308 = VERTEX_POINT('',#2309);
#2309 = CARTESIAN_POINT('',(4.01,-1.64713,3.7725));
#2310 = LINE('',#2311,#2312);
#2311 = CARTESIAN_POINT('',(4.01,-2.016232,3.7725));
#2312 = VECTOR('',#2313,1.);
#2313 = DIRECTION('',(0.,1.,0.));
#2314 = ORIENTED_EDGE('',*,*,#2315,.T.);
#2315 = EDGE_CURVE('',#2308,#2316,#2318,.T.);
#2316 = VERTEX_POINT('',#2317);
#2317 = CARTESIAN_POINT('',(4.01,-1.64713,6.504291));
#2318 = LINE('',#2319,#2320);
#2319 = CARTESIAN_POINT('',(4.01,-1.64713,3.7725));
#2320 = VECTOR('',#2321,1.);
#2321 = DIRECTION('',(0.,0.,1.));
#2322 = ORIENTED_EDGE('',*,*,#2323,.T.);
#2323 = EDGE_CURVE('',#2316,#2324,#2326,.T.);
#2324 = VERTEX_POINT('',#2325);
#2325 = CARTESIAN_POINT('',(4.01,1.630173,6.504291));
#2326 = LINE('',#2327,#2328);
#2327 = CARTESIAN_POINT('',(4.01,-1.64713,6.504291));
#2328 = VECTOR('',#2329,1.);
#2329 = DIRECTION('',(0.,1.,0.));
#2330 = ORIENTED_EDGE('',*,*,#2331,.T.);
#2331 = EDGE_CURVE('',#2324,#2332,#2334,.T.);
#2332 = VERTEX_POINT('',#2333);
#2333 = CARTESIAN_POINT('',(4.01,1.630173,6.011533));
#2334 = LINE('',#2335,#2336);
#2335 = CARTESIAN_POINT('',(4.01,1.630173,6.504291));
#2336 = VECTOR('',#2337,1.);
#2337 = DIRECTION('',(0.,0.,-1.));
#2338 = ORIENTED_EDGE('',*,*,#2339,.T.);
#2339 = EDGE_CURVE('',#2332,#2135,#2340,.T.);
#2340 = LINE('',#2341,#2342);
#2341 = CARTESIAN_POINT('',(4.01,1.630173,6.011533));
#2342 = VECTOR('',#2343,1.);
#2343 = DIRECTION('',(0.,0.306277272459,-0.951942347191));
#2344 = ORIENTED_EDGE('',*,*,#2142,.T.);
#2345 = ORIENTED_EDGE('',*,*,#720,.T.);
#2346 = PLANE('',#2347);
#2347 = AXIS2_PLACEMENT_3D('',#2348,#2349,#2350);
#2348 = CARTESIAN_POINT('',(4.01,-6.254098390486E-03,3.106456865277));
#2349 = DIRECTION('',(1.,0.,0.));
#2350 = DIRECTION('',(0.,0.,1.));
#2351 = ADVANCED_FACE('',(#2352),#2370,.T.);
#2352 = FACE_BOUND('',#2353,.T.);
#2353 = EDGE_LOOP('',(#2354,#2355,#2356,#2364));
#2354 = ORIENTED_EDGE('',*,*,#712,.T.);
#2355 = ORIENTED_EDGE('',*,*,#2291,.T.);
#2356 = ORIENTED_EDGE('',*,*,#2357,.F.);
#2357 = EDGE_CURVE('',#2358,#2292,#2360,.T.);
#2358 = VERTEX_POINT('',#2359);
#2359 = CARTESIAN_POINT('',(6.15,-2.016232,1.330337));
#2360 = LINE('',#2361,#2362);
#2361 = CARTESIAN_POINT('',(6.15,-2.016232,1.330337));
#2362 = VECTOR('',#2363,1.);
#2363 = DIRECTION('',(-1.,-0.,-0.));
#2364 = ORIENTED_EDGE('',*,*,#2365,.F.);
#2365 = EDGE_CURVE('',#705,#2358,#2366,.T.);
#2366 = LINE('',#2367,#2368);
#2367 = CARTESIAN_POINT('',(6.15,-2.225654,0.));
#2368 = VECTOR('',#2369,1.);
#2369 = DIRECTION('',(0.,0.155505255414,0.987835064947));
#2370 = PLANE('',#2371);
#2371 = AXIS2_PLACEMENT_3D('',#2372,#2373,#2374);
#2372 = CARTESIAN_POINT('',(6.15,-2.225654,0.));
#2373 = DIRECTION('',(0.,0.987835064947,-0.155505255414));
#2374 = DIRECTION('',(0.,0.155505255414,0.987835064947));
#2375 = ADVANCED_FACE('',(#2376),#2427,.F.);
#2376 = FACE_BOUND('',#2377,.T.);
#2377 = EDGE_LOOP('',(#2378,#2379,#2387,#2395,#2403,#2411,#2419,#2425,
    #2426));
#2378 = ORIENTED_EDGE('',*,*,#2365,.T.);
#2379 = ORIENTED_EDGE('',*,*,#2380,.T.);
#2380 = EDGE_CURVE('',#2358,#2381,#2383,.T.);
#2381 = VERTEX_POINT('',#2382);
#2382 = CARTESIAN_POINT('',(6.15,-2.016232,3.7725));
#2383 = LINE('',#2384,#2385);
#2384 = CARTESIAN_POINT('',(6.15,-2.016232,1.330337));
#2385 = VECTOR('',#2386,1.);
#2386 = DIRECTION('',(0.,0.,1.));
#2387 = ORIENTED_EDGE('',*,*,#2388,.T.);
#2388 = EDGE_CURVE('',#2381,#2389,#2391,.T.);
#2389 = VERTEX_POINT('',#2390);
#2390 = CARTESIAN_POINT('',(6.15,-1.64713,3.7725));
#2391 = LINE('',#2392,#2393);
#2392 = CARTESIAN_POINT('',(6.15,-2.016232,3.7725));
#2393 = VECTOR('',#2394,1.);
#2394 = DIRECTION('',(0.,1.,0.));
#2395 = ORIENTED_EDGE('',*,*,#2396,.T.);
#2396 = EDGE_CURVE('',#2389,#2397,#2399,.T.);
#2397 = VERTEX_POINT('',#2398);
#2398 = CARTESIAN_POINT('',(6.15,-1.64713,6.504291));
#2399 = LINE('',#2400,#2401);
#2400 = CARTESIAN_POINT('',(6.15,-1.64713,3.7725));
#2401 = VECTOR('',#2402,1.);
#2402 = DIRECTION('',(0.,0.,1.));
#2403 = ORIENTED_EDGE('',*,*,#2404,.T.);
#2404 = EDGE_CURVE('',#2397,#2405,#2407,.T.);
#2405 = VERTEX_POINT('',#2406);
#2406 = CARTESIAN_POINT('',(6.15,1.630173,6.504291));
#2407 = LINE('',#2408,#2409);
#2408 = CARTESIAN_POINT('',(6.15,-1.64713,6.504291));
#2409 = VECTOR('',#2410,1.);
#2410 = DIRECTION('',(0.,1.,0.));
#2411 = ORIENTED_EDGE('',*,*,#2412,.T.);
#2412 = EDGE_CURVE('',#2405,#2413,#2415,.T.);
#2413 = VERTEX_POINT('',#2414);
#2414 = CARTESIAN_POINT('',(6.15,1.630173,6.011533));
#2415 = LINE('',#2416,#2417);
#2416 = CARTESIAN_POINT('',(6.15,1.630173,6.504291));
#2417 = VECTOR('',#2418,1.);
#2418 = DIRECTION('',(0.,0.,-1.));
#2419 = ORIENTED_EDGE('',*,*,#2420,.T.);
#2420 = EDGE_CURVE('',#2413,#2127,#2421,.T.);
#2421 = LINE('',#2422,#2423);
#2422 = CARTESIAN_POINT('',(6.15,1.630173,6.011533));
#2423 = VECTOR('',#2424,1.);
#2424 = DIRECTION('',(0.,0.306277272459,-0.951942347191));
#2425 = ORIENTED_EDGE('',*,*,#2126,.T.);
#2426 = ORIENTED_EDGE('',*,*,#704,.T.);
#2427 = PLANE('',#2428);
#2428 = AXIS2_PLACEMENT_3D('',#2429,#2430,#2431);
#2429 = CARTESIAN_POINT('',(6.15,-6.254098390486E-03,3.106456865277));
#2430 = DIRECTION('',(1.,0.,0.));
#2431 = DIRECTION('',(0.,0.,1.));
#2432 = ADVANCED_FACE('',(#2433),#2481,.T.);
#2433 = FACE_BOUND('',#2434,.T.);
#2434 = EDGE_LOOP('',(#2435,#2443,#2451,#2457,#2458,#2466,#2474,#2480));
#2435 = ORIENTED_EDGE('',*,*,#2436,.F.);
#2436 = EDGE_CURVE('',#2437,#761,#2439,.T.);
#2437 = VERTEX_POINT('',#2438);
#2438 = CARTESIAN_POINT('',(8.69,2.085974,4.594855));
#2439 = LINE('',#2440,#2441);
#2440 = CARTESIAN_POINT('',(8.69,2.085974,4.594855));
#2441 = VECTOR('',#2442,1.);
#2442 = DIRECTION('',(0.,0.,-1.));
#2443 = ORIENTED_EDGE('',*,*,#2444,.T.);
#2444 = EDGE_CURVE('',#2437,#2445,#2447,.T.);
#2445 = VERTEX_POINT('',#2446);
#2446 = CARTESIAN_POINT('',(6.55,2.085974,4.594855));
#2447 = LINE('',#2448,#2449);
#2448 = CARTESIAN_POINT('',(8.69,2.085974,4.594855));
#2449 = VECTOR('',#2450,1.);
#2450 = DIRECTION('',(-1.,-0.,-0.));
#2451 = ORIENTED_EDGE('',*,*,#2452,.T.);
#2452 = EDGE_CURVE('',#2445,#787,#2453,.T.);
#2453 = LINE('',#2454,#2455);
#2454 = CARTESIAN_POINT('',(6.55,2.085974,4.594855));
#2455 = VECTOR('',#2456,1.);
#2456 = DIRECTION('',(0.,0.,-1.));
#2457 = ORIENTED_EDGE('',*,*,#794,.F.);
#2458 = ORIENTED_EDGE('',*,*,#2459,.F.);
#2459 = EDGE_CURVE('',#2460,#795,#2462,.T.);
#2460 = VERTEX_POINT('',#2461);
#2461 = CARTESIAN_POINT('',(6.92,2.085974,3.7725668));
#2462 = LINE('',#2463,#2464);
#2463 = CARTESIAN_POINT('',(6.92,2.085974,3.7725668));
#2464 = VECTOR('',#2465,1.);
#2465 = DIRECTION('',(0.,0.,-1.));
#2466 = ORIENTED_EDGE('',*,*,#2467,.F.);
#2467 = EDGE_CURVE('',#2468,#2460,#2470,.T.);
#2468 = VERTEX_POINT('',#2469);
#2469 = CARTESIAN_POINT('',(8.32,2.085974,3.7725668));
#2470 = LINE('',#2471,#2472);
#2471 = CARTESIAN_POINT('',(8.32,2.085974,3.7725668));
#2472 = VECTOR('',#2473,1.);
#2473 = DIRECTION('',(-1.,-0.,-0.));
#2474 = ORIENTED_EDGE('',*,*,#2475,.T.);
#2475 = EDGE_CURVE('',#2468,#763,#2476,.T.);
#2476 = LINE('',#2477,#2478);
#2477 = CARTESIAN_POINT('',(8.32,2.085974,3.7725668));
#2478 = VECTOR('',#2479,1.);
#2479 = DIRECTION('',(0.,0.,-1.));
#2480 = ORIENTED_EDGE('',*,*,#760,.F.);
#2481 = PLANE('',#2482);
#2482 = AXIS2_PLACEMENT_3D('',#2483,#2484,#2485);
#2483 = CARTESIAN_POINT('',(8.69,2.085974,4.594855));
#2484 = DIRECTION('',(0.,-1.,0.));
#2485 = DIRECTION('',(0.,0.,-1.));
#2486 = ADVANCED_FACE('',(#2487),#2528,.F.);
#2487 = FACE_BOUND('',#2488,.F.);
#2488 = EDGE_LOOP('',(#2489,#2497,#2505,#2511,#2512,#2513,#2521,#2527));
#2489 = ORIENTED_EDGE('',*,*,#2490,.T.);
#2490 = EDGE_CURVE('',#1363,#2491,#2493,.T.);
#2491 = VERTEX_POINT('',#2492);
#2492 = CARTESIAN_POINT('',(8.32,2.523512383178,4.8494725));
#2493 = LINE('',#2494,#2495);
#2494 = CARTESIAN_POINT('',(8.32,2.323466850359,5.562968233721));
#2495 = VECTOR('',#2496,1.);
#2496 = DIRECTION('',(0.,-0.269963692325,0.962870502626));
#2497 = ORIENTED_EDGE('',*,*,#2498,.T.);
#2498 = EDGE_CURVE('',#2491,#2499,#2501,.T.);
#2499 = VERTEX_POINT('',#2500);
#2500 = CARTESIAN_POINT('',(8.32,2.523512383178,3.7725668));
#2501 = LINE('',#2502,#2503);
#2502 = CARTESIAN_POINT('',(8.32,2.523512383178,4.8494725));
#2503 = VECTOR('',#2504,1.);
#2504 = DIRECTION('',(0.,0.,-1.));
#2505 = ORIENTED_EDGE('',*,*,#2506,.T.);
#2506 = EDGE_CURVE('',#2499,#2468,#2507,.T.);
#2507 = LINE('',#2508,#2509);
#2508 = CARTESIAN_POINT('',(8.32,2.523512383178,3.7725668));
#2509 = VECTOR('',#2510,1.);
#2510 = DIRECTION('',(0.,-1.,0.));
#2511 = ORIENTED_EDGE('',*,*,#2475,.T.);
#2512 = ORIENTED_EDGE('',*,*,#818,.T.);
#2513 = ORIENTED_EDGE('',*,*,#2514,.T.);
#2514 = EDGE_CURVE('',#811,#2515,#2517,.T.);
#2515 = VERTEX_POINT('',#2516);
#2516 = CARTESIAN_POINT('',(8.32,2.527085,1.5091518));
#2517 = LINE('',#2518,#2519);
#2518 = CARTESIAN_POINT('',(8.32,2.527085,0.));
#2519 = VECTOR('',#2520,1.);
#2520 = DIRECTION('',(0.,0.,1.));
#2521 = ORIENTED_EDGE('',*,*,#2522,.T.);
#2522 = EDGE_CURVE('',#2515,#1371,#2523,.T.);
#2523 = LINE('',#2524,#2525);
#2524 = CARTESIAN_POINT('',(8.32,2.527085,1.5091518));
#2525 = VECTOR('',#2526,1.);
#2526 = DIRECTION('',(0.,1.,0.));
#2527 = ORIENTED_EDGE('',*,*,#1370,.T.);
#2528 = PLANE('',#2529);
#2529 = AXIS2_PLACEMENT_3D('',#2530,#2531,#2532);
#2530 = CARTESIAN_POINT('',(8.32,2.689011253687,2.497546996313));
#2531 = DIRECTION('',(1.,0.,0.));
#2532 = DIRECTION('',(0.,0.,1.));
#2533 = ADVANCED_FACE('',(#2534),#2552,.F.);
#2534 = FACE_BOUND('',#2535,.F.);
#2535 = EDGE_LOOP('',(#2536,#2537,#2545,#2551));
#2536 = ORIENTED_EDGE('',*,*,#810,.T.);
#2537 = ORIENTED_EDGE('',*,*,#2538,.T.);
#2538 = EDGE_CURVE('',#803,#2539,#2541,.T.);
#2539 = VERTEX_POINT('',#2540);
#2540 = CARTESIAN_POINT('',(6.92,2.527085,1.5091518));
#2541 = LINE('',#2542,#2543);
#2542 = CARTESIAN_POINT('',(6.92,2.527085,0.));
#2543 = VECTOR('',#2544,1.);
#2544 = DIRECTION('',(0.,0.,1.));
#2545 = ORIENTED_EDGE('',*,*,#2546,.F.);
#2546 = EDGE_CURVE('',#2515,#2539,#2547,.T.);
#2547 = LINE('',#2548,#2549);
#2548 = CARTESIAN_POINT('',(8.32,2.527085,1.5091518));
#2549 = VECTOR('',#2550,1.);
#2550 = DIRECTION('',(-1.,-0.,-0.));
#2551 = ORIENTED_EDGE('',*,*,#2514,.F.);
#2552 = PLANE('',#2553);
#2553 = AXIS2_PLACEMENT_3D('',#2554,#2555,#2556);
#2554 = CARTESIAN_POINT('',(8.32,2.527085,0.));
#2555 = DIRECTION('',(0.,1.,0.));
#2556 = DIRECTION('',(0.,0.,1.));
#2557 = ADVANCED_FACE('',(#2558),#2592,.T.);
#2558 = FACE_BOUND('',#2559,.T.);
#2559 = EDGE_LOOP('',(#2560,#2568,#2576,#2582,#2583,#2584,#2585,#2591));
#2560 = ORIENTED_EDGE('',*,*,#2561,.T.);
#2561 = EDGE_CURVE('',#1387,#2562,#2564,.T.);
#2562 = VERTEX_POINT('',#2563);
#2563 = CARTESIAN_POINT('',(6.92,2.523512383178,4.8494725));
#2564 = LINE('',#2565,#2566);
#2565 = CARTESIAN_POINT('',(6.92,2.323466850359,5.562968233721));
#2566 = VECTOR('',#2567,1.);
#2567 = DIRECTION('',(0.,-0.269963692325,0.962870502626));
#2568 = ORIENTED_EDGE('',*,*,#2569,.T.);
#2569 = EDGE_CURVE('',#2562,#2570,#2572,.T.);
#2570 = VERTEX_POINT('',#2571);
#2571 = CARTESIAN_POINT('',(6.92,2.523512383178,3.7725668));
#2572 = LINE('',#2573,#2574);
#2573 = CARTESIAN_POINT('',(6.92,2.523512383178,4.8494725));
#2574 = VECTOR('',#2575,1.);
#2575 = DIRECTION('',(0.,0.,-1.));
#2576 = ORIENTED_EDGE('',*,*,#2577,.T.);
#2577 = EDGE_CURVE('',#2570,#2460,#2578,.T.);
#2578 = LINE('',#2579,#2580);
#2579 = CARTESIAN_POINT('',(6.92,2.523512383178,3.7725668));
#2580 = VECTOR('',#2581,1.);
#2581 = DIRECTION('',(0.,-1.,0.));
#2582 = ORIENTED_EDGE('',*,*,#2459,.T.);
#2583 = ORIENTED_EDGE('',*,*,#802,.T.);
#2584 = ORIENTED_EDGE('',*,*,#2538,.T.);
#2585 = ORIENTED_EDGE('',*,*,#2586,.T.);
#2586 = EDGE_CURVE('',#2539,#1379,#2587,.T.);
#2587 = LINE('',#2588,#2589);
#2588 = CARTESIAN_POINT('',(6.92,2.527085,1.5091518));
#2589 = VECTOR('',#2590,1.);
#2590 = DIRECTION('',(0.,1.,0.));
#2591 = ORIENTED_EDGE('',*,*,#1386,.T.);
#2592 = PLANE('',#2593);
#2593 = AXIS2_PLACEMENT_3D('',#2594,#2595,#2596);
#2594 = CARTESIAN_POINT('',(6.92,2.689011253687,2.497546996313));
#2595 = DIRECTION('',(1.,0.,0.));
#2596 = DIRECTION('',(0.,0.,1.));
#2597 = ADVANCED_FACE('',(#2598),#2656,.T.);
#2598 = FACE_BOUND('',#2599,.F.);
#2599 = EDGE_LOOP('',(#2600,#2608,#2616,#2624,#2632,#2640,#2648,#2654,
    #2655));
#2600 = ORIENTED_EDGE('',*,*,#2601,.T.);
#2601 = EDGE_CURVE('',#779,#2602,#2604,.T.);
#2602 = VERTEX_POINT('',#2603);
#2603 = CARTESIAN_POINT('',(6.55,-2.016232,1.330337));
#2604 = LINE('',#2605,#2606);
#2605 = CARTESIAN_POINT('',(6.55,-2.225654,0.));
#2606 = VECTOR('',#2607,1.);
#2607 = DIRECTION('',(0.,0.155505255414,0.987835064947));
#2608 = ORIENTED_EDGE('',*,*,#2609,.T.);
#2609 = EDGE_CURVE('',#2602,#2610,#2612,.T.);
#2610 = VERTEX_POINT('',#2611);
#2611 = CARTESIAN_POINT('',(6.55,-2.016232,3.7725));
#2612 = LINE('',#2613,#2614);
#2613 = CARTESIAN_POINT('',(6.55,-2.016232,1.330337));
#2614 = VECTOR('',#2615,1.);
#2615 = DIRECTION('',(0.,0.,1.));
#2616 = ORIENTED_EDGE('',*,*,#2617,.T.);
#2617 = EDGE_CURVE('',#2610,#2618,#2620,.T.);
#2618 = VERTEX_POINT('',#2619);
#2619 = CARTESIAN_POINT('',(6.55,-1.64713,3.7725));
#2620 = LINE('',#2621,#2622);
#2621 = CARTESIAN_POINT('',(6.55,-2.016232,3.7725));
#2622 = VECTOR('',#2623,1.);
#2623 = DIRECTION('',(0.,1.,0.));
#2624 = ORIENTED_EDGE('',*,*,#2625,.T.);
#2625 = EDGE_CURVE('',#2618,#2626,#2628,.T.);
#2626 = VERTEX_POINT('',#2627);
#2627 = CARTESIAN_POINT('',(6.55,-1.64713,6.504291));
#2628 = LINE('',#2629,#2630);
#2629 = CARTESIAN_POINT('',(6.55,-1.64713,3.7725));
#2630 = VECTOR('',#2631,1.);
#2631 = DIRECTION('',(0.,0.,1.));
#2632 = ORIENTED_EDGE('',*,*,#2633,.T.);
#2633 = EDGE_CURVE('',#2626,#2634,#2636,.T.);
#2634 = VERTEX_POINT('',#2635);
#2635 = CARTESIAN_POINT('',(6.55,1.630173,6.504291));
#2636 = LINE('',#2637,#2638);
#2637 = CARTESIAN_POINT('',(6.55,-1.64713,6.504291));
#2638 = VECTOR('',#2639,1.);
#2639 = DIRECTION('',(0.,1.,0.));
#2640 = ORIENTED_EDGE('',*,*,#2641,.T.);
#2641 = EDGE_CURVE('',#2634,#2642,#2644,.T.);
#2642 = VERTEX_POINT('',#2643);
#2643 = CARTESIAN_POINT('',(6.55,1.630173,6.011533));
#2644 = LINE('',#2645,#2646);
#2645 = CARTESIAN_POINT('',(6.55,1.630173,6.504291));
#2646 = VECTOR('',#2647,1.);
#2647 = DIRECTION('',(0.,0.,-1.));
#2648 = ORIENTED_EDGE('',*,*,#2649,.T.);
#2649 = EDGE_CURVE('',#2642,#2445,#2650,.T.);
#2650 = LINE('',#2651,#2652);
#2651 = CARTESIAN_POINT('',(6.55,1.630173,6.011533));
#2652 = VECTOR('',#2653,1.);
#2653 = DIRECTION('',(0.,0.306277272459,-0.951942347191));
#2654 = ORIENTED_EDGE('',*,*,#2452,.T.);
#2655 = ORIENTED_EDGE('',*,*,#786,.T.);
#2656 = PLANE('',#2657);
#2657 = AXIS2_PLACEMENT_3D('',#2658,#2659,#2660);
#2658 = CARTESIAN_POINT('',(6.55,-6.254098390486E-03,3.106456865277));
#2659 = DIRECTION('',(1.,0.,0.));
#2660 = DIRECTION('',(0.,0.,1.));
#2661 = ADVANCED_FACE('',(#2662),#2680,.T.);
#2662 = FACE_BOUND('',#2663,.T.);
#2663 = EDGE_LOOP('',(#2664,#2665,#2666,#2674));
#2664 = ORIENTED_EDGE('',*,*,#778,.T.);
#2665 = ORIENTED_EDGE('',*,*,#2601,.T.);
#2666 = ORIENTED_EDGE('',*,*,#2667,.F.);
#2667 = EDGE_CURVE('',#2668,#2602,#2670,.T.);
#2668 = VERTEX_POINT('',#2669);
#2669 = CARTESIAN_POINT('',(8.69,-2.016232,1.330337));
#2670 = LINE('',#2671,#2672);
#2671 = CARTESIAN_POINT('',(8.69,-2.016232,1.330337));
#2672 = VECTOR('',#2673,1.);
#2673 = DIRECTION('',(-1.,-0.,-0.));
#2674 = ORIENTED_EDGE('',*,*,#2675,.F.);
#2675 = EDGE_CURVE('',#771,#2668,#2676,.T.);
#2676 = LINE('',#2677,#2678);
#2677 = CARTESIAN_POINT('',(8.69,-2.225654,0.));
#2678 = VECTOR('',#2679,1.);
#2679 = DIRECTION('',(0.,0.155505255414,0.987835064947));
#2680 = PLANE('',#2681);
#2681 = AXIS2_PLACEMENT_3D('',#2682,#2683,#2684);
#2682 = CARTESIAN_POINT('',(8.69,-2.225654,0.));
#2683 = DIRECTION('',(0.,0.987835064947,-0.155505255414));
#2684 = DIRECTION('',(0.,0.155505255414,0.987835064947));
#2685 = ADVANCED_FACE('',(#2686),#2737,.F.);
#2686 = FACE_BOUND('',#2687,.T.);
#2687 = EDGE_LOOP('',(#2688,#2689,#2697,#2705,#2713,#2721,#2729,#2735,
    #2736));
#2688 = ORIENTED_EDGE('',*,*,#2675,.T.);
#2689 = ORIENTED_EDGE('',*,*,#2690,.T.);
#2690 = EDGE_CURVE('',#2668,#2691,#2693,.T.);
#2691 = VERTEX_POINT('',#2692);
#2692 = CARTESIAN_POINT('',(8.69,-2.016232,3.7725));
#2693 = LINE('',#2694,#2695);
#2694 = CARTESIAN_POINT('',(8.69,-2.016232,1.330337));
#2695 = VECTOR('',#2696,1.);
#2696 = DIRECTION('',(0.,0.,1.));
#2697 = ORIENTED_EDGE('',*,*,#2698,.T.);
#2698 = EDGE_CURVE('',#2691,#2699,#2701,.T.);
#2699 = VERTEX_POINT('',#2700);
#2700 = CARTESIAN_POINT('',(8.69,-1.64713,3.7725));
#2701 = LINE('',#2702,#2703);
#2702 = CARTESIAN_POINT('',(8.69,-2.016232,3.7725));
#2703 = VECTOR('',#2704,1.);
#2704 = DIRECTION('',(0.,1.,0.));
#2705 = ORIENTED_EDGE('',*,*,#2706,.T.);
#2706 = EDGE_CURVE('',#2699,#2707,#2709,.T.);
#2707 = VERTEX_POINT('',#2708);
#2708 = CARTESIAN_POINT('',(8.69,-1.64713,6.504291));
#2709 = LINE('',#2710,#2711);
#2710 = CARTESIAN_POINT('',(8.69,-1.64713,3.7725));
#2711 = VECTOR('',#2712,1.);
#2712 = DIRECTION('',(0.,0.,1.));
#2713 = ORIENTED_EDGE('',*,*,#2714,.T.);
#2714 = EDGE_CURVE('',#2707,#2715,#2717,.T.);
#2715 = VERTEX_POINT('',#2716);
#2716 = CARTESIAN_POINT('',(8.69,1.630173,6.504291));
#2717 = LINE('',#2718,#2719);
#2718 = CARTESIAN_POINT('',(8.69,-1.64713,6.504291));
#2719 = VECTOR('',#2720,1.);
#2720 = DIRECTION('',(0.,1.,0.));
#2721 = ORIENTED_EDGE('',*,*,#2722,.T.);
#2722 = EDGE_CURVE('',#2715,#2723,#2725,.T.);
#2723 = VERTEX_POINT('',#2724);
#2724 = CARTESIAN_POINT('',(8.69,1.630173,6.011533));
#2725 = LINE('',#2726,#2727);
#2726 = CARTESIAN_POINT('',(8.69,1.630173,6.504291));
#2727 = VECTOR('',#2728,1.);
#2728 = DIRECTION('',(0.,0.,-1.));
#2729 = ORIENTED_EDGE('',*,*,#2730,.T.);
#2730 = EDGE_CURVE('',#2723,#2437,#2731,.T.);
#2731 = LINE('',#2732,#2733);
#2732 = CARTESIAN_POINT('',(8.69,1.630173,6.011533));
#2733 = VECTOR('',#2734,1.);
#2734 = DIRECTION('',(0.,0.306277272459,-0.951942347191));
#2735 = ORIENTED_EDGE('',*,*,#2436,.T.);
#2736 = ORIENTED_EDGE('',*,*,#770,.T.);
#2737 = PLANE('',#2738);
#2738 = AXIS2_PLACEMENT_3D('',#2739,#2740,#2741);
#2739 = CARTESIAN_POINT('',(8.69,-6.254098390486E-03,3.106456865277));
#2740 = DIRECTION('',(1.,0.,0.));
#2741 = DIRECTION('',(0.,0.,1.));
#2742 = ADVANCED_FACE('',(#2743),#2791,.T.);
#2743 = FACE_BOUND('',#2744,.T.);
#2744 = EDGE_LOOP('',(#2745,#2753,#2761,#2767,#2768,#2776,#2784,#2790));
#2745 = ORIENTED_EDGE('',*,*,#2746,.F.);
#2746 = EDGE_CURVE('',#2747,#827,#2749,.T.);
#2747 = VERTEX_POINT('',#2748);
#2748 = CARTESIAN_POINT('',(11.23,2.085974,4.594855));
#2749 = LINE('',#2750,#2751);
#2750 = CARTESIAN_POINT('',(11.23,2.085974,4.594855));
#2751 = VECTOR('',#2752,1.);
#2752 = DIRECTION('',(0.,0.,-1.));
#2753 = ORIENTED_EDGE('',*,*,#2754,.T.);
#2754 = EDGE_CURVE('',#2747,#2755,#2757,.T.);
#2755 = VERTEX_POINT('',#2756);
#2756 = CARTESIAN_POINT('',(9.09,2.085974,4.594855));
#2757 = LINE('',#2758,#2759);
#2758 = CARTESIAN_POINT('',(11.23,2.085974,4.594855));
#2759 = VECTOR('',#2760,1.);
#2760 = DIRECTION('',(-1.,-0.,-0.));
#2761 = ORIENTED_EDGE('',*,*,#2762,.T.);
#2762 = EDGE_CURVE('',#2755,#853,#2763,.T.);
#2763 = LINE('',#2764,#2765);
#2764 = CARTESIAN_POINT('',(9.09,2.085974,4.594855));
#2765 = VECTOR('',#2766,1.);
#2766 = DIRECTION('',(0.,0.,-1.));
#2767 = ORIENTED_EDGE('',*,*,#860,.F.);
#2768 = ORIENTED_EDGE('',*,*,#2769,.F.);
#2769 = EDGE_CURVE('',#2770,#861,#2772,.T.);
#2770 = VERTEX_POINT('',#2771);
#2771 = CARTESIAN_POINT('',(9.46,2.085974,3.7725668));
#2772 = LINE('',#2773,#2774);
#2773 = CARTESIAN_POINT('',(9.46,2.085974,3.7725668));
#2774 = VECTOR('',#2775,1.);
#2775 = DIRECTION('',(0.,0.,-1.));
#2776 = ORIENTED_EDGE('',*,*,#2777,.F.);
#2777 = EDGE_CURVE('',#2778,#2770,#2780,.T.);
#2778 = VERTEX_POINT('',#2779);
#2779 = CARTESIAN_POINT('',(10.86,2.085974,3.7725668));
#2780 = LINE('',#2781,#2782);
#2781 = CARTESIAN_POINT('',(10.86,2.085974,3.7725668));
#2782 = VECTOR('',#2783,1.);
#2783 = DIRECTION('',(-1.,-0.,-0.));
#2784 = ORIENTED_EDGE('',*,*,#2785,.T.);
#2785 = EDGE_CURVE('',#2778,#829,#2786,.T.);
#2786 = LINE('',#2787,#2788);
#2787 = CARTESIAN_POINT('',(10.86,2.085974,3.7725668));
#2788 = VECTOR('',#2789,1.);
#2789 = DIRECTION('',(0.,0.,-1.));
#2790 = ORIENTED_EDGE('',*,*,#826,.F.);
#2791 = PLANE('',#2792);
#2792 = AXIS2_PLACEMENT_3D('',#2793,#2794,#2795);
#2793 = CARTESIAN_POINT('',(11.23,2.085974,4.594855));
#2794 = DIRECTION('',(0.,-1.,0.));
#2795 = DIRECTION('',(0.,0.,-1.));
#2796 = ADVANCED_FACE('',(#2797),#2838,.F.);
#2797 = FACE_BOUND('',#2798,.F.);
#2798 = EDGE_LOOP('',(#2799,#2807,#2815,#2821,#2822,#2823,#2831,#2837));
#2799 = ORIENTED_EDGE('',*,*,#2800,.T.);
#2800 = EDGE_CURVE('',#1331,#2801,#2803,.T.);
#2801 = VERTEX_POINT('',#2802);
#2802 = CARTESIAN_POINT('',(10.86,2.523512383178,4.8494725));
#2803 = LINE('',#2804,#2805);
#2804 = CARTESIAN_POINT('',(10.86,2.323466850359,5.562968233721));
#2805 = VECTOR('',#2806,1.);
#2806 = DIRECTION('',(0.,-0.269963692325,0.962870502626));
#2807 = ORIENTED_EDGE('',*,*,#2808,.T.);
#2808 = EDGE_CURVE('',#2801,#2809,#2811,.T.);
#2809 = VERTEX_POINT('',#2810);
#2810 = CARTESIAN_POINT('',(10.86,2.523512383178,3.7725668));
#2811 = LINE('',#2812,#2813);
#2812 = CARTESIAN_POINT('',(10.86,2.523512383178,4.8494725));
#2813 = VECTOR('',#2814,1.);
#2814 = DIRECTION('',(0.,0.,-1.));
#2815 = ORIENTED_EDGE('',*,*,#2816,.T.);
#2816 = EDGE_CURVE('',#2809,#2778,#2817,.T.);
#2817 = LINE('',#2818,#2819);
#2818 = CARTESIAN_POINT('',(10.86,2.523512383178,3.7725668));
#2819 = VECTOR('',#2820,1.);
#2820 = DIRECTION('',(0.,-1.,0.));
#2821 = ORIENTED_EDGE('',*,*,#2785,.T.);
#2822 = ORIENTED_EDGE('',*,*,#884,.T.);
#2823 = ORIENTED_EDGE('',*,*,#2824,.T.);
#2824 = EDGE_CURVE('',#877,#2825,#2827,.T.);
#2825 = VERTEX_POINT('',#2826);
#2826 = CARTESIAN_POINT('',(10.86,2.527085,1.5091518));
#2827 = LINE('',#2828,#2829);
#2828 = CARTESIAN_POINT('',(10.86,2.527085,0.));
#2829 = VECTOR('',#2830,1.);
#2830 = DIRECTION('',(0.,0.,1.));
#2831 = ORIENTED_EDGE('',*,*,#2832,.T.);
#2832 = EDGE_CURVE('',#2825,#1339,#2833,.T.);
#2833 = LINE('',#2834,#2835);
#2834 = CARTESIAN_POINT('',(10.86,2.527085,1.5091518));
#2835 = VECTOR('',#2836,1.);
#2836 = DIRECTION('',(0.,1.,0.));
#2837 = ORIENTED_EDGE('',*,*,#1338,.T.);
#2838 = PLANE('',#2839);
#2839 = AXIS2_PLACEMENT_3D('',#2840,#2841,#2842);
#2840 = CARTESIAN_POINT('',(10.86,2.689011253687,2.497546996313));
#2841 = DIRECTION('',(1.,0.,0.));
#2842 = DIRECTION('',(0.,0.,1.));
#2843 = ADVANCED_FACE('',(#2844),#2862,.F.);
#2844 = FACE_BOUND('',#2845,.F.);
#2845 = EDGE_LOOP('',(#2846,#2847,#2855,#2861));
#2846 = ORIENTED_EDGE('',*,*,#876,.T.);
#2847 = ORIENTED_EDGE('',*,*,#2848,.T.);
#2848 = EDGE_CURVE('',#869,#2849,#2851,.T.);
#2849 = VERTEX_POINT('',#2850);
#2850 = CARTESIAN_POINT('',(9.46,2.527085,1.5091518));
#2851 = LINE('',#2852,#2853);
#2852 = CARTESIAN_POINT('',(9.46,2.527085,0.));
#2853 = VECTOR('',#2854,1.);
#2854 = DIRECTION('',(0.,0.,1.));
#2855 = ORIENTED_EDGE('',*,*,#2856,.F.);
#2856 = EDGE_CURVE('',#2825,#2849,#2857,.T.);
#2857 = LINE('',#2858,#2859);
#2858 = CARTESIAN_POINT('',(10.86,2.527085,1.5091518));
#2859 = VECTOR('',#2860,1.);
#2860 = DIRECTION('',(-1.,-0.,-0.));
#2861 = ORIENTED_EDGE('',*,*,#2824,.F.);
#2862 = PLANE('',#2863);
#2863 = AXIS2_PLACEMENT_3D('',#2864,#2865,#2866);
#2864 = CARTESIAN_POINT('',(10.86,2.527085,0.));
#2865 = DIRECTION('',(0.,1.,0.));
#2866 = DIRECTION('',(0.,0.,1.));
#2867 = ADVANCED_FACE('',(#2868),#2902,.T.);
#2868 = FACE_BOUND('',#2869,.T.);
#2869 = EDGE_LOOP('',(#2870,#2878,#2886,#2892,#2893,#2894,#2895,#2901));
#2870 = ORIENTED_EDGE('',*,*,#2871,.T.);
#2871 = EDGE_CURVE('',#1355,#2872,#2874,.T.);
#2872 = VERTEX_POINT('',#2873);
#2873 = CARTESIAN_POINT('',(9.46,2.523512383178,4.8494725));
#2874 = LINE('',#2875,#2876);
#2875 = CARTESIAN_POINT('',(9.46,2.323466850359,5.562968233721));
#2876 = VECTOR('',#2877,1.);
#2877 = DIRECTION('',(0.,-0.269963692325,0.962870502626));
#2878 = ORIENTED_EDGE('',*,*,#2879,.T.);
#2879 = EDGE_CURVE('',#2872,#2880,#2882,.T.);
#2880 = VERTEX_POINT('',#2881);
#2881 = CARTESIAN_POINT('',(9.46,2.523512383178,3.7725668));
#2882 = LINE('',#2883,#2884);
#2883 = CARTESIAN_POINT('',(9.46,2.523512383178,4.8494725));
#2884 = VECTOR('',#2885,1.);
#2885 = DIRECTION('',(0.,0.,-1.));
#2886 = ORIENTED_EDGE('',*,*,#2887,.T.);
#2887 = EDGE_CURVE('',#2880,#2770,#2888,.T.);
#2888 = LINE('',#2889,#2890);
#2889 = CARTESIAN_POINT('',(9.46,2.523512383178,3.7725668));
#2890 = VECTOR('',#2891,1.);
#2891 = DIRECTION('',(0.,-1.,0.));
#2892 = ORIENTED_EDGE('',*,*,#2769,.T.);
#2893 = ORIENTED_EDGE('',*,*,#868,.T.);
#2894 = ORIENTED_EDGE('',*,*,#2848,.T.);
#2895 = ORIENTED_EDGE('',*,*,#2896,.T.);
#2896 = EDGE_CURVE('',#2849,#1347,#2897,.T.);
#2897 = LINE('',#2898,#2899);
#2898 = CARTESIAN_POINT('',(9.46,2.527085,1.5091518));
#2899 = VECTOR('',#2900,1.);
#2900 = DIRECTION('',(0.,1.,0.));
#2901 = ORIENTED_EDGE('',*,*,#1354,.T.);
#2902 = PLANE('',#2903);
#2903 = AXIS2_PLACEMENT_3D('',#2904,#2905,#2906);
#2904 = CARTESIAN_POINT('',(9.46,2.689011253687,2.497546996313));
#2905 = DIRECTION('',(1.,0.,0.));
#2906 = DIRECTION('',(0.,0.,1.));
#2907 = ADVANCED_FACE('',(#2908),#2966,.T.);
#2908 = FACE_BOUND('',#2909,.F.);
#2909 = EDGE_LOOP('',(#2910,#2918,#2926,#2934,#2942,#2950,#2958,#2964,
    #2965));
#2910 = ORIENTED_EDGE('',*,*,#2911,.T.);
#2911 = EDGE_CURVE('',#845,#2912,#2914,.T.);
#2912 = VERTEX_POINT('',#2913);
#2913 = CARTESIAN_POINT('',(9.09,-2.016232,1.330337));
#2914 = LINE('',#2915,#2916);
#2915 = CARTESIAN_POINT('',(9.09,-2.225654,0.));
#2916 = VECTOR('',#2917,1.);
#2917 = DIRECTION('',(0.,0.155505255414,0.987835064947));
#2918 = ORIENTED_EDGE('',*,*,#2919,.T.);
#2919 = EDGE_CURVE('',#2912,#2920,#2922,.T.);
#2920 = VERTEX_POINT('',#2921);
#2921 = CARTESIAN_POINT('',(9.09,-2.016232,3.7725));
#2922 = LINE('',#2923,#2924);
#2923 = CARTESIAN_POINT('',(9.09,-2.016232,1.330337));
#2924 = VECTOR('',#2925,1.);
#2925 = DIRECTION('',(0.,0.,1.));
#2926 = ORIENTED_EDGE('',*,*,#2927,.T.);
#2927 = EDGE_CURVE('',#2920,#2928,#2930,.T.);
#2928 = VERTEX_POINT('',#2929);
#2929 = CARTESIAN_POINT('',(9.09,-1.64713,3.7725));
#2930 = LINE('',#2931,#2932);
#2931 = CARTESIAN_POINT('',(9.09,-2.016232,3.7725));
#2932 = VECTOR('',#2933,1.);
#2933 = DIRECTION('',(0.,1.,0.));
#2934 = ORIENTED_EDGE('',*,*,#2935,.T.);
#2935 = EDGE_CURVE('',#2928,#2936,#2938,.T.);
#2936 = VERTEX_POINT('',#2937);
#2937 = CARTESIAN_POINT('',(9.09,-1.64713,6.504291));
#2938 = LINE('',#2939,#2940);
#2939 = CARTESIAN_POINT('',(9.09,-1.64713,3.7725));
#2940 = VECTOR('',#2941,1.);
#2941 = DIRECTION('',(0.,0.,1.));
#2942 = ORIENTED_EDGE('',*,*,#2943,.T.);
#2943 = EDGE_CURVE('',#2936,#2944,#2946,.T.);
#2944 = VERTEX_POINT('',#2945);
#2945 = CARTESIAN_POINT('',(9.09,1.630173,6.504291));
#2946 = LINE('',#2947,#2948);
#2947 = CARTESIAN_POINT('',(9.09,-1.64713,6.504291));
#2948 = VECTOR('',#2949,1.);
#2949 = DIRECTION('',(0.,1.,0.));
#2950 = ORIENTED_EDGE('',*,*,#2951,.T.);
#2951 = EDGE_CURVE('',#2944,#2952,#2954,.T.);
#2952 = VERTEX_POINT('',#2953);
#2953 = CARTESIAN_POINT('',(9.09,1.630173,6.011533));
#2954 = LINE('',#2955,#2956);
#2955 = CARTESIAN_POINT('',(9.09,1.630173,6.504291));
#2956 = VECTOR('',#2957,1.);
#2957 = DIRECTION('',(0.,0.,-1.));
#2958 = ORIENTED_EDGE('',*,*,#2959,.T.);
#2959 = EDGE_CURVE('',#2952,#2755,#2960,.T.);
#2960 = LINE('',#2961,#2962);
#2961 = CARTESIAN_POINT('',(9.09,1.630173,6.011533));
#2962 = VECTOR('',#2963,1.);
#2963 = DIRECTION('',(0.,0.306277272459,-0.951942347191));
#2964 = ORIENTED_EDGE('',*,*,#2762,.T.);
#2965 = ORIENTED_EDGE('',*,*,#852,.T.);
#2966 = PLANE('',#2967);
#2967 = AXIS2_PLACEMENT_3D('',#2968,#2969,#2970);
#2968 = CARTESIAN_POINT('',(9.09,-6.254098390486E-03,3.106456865277));
#2969 = DIRECTION('',(1.,0.,0.));
#2970 = DIRECTION('',(0.,0.,1.));
#2971 = ADVANCED_FACE('',(#2972),#2990,.T.);
#2972 = FACE_BOUND('',#2973,.T.);
#2973 = EDGE_LOOP('',(#2974,#2975,#2976,#2984));
#2974 = ORIENTED_EDGE('',*,*,#844,.T.);
#2975 = ORIENTED_EDGE('',*,*,#2911,.T.);
#2976 = ORIENTED_EDGE('',*,*,#2977,.F.);
#2977 = EDGE_CURVE('',#2978,#2912,#2980,.T.);
#2978 = VERTEX_POINT('',#2979);
#2979 = CARTESIAN_POINT('',(11.23,-2.016232,1.330337));
#2980 = LINE('',#2981,#2982);
#2981 = CARTESIAN_POINT('',(11.23,-2.016232,1.330337));
#2982 = VECTOR('',#2983,1.);
#2983 = DIRECTION('',(-1.,-0.,-0.));
#2984 = ORIENTED_EDGE('',*,*,#2985,.F.);
#2985 = EDGE_CURVE('',#837,#2978,#2986,.T.);
#2986 = LINE('',#2987,#2988);
#2987 = CARTESIAN_POINT('',(11.23,-2.225654,0.));
#2988 = VECTOR('',#2989,1.);
#2989 = DIRECTION('',(0.,0.155505255414,0.987835064947));
#2990 = PLANE('',#2991);
#2991 = AXIS2_PLACEMENT_3D('',#2992,#2993,#2994);
#2992 = CARTESIAN_POINT('',(11.23,-2.225654,0.));
#2993 = DIRECTION('',(0.,0.987835064947,-0.155505255414));
#2994 = DIRECTION('',(0.,0.155505255414,0.987835064947));
#2995 = ADVANCED_FACE('',(#2996),#3047,.F.);
#2996 = FACE_BOUND('',#2997,.T.);
#2997 = EDGE_LOOP('',(#2998,#2999,#3007,#3015,#3023,#3031,#3039,#3045,
    #3046));
#2998 = ORIENTED_EDGE('',*,*,#2985,.T.);
#2999 = ORIENTED_EDGE('',*,*,#3000,.T.);
#3000 = EDGE_CURVE('',#2978,#3001,#3003,.T.);
#3001 = VERTEX_POINT('',#3002);
#3002 = CARTESIAN_POINT('',(11.23,-2.016232,3.7725));
#3003 = LINE('',#3004,#3005);
#3004 = CARTESIAN_POINT('',(11.23,-2.016232,1.330337));
#3005 = VECTOR('',#3006,1.);
#3006 = DIRECTION('',(0.,0.,1.));
#3007 = ORIENTED_EDGE('',*,*,#3008,.T.);
#3008 = EDGE_CURVE('',#3001,#3009,#3011,.T.);
#3009 = VERTEX_POINT('',#3010);
#3010 = CARTESIAN_POINT('',(11.23,-1.64713,3.7725));
#3011 = LINE('',#3012,#3013);
#3012 = CARTESIAN_POINT('',(11.23,-2.016232,3.7725));
#3013 = VECTOR('',#3014,1.);
#3014 = DIRECTION('',(0.,1.,0.));
#3015 = ORIENTED_EDGE('',*,*,#3016,.T.);
#3016 = EDGE_CURVE('',#3009,#3017,#3019,.T.);
#3017 = VERTEX_POINT('',#3018);
#3018 = CARTESIAN_POINT('',(11.23,-1.64713,6.504291));
#3019 = LINE('',#3020,#3021);
#3020 = CARTESIAN_POINT('',(11.23,-1.64713,3.7725));
#3021 = VECTOR('',#3022,1.);
#3022 = DIRECTION('',(0.,0.,1.));
#3023 = ORIENTED_EDGE('',*,*,#3024,.T.);
#3024 = EDGE_CURVE('',#3017,#3025,#3027,.T.);
#3025 = VERTEX_POINT('',#3026);
#3026 = CARTESIAN_POINT('',(11.23,1.630173,6.504291));
#3027 = LINE('',#3028,#3029);
#3028 = CARTESIAN_POINT('',(11.23,-1.64713,6.504291));
#3029 = VECTOR('',#3030,1.);
#3030 = DIRECTION('',(0.,1.,0.));
#3031 = ORIENTED_EDGE('',*,*,#3032,.T.);
#3032 = EDGE_CURVE('',#3025,#3033,#3035,.T.);
#3033 = VERTEX_POINT('',#3034);
#3034 = CARTESIAN_POINT('',(11.23,1.630173,6.011533));
#3035 = LINE('',#3036,#3037);
#3036 = CARTESIAN_POINT('',(11.23,1.630173,6.504291));
#3037 = VECTOR('',#3038,1.);
#3038 = DIRECTION('',(0.,0.,-1.));
#3039 = ORIENTED_EDGE('',*,*,#3040,.T.);
#3040 = EDGE_CURVE('',#3033,#2747,#3041,.T.);
#3041 = LINE('',#3042,#3043);
#3042 = CARTESIAN_POINT('',(11.23,1.630173,6.011533));
#3043 = VECTOR('',#3044,1.);
#3044 = DIRECTION('',(0.,0.306277272459,-0.951942347191));
#3045 = ORIENTED_EDGE('',*,*,#2746,.T.);
#3046 = ORIENTED_EDGE('',*,*,#836,.T.);
#3047 = PLANE('',#3048);
#3048 = AXIS2_PLACEMENT_3D('',#3049,#3050,#3051);
#3049 = CARTESIAN_POINT('',(11.23,-6.254098390486E-03,3.106456865277));
#3050 = DIRECTION('',(1.,0.,0.));
#3051 = DIRECTION('',(0.,0.,1.));
#3052 = ADVANCED_FACE('',(#3053),#3064,.F.);
#3053 = FACE_BOUND('',#3054,.F.);
#3054 = EDGE_LOOP('',(#3055,#3056,#3057,#3063));
#3055 = ORIENTED_EDGE('',*,*,#1012,.T.);
#3056 = ORIENTED_EDGE('',*,*,#955,.T.);
#3057 = ORIENTED_EDGE('',*,*,#3058,.F.);
#3058 = EDGE_CURVE('',#901,#958,#3059,.T.);
#3059 = LINE('',#3060,#3061);
#3060 = CARTESIAN_POINT('',(11.63,-2.4,5.25));
#3061 = VECTOR('',#3062,1.);
#3062 = DIRECTION('',(-1.,-0.,-0.));
#3063 = ORIENTED_EDGE('',*,*,#898,.F.);
#3064 = PLANE('',#3065);
#3065 = AXIS2_PLACEMENT_3D('',#3066,#3067,#3068);
#3066 = CARTESIAN_POINT('',(11.63,-3.,5.25));
#3067 = DIRECTION('',(0.,0.,-1.));
#3068 = DIRECTION('',(0.,1.,0.));
#3069 = ADVANCED_FACE('',(#3070),#3081,.F.);
#3070 = FACE_BOUND('',#3071,.F.);
#3071 = EDGE_LOOP('',(#3072,#3073,#3074,#3080));
#3072 = ORIENTED_EDGE('',*,*,#3058,.T.);
#3073 = ORIENTED_EDGE('',*,*,#965,.T.);
#3074 = ORIENTED_EDGE('',*,*,#3075,.F.);
#3075 = EDGE_CURVE('',#909,#966,#3076,.T.);
#3076 = LINE('',#3077,#3078);
#3077 = CARTESIAN_POINT('',(11.63,-1.5,8.5));
#3078 = VECTOR('',#3079,1.);
#3079 = DIRECTION('',(-1.,-0.,-0.));
#3080 = ORIENTED_EDGE('',*,*,#908,.F.);
#3081 = PLANE('',#3082);
#3082 = AXIS2_PLACEMENT_3D('',#3083,#3084,#3085);
#3083 = CARTESIAN_POINT('',(11.63,-2.4,5.25));
#3084 = DIRECTION('',(0.,0.963730021877,-0.266879082981));
#3085 = DIRECTION('',(0.,0.266879082981,0.963730021877));
#3086 = ADVANCED_FACE('',(#3087,#3098,#3109,#3120,#3131,#3142),#3153,.F.
  );
#3087 = FACE_BOUND('',#3088,.F.);
#3088 = EDGE_LOOP('',(#3089,#3090,#3091,#3097));
#3089 = ORIENTED_EDGE('',*,*,#3075,.T.);
#3090 = ORIENTED_EDGE('',*,*,#973,.T.);
#3091 = ORIENTED_EDGE('',*,*,#3092,.F.);
#3092 = EDGE_CURVE('',#917,#974,#3093,.T.);
#3093 = LINE('',#3094,#3095);
#3094 = CARTESIAN_POINT('',(11.63,1.5,8.5));
#3095 = VECTOR('',#3096,1.);
#3096 = DIRECTION('',(-1.,-0.,-0.));
#3097 = ORIENTED_EDGE('',*,*,#916,.F.);
#3098 = FACE_BOUND('',#3099,.F.);
#3099 = EDGE_LOOP('',(#3100));
#3100 = ORIENTED_EDGE('',*,*,#3101,.T.);
#3101 = EDGE_CURVE('',#3102,#3102,#3104,.T.);
#3102 = VERTEX_POINT('',#3103);
#3103 = CARTESIAN_POINT('',(0.,1.04036,8.5));
#3104 = CIRCLE('',#3105,1.04036);
#3105 = AXIS2_PLACEMENT_3D('',#3106,#3107,#3108);
#3106 = CARTESIAN_POINT('',(0.,0.,8.5));
#3107 = DIRECTION('',(0.,-0.,1.));
#3108 = DIRECTION('',(0.,1.,0.));
#3109 = FACE_BOUND('',#3110,.F.);
#3110 = EDGE_LOOP('',(#3111));
#3111 = ORIENTED_EDGE('',*,*,#3112,.T.);
#3112 = EDGE_CURVE('',#3113,#3113,#3115,.T.);
#3113 = VERTEX_POINT('',#3114);
#3114 = CARTESIAN_POINT('',(2.54,1.04036,8.5));
#3115 = CIRCLE('',#3116,1.04036);
#3116 = AXIS2_PLACEMENT_3D('',#3117,#3118,#3119);
#3117 = CARTESIAN_POINT('',(2.54,0.,8.5));
#3118 = DIRECTION('',(0.,-0.,1.));
#3119 = DIRECTION('',(0.,1.,0.));
#3120 = FACE_BOUND('',#3121,.F.);
#3121 = EDGE_LOOP('',(#3122));
#3122 = ORIENTED_EDGE('',*,*,#3123,.T.);
#3123 = EDGE_CURVE('',#3124,#3124,#3126,.T.);
#3124 = VERTEX_POINT('',#3125);
#3125 = CARTESIAN_POINT('',(5.08,1.04036,8.5));
#3126 = CIRCLE('',#3127,1.04036);
#3127 = AXIS2_PLACEMENT_3D('',#3128,#3129,#3130);
#3128 = CARTESIAN_POINT('',(5.08,0.,8.5));
#3129 = DIRECTION('',(0.,-0.,1.));
#3130 = DIRECTION('',(0.,1.,0.));
#3131 = FACE_BOUND('',#3132,.F.);
#3132 = EDGE_LOOP('',(#3133));
#3133 = ORIENTED_EDGE('',*,*,#3134,.T.);
#3134 = EDGE_CURVE('',#3135,#3135,#3137,.T.);
#3135 = VERTEX_POINT('',#3136);
#3136 = CARTESIAN_POINT('',(7.62,1.04036,8.5));
#3137 = CIRCLE('',#3138,1.04036);
#3138 = AXIS2_PLACEMENT_3D('',#3139,#3140,#3141);
#3139 = CARTESIAN_POINT('',(7.62,0.,8.5));
#3140 = DIRECTION('',(0.,-0.,1.));
#3141 = DIRECTION('',(0.,1.,0.));
#3142 = FACE_BOUND('',#3143,.F.);
#3143 = EDGE_LOOP('',(#3144));
#3144 = ORIENTED_EDGE('',*,*,#3145,.T.);
#3145 = EDGE_CURVE('',#3146,#3146,#3148,.T.);
#3146 = VERTEX_POINT('',#3147);
#3147 = CARTESIAN_POINT('',(10.16,1.04036,8.5));
#3148 = CIRCLE('',#3149,1.04036);
#3149 = AXIS2_PLACEMENT_3D('',#3150,#3151,#3152);
#3150 = CARTESIAN_POINT('',(10.16,0.,8.5));
#3151 = DIRECTION('',(0.,-0.,1.));
#3152 = DIRECTION('',(0.,1.,0.));
#3153 = PLANE('',#3154);
#3154 = AXIS2_PLACEMENT_3D('',#3155,#3156,#3157);
#3155 = CARTESIAN_POINT('',(11.63,-1.5,8.5));
#3156 = DIRECTION('',(0.,0.,-1.));
#3157 = DIRECTION('',(0.,1.,0.));
#3158 = ADVANCED_FACE('',(#3159),#3210,.F.);
#3159 = FACE_BOUND('',#3160,.F.);
#3160 = EDGE_LOOP('',(#3161,#3162,#3163,#3164,#3165,#3166,#3172,#3173,
    #3174,#3175,#3181,#3182,#3183,#3184,#3190,#3191,#3192,#3193,#3199,
    #3200,#3201,#3202,#3208,#3209));
#3161 = ORIENTED_EDGE('',*,*,#924,.F.);
#3162 = ORIENTED_EDGE('',*,*,#3092,.T.);
#3163 = ORIENTED_EDGE('',*,*,#981,.T.);
#3164 = ORIENTED_EDGE('',*,*,#1490,.F.);
#3165 = ORIENTED_EDGE('',*,*,#1776,.T.);
#3166 = ORIENTED_EDGE('',*,*,#3167,.F.);
#3167 = EDGE_CURVE('',#1625,#1777,#3168,.T.);
#3168 = LINE('',#3169,#3170);
#3169 = CARTESIAN_POINT('',(0.7,2.523512383178,4.8494725));
#3170 = VECTOR('',#3171,1.);
#3171 = DIRECTION('',(-1.,-0.,-0.));
#3172 = ORIENTED_EDGE('',*,*,#1624,.F.);
#3173 = ORIENTED_EDGE('',*,*,#1458,.F.);
#3174 = ORIENTED_EDGE('',*,*,#1941,.T.);
#3175 = ORIENTED_EDGE('',*,*,#3176,.F.);
#3176 = EDGE_CURVE('',#1871,#1942,#3177,.T.);
#3177 = LINE('',#3178,#3179);
#3178 = CARTESIAN_POINT('',(3.24,2.523512383178,4.8494725));
#3179 = VECTOR('',#3180,1.);
#3180 = DIRECTION('',(-1.,-0.,-0.));
#3181 = ORIENTED_EDGE('',*,*,#1870,.F.);
#3182 = ORIENTED_EDGE('',*,*,#1426,.F.);
#3183 = ORIENTED_EDGE('',*,*,#2251,.T.);
#3184 = ORIENTED_EDGE('',*,*,#3185,.F.);
#3185 = EDGE_CURVE('',#2181,#2252,#3186,.T.);
#3186 = LINE('',#3187,#3188);
#3187 = CARTESIAN_POINT('',(5.78,2.523512383178,4.8494725));
#3188 = VECTOR('',#3189,1.);
#3189 = DIRECTION('',(-1.,-0.,-0.));
#3190 = ORIENTED_EDGE('',*,*,#2180,.F.);
#3191 = ORIENTED_EDGE('',*,*,#1394,.F.);
#3192 = ORIENTED_EDGE('',*,*,#2561,.T.);
#3193 = ORIENTED_EDGE('',*,*,#3194,.F.);
#3194 = EDGE_CURVE('',#2491,#2562,#3195,.T.);
#3195 = LINE('',#3196,#3197);
#3196 = CARTESIAN_POINT('',(8.32,2.523512383178,4.8494725));
#3197 = VECTOR('',#3198,1.);
#3198 = DIRECTION('',(-1.,-0.,-0.));
#3199 = ORIENTED_EDGE('',*,*,#2490,.F.);
#3200 = ORIENTED_EDGE('',*,*,#1362,.F.);
#3201 = ORIENTED_EDGE('',*,*,#2871,.T.);
#3202 = ORIENTED_EDGE('',*,*,#3203,.F.);
#3203 = EDGE_CURVE('',#2801,#2872,#3204,.T.);
#3204 = LINE('',#3205,#3206);
#3205 = CARTESIAN_POINT('',(10.86,2.523512383178,4.8494725));
#3206 = VECTOR('',#3207,1.);
#3207 = DIRECTION('',(-1.,-0.,-0.));
#3208 = ORIENTED_EDGE('',*,*,#2800,.F.);
#3209 = ORIENTED_EDGE('',*,*,#1330,.F.);
#3210 = PLANE('',#3211);
#3211 = AXIS2_PLACEMENT_3D('',#3212,#3213,#3214);
#3212 = CARTESIAN_POINT('',(11.63,1.5,8.5));
#3213 = DIRECTION('',(0.,-0.962870502626,-0.269963692325));
#3214 = DIRECTION('',(0.,0.269963692325,-0.962870502626));
#3215 = ADVANCED_FACE('',(#3216),#3241,.T.);
#3216 = FACE_BOUND('',#3217,.T.);
#3217 = EDGE_LOOP('',(#3218,#3226,#3234,#3240));
#3218 = ORIENTED_EDGE('',*,*,#3219,.F.);
#3219 = EDGE_CURVE('',#3220,#1030,#3222,.T.);
#3220 = VERTEX_POINT('',#3221);
#3221 = CARTESIAN_POINT('',(0.67,-2.016232,1.532840329046));
#3222 = LINE('',#3223,#3224);
#3223 = CARTESIAN_POINT('',(0.67,3.403589252763E-16,1.532840329046));
#3224 = VECTOR('',#3225,1.);
#3225 = DIRECTION('',(0.,-1.,2.22044604925E-16));
#3226 = ORIENTED_EDGE('',*,*,#3227,.F.);
#3227 = EDGE_CURVE('',#3228,#3220,#3230,.T.);
#3228 = VERTEX_POINT('',#3229);
#3229 = CARTESIAN_POINT('',(-0.67,-2.016232,1.532840329046));
#3230 = LINE('',#3231,#3232);
#3231 = CARTESIAN_POINT('',(0.2,-2.016232,1.532840329046));
#3232 = VECTOR('',#3233,1.);
#3233 = DIRECTION('',(1.,0.,0.));
#3234 = ORIENTED_EDGE('',*,*,#3235,.T.);
#3235 = EDGE_CURVE('',#3228,#1038,#3236,.T.);
#3236 = LINE('',#3237,#3238);
#3237 = CARTESIAN_POINT('',(-0.67,3.403589252763E-16,1.532840329046));
#3238 = VECTOR('',#3239,1.);
#3239 = DIRECTION('',(0.,-1.,2.22044604925E-16));
#3240 = ORIENTED_EDGE('',*,*,#1037,.T.);
#3241 = PLANE('',#3242);
#3242 = AXIS2_PLACEMENT_3D('',#3243,#3244,#3245);
#3243 = CARTESIAN_POINT('',(-0.67,3.403589252763E-16,1.532840329046));
#3244 = DIRECTION('',(0.,2.22044604925E-16,1.));
#3245 = DIRECTION('',(1.,0.,0.));
#3246 = ADVANCED_FACE('',(#3247),#3265,.T.);
#3247 = FACE_BOUND('',#3248,.T.);
#3248 = EDGE_LOOP('',(#3249,#3250,#3258,#3264));
#3249 = ORIENTED_EDGE('',*,*,#1070,.T.);
#3250 = ORIENTED_EDGE('',*,*,#3251,.F.);
#3251 = EDGE_CURVE('',#3252,#1063,#3254,.T.);
#3252 = VERTEX_POINT('',#3253);
#3253 = CARTESIAN_POINT('',(0.67,-2.016232,3.132840329046));
#3254 = LINE('',#3255,#3256);
#3255 = CARTESIAN_POINT('',(0.67,6.956302931563E-16,3.132840329046));
#3256 = VECTOR('',#3257,1.);
#3257 = DIRECTION('',(0.,-1.,2.22044604925E-16));
#3258 = ORIENTED_EDGE('',*,*,#3259,.F.);
#3259 = EDGE_CURVE('',#3220,#3252,#3260,.T.);
#3260 = LINE('',#3261,#3262);
#3261 = CARTESIAN_POINT('',(0.67,-2.016232,1.431588664523));
#3262 = VECTOR('',#3263,1.);
#3263 = DIRECTION('',(0.,0.,1.));
#3264 = ORIENTED_EDGE('',*,*,#3219,.T.);
#3265 = PLANE('',#3266);
#3266 = AXIS2_PLACEMENT_3D('',#3267,#3268,#3269);
#3267 = CARTESIAN_POINT('',(0.67,3.403589252763E-16,1.532840329046));
#3268 = DIRECTION('',(-1.,0.,0.));
#3269 = DIRECTION('',(0.,2.22044604925E-16,1.));
#3270 = ADVANCED_FACE('',(#3271),#3289,.T.);
#3271 = FACE_BOUND('',#3272,.T.);
#3272 = EDGE_LOOP('',(#3273,#3274,#3275,#3283));
#3273 = ORIENTED_EDGE('',*,*,#1094,.T.);
#3274 = ORIENTED_EDGE('',*,*,#3235,.F.);
#3275 = ORIENTED_EDGE('',*,*,#3276,.F.);
#3276 = EDGE_CURVE('',#3277,#3228,#3279,.T.);
#3277 = VERTEX_POINT('',#3278);
#3278 = CARTESIAN_POINT('',(-0.67,-2.016232,3.132840329046));
#3279 = LINE('',#3280,#3281);
#3280 = CARTESIAN_POINT('',(-0.67,-2.016232,2.231588664523));
#3281 = VECTOR('',#3282,1.);
#3282 = DIRECTION('',(0.,0.,-1.));
#3283 = ORIENTED_EDGE('',*,*,#3284,.T.);
#3284 = EDGE_CURVE('',#3277,#1085,#3285,.T.);
#3285 = LINE('',#3286,#3287);
#3286 = CARTESIAN_POINT('',(-0.67,6.956302931563E-16,3.132840329046));
#3287 = VECTOR('',#3288,1.);
#3288 = DIRECTION('',(0.,-1.,2.22044604925E-16));
#3289 = PLANE('',#3290);
#3290 = AXIS2_PLACEMENT_3D('',#3291,#3292,#3293);
#3291 = CARTESIAN_POINT('',(-0.67,6.956302931563E-16,3.132840329046));
#3292 = DIRECTION('',(1.,0.,0.));
#3293 = DIRECTION('',(0.,-2.22044604925E-16,-1.));
#3294 = ADVANCED_FACE('',(#3295),#3306,.T.);
#3295 = FACE_BOUND('',#3296,.T.);
#3296 = EDGE_LOOP('',(#3297,#3298,#3304,#3305));
#3297 = ORIENTED_EDGE('',*,*,#3284,.F.);
#3298 = ORIENTED_EDGE('',*,*,#3299,.F.);
#3299 = EDGE_CURVE('',#3252,#3277,#3300,.T.);
#3300 = LINE('',#3301,#3302);
#3301 = CARTESIAN_POINT('',(0.87,-2.016232,3.132840329046));
#3302 = VECTOR('',#3303,1.);
#3303 = DIRECTION('',(-1.,0.,0.));
#3304 = ORIENTED_EDGE('',*,*,#3251,.T.);
#3305 = ORIENTED_EDGE('',*,*,#1111,.T.);
#3306 = PLANE('',#3307);
#3307 = AXIS2_PLACEMENT_3D('',#3308,#3309,#3310);
#3308 = CARTESIAN_POINT('',(0.67,6.956302931563E-16,3.132840329046));
#3309 = DIRECTION('',(-0.,-2.22044604925E-16,-1.));
#3310 = DIRECTION('',(-1.,0.,0.));
#3311 = ADVANCED_FACE('',(#3312),#3335,.T.);
#3312 = FACE_BOUND('',#3313,.T.);
#3313 = EDGE_LOOP('',(#3314,#3322,#3328,#3334));
#3314 = ORIENTED_EDGE('',*,*,#3315,.F.);
#3315 = EDGE_CURVE('',#3316,#297,#3318,.T.);
#3316 = VERTEX_POINT('',#3317);
#3317 = CARTESIAN_POINT('',(3.21,-2.016232,3.132840329046));
#3318 = LINE('',#3319,#3320);
#3319 = CARTESIAN_POINT('',(3.41,-2.016232,3.132840329046));
#3320 = VECTOR('',#3321,1.);
#3321 = DIRECTION('',(-1.,0.,0.));
#3322 = ORIENTED_EDGE('',*,*,#3323,.T.);
#3323 = EDGE_CURVE('',#3316,#1155,#3324,.T.);
#3324 = LINE('',#3325,#3326);
#3325 = CARTESIAN_POINT('',(3.21,6.956302931563E-16,3.132840329046));
#3326 = VECTOR('',#3327,1.);
#3327 = DIRECTION('',(0.,-1.,2.22044604925E-16));
#3328 = ORIENTED_EDGE('',*,*,#3329,.T.);
#3329 = EDGE_CURVE('',#1155,#305,#3330,.T.);
#3330 = LINE('',#3331,#3332);
#3331 = CARTESIAN_POINT('',(3.21,-2.5,3.132840329046));
#3332 = VECTOR('',#3333,1.);
#3333 = DIRECTION('',(-1.,0.,0.));
#3334 = ORIENTED_EDGE('',*,*,#304,.F.);
#3335 = PLANE('',#3336);
#3336 = AXIS2_PLACEMENT_3D('',#3337,#3338,#3339);
#3337 = CARTESIAN_POINT('',(3.21,6.956302931563E-16,3.132840329046));
#3338 = DIRECTION('',(-0.,-2.22044604925E-16,-1.));
#3339 = DIRECTION('',(-1.,0.,0.));
#3340 = ADVANCED_FACE('',(#3341),#3352,.T.);
#3341 = FACE_BOUND('',#3342,.T.);
#3342 = EDGE_LOOP('',(#3343,#3349,#3350,#3351));
#3343 = ORIENTED_EDGE('',*,*,#3344,.F.);
#3344 = EDGE_CURVE('',#259,#3316,#3345,.T.);
#3345 = LINE('',#3346,#3347);
#3346 = CARTESIAN_POINT('',(3.21,-2.016232,1.431588664523));
#3347 = VECTOR('',#3348,1.);
#3348 = DIRECTION('',(0.,0.,1.));
#3349 = ORIENTED_EDGE('',*,*,#282,.T.);
#3350 = ORIENTED_EDGE('',*,*,#1162,.T.);
#3351 = ORIENTED_EDGE('',*,*,#3323,.F.);
#3352 = PLANE('',#3353);
#3353 = AXIS2_PLACEMENT_3D('',#3354,#3355,#3356);
#3354 = CARTESIAN_POINT('',(3.21,3.403589252763E-16,1.532840329046));
#3355 = DIRECTION('',(-1.,0.,0.));
#3356 = DIRECTION('',(0.,2.22044604925E-16,1.));
#3357 = ADVANCED_FACE('',(#3358),#3381,.T.);
#3358 = FACE_BOUND('',#3359,.T.);
#3359 = EDGE_LOOP('',(#3360,#3368,#3374,#3380));
#3360 = ORIENTED_EDGE('',*,*,#3361,.F.);
#3361 = EDGE_CURVE('',#3362,#226,#3364,.T.);
#3362 = VERTEX_POINT('',#3363);
#3363 = CARTESIAN_POINT('',(5.75,-2.016232,3.132840329046));
#3364 = LINE('',#3365,#3366);
#3365 = CARTESIAN_POINT('',(5.95,-2.016232,3.132840329046));
#3366 = VECTOR('',#3367,1.);
#3367 = DIRECTION('',(-1.,0.,0.));
#3368 = ORIENTED_EDGE('',*,*,#3369,.T.);
#3369 = EDGE_CURVE('',#3362,#1206,#3370,.T.);
#3370 = LINE('',#3371,#3372);
#3371 = CARTESIAN_POINT('',(5.75,6.956302931563E-16,3.132840329046));
#3372 = VECTOR('',#3373,1.);
#3373 = DIRECTION('',(0.,-1.,2.22044604925E-16));
#3374 = ORIENTED_EDGE('',*,*,#3375,.T.);
#3375 = EDGE_CURVE('',#1206,#234,#3376,.T.);
#3376 = LINE('',#3377,#3378);
#3377 = CARTESIAN_POINT('',(5.75,-2.5,3.132840329046));
#3378 = VECTOR('',#3379,1.);
#3379 = DIRECTION('',(-1.,0.,0.));
#3380 = ORIENTED_EDGE('',*,*,#233,.F.);
#3381 = PLANE('',#3382);
#3382 = AXIS2_PLACEMENT_3D('',#3383,#3384,#3385);
#3383 = CARTESIAN_POINT('',(5.75,6.956302931563E-16,3.132840329046));
#3384 = DIRECTION('',(-0.,-2.22044604925E-16,-1.));
#3385 = DIRECTION('',(-1.,0.,0.));
#3386 = ADVANCED_FACE('',(#3387),#3398,.T.);
#3387 = FACE_BOUND('',#3388,.T.);
#3388 = EDGE_LOOP('',(#3389,#3395,#3396,#3397));
#3389 = ORIENTED_EDGE('',*,*,#3390,.F.);
#3390 = EDGE_CURVE('',#188,#3362,#3391,.T.);
#3391 = LINE('',#3392,#3393);
#3392 = CARTESIAN_POINT('',(5.75,-2.016232,1.431588664523));
#3393 = VECTOR('',#3394,1.);
#3394 = DIRECTION('',(0.,0.,1.));
#3395 = ORIENTED_EDGE('',*,*,#211,.T.);
#3396 = ORIENTED_EDGE('',*,*,#1213,.T.);
#3397 = ORIENTED_EDGE('',*,*,#3369,.F.);
#3398 = PLANE('',#3399);
#3399 = AXIS2_PLACEMENT_3D('',#3400,#3401,#3402);
#3400 = CARTESIAN_POINT('',(5.75,3.403589252763E-16,1.532840329046));
#3401 = DIRECTION('',(-1.,0.,0.));
#3402 = DIRECTION('',(0.,2.22044604925E-16,1.));
#3403 = ADVANCED_FACE('',(#3404),#3427,.T.);
#3404 = FACE_BOUND('',#3405,.T.);
#3405 = EDGE_LOOP('',(#3406,#3414,#3420,#3426));
#3406 = ORIENTED_EDGE('',*,*,#3407,.F.);
#3407 = EDGE_CURVE('',#3408,#155,#3410,.T.);
#3408 = VERTEX_POINT('',#3409);
#3409 = CARTESIAN_POINT('',(8.29,-2.016232,3.132840329046));
#3410 = LINE('',#3411,#3412);
#3411 = CARTESIAN_POINT('',(8.49,-2.016232,3.132840329046));
#3412 = VECTOR('',#3413,1.);
#3413 = DIRECTION('',(-1.,0.,0.));
#3414 = ORIENTED_EDGE('',*,*,#3415,.T.);
#3415 = EDGE_CURVE('',#3408,#1257,#3416,.T.);
#3416 = LINE('',#3417,#3418);
#3417 = CARTESIAN_POINT('',(8.29,6.956302931563E-16,3.132840329046));
#3418 = VECTOR('',#3419,1.);
#3419 = DIRECTION('',(0.,-1.,2.22044604925E-16));
#3420 = ORIENTED_EDGE('',*,*,#3421,.T.);
#3421 = EDGE_CURVE('',#1257,#163,#3422,.T.);
#3422 = LINE('',#3423,#3424);
#3423 = CARTESIAN_POINT('',(8.29,-2.5,3.132840329046));
#3424 = VECTOR('',#3425,1.);
#3425 = DIRECTION('',(-1.,0.,0.));
#3426 = ORIENTED_EDGE('',*,*,#162,.F.);
#3427 = PLANE('',#3428);
#3428 = AXIS2_PLACEMENT_3D('',#3429,#3430,#3431);
#3429 = CARTESIAN_POINT('',(8.29,6.956302931563E-16,3.132840329046));
#3430 = DIRECTION('',(-0.,-2.22044604925E-16,-1.));
#3431 = DIRECTION('',(-1.,0.,0.));
#3432 = ADVANCED_FACE('',(#3433),#3444,.T.);
#3433 = FACE_BOUND('',#3434,.T.);
#3434 = EDGE_LOOP('',(#3435,#3441,#3442,#3443));
#3435 = ORIENTED_EDGE('',*,*,#3436,.F.);
#3436 = EDGE_CURVE('',#117,#3408,#3437,.T.);
#3437 = LINE('',#3438,#3439);
#3438 = CARTESIAN_POINT('',(8.29,-2.016232,1.431588664523));
#3439 = VECTOR('',#3440,1.);
#3440 = DIRECTION('',(0.,0.,1.));
#3441 = ORIENTED_EDGE('',*,*,#140,.T.);
#3442 = ORIENTED_EDGE('',*,*,#1264,.T.);
#3443 = ORIENTED_EDGE('',*,*,#3415,.F.);
#3444 = PLANE('',#3445);
#3445 = AXIS2_PLACEMENT_3D('',#3446,#3447,#3448);
#3446 = CARTESIAN_POINT('',(8.29,3.403589252763E-16,1.532840329046));
#3447 = DIRECTION('',(-1.,0.,0.));
#3448 = DIRECTION('',(0.,2.22044604925E-16,1.));
#3449 = ADVANCED_FACE('',(#3450),#3473,.T.);
#3450 = FACE_BOUND('',#3451,.T.);
#3451 = EDGE_LOOP('',(#3452,#3460,#3466,#3472));
#3452 = ORIENTED_EDGE('',*,*,#3453,.F.);
#3453 = EDGE_CURVE('',#3454,#84,#3456,.T.);
#3454 = VERTEX_POINT('',#3455);
#3455 = CARTESIAN_POINT('',(10.83,-2.016232,3.132840329046));
#3456 = LINE('',#3457,#3458);
#3457 = CARTESIAN_POINT('',(11.03,-2.016232,3.132840329046));
#3458 = VECTOR('',#3459,1.);
#3459 = DIRECTION('',(-1.,0.,0.));
#3460 = ORIENTED_EDGE('',*,*,#3461,.T.);
#3461 = EDGE_CURVE('',#3454,#1308,#3462,.T.);
#3462 = LINE('',#3463,#3464);
#3463 = CARTESIAN_POINT('',(10.83,6.956302931563E-16,3.132840329046));
#3464 = VECTOR('',#3465,1.);
#3465 = DIRECTION('',(0.,-1.,2.22044604925E-16));
#3466 = ORIENTED_EDGE('',*,*,#3467,.T.);
#3467 = EDGE_CURVE('',#1308,#92,#3468,.T.);
#3468 = LINE('',#3469,#3470);
#3469 = CARTESIAN_POINT('',(10.83,-2.5,3.132840329046));
#3470 = VECTOR('',#3471,1.);
#3471 = DIRECTION('',(-1.,0.,0.));
#3472 = ORIENTED_EDGE('',*,*,#91,.F.);
#3473 = PLANE('',#3474);
#3474 = AXIS2_PLACEMENT_3D('',#3475,#3476,#3477);
#3475 = CARTESIAN_POINT('',(10.83,6.956302931563E-16,3.132840329046));
#3476 = DIRECTION('',(-0.,-2.22044604925E-16,-1.));
#3477 = DIRECTION('',(-1.,0.,0.));
#3478 = ADVANCED_FACE('',(#3479),#3490,.T.);
#3479 = FACE_BOUND('',#3480,.T.);
#3480 = EDGE_LOOP('',(#3481,#3487,#3488,#3489));
#3481 = ORIENTED_EDGE('',*,*,#3482,.F.);
#3482 = EDGE_CURVE('',#46,#3454,#3483,.T.);
#3483 = LINE('',#3484,#3485);
#3484 = CARTESIAN_POINT('',(10.83,-2.016232,1.431588664523));
#3485 = VECTOR('',#3486,1.);
#3486 = DIRECTION('',(0.,0.,1.));
#3487 = ORIENTED_EDGE('',*,*,#69,.T.);
#3488 = ORIENTED_EDGE('',*,*,#1315,.T.);
#3489 = ORIENTED_EDGE('',*,*,#3461,.F.);
#3490 = PLANE('',#3491);
#3491 = AXIS2_PLACEMENT_3D('',#3492,#3493,#3494);
#3492 = CARTESIAN_POINT('',(10.83,3.403589252763E-16,1.532840329046));
#3493 = DIRECTION('',(-1.,0.,0.));
#3494 = DIRECTION('',(0.,2.22044604925E-16,1.));
#3495 = ADVANCED_FACE('',(#3496),#3502,.F.);
#3496 = FACE_BOUND('',#3497,.F.);
#3497 = EDGE_LOOP('',(#3498,#3499,#3500,#3501));
#3498 = ORIENTED_EDGE('',*,*,#1656,.F.);
#3499 = ORIENTED_EDGE('',*,*,#1704,.T.);
#3500 = ORIENTED_EDGE('',*,*,#1801,.T.);
#3501 = ORIENTED_EDGE('',*,*,#1474,.T.);
#3502 = PLANE('',#3503);
#3503 = AXIS2_PLACEMENT_3D('',#3504,#3505,#3506);
#3504 = CARTESIAN_POINT('',(0.7,2.527085,1.5091518));
#3505 = DIRECTION('',(0.,0.,-1.));
#3506 = DIRECTION('',(0.,1.,0.));
#3507 = ADVANCED_FACE('',(#3508),#3514,.F.);
#3508 = FACE_BOUND('',#3509,.F.);
#3509 = EDGE_LOOP('',(#3510,#3511,#3512,#3513));
#3510 = ORIENTED_EDGE('',*,*,#1902,.F.);
#3511 = ORIENTED_EDGE('',*,*,#1926,.T.);
#3512 = ORIENTED_EDGE('',*,*,#1966,.T.);
#3513 = ORIENTED_EDGE('',*,*,#1442,.T.);
#3514 = PLANE('',#3515);
#3515 = AXIS2_PLACEMENT_3D('',#3516,#3517,#3518);
#3516 = CARTESIAN_POINT('',(3.24,2.527085,1.5091518));
#3517 = DIRECTION('',(0.,0.,-1.));
#3518 = DIRECTION('',(0.,1.,0.));
#3519 = ADVANCED_FACE('',(#3520),#3526,.F.);
#3520 = FACE_BOUND('',#3521,.F.);
#3521 = EDGE_LOOP('',(#3522,#3523,#3524,#3525));
#3522 = ORIENTED_EDGE('',*,*,#2212,.F.);
#3523 = ORIENTED_EDGE('',*,*,#2236,.T.);
#3524 = ORIENTED_EDGE('',*,*,#2276,.T.);
#3525 = ORIENTED_EDGE('',*,*,#1410,.T.);
#3526 = PLANE('',#3527);
#3527 = AXIS2_PLACEMENT_3D('',#3528,#3529,#3530);
#3528 = CARTESIAN_POINT('',(5.78,2.527085,1.5091518));
#3529 = DIRECTION('',(0.,0.,-1.));
#3530 = DIRECTION('',(0.,1.,0.));
#3531 = ADVANCED_FACE('',(#3532),#3538,.F.);
#3532 = FACE_BOUND('',#3533,.F.);
#3533 = EDGE_LOOP('',(#3534,#3535,#3536,#3537));
#3534 = ORIENTED_EDGE('',*,*,#2522,.F.);
#3535 = ORIENTED_EDGE('',*,*,#2546,.T.);
#3536 = ORIENTED_EDGE('',*,*,#2586,.T.);
#3537 = ORIENTED_EDGE('',*,*,#1378,.T.);
#3538 = PLANE('',#3539);
#3539 = AXIS2_PLACEMENT_3D('',#3540,#3541,#3542);
#3540 = CARTESIAN_POINT('',(8.32,2.527085,1.5091518));
#3541 = DIRECTION('',(0.,0.,-1.));
#3542 = DIRECTION('',(0.,1.,0.));
#3543 = ADVANCED_FACE('',(#3544),#3550,.F.);
#3544 = FACE_BOUND('',#3545,.F.);
#3545 = EDGE_LOOP('',(#3546,#3547,#3548,#3549));
#3546 = ORIENTED_EDGE('',*,*,#2832,.F.);
#3547 = ORIENTED_EDGE('',*,*,#2856,.T.);
#3548 = ORIENTED_EDGE('',*,*,#2896,.T.);
#3549 = ORIENTED_EDGE('',*,*,#1346,.T.);
#3550 = PLANE('',#3551);
#3551 = AXIS2_PLACEMENT_3D('',#3552,#3553,#3554);
#3552 = CARTESIAN_POINT('',(10.86,2.527085,1.5091518));
#3553 = DIRECTION('',(0.,0.,-1.));
#3554 = DIRECTION('',(0.,1.,0.));
#3555 = ADVANCED_FACE('',(#3556),#3567,.F.);
#3556 = FACE_BOUND('',#3557,.F.);
#3557 = EDGE_LOOP('',(#3558,#3564,#3565,#3566));
#3558 = ORIENTED_EDGE('',*,*,#3559,.T.);
#3559 = EDGE_CURVE('',#1633,#1785,#3560,.T.);
#3560 = LINE('',#3561,#3562);
#3561 = CARTESIAN_POINT('',(0.7,2.523512383178,3.7725668));
#3562 = VECTOR('',#3563,1.);
#3563 = DIRECTION('',(-1.,-0.,-0.));
#3564 = ORIENTED_EDGE('',*,*,#1792,.T.);
#3565 = ORIENTED_EDGE('',*,*,#1537,.F.);
#3566 = ORIENTED_EDGE('',*,*,#1640,.F.);
#3567 = PLANE('',#3568);
#3568 = AXIS2_PLACEMENT_3D('',#3569,#3570,#3571);
#3569 = CARTESIAN_POINT('',(0.7,2.523512383178,3.7725668));
#3570 = DIRECTION('',(0.,0.,1.));
#3571 = DIRECTION('',(0.,-1.,0.));
#3572 = ADVANCED_FACE('',(#3573),#3584,.T.);
#3573 = FACE_BOUND('',#3574,.T.);
#3574 = EDGE_LOOP('',(#3575,#3581,#3582,#3583));
#3575 = ORIENTED_EDGE('',*,*,#3576,.T.);
#3576 = EDGE_CURVE('',#1601,#1753,#3577,.T.);
#3577 = LINE('',#3578,#3579);
#3578 = CARTESIAN_POINT('',(1.07,1.630173,6.011533));
#3579 = VECTOR('',#3580,1.);
#3580 = DIRECTION('',(-1.,-0.,-0.));
#3581 = ORIENTED_EDGE('',*,*,#1760,.T.);
#3582 = ORIENTED_EDGE('',*,*,#1514,.F.);
#3583 = ORIENTED_EDGE('',*,*,#1608,.F.);
#3584 = PLANE('',#3585);
#3585 = AXIS2_PLACEMENT_3D('',#3586,#3587,#3588);
#3586 = CARTESIAN_POINT('',(1.07,1.630173,6.011533));
#3587 = DIRECTION('',(0.,-0.951942347191,-0.306277272459));
#3588 = DIRECTION('',(0.,0.306277272459,-0.951942347191));
#3589 = ADVANCED_FACE('',(#3590,#3601),#3607,.T.);
#3590 = FACE_BOUND('',#3591,.T.);
#3591 = EDGE_LOOP('',(#3592,#3593,#3594,#3600));
#3592 = ORIENTED_EDGE('',*,*,#1680,.T.);
#3593 = ORIENTED_EDGE('',*,*,#1720,.T.);
#3594 = ORIENTED_EDGE('',*,*,#3595,.F.);
#3595 = EDGE_CURVE('',#1569,#1721,#3596,.T.);
#3596 = LINE('',#3597,#3598);
#3597 = CARTESIAN_POINT('',(1.07,-2.016232,3.7725));
#3598 = VECTOR('',#3599,1.);
#3599 = DIRECTION('',(-1.,-0.,-0.));
#3600 = ORIENTED_EDGE('',*,*,#1568,.F.);
#3601 = FACE_BOUND('',#3602,.T.);
#3602 = EDGE_LOOP('',(#3603,#3604,#3605,#3606));
#3603 = ORIENTED_EDGE('',*,*,#3299,.T.);
#3604 = ORIENTED_EDGE('',*,*,#3276,.T.);
#3605 = ORIENTED_EDGE('',*,*,#3227,.T.);
#3606 = ORIENTED_EDGE('',*,*,#3259,.T.);
#3607 = PLANE('',#3608);
#3608 = AXIS2_PLACEMENT_3D('',#3609,#3610,#3611);
#3609 = CARTESIAN_POINT('',(1.07,-2.016232,1.330337));
#3610 = DIRECTION('',(0.,1.,0.));
#3611 = DIRECTION('',(0.,0.,1.));
#3612 = ADVANCED_FACE('',(#3613),#3624,.T.);
#3613 = FACE_BOUND('',#3614,.T.);
#3614 = EDGE_LOOP('',(#3615,#3616,#3617,#3623));
#3615 = ORIENTED_EDGE('',*,*,#3595,.T.);
#3616 = ORIENTED_EDGE('',*,*,#1728,.T.);
#3617 = ORIENTED_EDGE('',*,*,#3618,.F.);
#3618 = EDGE_CURVE('',#1577,#1729,#3619,.T.);
#3619 = LINE('',#3620,#3621);
#3620 = CARTESIAN_POINT('',(1.07,-1.64713,3.7725));
#3621 = VECTOR('',#3622,1.);
#3622 = DIRECTION('',(-1.,-0.,-0.));
#3623 = ORIENTED_EDGE('',*,*,#1576,.F.);
#3624 = PLANE('',#3625);
#3625 = AXIS2_PLACEMENT_3D('',#3626,#3627,#3628);
#3626 = CARTESIAN_POINT('',(1.07,-2.016232,3.7725));
#3627 = DIRECTION('',(0.,0.,-1.));
#3628 = DIRECTION('',(0.,1.,0.));
#3629 = ADVANCED_FACE('',(#3630),#3641,.T.);
#3630 = FACE_BOUND('',#3631,.T.);
#3631 = EDGE_LOOP('',(#3632,#3633,#3634,#3640));
#3632 = ORIENTED_EDGE('',*,*,#3618,.T.);
#3633 = ORIENTED_EDGE('',*,*,#1736,.T.);
#3634 = ORIENTED_EDGE('',*,*,#3635,.F.);
#3635 = EDGE_CURVE('',#1585,#1737,#3636,.T.);
#3636 = LINE('',#3637,#3638);
#3637 = CARTESIAN_POINT('',(1.07,-1.64713,6.504291));
#3638 = VECTOR('',#3639,1.);
#3639 = DIRECTION('',(-1.,-0.,-0.));
#3640 = ORIENTED_EDGE('',*,*,#1584,.F.);
#3641 = PLANE('',#3642);
#3642 = AXIS2_PLACEMENT_3D('',#3643,#3644,#3645);
#3643 = CARTESIAN_POINT('',(1.07,-1.64713,3.7725));
#3644 = DIRECTION('',(0.,1.,0.));
#3645 = DIRECTION('',(0.,0.,1.));
#3646 = ADVANCED_FACE('',(#3647,#3658),#3669,.T.);
#3647 = FACE_BOUND('',#3648,.T.);
#3648 = EDGE_LOOP('',(#3649,#3650,#3651,#3657));
#3649 = ORIENTED_EDGE('',*,*,#3635,.T.);
#3650 = ORIENTED_EDGE('',*,*,#1744,.T.);
#3651 = ORIENTED_EDGE('',*,*,#3652,.F.);
#3652 = EDGE_CURVE('',#1593,#1745,#3653,.T.);
#3653 = LINE('',#3654,#3655);
#3654 = CARTESIAN_POINT('',(1.07,1.630173,6.504291));
#3655 = VECTOR('',#3656,1.);
#3656 = DIRECTION('',(-1.,-0.,-0.));
#3657 = ORIENTED_EDGE('',*,*,#1592,.F.);
#3658 = FACE_BOUND('',#3659,.T.);
#3659 = EDGE_LOOP('',(#3660));
#3660 = ORIENTED_EDGE('',*,*,#3661,.T.);
#3661 = EDGE_CURVE('',#3662,#3662,#3664,.T.);
#3662 = VERTEX_POINT('',#3663);
#3663 = CARTESIAN_POINT('',(0.,0.702324,6.504291));
#3664 = CIRCLE('',#3665,0.702324);
#3665 = AXIS2_PLACEMENT_3D('',#3666,#3667,#3668);
#3666 = CARTESIAN_POINT('',(0.,0.,6.504291));
#3667 = DIRECTION('',(0.,-0.,1.));
#3668 = DIRECTION('',(0.,1.,0.));
#3669 = PLANE('',#3670);
#3670 = AXIS2_PLACEMENT_3D('',#3671,#3672,#3673);
#3671 = CARTESIAN_POINT('',(1.07,-1.64713,6.504291));
#3672 = DIRECTION('',(0.,0.,-1.));
#3673 = DIRECTION('',(0.,1.,0.));
#3674 = ADVANCED_FACE('',(#3675),#3681,.T.);
#3675 = FACE_BOUND('',#3676,.T.);
#3676 = EDGE_LOOP('',(#3677,#3678,#3679,#3680));
#3677 = ORIENTED_EDGE('',*,*,#3652,.T.);
#3678 = ORIENTED_EDGE('',*,*,#1752,.T.);
#3679 = ORIENTED_EDGE('',*,*,#3576,.F.);
#3680 = ORIENTED_EDGE('',*,*,#1600,.F.);
#3681 = PLANE('',#3682);
#3682 = AXIS2_PLACEMENT_3D('',#3683,#3684,#3685);
#3683 = CARTESIAN_POINT('',(1.07,1.630173,6.504291));
#3684 = DIRECTION('',(0.,-1.,0.));
#3685 = DIRECTION('',(0.,0.,-1.));
#3686 = ADVANCED_FACE('',(#3687),#3693,.F.);
#3687 = FACE_BOUND('',#3688,.F.);
#3688 = EDGE_LOOP('',(#3689,#3690,#3691,#3692));
#3689 = ORIENTED_EDGE('',*,*,#3167,.T.);
#3690 = ORIENTED_EDGE('',*,*,#1784,.T.);
#3691 = ORIENTED_EDGE('',*,*,#3559,.F.);
#3692 = ORIENTED_EDGE('',*,*,#1632,.F.);
#3693 = PLANE('',#3694);
#3694 = AXIS2_PLACEMENT_3D('',#3695,#3696,#3697);
#3695 = CARTESIAN_POINT('',(0.7,2.523512383178,4.8494725));
#3696 = DIRECTION('',(0.,-1.,0.));
#3697 = DIRECTION('',(0.,0.,-1.));
#3698 = ADVANCED_FACE('',(#3699),#3710,.F.);
#3699 = FACE_BOUND('',#3700,.F.);
#3700 = EDGE_LOOP('',(#3701,#3707,#3708,#3709));
#3701 = ORIENTED_EDGE('',*,*,#3702,.T.);
#3702 = EDGE_CURVE('',#1879,#1950,#3703,.T.);
#3703 = LINE('',#3704,#3705);
#3704 = CARTESIAN_POINT('',(3.24,2.523512383178,3.7725668));
#3705 = VECTOR('',#3706,1.);
#3706 = DIRECTION('',(-1.,-0.,-0.));
#3707 = ORIENTED_EDGE('',*,*,#1957,.T.);
#3708 = ORIENTED_EDGE('',*,*,#1847,.F.);
#3709 = ORIENTED_EDGE('',*,*,#1886,.F.);
#3710 = PLANE('',#3711);
#3711 = AXIS2_PLACEMENT_3D('',#3712,#3713,#3714);
#3712 = CARTESIAN_POINT('',(3.24,2.523512383178,3.7725668));
#3713 = DIRECTION('',(0.,0.,1.));
#3714 = DIRECTION('',(0.,-1.,0.));
#3715 = ADVANCED_FACE('',(#3716),#3727,.T.);
#3716 = FACE_BOUND('',#3717,.T.);
#3717 = EDGE_LOOP('',(#3718,#3724,#3725,#3726));
#3718 = ORIENTED_EDGE('',*,*,#3719,.T.);
#3719 = EDGE_CURVE('',#2103,#2022,#3720,.T.);
#3720 = LINE('',#3721,#3722);
#3721 = CARTESIAN_POINT('',(3.61,1.630173,6.011533));
#3722 = VECTOR('',#3723,1.);
#3723 = DIRECTION('',(-1.,-0.,-0.));
#3724 = ORIENTED_EDGE('',*,*,#2029,.T.);
#3725 = ORIENTED_EDGE('',*,*,#1824,.F.);
#3726 = ORIENTED_EDGE('',*,*,#2110,.F.);
#3727 = PLANE('',#3728);
#3728 = AXIS2_PLACEMENT_3D('',#3729,#3730,#3731);
#3729 = CARTESIAN_POINT('',(3.61,1.630173,6.011533));
#3730 = DIRECTION('',(0.,-0.951942347191,-0.306277272459));
#3731 = DIRECTION('',(0.,0.306277272459,-0.951942347191));
#3732 = ADVANCED_FACE('',(#3733),#3739,.F.);
#3733 = FACE_BOUND('',#3734,.F.);
#3734 = EDGE_LOOP('',(#3735,#3736,#3737,#3738));
#3735 = ORIENTED_EDGE('',*,*,#3176,.T.);
#3736 = ORIENTED_EDGE('',*,*,#1949,.T.);
#3737 = ORIENTED_EDGE('',*,*,#3702,.F.);
#3738 = ORIENTED_EDGE('',*,*,#1878,.F.);
#3739 = PLANE('',#3740);
#3740 = AXIS2_PLACEMENT_3D('',#3741,#3742,#3743);
#3741 = CARTESIAN_POINT('',(3.24,2.523512383178,4.8494725));
#3742 = DIRECTION('',(0.,-1.,0.));
#3743 = DIRECTION('',(0.,0.,-1.));
#3744 = ADVANCED_FACE('',(#3745,#3756),#3762,.T.);
#3745 = FACE_BOUND('',#3746,.T.);
#3746 = EDGE_LOOP('',(#3747,#3748,#3749,#3755));
#3747 = ORIENTED_EDGE('',*,*,#2047,.T.);
#3748 = ORIENTED_EDGE('',*,*,#1989,.T.);
#3749 = ORIENTED_EDGE('',*,*,#3750,.F.);
#3750 = EDGE_CURVE('',#2071,#1990,#3751,.T.);
#3751 = LINE('',#3752,#3753);
#3752 = CARTESIAN_POINT('',(3.61,-2.016232,3.7725));
#3753 = VECTOR('',#3754,1.);
#3754 = DIRECTION('',(-1.,-0.,-0.));
#3755 = ORIENTED_EDGE('',*,*,#2070,.F.);
#3756 = FACE_BOUND('',#3757,.T.);
#3757 = EDGE_LOOP('',(#3758,#3759,#3760,#3761));
#3758 = ORIENTED_EDGE('',*,*,#3315,.T.);
#3759 = ORIENTED_EDGE('',*,*,#296,.T.);
#3760 = ORIENTED_EDGE('',*,*,#256,.T.);
#3761 = ORIENTED_EDGE('',*,*,#3344,.T.);
#3762 = PLANE('',#3763);
#3763 = AXIS2_PLACEMENT_3D('',#3764,#3765,#3766);
#3764 = CARTESIAN_POINT('',(3.61,-2.016232,1.330337));
#3765 = DIRECTION('',(0.,1.,0.));
#3766 = DIRECTION('',(0.,0.,1.));
#3767 = ADVANCED_FACE('',(#3768),#3779,.T.);
#3768 = FACE_BOUND('',#3769,.T.);
#3769 = EDGE_LOOP('',(#3770,#3771,#3772,#3778));
#3770 = ORIENTED_EDGE('',*,*,#3750,.T.);
#3771 = ORIENTED_EDGE('',*,*,#1997,.T.);
#3772 = ORIENTED_EDGE('',*,*,#3773,.F.);
#3773 = EDGE_CURVE('',#2079,#1998,#3774,.T.);
#3774 = LINE('',#3775,#3776);
#3775 = CARTESIAN_POINT('',(3.61,-1.64713,3.7725));
#3776 = VECTOR('',#3777,1.);
#3777 = DIRECTION('',(-1.,-0.,-0.));
#3778 = ORIENTED_EDGE('',*,*,#2078,.F.);
#3779 = PLANE('',#3780);
#3780 = AXIS2_PLACEMENT_3D('',#3781,#3782,#3783);
#3781 = CARTESIAN_POINT('',(3.61,-2.016232,3.7725));
#3782 = DIRECTION('',(0.,0.,-1.));
#3783 = DIRECTION('',(0.,1.,0.));
#3784 = ADVANCED_FACE('',(#3785),#3796,.T.);
#3785 = FACE_BOUND('',#3786,.T.);
#3786 = EDGE_LOOP('',(#3787,#3788,#3789,#3795));
#3787 = ORIENTED_EDGE('',*,*,#3773,.T.);
#3788 = ORIENTED_EDGE('',*,*,#2005,.T.);
#3789 = ORIENTED_EDGE('',*,*,#3790,.F.);
#3790 = EDGE_CURVE('',#2087,#2006,#3791,.T.);
#3791 = LINE('',#3792,#3793);
#3792 = CARTESIAN_POINT('',(3.61,-1.64713,6.504291));
#3793 = VECTOR('',#3794,1.);
#3794 = DIRECTION('',(-1.,-0.,-0.));
#3795 = ORIENTED_EDGE('',*,*,#2086,.F.);
#3796 = PLANE('',#3797);
#3797 = AXIS2_PLACEMENT_3D('',#3798,#3799,#3800);
#3798 = CARTESIAN_POINT('',(3.61,-1.64713,3.7725));
#3799 = DIRECTION('',(0.,1.,0.));
#3800 = DIRECTION('',(0.,0.,1.));
#3801 = ADVANCED_FACE('',(#3802,#3813),#3824,.T.);
#3802 = FACE_BOUND('',#3803,.T.);
#3803 = EDGE_LOOP('',(#3804,#3805,#3806,#3812));
#3804 = ORIENTED_EDGE('',*,*,#3790,.T.);
#3805 = ORIENTED_EDGE('',*,*,#2013,.T.);
#3806 = ORIENTED_EDGE('',*,*,#3807,.F.);
#3807 = EDGE_CURVE('',#2095,#2014,#3808,.T.);
#3808 = LINE('',#3809,#3810);
#3809 = CARTESIAN_POINT('',(3.61,1.630173,6.504291));
#3810 = VECTOR('',#3811,1.);
#3811 = DIRECTION('',(-1.,-0.,-0.));
#3812 = ORIENTED_EDGE('',*,*,#2094,.F.);
#3813 = FACE_BOUND('',#3814,.T.);
#3814 = EDGE_LOOP('',(#3815));
#3815 = ORIENTED_EDGE('',*,*,#3816,.T.);
#3816 = EDGE_CURVE('',#3817,#3817,#3819,.T.);
#3817 = VERTEX_POINT('',#3818);
#3818 = CARTESIAN_POINT('',(2.54,0.702324,6.504291));
#3819 = CIRCLE('',#3820,0.702324);
#3820 = AXIS2_PLACEMENT_3D('',#3821,#3822,#3823);
#3821 = CARTESIAN_POINT('',(2.54,0.,6.504291));
#3822 = DIRECTION('',(0.,-0.,1.));
#3823 = DIRECTION('',(0.,1.,0.));
#3824 = PLANE('',#3825);
#3825 = AXIS2_PLACEMENT_3D('',#3826,#3827,#3828);
#3826 = CARTESIAN_POINT('',(3.61,-1.64713,6.504291));
#3827 = DIRECTION('',(0.,0.,-1.));
#3828 = DIRECTION('',(0.,1.,0.));
#3829 = ADVANCED_FACE('',(#3830),#3836,.T.);
#3830 = FACE_BOUND('',#3831,.T.);
#3831 = EDGE_LOOP('',(#3832,#3833,#3834,#3835));
#3832 = ORIENTED_EDGE('',*,*,#3807,.T.);
#3833 = ORIENTED_EDGE('',*,*,#2021,.T.);
#3834 = ORIENTED_EDGE('',*,*,#3719,.F.);
#3835 = ORIENTED_EDGE('',*,*,#2102,.F.);
#3836 = PLANE('',#3837);
#3837 = AXIS2_PLACEMENT_3D('',#3838,#3839,#3840);
#3838 = CARTESIAN_POINT('',(3.61,1.630173,6.504291));
#3839 = DIRECTION('',(0.,-1.,0.));
#3840 = DIRECTION('',(0.,0.,-1.));
#3841 = ADVANCED_FACE('',(#3842),#3853,.F.);
#3842 = FACE_BOUND('',#3843,.F.);
#3843 = EDGE_LOOP('',(#3844,#3850,#3851,#3852));
#3844 = ORIENTED_EDGE('',*,*,#3845,.T.);
#3845 = EDGE_CURVE('',#2189,#2260,#3846,.T.);
#3846 = LINE('',#3847,#3848);
#3847 = CARTESIAN_POINT('',(5.78,2.523512383178,3.7725668));
#3848 = VECTOR('',#3849,1.);
#3849 = DIRECTION('',(-1.,-0.,-0.));
#3850 = ORIENTED_EDGE('',*,*,#2267,.T.);
#3851 = ORIENTED_EDGE('',*,*,#2157,.F.);
#3852 = ORIENTED_EDGE('',*,*,#2196,.F.);
#3853 = PLANE('',#3854);
#3854 = AXIS2_PLACEMENT_3D('',#3855,#3856,#3857);
#3855 = CARTESIAN_POINT('',(5.78,2.523512383178,3.7725668));
#3856 = DIRECTION('',(0.,0.,1.));
#3857 = DIRECTION('',(0.,-1.,0.));
#3858 = ADVANCED_FACE('',(#3859),#3870,.T.);
#3859 = FACE_BOUND('',#3860,.T.);
#3860 = EDGE_LOOP('',(#3861,#3867,#3868,#3869));
#3861 = ORIENTED_EDGE('',*,*,#3862,.T.);
#3862 = EDGE_CURVE('',#2413,#2332,#3863,.T.);
#3863 = LINE('',#3864,#3865);
#3864 = CARTESIAN_POINT('',(6.15,1.630173,6.011533));
#3865 = VECTOR('',#3866,1.);
#3866 = DIRECTION('',(-1.,-0.,-0.));
#3867 = ORIENTED_EDGE('',*,*,#2339,.T.);
#3868 = ORIENTED_EDGE('',*,*,#2134,.F.);
#3869 = ORIENTED_EDGE('',*,*,#2420,.F.);
#3870 = PLANE('',#3871);
#3871 = AXIS2_PLACEMENT_3D('',#3872,#3873,#3874);
#3872 = CARTESIAN_POINT('',(6.15,1.630173,6.011533));
#3873 = DIRECTION('',(0.,-0.951942347191,-0.306277272459));
#3874 = DIRECTION('',(0.,0.306277272459,-0.951942347191));
#3875 = ADVANCED_FACE('',(#3876),#3882,.F.);
#3876 = FACE_BOUND('',#3877,.F.);
#3877 = EDGE_LOOP('',(#3878,#3879,#3880,#3881));
#3878 = ORIENTED_EDGE('',*,*,#3185,.T.);
#3879 = ORIENTED_EDGE('',*,*,#2259,.T.);
#3880 = ORIENTED_EDGE('',*,*,#3845,.F.);
#3881 = ORIENTED_EDGE('',*,*,#2188,.F.);
#3882 = PLANE('',#3883);
#3883 = AXIS2_PLACEMENT_3D('',#3884,#3885,#3886);
#3884 = CARTESIAN_POINT('',(5.78,2.523512383178,4.8494725));
#3885 = DIRECTION('',(0.,-1.,0.));
#3886 = DIRECTION('',(0.,0.,-1.));
#3887 = ADVANCED_FACE('',(#3888,#3899),#3905,.T.);
#3888 = FACE_BOUND('',#3889,.T.);
#3889 = EDGE_LOOP('',(#3890,#3891,#3892,#3898));
#3890 = ORIENTED_EDGE('',*,*,#2357,.T.);
#3891 = ORIENTED_EDGE('',*,*,#2299,.T.);
#3892 = ORIENTED_EDGE('',*,*,#3893,.F.);
#3893 = EDGE_CURVE('',#2381,#2300,#3894,.T.);
#3894 = LINE('',#3895,#3896);
#3895 = CARTESIAN_POINT('',(6.15,-2.016232,3.7725));
#3896 = VECTOR('',#3897,1.);
#3897 = DIRECTION('',(-1.,-0.,-0.));
#3898 = ORIENTED_EDGE('',*,*,#2380,.F.);
#3899 = FACE_BOUND('',#3900,.T.);
#3900 = EDGE_LOOP('',(#3901,#3902,#3903,#3904));
#3901 = ORIENTED_EDGE('',*,*,#3361,.T.);
#3902 = ORIENTED_EDGE('',*,*,#225,.T.);
#3903 = ORIENTED_EDGE('',*,*,#185,.T.);
#3904 = ORIENTED_EDGE('',*,*,#3390,.T.);
#3905 = PLANE('',#3906);
#3906 = AXIS2_PLACEMENT_3D('',#3907,#3908,#3909);
#3907 = CARTESIAN_POINT('',(6.15,-2.016232,1.330337));
#3908 = DIRECTION('',(0.,1.,0.));
#3909 = DIRECTION('',(0.,0.,1.));
#3910 = ADVANCED_FACE('',(#3911),#3922,.T.);
#3911 = FACE_BOUND('',#3912,.T.);
#3912 = EDGE_LOOP('',(#3913,#3914,#3915,#3921));
#3913 = ORIENTED_EDGE('',*,*,#3893,.T.);
#3914 = ORIENTED_EDGE('',*,*,#2307,.T.);
#3915 = ORIENTED_EDGE('',*,*,#3916,.F.);
#3916 = EDGE_CURVE('',#2389,#2308,#3917,.T.);
#3917 = LINE('',#3918,#3919);
#3918 = CARTESIAN_POINT('',(6.15,-1.64713,3.7725));
#3919 = VECTOR('',#3920,1.);
#3920 = DIRECTION('',(-1.,-0.,-0.));
#3921 = ORIENTED_EDGE('',*,*,#2388,.F.);
#3922 = PLANE('',#3923);
#3923 = AXIS2_PLACEMENT_3D('',#3924,#3925,#3926);
#3924 = CARTESIAN_POINT('',(6.15,-2.016232,3.7725));
#3925 = DIRECTION('',(0.,0.,-1.));
#3926 = DIRECTION('',(0.,1.,0.));
#3927 = ADVANCED_FACE('',(#3928),#3939,.T.);
#3928 = FACE_BOUND('',#3929,.T.);
#3929 = EDGE_LOOP('',(#3930,#3931,#3932,#3938));
#3930 = ORIENTED_EDGE('',*,*,#3916,.T.);
#3931 = ORIENTED_EDGE('',*,*,#2315,.T.);
#3932 = ORIENTED_EDGE('',*,*,#3933,.F.);
#3933 = EDGE_CURVE('',#2397,#2316,#3934,.T.);
#3934 = LINE('',#3935,#3936);
#3935 = CARTESIAN_POINT('',(6.15,-1.64713,6.504291));
#3936 = VECTOR('',#3937,1.);
#3937 = DIRECTION('',(-1.,-0.,-0.));
#3938 = ORIENTED_EDGE('',*,*,#2396,.F.);
#3939 = PLANE('',#3940);
#3940 = AXIS2_PLACEMENT_3D('',#3941,#3942,#3943);
#3941 = CARTESIAN_POINT('',(6.15,-1.64713,3.7725));
#3942 = DIRECTION('',(0.,1.,0.));
#3943 = DIRECTION('',(0.,0.,1.));
#3944 = ADVANCED_FACE('',(#3945,#3956),#3967,.T.);
#3945 = FACE_BOUND('',#3946,.T.);
#3946 = EDGE_LOOP('',(#3947,#3948,#3949,#3955));
#3947 = ORIENTED_EDGE('',*,*,#3933,.T.);
#3948 = ORIENTED_EDGE('',*,*,#2323,.T.);
#3949 = ORIENTED_EDGE('',*,*,#3950,.F.);
#3950 = EDGE_CURVE('',#2405,#2324,#3951,.T.);
#3951 = LINE('',#3952,#3953);
#3952 = CARTESIAN_POINT('',(6.15,1.630173,6.504291));
#3953 = VECTOR('',#3954,1.);
#3954 = DIRECTION('',(-1.,-0.,-0.));
#3955 = ORIENTED_EDGE('',*,*,#2404,.F.);
#3956 = FACE_BOUND('',#3957,.T.);
#3957 = EDGE_LOOP('',(#3958));
#3958 = ORIENTED_EDGE('',*,*,#3959,.T.);
#3959 = EDGE_CURVE('',#3960,#3960,#3962,.T.);
#3960 = VERTEX_POINT('',#3961);
#3961 = CARTESIAN_POINT('',(5.08,0.702324,6.504291));
#3962 = CIRCLE('',#3963,0.702324);
#3963 = AXIS2_PLACEMENT_3D('',#3964,#3965,#3966);
#3964 = CARTESIAN_POINT('',(5.08,0.,6.504291));
#3965 = DIRECTION('',(0.,-0.,1.));
#3966 = DIRECTION('',(0.,1.,0.));
#3967 = PLANE('',#3968);
#3968 = AXIS2_PLACEMENT_3D('',#3969,#3970,#3971);
#3969 = CARTESIAN_POINT('',(6.15,-1.64713,6.504291));
#3970 = DIRECTION('',(0.,0.,-1.));
#3971 = DIRECTION('',(0.,1.,0.));
#3972 = ADVANCED_FACE('',(#3973),#3979,.T.);
#3973 = FACE_BOUND('',#3974,.T.);
#3974 = EDGE_LOOP('',(#3975,#3976,#3977,#3978));
#3975 = ORIENTED_EDGE('',*,*,#3950,.T.);
#3976 = ORIENTED_EDGE('',*,*,#2331,.T.);
#3977 = ORIENTED_EDGE('',*,*,#3862,.F.);
#3978 = ORIENTED_EDGE('',*,*,#2412,.F.);
#3979 = PLANE('',#3980);
#3980 = AXIS2_PLACEMENT_3D('',#3981,#3982,#3983);
#3981 = CARTESIAN_POINT('',(6.15,1.630173,6.504291));
#3982 = DIRECTION('',(0.,-1.,0.));
#3983 = DIRECTION('',(0.,0.,-1.));
#3984 = ADVANCED_FACE('',(#3985),#3996,.F.);
#3985 = FACE_BOUND('',#3986,.F.);
#3986 = EDGE_LOOP('',(#3987,#3993,#3994,#3995));
#3987 = ORIENTED_EDGE('',*,*,#3988,.T.);
#3988 = EDGE_CURVE('',#2499,#2570,#3989,.T.);
#3989 = LINE('',#3990,#3991);
#3990 = CARTESIAN_POINT('',(8.32,2.523512383178,3.7725668));
#3991 = VECTOR('',#3992,1.);
#3992 = DIRECTION('',(-1.,-0.,-0.));
#3993 = ORIENTED_EDGE('',*,*,#2577,.T.);
#3994 = ORIENTED_EDGE('',*,*,#2467,.F.);
#3995 = ORIENTED_EDGE('',*,*,#2506,.F.);
#3996 = PLANE('',#3997);
#3997 = AXIS2_PLACEMENT_3D('',#3998,#3999,#4000);
#3998 = CARTESIAN_POINT('',(8.32,2.523512383178,3.7725668));
#3999 = DIRECTION('',(0.,0.,1.));
#4000 = DIRECTION('',(0.,-1.,0.));
#4001 = ADVANCED_FACE('',(#4002),#4013,.T.);
#4002 = FACE_BOUND('',#4003,.T.);
#4003 = EDGE_LOOP('',(#4004,#4010,#4011,#4012));
#4004 = ORIENTED_EDGE('',*,*,#4005,.T.);
#4005 = EDGE_CURVE('',#2723,#2642,#4006,.T.);
#4006 = LINE('',#4007,#4008);
#4007 = CARTESIAN_POINT('',(8.69,1.630173,6.011533));
#4008 = VECTOR('',#4009,1.);
#4009 = DIRECTION('',(-1.,-0.,-0.));
#4010 = ORIENTED_EDGE('',*,*,#2649,.T.);
#4011 = ORIENTED_EDGE('',*,*,#2444,.F.);
#4012 = ORIENTED_EDGE('',*,*,#2730,.F.);
#4013 = PLANE('',#4014);
#4014 = AXIS2_PLACEMENT_3D('',#4015,#4016,#4017);
#4015 = CARTESIAN_POINT('',(8.69,1.630173,6.011533));
#4016 = DIRECTION('',(0.,-0.951942347191,-0.306277272459));
#4017 = DIRECTION('',(0.,0.306277272459,-0.951942347191));
#4018 = ADVANCED_FACE('',(#4019),#4025,.F.);
#4019 = FACE_BOUND('',#4020,.F.);
#4020 = EDGE_LOOP('',(#4021,#4022,#4023,#4024));
#4021 = ORIENTED_EDGE('',*,*,#3194,.T.);
#4022 = ORIENTED_EDGE('',*,*,#2569,.T.);
#4023 = ORIENTED_EDGE('',*,*,#3988,.F.);
#4024 = ORIENTED_EDGE('',*,*,#2498,.F.);
#4025 = PLANE('',#4026);
#4026 = AXIS2_PLACEMENT_3D('',#4027,#4028,#4029);
#4027 = CARTESIAN_POINT('',(8.32,2.523512383178,4.8494725));
#4028 = DIRECTION('',(0.,-1.,0.));
#4029 = DIRECTION('',(0.,0.,-1.));
#4030 = ADVANCED_FACE('',(#4031,#4042),#4048,.T.);
#4031 = FACE_BOUND('',#4032,.T.);
#4032 = EDGE_LOOP('',(#4033,#4034,#4035,#4041));
#4033 = ORIENTED_EDGE('',*,*,#2667,.T.);
#4034 = ORIENTED_EDGE('',*,*,#2609,.T.);
#4035 = ORIENTED_EDGE('',*,*,#4036,.F.);
#4036 = EDGE_CURVE('',#2691,#2610,#4037,.T.);
#4037 = LINE('',#4038,#4039);
#4038 = CARTESIAN_POINT('',(8.69,-2.016232,3.7725));
#4039 = VECTOR('',#4040,1.);
#4040 = DIRECTION('',(-1.,-0.,-0.));
#4041 = ORIENTED_EDGE('',*,*,#2690,.F.);
#4042 = FACE_BOUND('',#4043,.T.);
#4043 = EDGE_LOOP('',(#4044,#4045,#4046,#4047));
#4044 = ORIENTED_EDGE('',*,*,#3407,.T.);
#4045 = ORIENTED_EDGE('',*,*,#154,.T.);
#4046 = ORIENTED_EDGE('',*,*,#114,.T.);
#4047 = ORIENTED_EDGE('',*,*,#3436,.T.);
#4048 = PLANE('',#4049);
#4049 = AXIS2_PLACEMENT_3D('',#4050,#4051,#4052);
#4050 = CARTESIAN_POINT('',(8.69,-2.016232,1.330337));
#4051 = DIRECTION('',(0.,1.,0.));
#4052 = DIRECTION('',(0.,0.,1.));
#4053 = ADVANCED_FACE('',(#4054),#4065,.T.);
#4054 = FACE_BOUND('',#4055,.T.);
#4055 = EDGE_LOOP('',(#4056,#4057,#4058,#4064));
#4056 = ORIENTED_EDGE('',*,*,#4036,.T.);
#4057 = ORIENTED_EDGE('',*,*,#2617,.T.);
#4058 = ORIENTED_EDGE('',*,*,#4059,.F.);
#4059 = EDGE_CURVE('',#2699,#2618,#4060,.T.);
#4060 = LINE('',#4061,#4062);
#4061 = CARTESIAN_POINT('',(8.69,-1.64713,3.7725));
#4062 = VECTOR('',#4063,1.);
#4063 = DIRECTION('',(-1.,-0.,-0.));
#4064 = ORIENTED_EDGE('',*,*,#2698,.F.);
#4065 = PLANE('',#4066);
#4066 = AXIS2_PLACEMENT_3D('',#4067,#4068,#4069);
#4067 = CARTESIAN_POINT('',(8.69,-2.016232,3.7725));
#4068 = DIRECTION('',(0.,0.,-1.));
#4069 = DIRECTION('',(0.,1.,0.));
#4070 = ADVANCED_FACE('',(#4071),#4082,.T.);
#4071 = FACE_BOUND('',#4072,.T.);
#4072 = EDGE_LOOP('',(#4073,#4074,#4075,#4081));
#4073 = ORIENTED_EDGE('',*,*,#4059,.T.);
#4074 = ORIENTED_EDGE('',*,*,#2625,.T.);
#4075 = ORIENTED_EDGE('',*,*,#4076,.F.);
#4076 = EDGE_CURVE('',#2707,#2626,#4077,.T.);
#4077 = LINE('',#4078,#4079);
#4078 = CARTESIAN_POINT('',(8.69,-1.64713,6.504291));
#4079 = VECTOR('',#4080,1.);
#4080 = DIRECTION('',(-1.,-0.,-0.));
#4081 = ORIENTED_EDGE('',*,*,#2706,.F.);
#4082 = PLANE('',#4083);
#4083 = AXIS2_PLACEMENT_3D('',#4084,#4085,#4086);
#4084 = CARTESIAN_POINT('',(8.69,-1.64713,3.7725));
#4085 = DIRECTION('',(0.,1.,0.));
#4086 = DIRECTION('',(0.,0.,1.));
#4087 = ADVANCED_FACE('',(#4088,#4099),#4110,.T.);
#4088 = FACE_BOUND('',#4089,.T.);
#4089 = EDGE_LOOP('',(#4090,#4091,#4092,#4098));
#4090 = ORIENTED_EDGE('',*,*,#4076,.T.);
#4091 = ORIENTED_EDGE('',*,*,#2633,.T.);
#4092 = ORIENTED_EDGE('',*,*,#4093,.F.);
#4093 = EDGE_CURVE('',#2715,#2634,#4094,.T.);
#4094 = LINE('',#4095,#4096);
#4095 = CARTESIAN_POINT('',(8.69,1.630173,6.504291));
#4096 = VECTOR('',#4097,1.);
#4097 = DIRECTION('',(-1.,-0.,-0.));
#4098 = ORIENTED_EDGE('',*,*,#2714,.F.);
#4099 = FACE_BOUND('',#4100,.T.);
#4100 = EDGE_LOOP('',(#4101));
#4101 = ORIENTED_EDGE('',*,*,#4102,.T.);
#4102 = EDGE_CURVE('',#4103,#4103,#4105,.T.);
#4103 = VERTEX_POINT('',#4104);
#4104 = CARTESIAN_POINT('',(7.62,0.702324,6.504291));
#4105 = CIRCLE('',#4106,0.702324);
#4106 = AXIS2_PLACEMENT_3D('',#4107,#4108,#4109);
#4107 = CARTESIAN_POINT('',(7.62,0.,6.504291));
#4108 = DIRECTION('',(0.,-0.,1.));
#4109 = DIRECTION('',(0.,1.,0.));
#4110 = PLANE('',#4111);
#4111 = AXIS2_PLACEMENT_3D('',#4112,#4113,#4114);
#4112 = CARTESIAN_POINT('',(8.69,-1.64713,6.504291));
#4113 = DIRECTION('',(0.,0.,-1.));
#4114 = DIRECTION('',(0.,1.,0.));
#4115 = ADVANCED_FACE('',(#4116),#4122,.T.);
#4116 = FACE_BOUND('',#4117,.T.);
#4117 = EDGE_LOOP('',(#4118,#4119,#4120,#4121));
#4118 = ORIENTED_EDGE('',*,*,#4093,.T.);
#4119 = ORIENTED_EDGE('',*,*,#2641,.T.);
#4120 = ORIENTED_EDGE('',*,*,#4005,.F.);
#4121 = ORIENTED_EDGE('',*,*,#2722,.F.);
#4122 = PLANE('',#4123);
#4123 = AXIS2_PLACEMENT_3D('',#4124,#4125,#4126);
#4124 = CARTESIAN_POINT('',(8.69,1.630173,6.504291));
#4125 = DIRECTION('',(0.,-1.,0.));
#4126 = DIRECTION('',(0.,0.,-1.));
#4127 = ADVANCED_FACE('',(#4128),#4139,.F.);
#4128 = FACE_BOUND('',#4129,.F.);
#4129 = EDGE_LOOP('',(#4130,#4136,#4137,#4138));
#4130 = ORIENTED_EDGE('',*,*,#4131,.T.);
#4131 = EDGE_CURVE('',#2809,#2880,#4132,.T.);
#4132 = LINE('',#4133,#4134);
#4133 = CARTESIAN_POINT('',(10.86,2.523512383178,3.7725668));
#4134 = VECTOR('',#4135,1.);
#4135 = DIRECTION('',(-1.,-0.,-0.));
#4136 = ORIENTED_EDGE('',*,*,#2887,.T.);
#4137 = ORIENTED_EDGE('',*,*,#2777,.F.);
#4138 = ORIENTED_EDGE('',*,*,#2816,.F.);
#4139 = PLANE('',#4140);
#4140 = AXIS2_PLACEMENT_3D('',#4141,#4142,#4143);
#4141 = CARTESIAN_POINT('',(10.86,2.523512383178,3.7725668));
#4142 = DIRECTION('',(0.,0.,1.));
#4143 = DIRECTION('',(0.,-1.,0.));
#4144 = ADVANCED_FACE('',(#4145),#4156,.T.);
#4145 = FACE_BOUND('',#4146,.T.);
#4146 = EDGE_LOOP('',(#4147,#4153,#4154,#4155));
#4147 = ORIENTED_EDGE('',*,*,#4148,.T.);
#4148 = EDGE_CURVE('',#3033,#2952,#4149,.T.);
#4149 = LINE('',#4150,#4151);
#4150 = CARTESIAN_POINT('',(11.23,1.630173,6.011533));
#4151 = VECTOR('',#4152,1.);
#4152 = DIRECTION('',(-1.,-0.,-0.));
#4153 = ORIENTED_EDGE('',*,*,#2959,.T.);
#4154 = ORIENTED_EDGE('',*,*,#2754,.F.);
#4155 = ORIENTED_EDGE('',*,*,#3040,.F.);
#4156 = PLANE('',#4157);
#4157 = AXIS2_PLACEMENT_3D('',#4158,#4159,#4160);
#4158 = CARTESIAN_POINT('',(11.23,1.630173,6.011533));
#4159 = DIRECTION('',(0.,-0.951942347191,-0.306277272459));
#4160 = DIRECTION('',(0.,0.306277272459,-0.951942347191));
#4161 = ADVANCED_FACE('',(#4162),#4168,.F.);
#4162 = FACE_BOUND('',#4163,.F.);
#4163 = EDGE_LOOP('',(#4164,#4165,#4166,#4167));
#4164 = ORIENTED_EDGE('',*,*,#3203,.T.);
#4165 = ORIENTED_EDGE('',*,*,#2879,.T.);
#4166 = ORIENTED_EDGE('',*,*,#4131,.F.);
#4167 = ORIENTED_EDGE('',*,*,#2808,.F.);
#4168 = PLANE('',#4169);
#4169 = AXIS2_PLACEMENT_3D('',#4170,#4171,#4172);
#4170 = CARTESIAN_POINT('',(10.86,2.523512383178,4.8494725));
#4171 = DIRECTION('',(0.,-1.,0.));
#4172 = DIRECTION('',(0.,0.,-1.));
#4173 = ADVANCED_FACE('',(#4174,#4185),#4191,.T.);
#4174 = FACE_BOUND('',#4175,.T.);
#4175 = EDGE_LOOP('',(#4176,#4177,#4178,#4184));
#4176 = ORIENTED_EDGE('',*,*,#2977,.T.);
#4177 = ORIENTED_EDGE('',*,*,#2919,.T.);
#4178 = ORIENTED_EDGE('',*,*,#4179,.F.);
#4179 = EDGE_CURVE('',#3001,#2920,#4180,.T.);
#4180 = LINE('',#4181,#4182);
#4181 = CARTESIAN_POINT('',(11.23,-2.016232,3.7725));
#4182 = VECTOR('',#4183,1.);
#4183 = DIRECTION('',(-1.,-0.,-0.));
#4184 = ORIENTED_EDGE('',*,*,#3000,.F.);
#4185 = FACE_BOUND('',#4186,.T.);
#4186 = EDGE_LOOP('',(#4187,#4188,#4189,#4190));
#4187 = ORIENTED_EDGE('',*,*,#3453,.T.);
#4188 = ORIENTED_EDGE('',*,*,#83,.T.);
#4189 = ORIENTED_EDGE('',*,*,#43,.T.);
#4190 = ORIENTED_EDGE('',*,*,#3482,.T.);
#4191 = PLANE('',#4192);
#4192 = AXIS2_PLACEMENT_3D('',#4193,#4194,#4195);
#4193 = CARTESIAN_POINT('',(11.23,-2.016232,1.330337));
#4194 = DIRECTION('',(0.,1.,0.));
#4195 = DIRECTION('',(0.,0.,1.));
#4196 = ADVANCED_FACE('',(#4197),#4208,.T.);
#4197 = FACE_BOUND('',#4198,.T.);
#4198 = EDGE_LOOP('',(#4199,#4200,#4201,#4207));
#4199 = ORIENTED_EDGE('',*,*,#4179,.T.);
#4200 = ORIENTED_EDGE('',*,*,#2927,.T.);
#4201 = ORIENTED_EDGE('',*,*,#4202,.F.);
#4202 = EDGE_CURVE('',#3009,#2928,#4203,.T.);
#4203 = LINE('',#4204,#4205);
#4204 = CARTESIAN_POINT('',(11.23,-1.64713,3.7725));
#4205 = VECTOR('',#4206,1.);
#4206 = DIRECTION('',(-1.,-0.,-0.));
#4207 = ORIENTED_EDGE('',*,*,#3008,.F.);
#4208 = PLANE('',#4209);
#4209 = AXIS2_PLACEMENT_3D('',#4210,#4211,#4212);
#4210 = CARTESIAN_POINT('',(11.23,-2.016232,3.7725));
#4211 = DIRECTION('',(0.,0.,-1.));
#4212 = DIRECTION('',(0.,1.,0.));
#4213 = ADVANCED_FACE('',(#4214),#4225,.T.);
#4214 = FACE_BOUND('',#4215,.T.);
#4215 = EDGE_LOOP('',(#4216,#4217,#4218,#4224));
#4216 = ORIENTED_EDGE('',*,*,#4202,.T.);
#4217 = ORIENTED_EDGE('',*,*,#2935,.T.);
#4218 = ORIENTED_EDGE('',*,*,#4219,.F.);
#4219 = EDGE_CURVE('',#3017,#2936,#4220,.T.);
#4220 = LINE('',#4221,#4222);
#4221 = CARTESIAN_POINT('',(11.23,-1.64713,6.504291));
#4222 = VECTOR('',#4223,1.);
#4223 = DIRECTION('',(-1.,-0.,-0.));
#4224 = ORIENTED_EDGE('',*,*,#3016,.F.);
#4225 = PLANE('',#4226);
#4226 = AXIS2_PLACEMENT_3D('',#4227,#4228,#4229);
#4227 = CARTESIAN_POINT('',(11.23,-1.64713,3.7725));
#4228 = DIRECTION('',(0.,1.,0.));
#4229 = DIRECTION('',(0.,0.,1.));
#4230 = ADVANCED_FACE('',(#4231,#4242),#4253,.T.);
#4231 = FACE_BOUND('',#4232,.T.);
#4232 = EDGE_LOOP('',(#4233,#4234,#4235,#4241));
#4233 = ORIENTED_EDGE('',*,*,#4219,.T.);
#4234 = ORIENTED_EDGE('',*,*,#2943,.T.);
#4235 = ORIENTED_EDGE('',*,*,#4236,.F.);
#4236 = EDGE_CURVE('',#3025,#2944,#4237,.T.);
#4237 = LINE('',#4238,#4239);
#4238 = CARTESIAN_POINT('',(11.23,1.630173,6.504291));
#4239 = VECTOR('',#4240,1.);
#4240 = DIRECTION('',(-1.,-0.,-0.));
#4241 = ORIENTED_EDGE('',*,*,#3024,.F.);
#4242 = FACE_BOUND('',#4243,.T.);
#4243 = EDGE_LOOP('',(#4244));
#4244 = ORIENTED_EDGE('',*,*,#4245,.T.);
#4245 = EDGE_CURVE('',#4246,#4246,#4248,.T.);
#4246 = VERTEX_POINT('',#4247);
#4247 = CARTESIAN_POINT('',(10.16,0.702324,6.504291));
#4248 = CIRCLE('',#4249,0.702324);
#4249 = AXIS2_PLACEMENT_3D('',#4250,#4251,#4252);
#4250 = CARTESIAN_POINT('',(10.16,0.,6.504291));
#4251 = DIRECTION('',(0.,-0.,1.));
#4252 = DIRECTION('',(0.,1.,0.));
#4253 = PLANE('',#4254);
#4254 = AXIS2_PLACEMENT_3D('',#4255,#4256,#4257);
#4255 = CARTESIAN_POINT('',(11.23,-1.64713,6.504291));
#4256 = DIRECTION('',(0.,0.,-1.));
#4257 = DIRECTION('',(0.,1.,0.));
#4258 = ADVANCED_FACE('',(#4259),#4265,.T.);
#4259 = FACE_BOUND('',#4260,.T.);
#4260 = EDGE_LOOP('',(#4261,#4262,#4263,#4264));
#4261 = ORIENTED_EDGE('',*,*,#4236,.T.);
#4262 = ORIENTED_EDGE('',*,*,#2951,.T.);
#4263 = ORIENTED_EDGE('',*,*,#4148,.F.);
#4264 = ORIENTED_EDGE('',*,*,#3032,.F.);
#4265 = PLANE('',#4266);
#4266 = AXIS2_PLACEMENT_3D('',#4267,#4268,#4269);
#4267 = CARTESIAN_POINT('',(11.23,1.630173,6.504291));
#4268 = DIRECTION('',(0.,-1.,0.));
#4269 = DIRECTION('',(0.,0.,-1.));
#4270 = ADVANCED_FACE('',(#4271),#4290,.F.);
#4271 = FACE_BOUND('',#4272,.T.);
#4272 = EDGE_LOOP('',(#4273,#4281,#4282,#4283));
#4273 = ORIENTED_EDGE('',*,*,#4274,.F.);
#4274 = EDGE_CURVE('',#3102,#4275,#4277,.T.);
#4275 = VERTEX_POINT('',#4276);
#4276 = CARTESIAN_POINT('',(0.,1.04036,8.297434));
#4277 = LINE('',#4278,#4279);
#4278 = CARTESIAN_POINT('',(0.,1.04036,8.5));
#4279 = VECTOR('',#4280,1.);
#4280 = DIRECTION('',(0.,0.,-1.));
#4281 = ORIENTED_EDGE('',*,*,#3101,.T.);
#4282 = ORIENTED_EDGE('',*,*,#4274,.T.);
#4283 = ORIENTED_EDGE('',*,*,#4284,.F.);
#4284 = EDGE_CURVE('',#4275,#4275,#4285,.T.);
#4285 = CIRCLE('',#4286,1.04036);
#4286 = AXIS2_PLACEMENT_3D('',#4287,#4288,#4289);
#4287 = CARTESIAN_POINT('',(0.,0.,8.297434));
#4288 = DIRECTION('',(0.,-0.,1.));
#4289 = DIRECTION('',(0.,1.,0.));
#4290 = CYLINDRICAL_SURFACE('',#4291,1.04036);
#4291 = AXIS2_PLACEMENT_3D('',#4292,#4293,#4294);
#4292 = CARTESIAN_POINT('',(0.,0.,8.5));
#4293 = DIRECTION('',(-0.,-0.,-1.));
#4294 = DIRECTION('',(0.,1.,0.));
#4295 = ADVANCED_FACE('',(#4296),#4315,.F.);
#4296 = FACE_BOUND('',#4297,.T.);
#4297 = EDGE_LOOP('',(#4298,#4306,#4307,#4308));
#4298 = ORIENTED_EDGE('',*,*,#4299,.F.);
#4299 = EDGE_CURVE('',#3113,#4300,#4302,.T.);
#4300 = VERTEX_POINT('',#4301);
#4301 = CARTESIAN_POINT('',(2.54,1.04036,8.297434));
#4302 = LINE('',#4303,#4304);
#4303 = CARTESIAN_POINT('',(2.54,1.04036,8.5));
#4304 = VECTOR('',#4305,1.);
#4305 = DIRECTION('',(0.,0.,-1.));
#4306 = ORIENTED_EDGE('',*,*,#3112,.T.);
#4307 = ORIENTED_EDGE('',*,*,#4299,.T.);
#4308 = ORIENTED_EDGE('',*,*,#4309,.F.);
#4309 = EDGE_CURVE('',#4300,#4300,#4310,.T.);
#4310 = CIRCLE('',#4311,1.04036);
#4311 = AXIS2_PLACEMENT_3D('',#4312,#4313,#4314);
#4312 = CARTESIAN_POINT('',(2.54,0.,8.297434));
#4313 = DIRECTION('',(0.,-0.,1.));
#4314 = DIRECTION('',(0.,1.,0.));
#4315 = CYLINDRICAL_SURFACE('',#4316,1.04036);
#4316 = AXIS2_PLACEMENT_3D('',#4317,#4318,#4319);
#4317 = CARTESIAN_POINT('',(2.54,0.,8.5));
#4318 = DIRECTION('',(-0.,-0.,-1.));
#4319 = DIRECTION('',(0.,1.,0.));
#4320 = ADVANCED_FACE('',(#4321),#4340,.F.);
#4321 = FACE_BOUND('',#4322,.T.);
#4322 = EDGE_LOOP('',(#4323,#4331,#4332,#4333));
#4323 = ORIENTED_EDGE('',*,*,#4324,.F.);
#4324 = EDGE_CURVE('',#3124,#4325,#4327,.T.);
#4325 = VERTEX_POINT('',#4326);
#4326 = CARTESIAN_POINT('',(5.08,1.04036,8.297434));
#4327 = LINE('',#4328,#4329);
#4328 = CARTESIAN_POINT('',(5.08,1.04036,8.5));
#4329 = VECTOR('',#4330,1.);
#4330 = DIRECTION('',(0.,0.,-1.));
#4331 = ORIENTED_EDGE('',*,*,#3123,.T.);
#4332 = ORIENTED_EDGE('',*,*,#4324,.T.);
#4333 = ORIENTED_EDGE('',*,*,#4334,.F.);
#4334 = EDGE_CURVE('',#4325,#4325,#4335,.T.);
#4335 = CIRCLE('',#4336,1.04036);
#4336 = AXIS2_PLACEMENT_3D('',#4337,#4338,#4339);
#4337 = CARTESIAN_POINT('',(5.08,0.,8.297434));
#4338 = DIRECTION('',(0.,-0.,1.));
#4339 = DIRECTION('',(0.,1.,0.));
#4340 = CYLINDRICAL_SURFACE('',#4341,1.04036);
#4341 = AXIS2_PLACEMENT_3D('',#4342,#4343,#4344);
#4342 = CARTESIAN_POINT('',(5.08,0.,8.5));
#4343 = DIRECTION('',(-0.,-0.,-1.));
#4344 = DIRECTION('',(0.,1.,0.));
#4345 = ADVANCED_FACE('',(#4346),#4365,.F.);
#4346 = FACE_BOUND('',#4347,.T.);
#4347 = EDGE_LOOP('',(#4348,#4356,#4357,#4358));
#4348 = ORIENTED_EDGE('',*,*,#4349,.F.);
#4349 = EDGE_CURVE('',#3135,#4350,#4352,.T.);
#4350 = VERTEX_POINT('',#4351);
#4351 = CARTESIAN_POINT('',(7.62,1.04036,8.297434));
#4352 = LINE('',#4353,#4354);
#4353 = CARTESIAN_POINT('',(7.62,1.04036,8.5));
#4354 = VECTOR('',#4355,1.);
#4355 = DIRECTION('',(0.,0.,-1.));
#4356 = ORIENTED_EDGE('',*,*,#3134,.T.);
#4357 = ORIENTED_EDGE('',*,*,#4349,.T.);
#4358 = ORIENTED_EDGE('',*,*,#4359,.F.);
#4359 = EDGE_CURVE('',#4350,#4350,#4360,.T.);
#4360 = CIRCLE('',#4361,1.04036);
#4361 = AXIS2_PLACEMENT_3D('',#4362,#4363,#4364);
#4362 = CARTESIAN_POINT('',(7.62,0.,8.297434));
#4363 = DIRECTION('',(0.,-0.,1.));
#4364 = DIRECTION('',(0.,1.,0.));
#4365 = CYLINDRICAL_SURFACE('',#4366,1.04036);
#4366 = AXIS2_PLACEMENT_3D('',#4367,#4368,#4369);
#4367 = CARTESIAN_POINT('',(7.62,0.,8.5));
#4368 = DIRECTION('',(-0.,-0.,-1.));
#4369 = DIRECTION('',(0.,1.,0.));
#4370 = ADVANCED_FACE('',(#4371),#4390,.F.);
#4371 = FACE_BOUND('',#4372,.T.);
#4372 = EDGE_LOOP('',(#4373,#4381,#4382,#4383));
#4373 = ORIENTED_EDGE('',*,*,#4374,.F.);
#4374 = EDGE_CURVE('',#3146,#4375,#4377,.T.);
#4375 = VERTEX_POINT('',#4376);
#4376 = CARTESIAN_POINT('',(10.16,1.04036,8.297434));
#4377 = LINE('',#4378,#4379);
#4378 = CARTESIAN_POINT('',(10.16,1.04036,8.5));
#4379 = VECTOR('',#4380,1.);
#4380 = DIRECTION('',(0.,0.,-1.));
#4381 = ORIENTED_EDGE('',*,*,#3145,.T.);
#4382 = ORIENTED_EDGE('',*,*,#4374,.T.);
#4383 = ORIENTED_EDGE('',*,*,#4384,.F.);
#4384 = EDGE_CURVE('',#4375,#4375,#4385,.T.);
#4385 = CIRCLE('',#4386,1.04036);
#4386 = AXIS2_PLACEMENT_3D('',#4387,#4388,#4389);
#4387 = CARTESIAN_POINT('',(10.16,0.,8.297434));
#4388 = DIRECTION('',(0.,-0.,1.));
#4389 = DIRECTION('',(0.,1.,0.));
#4390 = CYLINDRICAL_SURFACE('',#4391,1.04036);
#4391 = AXIS2_PLACEMENT_3D('',#4392,#4393,#4394);
#4392 = CARTESIAN_POINT('',(10.16,0.,8.5));
#4393 = DIRECTION('',(-0.,-0.,-1.));
#4394 = DIRECTION('',(0.,1.,0.));
#4395 = ADVANCED_FACE('',(#4396),#4415,.F.);
#4396 = FACE_BOUND('',#4397,.T.);
#4397 = EDGE_LOOP('',(#4398,#4406,#4413,#4414));
#4398 = ORIENTED_EDGE('',*,*,#4399,.F.);
#4399 = EDGE_CURVE('',#4400,#3662,#4402,.T.);
#4400 = VERTEX_POINT('',#4401);
#4401 = CARTESIAN_POINT('',(0.,0.702324,6.8033));
#4402 = LINE('',#4403,#4404);
#4403 = CARTESIAN_POINT('',(0.,0.702324,6.8033));
#4404 = VECTOR('',#4405,1.);
#4405 = DIRECTION('',(0.,0.,-1.));
#4406 = ORIENTED_EDGE('',*,*,#4407,.T.);
#4407 = EDGE_CURVE('',#4400,#4400,#4408,.T.);
#4408 = CIRCLE('',#4409,0.702324);
#4409 = AXIS2_PLACEMENT_3D('',#4410,#4411,#4412);
#4410 = CARTESIAN_POINT('',(0.,0.,6.8033));
#4411 = DIRECTION('',(0.,-0.,1.));
#4412 = DIRECTION('',(0.,1.,0.));
#4413 = ORIENTED_EDGE('',*,*,#4399,.T.);
#4414 = ORIENTED_EDGE('',*,*,#3661,.F.);
#4415 = CYLINDRICAL_SURFACE('',#4416,0.702324);
#4416 = AXIS2_PLACEMENT_3D('',#4417,#4418,#4419);
#4417 = CARTESIAN_POINT('',(0.,0.,6.8033));
#4418 = DIRECTION('',(-0.,-0.,-1.));
#4419 = DIRECTION('',(0.,1.,0.));
#4420 = ADVANCED_FACE('',(#4421),#4440,.F.);
#4421 = FACE_BOUND('',#4422,.T.);
#4422 = EDGE_LOOP('',(#4423,#4431,#4438,#4439));
#4423 = ORIENTED_EDGE('',*,*,#4424,.F.);
#4424 = EDGE_CURVE('',#4425,#3817,#4427,.T.);
#4425 = VERTEX_POINT('',#4426);
#4426 = CARTESIAN_POINT('',(2.54,0.702324,6.8033));
#4427 = LINE('',#4428,#4429);
#4428 = CARTESIAN_POINT('',(2.54,0.702324,6.8033));
#4429 = VECTOR('',#4430,1.);
#4430 = DIRECTION('',(0.,0.,-1.));
#4431 = ORIENTED_EDGE('',*,*,#4432,.T.);
#4432 = EDGE_CURVE('',#4425,#4425,#4433,.T.);
#4433 = CIRCLE('',#4434,0.702324);
#4434 = AXIS2_PLACEMENT_3D('',#4435,#4436,#4437);
#4435 = CARTESIAN_POINT('',(2.54,0.,6.8033));
#4436 = DIRECTION('',(0.,-0.,1.));
#4437 = DIRECTION('',(0.,1.,0.));
#4438 = ORIENTED_EDGE('',*,*,#4424,.T.);
#4439 = ORIENTED_EDGE('',*,*,#3816,.F.);
#4440 = CYLINDRICAL_SURFACE('',#4441,0.702324);
#4441 = AXIS2_PLACEMENT_3D('',#4442,#4443,#4444);
#4442 = CARTESIAN_POINT('',(2.54,0.,6.8033));
#4443 = DIRECTION('',(-0.,-0.,-1.));
#4444 = DIRECTION('',(0.,1.,0.));
#4445 = ADVANCED_FACE('',(#4446),#4465,.F.);
#4446 = FACE_BOUND('',#4447,.T.);
#4447 = EDGE_LOOP('',(#4448,#4456,#4463,#4464));
#4448 = ORIENTED_EDGE('',*,*,#4449,.F.);
#4449 = EDGE_CURVE('',#4450,#3960,#4452,.T.);
#4450 = VERTEX_POINT('',#4451);
#4451 = CARTESIAN_POINT('',(5.08,0.702324,6.8033));
#4452 = LINE('',#4453,#4454);
#4453 = CARTESIAN_POINT('',(5.08,0.702324,6.8033));
#4454 = VECTOR('',#4455,1.);
#4455 = DIRECTION('',(0.,0.,-1.));
#4456 = ORIENTED_EDGE('',*,*,#4457,.T.);
#4457 = EDGE_CURVE('',#4450,#4450,#4458,.T.);
#4458 = CIRCLE('',#4459,0.702324);
#4459 = AXIS2_PLACEMENT_3D('',#4460,#4461,#4462);
#4460 = CARTESIAN_POINT('',(5.08,0.,6.8033));
#4461 = DIRECTION('',(0.,-0.,1.));
#4462 = DIRECTION('',(0.,1.,0.));
#4463 = ORIENTED_EDGE('',*,*,#4449,.T.);
#4464 = ORIENTED_EDGE('',*,*,#3959,.F.);
#4465 = CYLINDRICAL_SURFACE('',#4466,0.702324);
#4466 = AXIS2_PLACEMENT_3D('',#4467,#4468,#4469);
#4467 = CARTESIAN_POINT('',(5.08,0.,6.8033));
#4468 = DIRECTION('',(-0.,-0.,-1.));
#4469 = DIRECTION('',(0.,1.,0.));
#4470 = ADVANCED_FACE('',(#4471),#4490,.F.);
#4471 = FACE_BOUND('',#4472,.T.);
#4472 = EDGE_LOOP('',(#4473,#4481,#4488,#4489));
#4473 = ORIENTED_EDGE('',*,*,#4474,.F.);
#4474 = EDGE_CURVE('',#4475,#4103,#4477,.T.);
#4475 = VERTEX_POINT('',#4476);
#4476 = CARTESIAN_POINT('',(7.62,0.702324,6.8033));
#4477 = LINE('',#4478,#4479);
#4478 = CARTESIAN_POINT('',(7.62,0.702324,6.8033));
#4479 = VECTOR('',#4480,1.);
#4480 = DIRECTION('',(0.,0.,-1.));
#4481 = ORIENTED_EDGE('',*,*,#4482,.T.);
#4482 = EDGE_CURVE('',#4475,#4475,#4483,.T.);
#4483 = CIRCLE('',#4484,0.702324);
#4484 = AXIS2_PLACEMENT_3D('',#4485,#4486,#4487);
#4485 = CARTESIAN_POINT('',(7.62,0.,6.8033));
#4486 = DIRECTION('',(0.,-0.,1.));
#4487 = DIRECTION('',(0.,1.,0.));
#4488 = ORIENTED_EDGE('',*,*,#4474,.T.);
#4489 = ORIENTED_EDGE('',*,*,#4102,.F.);
#4490 = CYLINDRICAL_SURFACE('',#4491,0.702324);
#4491 = AXIS2_PLACEMENT_3D('',#4492,#4493,#4494);
#4492 = CARTESIAN_POINT('',(7.62,0.,6.8033));
#4493 = DIRECTION('',(-0.,-0.,-1.));
#4494 = DIRECTION('',(0.,1.,0.));
#4495 = ADVANCED_FACE('',(#4496),#4515,.F.);
#4496 = FACE_BOUND('',#4497,.T.);
#4497 = EDGE_LOOP('',(#4498,#4506,#4513,#4514));
#4498 = ORIENTED_EDGE('',*,*,#4499,.F.);
#4499 = EDGE_CURVE('',#4500,#4246,#4502,.T.);
#4500 = VERTEX_POINT('',#4501);
#4501 = CARTESIAN_POINT('',(10.16,0.702324,6.8033));
#4502 = LINE('',#4503,#4504);
#4503 = CARTESIAN_POINT('',(10.16,0.702324,6.8033));
#4504 = VECTOR('',#4505,1.);
#4505 = DIRECTION('',(0.,0.,-1.));
#4506 = ORIENTED_EDGE('',*,*,#4507,.T.);
#4507 = EDGE_CURVE('',#4500,#4500,#4508,.T.);
#4508 = CIRCLE('',#4509,0.702324);
#4509 = AXIS2_PLACEMENT_3D('',#4510,#4511,#4512);
#4510 = CARTESIAN_POINT('',(10.16,0.,6.8033));
#4511 = DIRECTION('',(0.,-0.,1.));
#4512 = DIRECTION('',(0.,1.,0.));
#4513 = ORIENTED_EDGE('',*,*,#4499,.T.);
#4514 = ORIENTED_EDGE('',*,*,#4245,.F.);
#4515 = CYLINDRICAL_SURFACE('',#4516,0.702324);
#4516 = AXIS2_PLACEMENT_3D('',#4517,#4518,#4519);
#4517 = CARTESIAN_POINT('',(10.16,0.,6.8033));
#4518 = DIRECTION('',(-0.,-0.,-1.));
#4519 = DIRECTION('',(0.,1.,0.));
#4520 = ADVANCED_FACE('',(#4521),#4540,.F.);
#4521 = FACE_BOUND('',#4522,.T.);
#4522 = EDGE_LOOP('',(#4523,#4524,#4532,#4539));
#4523 = ORIENTED_EDGE('',*,*,#4284,.T.);
#4524 = ORIENTED_EDGE('',*,*,#4525,.T.);
#4525 = EDGE_CURVE('',#4275,#4526,#4528,.T.);
#4526 = VERTEX_POINT('',#4527);
#4527 = CARTESIAN_POINT('',(0.,0.952473,8.216305));
#4528 = LINE('',#4529,#4530);
#4529 = CARTESIAN_POINT('',(0.,1.04036,8.297434));
#4530 = VECTOR('',#4531,1.);
#4531 = DIRECTION('',(0.,-0.734792866841,-0.678291561823));
#4532 = ORIENTED_EDGE('',*,*,#4533,.F.);
#4533 = EDGE_CURVE('',#4526,#4526,#4534,.T.);
#4534 = CIRCLE('',#4535,0.952473);
#4535 = AXIS2_PLACEMENT_3D('',#4536,#4537,#4538);
#4536 = CARTESIAN_POINT('',(0.,0.,8.216305));
#4537 = DIRECTION('',(0.,-0.,1.));
#4538 = DIRECTION('',(0.,1.,0.));
#4539 = ORIENTED_EDGE('',*,*,#4525,.F.);
#4540 = CONICAL_SURFACE('',#4541,1.04036,0.82536125564);
#4541 = AXIS2_PLACEMENT_3D('',#4542,#4543,#4544);
#4542 = CARTESIAN_POINT('',(0.,0.,8.297434));
#4543 = DIRECTION('',(0.,0.,1.));
#4544 = DIRECTION('',(0.,1.,0.));
#4545 = ADVANCED_FACE('',(#4546),#4565,.F.);
#4546 = FACE_BOUND('',#4547,.T.);
#4547 = EDGE_LOOP('',(#4548,#4549,#4557,#4564));
#4548 = ORIENTED_EDGE('',*,*,#4309,.T.);
#4549 = ORIENTED_EDGE('',*,*,#4550,.T.);
#4550 = EDGE_CURVE('',#4300,#4551,#4553,.T.);
#4551 = VERTEX_POINT('',#4552);
#4552 = CARTESIAN_POINT('',(2.54,0.952473,8.216305));
#4553 = LINE('',#4554,#4555);
#4554 = CARTESIAN_POINT('',(2.54,1.04036,8.297434));
#4555 = VECTOR('',#4556,1.);
#4556 = DIRECTION('',(0.,-0.734792866841,-0.678291561823));
#4557 = ORIENTED_EDGE('',*,*,#4558,.F.);
#4558 = EDGE_CURVE('',#4551,#4551,#4559,.T.);
#4559 = CIRCLE('',#4560,0.952473);
#4560 = AXIS2_PLACEMENT_3D('',#4561,#4562,#4563);
#4561 = CARTESIAN_POINT('',(2.54,0.,8.216305));
#4562 = DIRECTION('',(0.,-0.,1.));
#4563 = DIRECTION('',(0.,1.,0.));
#4564 = ORIENTED_EDGE('',*,*,#4550,.F.);
#4565 = CONICAL_SURFACE('',#4566,1.04036,0.82536125564);
#4566 = AXIS2_PLACEMENT_3D('',#4567,#4568,#4569);
#4567 = CARTESIAN_POINT('',(2.54,0.,8.297434));
#4568 = DIRECTION('',(0.,0.,1.));
#4569 = DIRECTION('',(0.,1.,0.));
#4570 = ADVANCED_FACE('',(#4571),#4590,.F.);
#4571 = FACE_BOUND('',#4572,.T.);
#4572 = EDGE_LOOP('',(#4573,#4574,#4582,#4589));
#4573 = ORIENTED_EDGE('',*,*,#4334,.T.);
#4574 = ORIENTED_EDGE('',*,*,#4575,.T.);
#4575 = EDGE_CURVE('',#4325,#4576,#4578,.T.);
#4576 = VERTEX_POINT('',#4577);
#4577 = CARTESIAN_POINT('',(5.08,0.952473,8.216305));
#4578 = LINE('',#4579,#4580);
#4579 = CARTESIAN_POINT('',(5.08,1.04036,8.297434));
#4580 = VECTOR('',#4581,1.);
#4581 = DIRECTION('',(0.,-0.734792866841,-0.678291561823));
#4582 = ORIENTED_EDGE('',*,*,#4583,.F.);
#4583 = EDGE_CURVE('',#4576,#4576,#4584,.T.);
#4584 = CIRCLE('',#4585,0.952473);
#4585 = AXIS2_PLACEMENT_3D('',#4586,#4587,#4588);
#4586 = CARTESIAN_POINT('',(5.08,0.,8.216305));
#4587 = DIRECTION('',(0.,-0.,1.));
#4588 = DIRECTION('',(0.,1.,0.));
#4589 = ORIENTED_EDGE('',*,*,#4575,.F.);
#4590 = CONICAL_SURFACE('',#4591,1.04036,0.82536125564);
#4591 = AXIS2_PLACEMENT_3D('',#4592,#4593,#4594);
#4592 = CARTESIAN_POINT('',(5.08,0.,8.297434));
#4593 = DIRECTION('',(0.,0.,1.));
#4594 = DIRECTION('',(0.,1.,0.));
#4595 = ADVANCED_FACE('',(#4596),#4615,.F.);
#4596 = FACE_BOUND('',#4597,.T.);
#4597 = EDGE_LOOP('',(#4598,#4599,#4607,#4614));
#4598 = ORIENTED_EDGE('',*,*,#4359,.T.);
#4599 = ORIENTED_EDGE('',*,*,#4600,.T.);
#4600 = EDGE_CURVE('',#4350,#4601,#4603,.T.);
#4601 = VERTEX_POINT('',#4602);
#4602 = CARTESIAN_POINT('',(7.62,0.952473,8.216305));
#4603 = LINE('',#4604,#4605);
#4604 = CARTESIAN_POINT('',(7.62,1.04036,8.297434));
#4605 = VECTOR('',#4606,1.);
#4606 = DIRECTION('',(0.,-0.734792866841,-0.678291561823));
#4607 = ORIENTED_EDGE('',*,*,#4608,.F.);
#4608 = EDGE_CURVE('',#4601,#4601,#4609,.T.);
#4609 = CIRCLE('',#4610,0.952473);
#4610 = AXIS2_PLACEMENT_3D('',#4611,#4612,#4613);
#4611 = CARTESIAN_POINT('',(7.62,0.,8.216305));
#4612 = DIRECTION('',(0.,-0.,1.));
#4613 = DIRECTION('',(0.,1.,0.));
#4614 = ORIENTED_EDGE('',*,*,#4600,.F.);
#4615 = CONICAL_SURFACE('',#4616,1.04036,0.82536125564);
#4616 = AXIS2_PLACEMENT_3D('',#4617,#4618,#4619);
#4617 = CARTESIAN_POINT('',(7.62,0.,8.297434));
#4618 = DIRECTION('',(0.,0.,1.));
#4619 = DIRECTION('',(0.,1.,0.));
#4620 = ADVANCED_FACE('',(#4621),#4640,.F.);
#4621 = FACE_BOUND('',#4622,.T.);
#4622 = EDGE_LOOP('',(#4623,#4624,#4632,#4639));
#4623 = ORIENTED_EDGE('',*,*,#4384,.T.);
#4624 = ORIENTED_EDGE('',*,*,#4625,.T.);
#4625 = EDGE_CURVE('',#4375,#4626,#4628,.T.);
#4626 = VERTEX_POINT('',#4627);
#4627 = CARTESIAN_POINT('',(10.16,0.952473,8.216305));
#4628 = LINE('',#4629,#4630);
#4629 = CARTESIAN_POINT('',(10.16,1.04036,8.297434));
#4630 = VECTOR('',#4631,1.);
#4631 = DIRECTION('',(0.,-0.734792866841,-0.678291561823));
#4632 = ORIENTED_EDGE('',*,*,#4633,.F.);
#4633 = EDGE_CURVE('',#4626,#4626,#4634,.T.);
#4634 = CIRCLE('',#4635,0.952473);
#4635 = AXIS2_PLACEMENT_3D('',#4636,#4637,#4638);
#4636 = CARTESIAN_POINT('',(10.16,0.,8.216305));
#4637 = DIRECTION('',(0.,-0.,1.));
#4638 = DIRECTION('',(0.,1.,0.));
#4639 = ORIENTED_EDGE('',*,*,#4625,.F.);
#4640 = CONICAL_SURFACE('',#4641,1.04036,0.82536125564);
#4641 = AXIS2_PLACEMENT_3D('',#4642,#4643,#4644);
#4642 = CARTESIAN_POINT('',(10.16,0.,8.297434));
#4643 = DIRECTION('',(0.,0.,1.));
#4644 = DIRECTION('',(0.,1.,0.));
#4645 = ADVANCED_FACE('',(#4646,#4657),#4660,.T.);
#4646 = FACE_BOUND('',#4647,.T.);
#4647 = EDGE_LOOP('',(#4648));
#4648 = ORIENTED_EDGE('',*,*,#4649,.T.);
#4649 = EDGE_CURVE('',#4650,#4650,#4652,.T.);
#4650 = VERTEX_POINT('',#4651);
#4651 = CARTESIAN_POINT('',(0.,1.04036,6.8033));
#4652 = CIRCLE('',#4653,1.04036);
#4653 = AXIS2_PLACEMENT_3D('',#4654,#4655,#4656);
#4654 = CARTESIAN_POINT('',(0.,0.,6.8033));
#4655 = DIRECTION('',(0.,-0.,1.));
#4656 = DIRECTION('',(0.,1.,0.));
#4657 = FACE_BOUND('',#4658,.T.);
#4658 = EDGE_LOOP('',(#4659));
#4659 = ORIENTED_EDGE('',*,*,#4407,.F.);
#4660 = PLANE('',#4661);
#4661 = AXIS2_PLACEMENT_3D('',#4662,#4663,#4664);
#4662 = CARTESIAN_POINT('',(0.,0.,6.8033));
#4663 = DIRECTION('',(0.,0.,1.));
#4664 = DIRECTION('',(0.,1.,0.));
#4665 = ADVANCED_FACE('',(#4666,#4677),#4680,.T.);
#4666 = FACE_BOUND('',#4667,.T.);
#4667 = EDGE_LOOP('',(#4668));
#4668 = ORIENTED_EDGE('',*,*,#4669,.T.);
#4669 = EDGE_CURVE('',#4670,#4670,#4672,.T.);
#4670 = VERTEX_POINT('',#4671);
#4671 = CARTESIAN_POINT('',(2.54,1.04036,6.8033));
#4672 = CIRCLE('',#4673,1.04036);
#4673 = AXIS2_PLACEMENT_3D('',#4674,#4675,#4676);
#4674 = CARTESIAN_POINT('',(2.54,0.,6.8033));
#4675 = DIRECTION('',(0.,-0.,1.));
#4676 = DIRECTION('',(0.,1.,0.));
#4677 = FACE_BOUND('',#4678,.T.);
#4678 = EDGE_LOOP('',(#4679));
#4679 = ORIENTED_EDGE('',*,*,#4432,.F.);
#4680 = PLANE('',#4681);
#4681 = AXIS2_PLACEMENT_3D('',#4682,#4683,#4684);
#4682 = CARTESIAN_POINT('',(2.54,0.,6.8033));
#4683 = DIRECTION('',(0.,0.,1.));
#4684 = DIRECTION('',(0.,1.,0.));
#4685 = ADVANCED_FACE('',(#4686,#4697),#4700,.T.);
#4686 = FACE_BOUND('',#4687,.T.);
#4687 = EDGE_LOOP('',(#4688));
#4688 = ORIENTED_EDGE('',*,*,#4689,.T.);
#4689 = EDGE_CURVE('',#4690,#4690,#4692,.T.);
#4690 = VERTEX_POINT('',#4691);
#4691 = CARTESIAN_POINT('',(5.08,1.04036,6.8033));
#4692 = CIRCLE('',#4693,1.04036);
#4693 = AXIS2_PLACEMENT_3D('',#4694,#4695,#4696);
#4694 = CARTESIAN_POINT('',(5.08,0.,6.8033));
#4695 = DIRECTION('',(0.,-0.,1.));
#4696 = DIRECTION('',(0.,1.,0.));
#4697 = FACE_BOUND('',#4698,.T.);
#4698 = EDGE_LOOP('',(#4699));
#4699 = ORIENTED_EDGE('',*,*,#4457,.F.);
#4700 = PLANE('',#4701);
#4701 = AXIS2_PLACEMENT_3D('',#4702,#4703,#4704);
#4702 = CARTESIAN_POINT('',(5.08,0.,6.8033));
#4703 = DIRECTION('',(0.,0.,1.));
#4704 = DIRECTION('',(0.,1.,0.));
#4705 = ADVANCED_FACE('',(#4706,#4717),#4720,.T.);
#4706 = FACE_BOUND('',#4707,.T.);
#4707 = EDGE_LOOP('',(#4708));
#4708 = ORIENTED_EDGE('',*,*,#4709,.T.);
#4709 = EDGE_CURVE('',#4710,#4710,#4712,.T.);
#4710 = VERTEX_POINT('',#4711);
#4711 = CARTESIAN_POINT('',(7.62,1.04036,6.8033));
#4712 = CIRCLE('',#4713,1.04036);
#4713 = AXIS2_PLACEMENT_3D('',#4714,#4715,#4716);
#4714 = CARTESIAN_POINT('',(7.62,0.,6.8033));
#4715 = DIRECTION('',(0.,-0.,1.));
#4716 = DIRECTION('',(0.,1.,0.));
#4717 = FACE_BOUND('',#4718,.T.);
#4718 = EDGE_LOOP('',(#4719));
#4719 = ORIENTED_EDGE('',*,*,#4482,.F.);
#4720 = PLANE('',#4721);
#4721 = AXIS2_PLACEMENT_3D('',#4722,#4723,#4724);
#4722 = CARTESIAN_POINT('',(7.62,0.,6.8033));
#4723 = DIRECTION('',(0.,0.,1.));
#4724 = DIRECTION('',(0.,1.,0.));
#4725 = ADVANCED_FACE('',(#4726,#4737),#4740,.T.);
#4726 = FACE_BOUND('',#4727,.T.);
#4727 = EDGE_LOOP('',(#4728));
#4728 = ORIENTED_EDGE('',*,*,#4729,.T.);
#4729 = EDGE_CURVE('',#4730,#4730,#4732,.T.);
#4730 = VERTEX_POINT('',#4731);
#4731 = CARTESIAN_POINT('',(10.16,1.04036,6.8033));
#4732 = CIRCLE('',#4733,1.04036);
#4733 = AXIS2_PLACEMENT_3D('',#4734,#4735,#4736);
#4734 = CARTESIAN_POINT('',(10.16,0.,6.8033));
#4735 = DIRECTION('',(0.,-0.,1.));
#4736 = DIRECTION('',(0.,1.,0.));
#4737 = FACE_BOUND('',#4738,.T.);
#4738 = EDGE_LOOP('',(#4739));
#4739 = ORIENTED_EDGE('',*,*,#4507,.F.);
#4740 = PLANE('',#4741);
#4741 = AXIS2_PLACEMENT_3D('',#4742,#4743,#4744);
#4742 = CARTESIAN_POINT('',(10.16,0.,6.8033));
#4743 = DIRECTION('',(0.,0.,1.));
#4744 = DIRECTION('',(0.,1.,0.));
#4745 = ADVANCED_FACE('',(#4746),#4765,.F.);
#4746 = FACE_BOUND('',#4747,.T.);
#4747 = EDGE_LOOP('',(#4748,#4749,#4757,#4764));
#4748 = ORIENTED_EDGE('',*,*,#4533,.T.);
#4749 = ORIENTED_EDGE('',*,*,#4750,.T.);
#4750 = EDGE_CURVE('',#4526,#4751,#4753,.T.);
#4751 = VERTEX_POINT('',#4752);
#4752 = CARTESIAN_POINT('',(0.,0.952473,8.047285));
#4753 = LINE('',#4754,#4755);
#4754 = CARTESIAN_POINT('',(0.,0.952473,8.216305));
#4755 = VECTOR('',#4756,1.);
#4756 = DIRECTION('',(0.,0.,-1.));
#4757 = ORIENTED_EDGE('',*,*,#4758,.F.);
#4758 = EDGE_CURVE('',#4751,#4751,#4759,.T.);
#4759 = CIRCLE('',#4760,0.952473);
#4760 = AXIS2_PLACEMENT_3D('',#4761,#4762,#4763);
#4761 = CARTESIAN_POINT('',(0.,0.,8.047285));
#4762 = DIRECTION('',(0.,-0.,1.));
#4763 = DIRECTION('',(0.,1.,0.));
#4764 = ORIENTED_EDGE('',*,*,#4750,.F.);
#4765 = CYLINDRICAL_SURFACE('',#4766,0.952473);
#4766 = AXIS2_PLACEMENT_3D('',#4767,#4768,#4769);
#4767 = CARTESIAN_POINT('',(0.,0.,8.216305));
#4768 = DIRECTION('',(-0.,-0.,-1.));
#4769 = DIRECTION('',(0.,1.,0.));
#4770 = ADVANCED_FACE('',(#4771),#4790,.F.);
#4771 = FACE_BOUND('',#4772,.T.);
#4772 = EDGE_LOOP('',(#4773,#4774,#4782,#4789));
#4773 = ORIENTED_EDGE('',*,*,#4558,.T.);
#4774 = ORIENTED_EDGE('',*,*,#4775,.T.);
#4775 = EDGE_CURVE('',#4551,#4776,#4778,.T.);
#4776 = VERTEX_POINT('',#4777);
#4777 = CARTESIAN_POINT('',(2.54,0.952473,8.047285));
#4778 = LINE('',#4779,#4780);
#4779 = CARTESIAN_POINT('',(2.54,0.952473,8.216305));
#4780 = VECTOR('',#4781,1.);
#4781 = DIRECTION('',(0.,0.,-1.));
#4782 = ORIENTED_EDGE('',*,*,#4783,.F.);
#4783 = EDGE_CURVE('',#4776,#4776,#4784,.T.);
#4784 = CIRCLE('',#4785,0.952473);
#4785 = AXIS2_PLACEMENT_3D('',#4786,#4787,#4788);
#4786 = CARTESIAN_POINT('',(2.54,0.,8.047285));
#4787 = DIRECTION('',(0.,-0.,1.));
#4788 = DIRECTION('',(0.,1.,0.));
#4789 = ORIENTED_EDGE('',*,*,#4775,.F.);
#4790 = CYLINDRICAL_SURFACE('',#4791,0.952473);
#4791 = AXIS2_PLACEMENT_3D('',#4792,#4793,#4794);
#4792 = CARTESIAN_POINT('',(2.54,0.,8.216305));
#4793 = DIRECTION('',(-0.,-0.,-1.));
#4794 = DIRECTION('',(0.,1.,0.));
#4795 = ADVANCED_FACE('',(#4796),#4815,.F.);
#4796 = FACE_BOUND('',#4797,.T.);
#4797 = EDGE_LOOP('',(#4798,#4799,#4807,#4814));
#4798 = ORIENTED_EDGE('',*,*,#4583,.T.);
#4799 = ORIENTED_EDGE('',*,*,#4800,.T.);
#4800 = EDGE_CURVE('',#4576,#4801,#4803,.T.);
#4801 = VERTEX_POINT('',#4802);
#4802 = CARTESIAN_POINT('',(5.08,0.952473,8.047285));
#4803 = LINE('',#4804,#4805);
#4804 = CARTESIAN_POINT('',(5.08,0.952473,8.216305));
#4805 = VECTOR('',#4806,1.);
#4806 = DIRECTION('',(0.,0.,-1.));
#4807 = ORIENTED_EDGE('',*,*,#4808,.F.);
#4808 = EDGE_CURVE('',#4801,#4801,#4809,.T.);
#4809 = CIRCLE('',#4810,0.952473);
#4810 = AXIS2_PLACEMENT_3D('',#4811,#4812,#4813);
#4811 = CARTESIAN_POINT('',(5.08,0.,8.047285));
#4812 = DIRECTION('',(0.,-0.,1.));
#4813 = DIRECTION('',(0.,1.,0.));
#4814 = ORIENTED_EDGE('',*,*,#4800,.F.);
#4815 = CYLINDRICAL_SURFACE('',#4816,0.952473);
#4816 = AXIS2_PLACEMENT_3D('',#4817,#4818,#4819);
#4817 = CARTESIAN_POINT('',(5.08,0.,8.216305));
#4818 = DIRECTION('',(-0.,-0.,-1.));
#4819 = DIRECTION('',(0.,1.,0.));
#4820 = ADVANCED_FACE('',(#4821),#4840,.F.);
#4821 = FACE_BOUND('',#4822,.T.);
#4822 = EDGE_LOOP('',(#4823,#4824,#4832,#4839));
#4823 = ORIENTED_EDGE('',*,*,#4608,.T.);
#4824 = ORIENTED_EDGE('',*,*,#4825,.T.);
#4825 = EDGE_CURVE('',#4601,#4826,#4828,.T.);
#4826 = VERTEX_POINT('',#4827);
#4827 = CARTESIAN_POINT('',(7.62,0.952473,8.047285));
#4828 = LINE('',#4829,#4830);
#4829 = CARTESIAN_POINT('',(7.62,0.952473,8.216305));
#4830 = VECTOR('',#4831,1.);
#4831 = DIRECTION('',(0.,0.,-1.));
#4832 = ORIENTED_EDGE('',*,*,#4833,.F.);
#4833 = EDGE_CURVE('',#4826,#4826,#4834,.T.);
#4834 = CIRCLE('',#4835,0.952473);
#4835 = AXIS2_PLACEMENT_3D('',#4836,#4837,#4838);
#4836 = CARTESIAN_POINT('',(7.62,0.,8.047285));
#4837 = DIRECTION('',(0.,-0.,1.));
#4838 = DIRECTION('',(0.,1.,0.));
#4839 = ORIENTED_EDGE('',*,*,#4825,.F.);
#4840 = CYLINDRICAL_SURFACE('',#4841,0.952473);
#4841 = AXIS2_PLACEMENT_3D('',#4842,#4843,#4844);
#4842 = CARTESIAN_POINT('',(7.62,0.,8.216305));
#4843 = DIRECTION('',(-0.,-0.,-1.));
#4844 = DIRECTION('',(0.,1.,0.));
#4845 = ADVANCED_FACE('',(#4846),#4865,.F.);
#4846 = FACE_BOUND('',#4847,.T.);
#4847 = EDGE_LOOP('',(#4848,#4849,#4857,#4864));
#4848 = ORIENTED_EDGE('',*,*,#4633,.T.);
#4849 = ORIENTED_EDGE('',*,*,#4850,.T.);
#4850 = EDGE_CURVE('',#4626,#4851,#4853,.T.);
#4851 = VERTEX_POINT('',#4852);
#4852 = CARTESIAN_POINT('',(10.16,0.952473,8.047285));
#4853 = LINE('',#4854,#4855);
#4854 = CARTESIAN_POINT('',(10.16,0.952473,8.216305));
#4855 = VECTOR('',#4856,1.);
#4856 = DIRECTION('',(0.,0.,-1.));
#4857 = ORIENTED_EDGE('',*,*,#4858,.F.);
#4858 = EDGE_CURVE('',#4851,#4851,#4859,.T.);
#4859 = CIRCLE('',#4860,0.952473);
#4860 = AXIS2_PLACEMENT_3D('',#4861,#4862,#4863);
#4861 = CARTESIAN_POINT('',(10.16,0.,8.047285));
#4862 = DIRECTION('',(0.,-0.,1.));
#4863 = DIRECTION('',(0.,1.,0.));
#4864 = ORIENTED_EDGE('',*,*,#4850,.F.);
#4865 = CYLINDRICAL_SURFACE('',#4866,0.952473);
#4866 = AXIS2_PLACEMENT_3D('',#4867,#4868,#4869);
#4867 = CARTESIAN_POINT('',(10.16,0.,8.216305));
#4868 = DIRECTION('',(-0.,-0.,-1.));
#4869 = DIRECTION('',(0.,1.,0.));
#4870 = ADVANCED_FACE('',(#4871),#4890,.F.);
#4871 = FACE_BOUND('',#4872,.T.);
#4872 = EDGE_LOOP('',(#4873,#4882,#4888,#4889));
#4873 = ORIENTED_EDGE('',*,*,#4874,.T.);
#4874 = EDGE_CURVE('',#4875,#4875,#4877,.T.);
#4875 = VERTEX_POINT('',#4876);
#4876 = CARTESIAN_POINT('',(0.,1.04036,7.959395));
#4877 = CIRCLE('',#4878,1.04036);
#4878 = AXIS2_PLACEMENT_3D('',#4879,#4880,#4881);
#4879 = CARTESIAN_POINT('',(0.,0.,7.959395));
#4880 = DIRECTION('',(0.,-0.,1.));
#4881 = DIRECTION('',(0.,1.,0.));
#4882 = ORIENTED_EDGE('',*,*,#4883,.T.);
#4883 = EDGE_CURVE('',#4875,#4650,#4884,.T.);
#4884 = LINE('',#4885,#4886);
#4885 = CARTESIAN_POINT('',(0.,1.04036,7.959395));
#4886 = VECTOR('',#4887,1.);
#4887 = DIRECTION('',(0.,0.,-1.));
#4888 = ORIENTED_EDGE('',*,*,#4649,.F.);
#4889 = ORIENTED_EDGE('',*,*,#4883,.F.);
#4890 = CYLINDRICAL_SURFACE('',#4891,1.04036);
#4891 = AXIS2_PLACEMENT_3D('',#4892,#4893,#4894);
#4892 = CARTESIAN_POINT('',(0.,0.,7.959395));
#4893 = DIRECTION('',(-0.,-0.,-1.));
#4894 = DIRECTION('',(0.,1.,0.));
#4895 = ADVANCED_FACE('',(#4896),#4915,.F.);
#4896 = FACE_BOUND('',#4897,.T.);
#4897 = EDGE_LOOP('',(#4898,#4907,#4913,#4914));
#4898 = ORIENTED_EDGE('',*,*,#4899,.T.);
#4899 = EDGE_CURVE('',#4900,#4900,#4902,.T.);
#4900 = VERTEX_POINT('',#4901);
#4901 = CARTESIAN_POINT('',(2.54,1.04036,7.959395));
#4902 = CIRCLE('',#4903,1.04036);
#4903 = AXIS2_PLACEMENT_3D('',#4904,#4905,#4906);
#4904 = CARTESIAN_POINT('',(2.54,0.,7.959395));
#4905 = DIRECTION('',(0.,-0.,1.));
#4906 = DIRECTION('',(0.,1.,0.));
#4907 = ORIENTED_EDGE('',*,*,#4908,.T.);
#4908 = EDGE_CURVE('',#4900,#4670,#4909,.T.);
#4909 = LINE('',#4910,#4911);
#4910 = CARTESIAN_POINT('',(2.54,1.04036,7.959395));
#4911 = VECTOR('',#4912,1.);
#4912 = DIRECTION('',(0.,0.,-1.));
#4913 = ORIENTED_EDGE('',*,*,#4669,.F.);
#4914 = ORIENTED_EDGE('',*,*,#4908,.F.);
#4915 = CYLINDRICAL_SURFACE('',#4916,1.04036);
#4916 = AXIS2_PLACEMENT_3D('',#4917,#4918,#4919);
#4917 = CARTESIAN_POINT('',(2.54,0.,7.959395));
#4918 = DIRECTION('',(-0.,-0.,-1.));
#4919 = DIRECTION('',(0.,1.,0.));
#4920 = ADVANCED_FACE('',(#4921),#4940,.F.);
#4921 = FACE_BOUND('',#4922,.T.);
#4922 = EDGE_LOOP('',(#4923,#4932,#4938,#4939));
#4923 = ORIENTED_EDGE('',*,*,#4924,.T.);
#4924 = EDGE_CURVE('',#4925,#4925,#4927,.T.);
#4925 = VERTEX_POINT('',#4926);
#4926 = CARTESIAN_POINT('',(5.08,1.04036,7.959395));
#4927 = CIRCLE('',#4928,1.04036);
#4928 = AXIS2_PLACEMENT_3D('',#4929,#4930,#4931);
#4929 = CARTESIAN_POINT('',(5.08,0.,7.959395));
#4930 = DIRECTION('',(0.,-0.,1.));
#4931 = DIRECTION('',(0.,1.,0.));
#4932 = ORIENTED_EDGE('',*,*,#4933,.T.);
#4933 = EDGE_CURVE('',#4925,#4690,#4934,.T.);
#4934 = LINE('',#4935,#4936);
#4935 = CARTESIAN_POINT('',(5.08,1.04036,7.959395));
#4936 = VECTOR('',#4937,1.);
#4937 = DIRECTION('',(0.,0.,-1.));
#4938 = ORIENTED_EDGE('',*,*,#4689,.F.);
#4939 = ORIENTED_EDGE('',*,*,#4933,.F.);
#4940 = CYLINDRICAL_SURFACE('',#4941,1.04036);
#4941 = AXIS2_PLACEMENT_3D('',#4942,#4943,#4944);
#4942 = CARTESIAN_POINT('',(5.08,0.,7.959395));
#4943 = DIRECTION('',(-0.,-0.,-1.));
#4944 = DIRECTION('',(0.,1.,0.));
#4945 = ADVANCED_FACE('',(#4946),#4965,.F.);
#4946 = FACE_BOUND('',#4947,.T.);
#4947 = EDGE_LOOP('',(#4948,#4957,#4963,#4964));
#4948 = ORIENTED_EDGE('',*,*,#4949,.T.);
#4949 = EDGE_CURVE('',#4950,#4950,#4952,.T.);
#4950 = VERTEX_POINT('',#4951);
#4951 = CARTESIAN_POINT('',(7.62,1.04036,7.959395));
#4952 = CIRCLE('',#4953,1.04036);
#4953 = AXIS2_PLACEMENT_3D('',#4954,#4955,#4956);
#4954 = CARTESIAN_POINT('',(7.62,0.,7.959395));
#4955 = DIRECTION('',(0.,-0.,1.));
#4956 = DIRECTION('',(0.,1.,0.));
#4957 = ORIENTED_EDGE('',*,*,#4958,.T.);
#4958 = EDGE_CURVE('',#4950,#4710,#4959,.T.);
#4959 = LINE('',#4960,#4961);
#4960 = CARTESIAN_POINT('',(7.62,1.04036,7.959395));
#4961 = VECTOR('',#4962,1.);
#4962 = DIRECTION('',(0.,0.,-1.));
#4963 = ORIENTED_EDGE('',*,*,#4709,.F.);
#4964 = ORIENTED_EDGE('',*,*,#4958,.F.);
#4965 = CYLINDRICAL_SURFACE('',#4966,1.04036);
#4966 = AXIS2_PLACEMENT_3D('',#4967,#4968,#4969);
#4967 = CARTESIAN_POINT('',(7.62,0.,7.959395));
#4968 = DIRECTION('',(-0.,-0.,-1.));
#4969 = DIRECTION('',(0.,1.,0.));
#4970 = ADVANCED_FACE('',(#4971),#4990,.F.);
#4971 = FACE_BOUND('',#4972,.T.);
#4972 = EDGE_LOOP('',(#4973,#4982,#4988,#4989));
#4973 = ORIENTED_EDGE('',*,*,#4974,.T.);
#4974 = EDGE_CURVE('',#4975,#4975,#4977,.T.);
#4975 = VERTEX_POINT('',#4976);
#4976 = CARTESIAN_POINT('',(10.16,1.04036,7.959395));
#4977 = CIRCLE('',#4978,1.04036);
#4978 = AXIS2_PLACEMENT_3D('',#4979,#4980,#4981);
#4979 = CARTESIAN_POINT('',(10.16,0.,7.959395));
#4980 = DIRECTION('',(0.,-0.,1.));
#4981 = DIRECTION('',(0.,1.,0.));
#4982 = ORIENTED_EDGE('',*,*,#4983,.T.);
#4983 = EDGE_CURVE('',#4975,#4730,#4984,.T.);
#4984 = LINE('',#4985,#4986);
#4985 = CARTESIAN_POINT('',(10.16,1.04036,7.959395));
#4986 = VECTOR('',#4987,1.);
#4987 = DIRECTION('',(0.,0.,-1.));
#4988 = ORIENTED_EDGE('',*,*,#4729,.F.);
#4989 = ORIENTED_EDGE('',*,*,#4983,.F.);
#4990 = CYLINDRICAL_SURFACE('',#4991,1.04036);
#4991 = AXIS2_PLACEMENT_3D('',#4992,#4993,#4994);
#4992 = CARTESIAN_POINT('',(10.16,0.,7.959395));
#4993 = DIRECTION('',(-0.,-0.,-1.));
#4994 = DIRECTION('',(0.,1.,0.));
#4995 = ADVANCED_FACE('',(#4996),#5007,.F.);
#4996 = FACE_BOUND('',#4997,.T.);
#4997 = EDGE_LOOP('',(#4998,#4999,#5005,#5006));
#4998 = ORIENTED_EDGE('',*,*,#4758,.T.);
#4999 = ORIENTED_EDGE('',*,*,#5000,.T.);
#5000 = EDGE_CURVE('',#4751,#4875,#5001,.T.);
#5001 = LINE('',#5002,#5003);
#5002 = CARTESIAN_POINT('',(0.,0.952473,8.047285));
#5003 = VECTOR('',#5004,1.);
#5004 = DIRECTION('',(0.,0.707094712836,-0.707118849331));
#5005 = ORIENTED_EDGE('',*,*,#4874,.F.);
#5006 = ORIENTED_EDGE('',*,*,#5000,.F.);
#5007 = CONICAL_SURFACE('',#5008,0.952473,0.785381096318);
#5008 = AXIS2_PLACEMENT_3D('',#5009,#5010,#5011);
#5009 = CARTESIAN_POINT('',(0.,0.,8.047285));
#5010 = DIRECTION('',(-0.,-0.,-1.));
#5011 = DIRECTION('',(0.,1.,0.));
#5012 = ADVANCED_FACE('',(#5013),#5024,.F.);
#5013 = FACE_BOUND('',#5014,.T.);
#5014 = EDGE_LOOP('',(#5015,#5016,#5022,#5023));
#5015 = ORIENTED_EDGE('',*,*,#4783,.T.);
#5016 = ORIENTED_EDGE('',*,*,#5017,.T.);
#5017 = EDGE_CURVE('',#4776,#4900,#5018,.T.);
#5018 = LINE('',#5019,#5020);
#5019 = CARTESIAN_POINT('',(2.54,0.952473,8.047285));
#5020 = VECTOR('',#5021,1.);
#5021 = DIRECTION('',(0.,0.707094712836,-0.707118849331));
#5022 = ORIENTED_EDGE('',*,*,#4899,.F.);
#5023 = ORIENTED_EDGE('',*,*,#5017,.F.);
#5024 = CONICAL_SURFACE('',#5025,0.952473,0.785381096318);
#5025 = AXIS2_PLACEMENT_3D('',#5026,#5027,#5028);
#5026 = CARTESIAN_POINT('',(2.54,0.,8.047285));
#5027 = DIRECTION('',(-0.,-0.,-1.));
#5028 = DIRECTION('',(0.,1.,0.));
#5029 = ADVANCED_FACE('',(#5030),#5041,.F.);
#5030 = FACE_BOUND('',#5031,.T.);
#5031 = EDGE_LOOP('',(#5032,#5033,#5039,#5040));
#5032 = ORIENTED_EDGE('',*,*,#4808,.T.);
#5033 = ORIENTED_EDGE('',*,*,#5034,.T.);
#5034 = EDGE_CURVE('',#4801,#4925,#5035,.T.);
#5035 = LINE('',#5036,#5037);
#5036 = CARTESIAN_POINT('',(5.08,0.952473,8.047285));
#5037 = VECTOR('',#5038,1.);
#5038 = DIRECTION('',(0.,0.707094712836,-0.707118849331));
#5039 = ORIENTED_EDGE('',*,*,#4924,.F.);
#5040 = ORIENTED_EDGE('',*,*,#5034,.F.);
#5041 = CONICAL_SURFACE('',#5042,0.952473,0.785381096318);
#5042 = AXIS2_PLACEMENT_3D('',#5043,#5044,#5045);
#5043 = CARTESIAN_POINT('',(5.08,0.,8.047285));
#5044 = DIRECTION('',(-0.,-0.,-1.));
#5045 = DIRECTION('',(0.,1.,0.));
#5046 = ADVANCED_FACE('',(#5047),#5058,.F.);
#5047 = FACE_BOUND('',#5048,.T.);
#5048 = EDGE_LOOP('',(#5049,#5050,#5056,#5057));
#5049 = ORIENTED_EDGE('',*,*,#4833,.T.);
#5050 = ORIENTED_EDGE('',*,*,#5051,.T.);
#5051 = EDGE_CURVE('',#4826,#4950,#5052,.T.);
#5052 = LINE('',#5053,#5054);
#5053 = CARTESIAN_POINT('',(7.62,0.952473,8.047285));
#5054 = VECTOR('',#5055,1.);
#5055 = DIRECTION('',(0.,0.707094712836,-0.707118849331));
#5056 = ORIENTED_EDGE('',*,*,#4949,.F.);
#5057 = ORIENTED_EDGE('',*,*,#5051,.F.);
#5058 = CONICAL_SURFACE('',#5059,0.952473,0.785381096318);
#5059 = AXIS2_PLACEMENT_3D('',#5060,#5061,#5062);
#5060 = CARTESIAN_POINT('',(7.62,0.,8.047285));
#5061 = DIRECTION('',(-0.,-0.,-1.));
#5062 = DIRECTION('',(0.,1.,0.));
#5063 = ADVANCED_FACE('',(#5064),#5075,.F.);
#5064 = FACE_BOUND('',#5065,.T.);
#5065 = EDGE_LOOP('',(#5066,#5067,#5073,#5074));
#5066 = ORIENTED_EDGE('',*,*,#4858,.T.);
#5067 = ORIENTED_EDGE('',*,*,#5068,.T.);
#5068 = EDGE_CURVE('',#4851,#4975,#5069,.T.);
#5069 = LINE('',#5070,#5071);
#5070 = CARTESIAN_POINT('',(10.16,0.952473,8.047285));
#5071 = VECTOR('',#5072,1.);
#5072 = DIRECTION('',(0.,0.707094712836,-0.707118849331));
#5073 = ORIENTED_EDGE('',*,*,#4974,.F.);
#5074 = ORIENTED_EDGE('',*,*,#5068,.F.);
#5075 = CONICAL_SURFACE('',#5076,0.952473,0.785381096318);
#5076 = AXIS2_PLACEMENT_3D('',#5077,#5078,#5079);
#5077 = CARTESIAN_POINT('',(10.16,0.,8.047285));
#5078 = DIRECTION('',(-0.,-0.,-1.));
#5079 = DIRECTION('',(0.,1.,0.));
#5080 = ADVANCED_FACE('',(#5081),#5087,.T.);
#5081 = FACE_BOUND('',#5082,.T.);
#5082 = EDGE_LOOP('',(#5083,#5084,#5085,#5086));
#5083 = ORIENTED_EDGE('',*,*,#405,.T.);
#5084 = ORIENTED_EDGE('',*,*,#1147,.T.);
#5085 = ORIENTED_EDGE('',*,*,#274,.F.);
#5086 = ORIENTED_EDGE('',*,*,#1132,.F.);
#5087 = PLANE('',#5088);
#5088 = AXIS2_PLACEMENT_3D('',#5089,#5090,#5091);
#5089 = CARTESIAN_POINT('',(2.54,-2.951920392766,0.967939838088));
#5090 = DIRECTION('',(-1.494504192918E-16,-0.780868809443,0.624695047554
    ));
#5091 = DIRECTION('',(-1.232595164408E-32,-0.624695047554,
    -0.780868809443));
#5092 = ADVANCED_FACE('',(#5093),#5099,.T.);
#5093 = FACE_BOUND('',#5094,.T.);
#5094 = EDGE_LOOP('',(#5095,#5096,#5097,#5098));
#5095 = ORIENTED_EDGE('',*,*,#439,.T.);
#5096 = ORIENTED_EDGE('',*,*,#1198,.T.);
#5097 = ORIENTED_EDGE('',*,*,#203,.F.);
#5098 = ORIENTED_EDGE('',*,*,#1183,.F.);
#5099 = PLANE('',#5100);
#5100 = AXIS2_PLACEMENT_3D('',#5101,#5102,#5103);
#5101 = CARTESIAN_POINT('',(5.08,-2.951920392766,0.967939838088));
#5102 = DIRECTION('',(-1.505466326362E-16,-0.780868809443,0.624695047554
    ));
#5103 = DIRECTION('',(1.232595164408E-32,-0.624695047554,-0.780868809443
    ));
#5104 = ADVANCED_FACE('',(#5105),#5111,.T.);
#5105 = FACE_BOUND('',#5106,.T.);
#5106 = EDGE_LOOP('',(#5107,#5108,#5109,#5110));
#5107 = ORIENTED_EDGE('',*,*,#473,.T.);
#5108 = ORIENTED_EDGE('',*,*,#1249,.T.);
#5109 = ORIENTED_EDGE('',*,*,#132,.F.);
#5110 = ORIENTED_EDGE('',*,*,#1234,.F.);
#5111 = PLANE('',#5112);
#5112 = AXIS2_PLACEMENT_3D('',#5113,#5114,#5115);
#5113 = CARTESIAN_POINT('',(7.62,-2.951920392766,0.967939838088));
#5114 = DIRECTION('',(-1.77586561799E-16,-0.780868809443,0.624695047554)
  );
#5115 = DIRECTION('',(0.,-0.624695047554,-0.780868809443));
#5116 = ADVANCED_FACE('',(#5117),#5123,.T.);
#5117 = FACE_BOUND('',#5118,.T.);
#5118 = EDGE_LOOP('',(#5119,#5120,#5121,#5122));
#5119 = ORIENTED_EDGE('',*,*,#507,.T.);
#5120 = ORIENTED_EDGE('',*,*,#1300,.T.);
#5121 = ORIENTED_EDGE('',*,*,#61,.F.);
#5122 = ORIENTED_EDGE('',*,*,#1285,.F.);
#5123 = PLANE('',#5124);
#5124 = AXIS2_PLACEMENT_3D('',#5125,#5126,#5127);
#5125 = CARTESIAN_POINT('',(10.16,-2.951920392766,0.967939838088));
#5126 = DIRECTION('',(-1.490850148436E-16,-0.780868809443,0.624695047554
    ));
#5127 = DIRECTION('',(0.,-0.624695047554,-0.780868809443));
#5128 = ADVANCED_FACE('',(#5129),#5135,.T.);
#5129 = FACE_BOUND('',#5130,.T.);
#5130 = EDGE_LOOP('',(#5131,#5132,#5133,#5134));
#5131 = ORIENTED_EDGE('',*,*,#421,.T.);
#5132 = ORIENTED_EDGE('',*,*,#1125,.T.);
#5133 = ORIENTED_EDGE('',*,*,#3329,.F.);
#5134 = ORIENTED_EDGE('',*,*,#1154,.F.);
#5135 = PLANE('',#5136);
#5136 = AXIS2_PLACEMENT_3D('',#5137,#5138,#5139);
#5137 = CARTESIAN_POINT('',(2.54,-2.947040494718,3.915161194803));
#5138 = DIRECTION('',(-0.,-0.868243142124,-0.496138938357));
#5139 = DIRECTION('',(0.,0.496138938357,-0.868243142124));
#5140 = ADVANCED_FACE('',(#5141),#5147,.T.);
#5141 = FACE_BOUND('',#5142,.T.);
#5142 = EDGE_LOOP('',(#5143,#5144,#5145,#5146));
#5143 = ORIENTED_EDGE('',*,*,#455,.T.);
#5144 = ORIENTED_EDGE('',*,*,#1176,.T.);
#5145 = ORIENTED_EDGE('',*,*,#3375,.F.);
#5146 = ORIENTED_EDGE('',*,*,#1205,.F.);
#5147 = PLANE('',#5148);
#5148 = AXIS2_PLACEMENT_3D('',#5149,#5150,#5151);
#5149 = CARTESIAN_POINT('',(5.08,-2.947040494718,3.915161194803));
#5150 = DIRECTION('',(-0.,-0.868243142124,-0.496138938357));
#5151 = DIRECTION('',(0.,0.496138938357,-0.868243142124));
#5152 = ADVANCED_FACE('',(#5153),#5159,.T.);
#5153 = FACE_BOUND('',#5154,.T.);
#5154 = EDGE_LOOP('',(#5155,#5156,#5157,#5158));
#5155 = ORIENTED_EDGE('',*,*,#489,.T.);
#5156 = ORIENTED_EDGE('',*,*,#1227,.T.);
#5157 = ORIENTED_EDGE('',*,*,#3421,.F.);
#5158 = ORIENTED_EDGE('',*,*,#1256,.F.);
#5159 = PLANE('',#5160);
#5160 = AXIS2_PLACEMENT_3D('',#5161,#5162,#5163);
#5161 = CARTESIAN_POINT('',(7.62,-2.947040494718,3.915161194803));
#5162 = DIRECTION('',(-0.,-0.868243142124,-0.496138938357));
#5163 = DIRECTION('',(0.,0.496138938357,-0.868243142124));
#5164 = ADVANCED_FACE('',(#5165),#5171,.T.);
#5165 = FACE_BOUND('',#5166,.T.);
#5166 = EDGE_LOOP('',(#5167,#5168,#5169,#5170));
#5167 = ORIENTED_EDGE('',*,*,#523,.T.);
#5168 = ORIENTED_EDGE('',*,*,#1278,.T.);
#5169 = ORIENTED_EDGE('',*,*,#3467,.F.);
#5170 = ORIENTED_EDGE('',*,*,#1307,.F.);
#5171 = PLANE('',#5172);
#5172 = AXIS2_PLACEMENT_3D('',#5173,#5174,#5175);
#5173 = CARTESIAN_POINT('',(10.16,-2.947040494718,3.915161194803));
#5174 = DIRECTION('',(-0.,-0.868243142124,-0.496138938357));
#5175 = DIRECTION('',(0.,0.496138938357,-0.868243142124));
#5176 = ( GEOMETRIC_REPRESENTATION_CONTEXT(3) 
GLOBAL_UNCERTAINTY_ASSIGNED_CONTEXT((#5180)) 
GLOBAL_UNIT_ASSIGNED_CONTEXT((#5177,#5178,#5179)) REPRESENTATION_CONTEXT
('Context #1','3D Context with UNIT and UNCERTAINTY') );
#5177 = ( LENGTH_UNIT() NAMED_UNIT(*) SI_UNIT(.MILLI.,.METRE.) );
#5178 = ( NAMED_UNIT(*) PLANE_ANGLE_UNIT() SI_UNIT($,.RADIAN.) );
#5179 = ( NAMED_UNIT(*) SI_UNIT($,.STERADIAN.) SOLID_ANGLE_UNIT() );
#5180 = UNCERTAINTY_MEASURE_WITH_UNIT(LENGTH_MEASURE(1.E-06),#5177,
  'distance_accuracy_value','confusion accuracy');
#5181 = CONTEXT_DEPENDENT_SHAPE_REPRESENTATION(#5182,#5184);
#5182 = ( REPRESENTATION_RELATIONSHIP('','',#36,#10) 
REPRESENTATION_RELATIONSHIP_WITH_TRANSFORMATION(#5183) 
SHAPE_REPRESENTATION_RELATIONSHIP() );
#5183 = ITEM_DEFINED_TRANSFORMATION('','',#11,#15);
#5184 = PRODUCT_DEFINITION_SHAPE('Placement','Placement of an item',
  #5185);
#5185 = NEXT_ASSEMBLY_USAGE_OCCURRENCE('36','Connector_body','',#5,#31,$
  );
#5186 = PRODUCT_RELATED_PRODUCT_CATEGORY('part',$,(#33));
#5187 = SHAPE_DEFINITION_REPRESENTATION(#5188,#5194);
#5188 = PRODUCT_DEFINITION_SHAPE('','',#5189);
#5189 = PRODUCT_DEFINITION('design','',#5190,#5193);
#5190 = PRODUCT_DEFINITION_FORMATION('','',#5191);
#5191 = PRODUCT('Array_of_pins','Array_of_pins','',(#5192));
#5192 = PRODUCT_CONTEXT('',#2,'mechanical');
#5193 = PRODUCT_DEFINITION_CONTEXT('part definition',#2,'design');
#5194 = SHAPE_REPRESENTATION('',(#11,#5195,#5199,#5203,#5207,#5211),
  #5215);
#5195 = AXIS2_PLACEMENT_3D('',#5196,#5197,#5198);
#5196 = CARTESIAN_POINT('',(0.,0.,0.));
#5197 = DIRECTION('',(0.,0.,1.));
#5198 = DIRECTION('',(1.,0.,0.));
#5199 = AXIS2_PLACEMENT_3D('',#5200,#5201,#5202);
#5200 = CARTESIAN_POINT('',(2.54,0.,0.));
#5201 = DIRECTION('',(0.,0.,1.));
#5202 = DIRECTION('',(1.,0.,0.));
#5203 = AXIS2_PLACEMENT_3D('',#5204,#5205,#5206);
#5204 = CARTESIAN_POINT('',(5.08,0.,0.));
#5205 = DIRECTION('',(0.,0.,1.));
#5206 = DIRECTION('',(1.,0.,0.));
#5207 = AXIS2_PLACEMENT_3D('',#5208,#5209,#5210);
#5208 = CARTESIAN_POINT('',(7.62,0.,0.));
#5209 = DIRECTION('',(0.,0.,1.));
#5210 = DIRECTION('',(1.,0.,0.));
#5211 = AXIS2_PLACEMENT_3D('',#5212,#5213,#5214);
#5212 = CARTESIAN_POINT('',(10.16,0.,0.));
#5213 = DIRECTION('',(0.,0.,1.));
#5214 = DIRECTION('',(1.,0.,0.));
#5215 = ( GEOMETRIC_REPRESENTATION_CONTEXT(3) 
GLOBAL_UNCERTAINTY_ASSIGNED_CONTEXT((#5219)) 
GLOBAL_UNIT_ASSIGNED_CONTEXT((#5216,#5217,#5218)) REPRESENTATION_CONTEXT
('Context #1','3D Context with UNIT and UNCERTAINTY') );
#5216 = ( LENGTH_UNIT() NAMED_UNIT(*) SI_UNIT(.MILLI.,.METRE.) );
#5217 = ( NAMED_UNIT(*) PLANE_ANGLE_UNIT() SI_UNIT($,.RADIAN.) );
#5218 = ( NAMED_UNIT(*) SI_UNIT($,.STERADIAN.) SOLID_ANGLE_UNIT() );
#5219 = UNCERTAINTY_MEASURE_WITH_UNIT(LENGTH_MEASURE(1.E-06),#5216,
  'distance_accuracy_value','confusion accuracy');
#5220 = CONTEXT_DEPENDENT_SHAPE_REPRESENTATION(#5221,#5223);
#5221 = ( REPRESENTATION_RELATIONSHIP('','',#5194,#10) 
REPRESENTATION_RELATIONSHIP_WITH_TRANSFORMATION(#5222) 
SHAPE_REPRESENTATION_RELATIONSHIP() );
#5222 = ITEM_DEFINED_TRANSFORMATION('','',#11,#19);
#5223 = PRODUCT_DEFINITION_SHAPE('Placement','Placement of an item',
  #5224);
#5224 = NEXT_ASSEMBLY_USAGE_OCCURRENCE('42','Array_of_pins','',#5,#5189,
  $);
#5225 = PRODUCT_RELATED_PRODUCT_CATEGORY('part',$,(#5191));
#5226 = SHAPE_DEFINITION_REPRESENTATION(#5227,#5233);
#5227 = PRODUCT_DEFINITION_SHAPE('','',#5228);
#5228 = PRODUCT_DEFINITION('design','',#5229,#5232);
#5229 = PRODUCT_DEFINITION_FORMATION('','',#5230);
#5230 = PRODUCT('Compound','Compound','',(#5231));
#5231 = PRODUCT_CONTEXT('',#2,'mechanical');
#5232 = PRODUCT_DEFINITION_CONTEXT('part definition',#2,'design');
#5233 = SHAPE_REPRESENTATION('',(#11,#5234,#6097,#6383),#6617);
#5234 = MANIFOLD_SOLID_BREP('',#5235);
#5235 = CLOSED_SHELL('',(#5236,#5276,#5307,#5340,#5433,#5526,#5543,#5560
    ,#5577,#5628,#5645,#5662,#5705,#5747,#5764,#5776,#5801,#5824,#5848,
    #5864,#5876,#5893,#5924,#5948,#5972,#5989,#6020,#6044,#6068,#6085));
#5236 = ADVANCED_FACE('',(#5237),#5271,.F.);
#5237 = FACE_BOUND('',#5238,.F.);
#5238 = EDGE_LOOP('',(#5239,#5249,#5257,#5265));
#5239 = ORIENTED_EDGE('',*,*,#5240,.T.);
#5240 = EDGE_CURVE('',#5241,#5243,#5245,.T.);
#5241 = VERTEX_POINT('',#5242);
#5242 = CARTESIAN_POINT('',(-0.65,-1.88372,3.205269811708));
#5243 = VERTEX_POINT('',#5244);
#5244 = CARTESIAN_POINT('',(0.65,-1.88372,3.205269811708));
#5245 = LINE('',#5246,#5247);
#5246 = CARTESIAN_POINT('',(-0.65,-1.88372,3.205269811708));
#5247 = VECTOR('',#5248,1.);
#5248 = DIRECTION('',(1.,0.,0.));
#5249 = ORIENTED_EDGE('',*,*,#5250,.T.);
#5250 = EDGE_CURVE('',#5243,#5251,#5253,.T.);
#5251 = VERTEX_POINT('',#5252);
#5252 = CARTESIAN_POINT('',(0.65,1.74921,3.205269811708));
#5253 = LINE('',#5254,#5255);
#5254 = CARTESIAN_POINT('',(0.65,-1.88372,3.205269811708));
#5255 = VECTOR('',#5256,1.);
#5256 = DIRECTION('',(0.,1.,0.));
#5257 = ORIENTED_EDGE('',*,*,#5258,.F.);
#5258 = EDGE_CURVE('',#5259,#5251,#5261,.T.);
#5259 = VERTEX_POINT('',#5260);
#5260 = CARTESIAN_POINT('',(-0.65,1.74921,3.205269811708));
#5261 = LINE('',#5262,#5263);
#5262 = CARTESIAN_POINT('',(-0.65,1.74921,3.205269811708));
#5263 = VECTOR('',#5264,1.);
#5264 = DIRECTION('',(1.,0.,0.));
#5265 = ORIENTED_EDGE('',*,*,#5266,.F.);
#5266 = EDGE_CURVE('',#5241,#5259,#5267,.T.);
#5267 = LINE('',#5268,#5269);
#5268 = CARTESIAN_POINT('',(-0.65,-1.88372,3.205269811708));
#5269 = VECTOR('',#5270,1.);
#5270 = DIRECTION('',(0.,1.,0.));
#5271 = PLANE('',#5272);
#5272 = AXIS2_PLACEMENT_3D('',#5273,#5274,#5275);
#5273 = CARTESIAN_POINT('',(-0.65,-1.88372,3.205269811708));
#5274 = DIRECTION('',(0.,0.,1.));
#5275 = DIRECTION('',(0.,1.,0.));
#5276 = ADVANCED_FACE('',(#5277),#5302,.T.);
#5277 = FACE_BOUND('',#5278,.T.);
#5278 = EDGE_LOOP('',(#5279,#5280,#5288,#5296));
#5279 = ORIENTED_EDGE('',*,*,#5240,.T.);
#5280 = ORIENTED_EDGE('',*,*,#5281,.T.);
#5281 = EDGE_CURVE('',#5243,#5282,#5284,.T.);
#5282 = VERTEX_POINT('',#5283);
#5283 = CARTESIAN_POINT('',(0.65,-1.88372,3.705353));
#5284 = LINE('',#5285,#5286);
#5285 = CARTESIAN_POINT('',(0.65,-1.88372,3.205269811708));
#5286 = VECTOR('',#5287,1.);
#5287 = DIRECTION('',(0.,0.,1.));
#5288 = ORIENTED_EDGE('',*,*,#5289,.F.);
#5289 = EDGE_CURVE('',#5290,#5282,#5292,.T.);
#5290 = VERTEX_POINT('',#5291);
#5291 = CARTESIAN_POINT('',(-0.65,-1.88372,3.705353));
#5292 = LINE('',#5293,#5294);
#5293 = CARTESIAN_POINT('',(-0.65,-1.88372,3.705353));
#5294 = VECTOR('',#5295,1.);
#5295 = DIRECTION('',(1.,0.,0.));
#5296 = ORIENTED_EDGE('',*,*,#5297,.F.);
#5297 = EDGE_CURVE('',#5241,#5290,#5298,.T.);
#5298 = LINE('',#5299,#5300);
#5299 = CARTESIAN_POINT('',(-0.65,-1.88372,3.205269811708));
#5300 = VECTOR('',#5301,1.);
#5301 = DIRECTION('',(0.,0.,1.));
#5302 = PLANE('',#5303);
#5303 = AXIS2_PLACEMENT_3D('',#5304,#5305,#5306);
#5304 = CARTESIAN_POINT('',(-0.65,-1.88372,3.205269811708));
#5305 = DIRECTION('',(0.,-1.,0.));
#5306 = DIRECTION('',(0.,0.,1.));
#5307 = ADVANCED_FACE('',(#5308),#5335,.F.);
#5308 = FACE_BOUND('',#5309,.T.);
#5309 = EDGE_LOOP('',(#5310,#5320,#5327,#5328));
#5310 = ORIENTED_EDGE('',*,*,#5311,.T.);
#5311 = EDGE_CURVE('',#5312,#5314,#5316,.T.);
#5312 = VERTEX_POINT('',#5313);
#5313 = CARTESIAN_POINT('',(-0.65,1.99921,2.955269811708));
#5314 = VERTEX_POINT('',#5315);
#5315 = CARTESIAN_POINT('',(0.65,1.99921,2.955269811708));
#5316 = LINE('',#5317,#5318);
#5317 = CARTESIAN_POINT('',(-0.65,1.99921,2.955269811708));
#5318 = VECTOR('',#5319,1.);
#5319 = DIRECTION('',(1.,0.,0.));
#5320 = ORIENTED_EDGE('',*,*,#5321,.T.);
#5321 = EDGE_CURVE('',#5314,#5251,#5322,.T.);
#5322 = CIRCLE('',#5323,0.25);
#5323 = AXIS2_PLACEMENT_3D('',#5324,#5325,#5326);
#5324 = CARTESIAN_POINT('',(0.65,1.74921,2.955269811708));
#5325 = DIRECTION('',(1.,0.,0.));
#5326 = DIRECTION('',(0.,1.,0.));
#5327 = ORIENTED_EDGE('',*,*,#5258,.F.);
#5328 = ORIENTED_EDGE('',*,*,#5329,.F.);
#5329 = EDGE_CURVE('',#5312,#5259,#5330,.T.);
#5330 = CIRCLE('',#5331,0.25);
#5331 = AXIS2_PLACEMENT_3D('',#5332,#5333,#5334);
#5332 = CARTESIAN_POINT('',(-0.65,1.74921,2.955269811708));
#5333 = DIRECTION('',(1.,0.,0.));
#5334 = DIRECTION('',(0.,1.,0.));
#5335 = CYLINDRICAL_SURFACE('',#5336,0.25);
#5336 = AXIS2_PLACEMENT_3D('',#5337,#5338,#5339);
#5337 = CARTESIAN_POINT('',(-0.65,1.74921,2.955269811708));
#5338 = DIRECTION('',(-1.,-0.,-0.));
#5339 = DIRECTION('',(0.,1.,0.));
#5340 = ADVANCED_FACE('',(#5341),#5428,.F.);
#5341 = FACE_BOUND('',#5342,.F.);
#5342 = EDGE_LOOP('',(#5343,#5344,#5345,#5346,#5354,#5363,#5371,#5380,
    #5388,#5396,#5405,#5413,#5422));
#5343 = ORIENTED_EDGE('',*,*,#5297,.F.);
#5344 = ORIENTED_EDGE('',*,*,#5266,.T.);
#5345 = ORIENTED_EDGE('',*,*,#5329,.F.);
#5346 = ORIENTED_EDGE('',*,*,#5347,.T.);
#5347 = EDGE_CURVE('',#5312,#5348,#5350,.T.);
#5348 = VERTEX_POINT('',#5349);
#5349 = CARTESIAN_POINT('',(-0.65,1.99921,1.));
#5350 = LINE('',#5351,#5352);
#5351 = CARTESIAN_POINT('',(-0.65,1.99921,2.955269811708));
#5352 = VECTOR('',#5353,1.);
#5353 = DIRECTION('',(0.,0.,-1.));
#5354 = ORIENTED_EDGE('',*,*,#5355,.F.);
#5355 = EDGE_CURVE('',#5356,#5348,#5358,.T.);
#5356 = VERTEX_POINT('',#5357);
#5357 = CARTESIAN_POINT('',(-0.65,1.74921,0.75));
#5358 = CIRCLE('',#5359,0.25);
#5359 = AXIS2_PLACEMENT_3D('',#5360,#5361,#5362);
#5360 = CARTESIAN_POINT('',(-0.65,1.74921,1.));
#5361 = DIRECTION('',(1.,0.,0.));
#5362 = DIRECTION('',(0.,1.,0.));
#5363 = ORIENTED_EDGE('',*,*,#5364,.T.);
#5364 = EDGE_CURVE('',#5356,#5365,#5367,.T.);
#5365 = VERTEX_POINT('',#5366);
#5366 = CARTESIAN_POINT('',(-0.65,0.5,0.75));
#5367 = LINE('',#5368,#5369);
#5368 = CARTESIAN_POINT('',(-0.65,1.74921,0.75));
#5369 = VECTOR('',#5370,1.);
#5370 = DIRECTION('',(0.,-1.,0.));
#5371 = ORIENTED_EDGE('',*,*,#5372,.T.);
#5372 = EDGE_CURVE('',#5365,#5373,#5375,.T.);
#5373 = VERTEX_POINT('',#5374);
#5374 = CARTESIAN_POINT('',(-0.65,-0.207106781187,0.25));
#5375 = CIRCLE('',#5376,0.75);
#5376 = AXIS2_PLACEMENT_3D('',#5377,#5378,#5379);
#5377 = CARTESIAN_POINT('',(-0.65,0.5,3.061616997868E-17));
#5378 = DIRECTION('',(1.,0.,0.));
#5379 = DIRECTION('',(0.,1.,0.));
#5380 = ORIENTED_EDGE('',*,*,#5381,.T.);
#5381 = EDGE_CURVE('',#5373,#5382,#5384,.T.);
#5382 = VERTEX_POINT('',#5383);
#5383 = CARTESIAN_POINT('',(-0.65,0.5,0.25));
#5384 = LINE('',#5385,#5386);
#5385 = CARTESIAN_POINT('',(-0.65,-2.75,0.25));
#5386 = VECTOR('',#5387,1.);
#5387 = DIRECTION('',(0.,1.,-2.22044604925E-16));
#5388 = ORIENTED_EDGE('',*,*,#5389,.T.);
#5389 = EDGE_CURVE('',#5382,#5390,#5392,.T.);
#5390 = VERTEX_POINT('',#5391);
#5391 = CARTESIAN_POINT('',(-0.65,1.74921,0.25));
#5392 = LINE('',#5393,#5394);
#5393 = CARTESIAN_POINT('',(-0.65,0.5,0.25));
#5394 = VECTOR('',#5395,1.);
#5395 = DIRECTION('',(0.,1.,0.));
#5396 = ORIENTED_EDGE('',*,*,#5397,.T.);
#5397 = EDGE_CURVE('',#5390,#5398,#5400,.T.);
#5398 = VERTEX_POINT('',#5399);
#5399 = CARTESIAN_POINT('',(-0.65,2.49921,1.));
#5400 = CIRCLE('',#5401,0.75);
#5401 = AXIS2_PLACEMENT_3D('',#5402,#5403,#5404);
#5402 = CARTESIAN_POINT('',(-0.65,1.74921,1.));
#5403 = DIRECTION('',(1.,0.,0.));
#5404 = DIRECTION('',(0.,1.,0.));
#5405 = ORIENTED_EDGE('',*,*,#5406,.F.);
#5406 = EDGE_CURVE('',#5407,#5398,#5409,.T.);
#5407 = VERTEX_POINT('',#5408);
#5408 = CARTESIAN_POINT('',(-0.65,2.49921,2.966440727436));
#5409 = LINE('',#5410,#5411);
#5410 = CARTESIAN_POINT('',(-0.65,2.49921,2.966440727436));
#5411 = VECTOR('',#5412,1.);
#5412 = DIRECTION('',(0.,0.,-1.));
#5413 = ORIENTED_EDGE('',*,*,#5414,.T.);
#5414 = EDGE_CURVE('',#5407,#5415,#5417,.T.);
#5415 = VERTEX_POINT('',#5416);
#5416 = CARTESIAN_POINT('',(-0.65,1.74921,3.705353));
#5417 = CIRCLE('',#5418,0.750083188292);
#5418 = AXIS2_PLACEMENT_3D('',#5419,#5420,#5421);
#5419 = CARTESIAN_POINT('',(-0.65,1.74921,2.955269811708));
#5420 = DIRECTION('',(1.,0.,0.));
#5421 = DIRECTION('',(0.,1.,0.));
#5422 = ORIENTED_EDGE('',*,*,#5423,.F.);
#5423 = EDGE_CURVE('',#5290,#5415,#5424,.T.);
#5424 = LINE('',#5425,#5426);
#5425 = CARTESIAN_POINT('',(-0.65,-1.88372,3.705353));
#5426 = VECTOR('',#5427,1.);
#5427 = DIRECTION('',(0.,1.,0.));
#5428 = PLANE('',#5429);
#5429 = AXIS2_PLACEMENT_3D('',#5430,#5431,#5432);
#5430 = CARTESIAN_POINT('',(-0.65,0.645140582949,1.084692539421));
#5431 = DIRECTION('',(1.,0.,0.));
#5432 = DIRECTION('',(0.,0.,1.));
#5433 = ADVANCED_FACE('',(#5434),#5521,.T.);
#5434 = FACE_BOUND('',#5435,.T.);
#5435 = EDGE_LOOP('',(#5436,#5437,#5438,#5439,#5447,#5456,#5464,#5473,
    #5481,#5489,#5498,#5506,#5515));
#5436 = ORIENTED_EDGE('',*,*,#5281,.F.);
#5437 = ORIENTED_EDGE('',*,*,#5250,.T.);
#5438 = ORIENTED_EDGE('',*,*,#5321,.F.);
#5439 = ORIENTED_EDGE('',*,*,#5440,.T.);
#5440 = EDGE_CURVE('',#5314,#5441,#5443,.T.);
#5441 = VERTEX_POINT('',#5442);
#5442 = CARTESIAN_POINT('',(0.65,1.99921,1.));
#5443 = LINE('',#5444,#5445);
#5444 = CARTESIAN_POINT('',(0.65,1.99921,2.955269811708));
#5445 = VECTOR('',#5446,1.);
#5446 = DIRECTION('',(0.,0.,-1.));
#5447 = ORIENTED_EDGE('',*,*,#5448,.F.);
#5448 = EDGE_CURVE('',#5449,#5441,#5451,.T.);
#5449 = VERTEX_POINT('',#5450);
#5450 = CARTESIAN_POINT('',(0.65,1.74921,0.75));
#5451 = CIRCLE('',#5452,0.25);
#5452 = AXIS2_PLACEMENT_3D('',#5453,#5454,#5455);
#5453 = CARTESIAN_POINT('',(0.65,1.74921,1.));
#5454 = DIRECTION('',(1.,0.,0.));
#5455 = DIRECTION('',(0.,1.,0.));
#5456 = ORIENTED_EDGE('',*,*,#5457,.T.);
#5457 = EDGE_CURVE('',#5449,#5458,#5460,.T.);
#5458 = VERTEX_POINT('',#5459);
#5459 = CARTESIAN_POINT('',(0.65,0.5,0.75));
#5460 = LINE('',#5461,#5462);
#5461 = CARTESIAN_POINT('',(0.65,1.74921,0.75));
#5462 = VECTOR('',#5463,1.);
#5463 = DIRECTION('',(0.,-1.,0.));
#5464 = ORIENTED_EDGE('',*,*,#5465,.T.);
#5465 = EDGE_CURVE('',#5458,#5466,#5468,.T.);
#5466 = VERTEX_POINT('',#5467);
#5467 = CARTESIAN_POINT('',(0.65,-0.207106781187,0.25));
#5468 = CIRCLE('',#5469,0.75);
#5469 = AXIS2_PLACEMENT_3D('',#5470,#5471,#5472);
#5470 = CARTESIAN_POINT('',(0.65,0.5,3.061616997868E-17));
#5471 = DIRECTION('',(1.,0.,0.));
#5472 = DIRECTION('',(0.,1.,0.));
#5473 = ORIENTED_EDGE('',*,*,#5474,.T.);
#5474 = EDGE_CURVE('',#5466,#5475,#5477,.T.);
#5475 = VERTEX_POINT('',#5476);
#5476 = CARTESIAN_POINT('',(0.65,0.5,0.25));
#5477 = LINE('',#5478,#5479);
#5478 = CARTESIAN_POINT('',(0.65,-2.75,0.25));
#5479 = VECTOR('',#5480,1.);
#5480 = DIRECTION('',(0.,1.,-2.22044604925E-16));
#5481 = ORIENTED_EDGE('',*,*,#5482,.T.);
#5482 = EDGE_CURVE('',#5475,#5483,#5485,.T.);
#5483 = VERTEX_POINT('',#5484);
#5484 = CARTESIAN_POINT('',(0.65,1.74921,0.25));
#5485 = LINE('',#5486,#5487);
#5486 = CARTESIAN_POINT('',(0.65,0.5,0.25));
#5487 = VECTOR('',#5488,1.);
#5488 = DIRECTION('',(0.,1.,0.));
#5489 = ORIENTED_EDGE('',*,*,#5490,.T.);
#5490 = EDGE_CURVE('',#5483,#5491,#5493,.T.);
#5491 = VERTEX_POINT('',#5492);
#5492 = CARTESIAN_POINT('',(0.65,2.49921,1.));
#5493 = CIRCLE('',#5494,0.75);
#5494 = AXIS2_PLACEMENT_3D('',#5495,#5496,#5497);
#5495 = CARTESIAN_POINT('',(0.65,1.74921,1.));
#5496 = DIRECTION('',(1.,0.,0.));
#5497 = DIRECTION('',(0.,1.,0.));
#5498 = ORIENTED_EDGE('',*,*,#5499,.F.);
#5499 = EDGE_CURVE('',#5500,#5491,#5502,.T.);
#5500 = VERTEX_POINT('',#5501);
#5501 = CARTESIAN_POINT('',(0.65,2.49921,2.966440727436));
#5502 = LINE('',#5503,#5504);
#5503 = CARTESIAN_POINT('',(0.65,2.49921,2.966440727436));
#5504 = VECTOR('',#5505,1.);
#5505 = DIRECTION('',(0.,0.,-1.));
#5506 = ORIENTED_EDGE('',*,*,#5507,.T.);
#5507 = EDGE_CURVE('',#5500,#5508,#5510,.T.);
#5508 = VERTEX_POINT('',#5509);
#5509 = CARTESIAN_POINT('',(0.65,1.74921,3.705353));
#5510 = CIRCLE('',#5511,0.750083188292);
#5511 = AXIS2_PLACEMENT_3D('',#5512,#5513,#5514);
#5512 = CARTESIAN_POINT('',(0.65,1.74921,2.955269811708));
#5513 = DIRECTION('',(1.,0.,0.));
#5514 = DIRECTION('',(0.,1.,0.));
#5515 = ORIENTED_EDGE('',*,*,#5516,.F.);
#5516 = EDGE_CURVE('',#5282,#5508,#5517,.T.);
#5517 = LINE('',#5518,#5519);
#5518 = CARTESIAN_POINT('',(0.65,-1.88372,3.705353));
#5519 = VECTOR('',#5520,1.);
#5520 = DIRECTION('',(0.,1.,0.));
#5521 = PLANE('',#5522);
#5522 = AXIS2_PLACEMENT_3D('',#5523,#5524,#5525);
#5523 = CARTESIAN_POINT('',(0.65,0.645140582949,1.084692539421));
#5524 = DIRECTION('',(1.,0.,0.));
#5525 = DIRECTION('',(0.,0.,1.));
#5526 = ADVANCED_FACE('',(#5527),#5538,.T.);
#5527 = FACE_BOUND('',#5528,.T.);
#5528 = EDGE_LOOP('',(#5529,#5530,#5531,#5537));
#5529 = ORIENTED_EDGE('',*,*,#5289,.T.);
#5530 = ORIENTED_EDGE('',*,*,#5516,.T.);
#5531 = ORIENTED_EDGE('',*,*,#5532,.F.);
#5532 = EDGE_CURVE('',#5415,#5508,#5533,.T.);
#5533 = LINE('',#5534,#5535);
#5534 = CARTESIAN_POINT('',(-0.65,1.74921,3.705353));
#5535 = VECTOR('',#5536,1.);
#5536 = DIRECTION('',(1.,0.,0.));
#5537 = ORIENTED_EDGE('',*,*,#5423,.F.);
#5538 = PLANE('',#5539);
#5539 = AXIS2_PLACEMENT_3D('',#5540,#5541,#5542);
#5540 = CARTESIAN_POINT('',(-0.65,-1.88372,3.705353));
#5541 = DIRECTION('',(0.,0.,1.));
#5542 = DIRECTION('',(0.,1.,0.));
#5543 = ADVANCED_FACE('',(#5544),#5555,.F.);
#5544 = FACE_BOUND('',#5545,.F.);
#5545 = EDGE_LOOP('',(#5546,#5547,#5548,#5554));
#5546 = ORIENTED_EDGE('',*,*,#5311,.T.);
#5547 = ORIENTED_EDGE('',*,*,#5440,.T.);
#5548 = ORIENTED_EDGE('',*,*,#5549,.F.);
#5549 = EDGE_CURVE('',#5348,#5441,#5550,.T.);
#5550 = LINE('',#5551,#5552);
#5551 = CARTESIAN_POINT('',(-0.65,1.99921,1.));
#5552 = VECTOR('',#5553,1.);
#5553 = DIRECTION('',(1.,0.,0.));
#5554 = ORIENTED_EDGE('',*,*,#5347,.F.);
#5555 = PLANE('',#5556);
#5556 = AXIS2_PLACEMENT_3D('',#5557,#5558,#5559);
#5557 = CARTESIAN_POINT('',(-0.65,1.99921,2.955269811708));
#5558 = DIRECTION('',(0.,1.,0.));
#5559 = DIRECTION('',(0.,0.,-1.));
#5560 = ADVANCED_FACE('',(#5561),#5572,.T.);
#5561 = FACE_BOUND('',#5562,.F.);
#5562 = EDGE_LOOP('',(#5563,#5569,#5570,#5571));
#5563 = ORIENTED_EDGE('',*,*,#5564,.T.);
#5564 = EDGE_CURVE('',#5407,#5500,#5565,.T.);
#5565 = LINE('',#5566,#5567);
#5566 = CARTESIAN_POINT('',(-0.65,2.49921,2.966440727436));
#5567 = VECTOR('',#5568,1.);
#5568 = DIRECTION('',(1.,0.,0.));
#5569 = ORIENTED_EDGE('',*,*,#5507,.T.);
#5570 = ORIENTED_EDGE('',*,*,#5532,.F.);
#5571 = ORIENTED_EDGE('',*,*,#5414,.F.);
#5572 = CYLINDRICAL_SURFACE('',#5573,0.750083188292);
#5573 = AXIS2_PLACEMENT_3D('',#5574,#5575,#5576);
#5574 = CARTESIAN_POINT('',(-0.65,1.74921,2.955269811708));
#5575 = DIRECTION('',(-1.,-0.,-0.));
#5576 = DIRECTION('',(0.,1.,0.));
#5577 = ADVANCED_FACE('',(#5578,#5589),#5623,.T.);
#5578 = FACE_BOUND('',#5579,.T.);
#5579 = EDGE_LOOP('',(#5580,#5581,#5582,#5588));
#5580 = ORIENTED_EDGE('',*,*,#5564,.T.);
#5581 = ORIENTED_EDGE('',*,*,#5499,.T.);
#5582 = ORIENTED_EDGE('',*,*,#5583,.F.);
#5583 = EDGE_CURVE('',#5398,#5491,#5584,.T.);
#5584 = LINE('',#5585,#5586);
#5585 = CARTESIAN_POINT('',(-0.65,2.49921,1.));
#5586 = VECTOR('',#5587,1.);
#5587 = DIRECTION('',(1.,0.,0.));
#5588 = ORIENTED_EDGE('',*,*,#5406,.F.);
#5589 = FACE_BOUND('',#5590,.T.);
#5590 = EDGE_LOOP('',(#5591,#5601,#5609,#5617));
#5591 = ORIENTED_EDGE('',*,*,#5592,.T.);
#5592 = EDGE_CURVE('',#5593,#5595,#5597,.T.);
#5593 = VERTEX_POINT('',#5594);
#5594 = CARTESIAN_POINT('',(-0.25,2.49921,2.404557231339));
#5595 = VERTEX_POINT('',#5596);
#5596 = CARTESIAN_POINT('',(-0.25,2.49921,1.53034));
#5597 = LINE('',#5598,#5599);
#5598 = CARTESIAN_POINT('',(-0.25,2.49921,2.474525675675));
#5599 = VECTOR('',#5600,1.);
#5600 = DIRECTION('',(0.,0.,-1.));
#5601 = ORIENTED_EDGE('',*,*,#5602,.T.);
#5602 = EDGE_CURVE('',#5595,#5603,#5605,.T.);
#5603 = VERTEX_POINT('',#5604);
#5604 = CARTESIAN_POINT('',(0.25,2.49921,1.53034));
#5605 = LINE('',#5606,#5607);
#5606 = CARTESIAN_POINT('',(-0.45,2.49921,1.53034));
#5607 = VECTOR('',#5608,1.);
#5608 = DIRECTION('',(1.,0.,0.));
#5609 = ORIENTED_EDGE('',*,*,#5610,.F.);
#5610 = EDGE_CURVE('',#5611,#5603,#5613,.T.);
#5611 = VERTEX_POINT('',#5612);
#5612 = CARTESIAN_POINT('',(0.25,2.49921,2.404557231339));
#5613 = LINE('',#5614,#5615);
#5614 = CARTESIAN_POINT('',(0.25,2.49921,2.474525675675));
#5615 = VECTOR('',#5616,1.);
#5616 = DIRECTION('',(0.,0.,-1.));
#5617 = ORIENTED_EDGE('',*,*,#5618,.T.);
#5618 = EDGE_CURVE('',#5611,#5593,#5619,.T.);
#5619 = LINE('',#5620,#5621);
#5620 = CARTESIAN_POINT('',(-0.45,2.49921,2.404557231339));
#5621 = VECTOR('',#5622,1.);
#5622 = DIRECTION('',(-1.,0.,0.));
#5623 = PLANE('',#5624);
#5624 = AXIS2_PLACEMENT_3D('',#5625,#5626,#5627);
#5625 = CARTESIAN_POINT('',(-0.65,2.49921,2.966440727436));
#5626 = DIRECTION('',(0.,1.,0.));
#5627 = DIRECTION('',(0.,0.,-1.));
#5628 = ADVANCED_FACE('',(#5629),#5640,.T.);
#5629 = FACE_BOUND('',#5630,.F.);
#5630 = EDGE_LOOP('',(#5631,#5637,#5638,#5639));
#5631 = ORIENTED_EDGE('',*,*,#5632,.T.);
#5632 = EDGE_CURVE('',#5390,#5483,#5633,.T.);
#5633 = LINE('',#5634,#5635);
#5634 = CARTESIAN_POINT('',(-0.65,1.74921,0.25));
#5635 = VECTOR('',#5636,1.);
#5636 = DIRECTION('',(1.,0.,0.));
#5637 = ORIENTED_EDGE('',*,*,#5490,.T.);
#5638 = ORIENTED_EDGE('',*,*,#5583,.F.);
#5639 = ORIENTED_EDGE('',*,*,#5397,.F.);
#5640 = CYLINDRICAL_SURFACE('',#5641,0.75);
#5641 = AXIS2_PLACEMENT_3D('',#5642,#5643,#5644);
#5642 = CARTESIAN_POINT('',(-0.65,1.74921,1.));
#5643 = DIRECTION('',(-1.,-0.,-0.));
#5644 = DIRECTION('',(0.,1.,0.));
#5645 = ADVANCED_FACE('',(#5646),#5657,.F.);
#5646 = FACE_BOUND('',#5647,.F.);
#5647 = EDGE_LOOP('',(#5648,#5654,#5655,#5656));
#5648 = ORIENTED_EDGE('',*,*,#5649,.T.);
#5649 = EDGE_CURVE('',#5382,#5475,#5650,.T.);
#5650 = LINE('',#5651,#5652);
#5651 = CARTESIAN_POINT('',(-0.65,0.5,0.25));
#5652 = VECTOR('',#5653,1.);
#5653 = DIRECTION('',(1.,0.,0.));
#5654 = ORIENTED_EDGE('',*,*,#5482,.T.);
#5655 = ORIENTED_EDGE('',*,*,#5632,.F.);
#5656 = ORIENTED_EDGE('',*,*,#5389,.F.);
#5657 = PLANE('',#5658);
#5658 = AXIS2_PLACEMENT_3D('',#5659,#5660,#5661);
#5659 = CARTESIAN_POINT('',(-0.65,0.5,0.25));
#5660 = DIRECTION('',(0.,0.,1.));
#5661 = DIRECTION('',(0.,1.,0.));
#5662 = ADVANCED_FACE('',(#5663),#5700,.F.);
#5663 = FACE_BOUND('',#5664,.F.);
#5664 = EDGE_LOOP('',(#5665,#5684,#5692,#5699));
#5665 = ORIENTED_EDGE('',*,*,#5666,.F.);
#5666 = EDGE_CURVE('',#5667,#5373,#5669,.T.);
#5667 = VERTEX_POINT('',#5668);
#5668 = CARTESIAN_POINT('',(-0.4,-0.25,3.827021512968E-17));
#5669 = B_SPLINE_CURVE_WITH_KNOTS('',7,(#5670,#5671,#5672,#5673,#5674,
    #5675,#5676,#5677,#5678,#5679,#5680,#5681,#5682,#5683),
  .UNSPECIFIED.,.F.,.F.,(8,6,8),(0.,0.240274066386,1.),.UNSPECIFIED.);
#5670 = CARTESIAN_POINT('',(-0.4,-0.25,3.061616997868E-17));
#5671 = CARTESIAN_POINT('',(-0.4,-0.25,1.331788247215E-02));
#5672 = CARTESIAN_POINT('',(-0.400827704037,-0.249724126779,
    2.663507985867E-02));
#5673 = CARTESIAN_POINT('',(-0.402482974733,-0.24917231913,
    3.989165371389E-02));
#5674 = CARTESIAN_POINT('',(-0.404960549556,-0.24835157349,
    5.302746930501E-02));
#5675 = CARTESIAN_POINT('',(-0.408249977495,-0.247275607689,
    6.598274561741E-02));
#5676 = CARTESIAN_POINT('',(-0.412335555731,-0.245964524699,
    7.869860535986E-02));
#5677 = CARTESIAN_POINT('',(-0.432565415127,-0.239638214344,
    0.130385496903));
#5678 = CARTESIAN_POINT('',(-0.455816690811,-0.232701072876,
    0.167025987369));
#5679 = CARTESIAN_POINT('',(-0.486415645808,-0.22442564172,
    0.198831985394));
#5680 = CARTESIAN_POINT('',(-0.522938987383,-0.21632837172,
    0.223911118312));
#5681 = CARTESIAN_POINT('',(-0.563563489901,-0.210223673102,
    0.241185327442));
#5682 = CARTESIAN_POINT('',(-0.606539173519,-0.207106781187,0.25));
#5683 = CARTESIAN_POINT('',(-0.65,-0.207106781187,0.25));
#5684 = ORIENTED_EDGE('',*,*,#5685,.T.);
#5685 = EDGE_CURVE('',#5667,#5686,#5688,.T.);
#5686 = VERTEX_POINT('',#5687);
#5687 = CARTESIAN_POINT('',(-0.4,0.25,-4.020306360117E-17));
#5688 = LINE('',#5689,#5690);
#5689 = CARTESIAN_POINT('',(-0.4,-2.75,5.551115123126E-16));
#5690 = VECTOR('',#5691,1.);
#5691 = DIRECTION('',(0.,1.,-2.22044604925E-16));
#5692 = ORIENTED_EDGE('',*,*,#5693,.T.);
#5693 = EDGE_CURVE('',#5686,#5382,#5694,.T.);
#5694 = ELLIPSE('',#5695,0.353553390593,0.25);
#5695 = AXIS2_PLACEMENT_3D('',#5696,#5697,#5698);
#5696 = CARTESIAN_POINT('',(-0.65,0.5,3.061616997868E-17));
#5697 = DIRECTION('',(-0.707106781187,-0.707106781187,1.570092458684E-16
    ));
#5698 = DIRECTION('',(-0.707106781187,0.707106781187,-1.570092458684E-16
    ));
#5699 = ORIENTED_EDGE('',*,*,#5381,.F.);
#5700 = CYLINDRICAL_SURFACE('',#5701,0.25);
#5701 = AXIS2_PLACEMENT_3D('',#5702,#5703,#5704);
#5702 = CARTESIAN_POINT('',(-0.65,-2.75,5.551115123126E-16));
#5703 = DIRECTION('',(0.,-1.,2.22044604925E-16));
#5704 = DIRECTION('',(1.,0.,0.));
#5705 = ADVANCED_FACE('',(#5706),#5742,.T.);
#5706 = FACE_BOUND('',#5707,.F.);
#5707 = EDGE_LOOP('',(#5708,#5709,#5715,#5716,#5735,#5741));
#5708 = ORIENTED_EDGE('',*,*,#5372,.F.);
#5709 = ORIENTED_EDGE('',*,*,#5710,.T.);
#5710 = EDGE_CURVE('',#5365,#5458,#5711,.T.);
#5711 = LINE('',#5712,#5713);
#5712 = CARTESIAN_POINT('',(-0.65,0.5,0.75));
#5713 = VECTOR('',#5714,1.);
#5714 = DIRECTION('',(1.,0.,0.));
#5715 = ORIENTED_EDGE('',*,*,#5465,.T.);
#5716 = ORIENTED_EDGE('',*,*,#5717,.T.);
#5717 = EDGE_CURVE('',#5466,#5718,#5720,.T.);
#5718 = VERTEX_POINT('',#5719);
#5719 = CARTESIAN_POINT('',(0.4,-0.25,5.357830011902E-17));
#5720 = B_SPLINE_CURVE_WITH_KNOTS('',7,(#5721,#5722,#5723,#5724,#5725,
    #5726,#5727,#5728,#5729,#5730,#5731,#5732,#5733,#5734),
  .UNSPECIFIED.,.F.,.F.,(8,6,8),(0.,0.759719010818,1.),.UNSPECIFIED.);
#5721 = CARTESIAN_POINT('',(0.65,-0.207106781187,0.25));
#5722 = CARTESIAN_POINT('',(0.60653990983,-0.207106781187,0.25));
#5723 = CARTESIAN_POINT('',(0.563564683593,-0.210223569351,
    0.241185625538));
#5724 = CARTESIAN_POINT('',(0.52294032499,-0.216328122152,0.223911808182
    ));
#5725 = CARTESIAN_POINT('',(0.486416858491,-0.224425353704,
    0.198832985507));
#5726 = CARTESIAN_POINT('',(0.455817774107,-0.232700781859,
    0.167027180562));
#5727 = CARTESIAN_POINT('',(0.432566427604,-0.239637913494,
    0.130387008535));
#5728 = CARTESIAN_POINT('',(0.412336165778,-0.245964328936,
    7.870050404773E-02));
#5729 = CARTESIAN_POINT('',(0.408250386794,-0.247275473805,
    6.598435761632E-02));
#5730 = CARTESIAN_POINT('',(0.404960796184,-0.248351491786,
    5.302877687436E-02));
#5731 = CARTESIAN_POINT('',(0.402483098318,-0.249172277932,
    3.989264342659E-02));
#5732 = CARTESIAN_POINT('',(0.400827745239,-0.24972411305,
    2.6635742714E-02));
#5733 = CARTESIAN_POINT('',(0.4,-0.25,1.331821394056E-02));
#5734 = CARTESIAN_POINT('',(0.4,-0.25,1.071565949254E-16));
#5735 = ORIENTED_EDGE('',*,*,#5736,.F.);
#5736 = EDGE_CURVE('',#5667,#5718,#5737,.T.);
#5737 = LINE('',#5738,#5739);
#5738 = CARTESIAN_POINT('',(-0.65,-0.25,7.654043025935E-17));
#5739 = VECTOR('',#5740,1.);
#5740 = DIRECTION('',(1.,0.,0.));
#5741 = ORIENTED_EDGE('',*,*,#5666,.T.);
#5742 = CYLINDRICAL_SURFACE('',#5743,0.75);
#5743 = AXIS2_PLACEMENT_3D('',#5744,#5745,#5746);
#5744 = CARTESIAN_POINT('',(-0.65,0.5,3.061616997868E-17));
#5745 = DIRECTION('',(-1.,-0.,-0.));
#5746 = DIRECTION('',(0.,1.,0.));
#5747 = ADVANCED_FACE('',(#5748),#5759,.F.);
#5748 = FACE_BOUND('',#5749,.F.);
#5749 = EDGE_LOOP('',(#5750,#5756,#5757,#5758));
#5750 = ORIENTED_EDGE('',*,*,#5751,.T.);
#5751 = EDGE_CURVE('',#5356,#5449,#5752,.T.);
#5752 = LINE('',#5753,#5754);
#5753 = CARTESIAN_POINT('',(-0.65,1.74921,0.75));
#5754 = VECTOR('',#5755,1.);
#5755 = DIRECTION('',(1.,0.,0.));
#5756 = ORIENTED_EDGE('',*,*,#5457,.T.);
#5757 = ORIENTED_EDGE('',*,*,#5710,.F.);
#5758 = ORIENTED_EDGE('',*,*,#5364,.F.);
#5759 = PLANE('',#5760);
#5760 = AXIS2_PLACEMENT_3D('',#5761,#5762,#5763);
#5761 = CARTESIAN_POINT('',(-0.65,1.74921,0.75));
#5762 = DIRECTION('',(0.,0.,-1.));
#5763 = DIRECTION('',(0.,-1.,0.));
#5764 = ADVANCED_FACE('',(#5765),#5771,.F.);
#5765 = FACE_BOUND('',#5766,.T.);
#5766 = EDGE_LOOP('',(#5767,#5768,#5769,#5770));
#5767 = ORIENTED_EDGE('',*,*,#5751,.T.);
#5768 = ORIENTED_EDGE('',*,*,#5448,.T.);
#5769 = ORIENTED_EDGE('',*,*,#5549,.F.);
#5770 = ORIENTED_EDGE('',*,*,#5355,.F.);
#5771 = CYLINDRICAL_SURFACE('',#5772,0.25);
#5772 = AXIS2_PLACEMENT_3D('',#5773,#5774,#5775);
#5773 = CARTESIAN_POINT('',(-0.65,1.74921,1.));
#5774 = DIRECTION('',(-1.,-0.,-0.));
#5775 = DIRECTION('',(0.,1.,0.));
#5776 = ADVANCED_FACE('',(#5777),#5796,.F.);
#5777 = FACE_BOUND('',#5778,.F.);
#5778 = EDGE_LOOP('',(#5779,#5780,#5789,#5795));
#5779 = ORIENTED_EDGE('',*,*,#5474,.T.);
#5780 = ORIENTED_EDGE('',*,*,#5781,.F.);
#5781 = EDGE_CURVE('',#5782,#5475,#5784,.T.);
#5782 = VERTEX_POINT('',#5783);
#5783 = CARTESIAN_POINT('',(0.4,0.25,-2.489497861182E-17));
#5784 = ELLIPSE('',#5785,0.353553390593,0.25);
#5785 = AXIS2_PLACEMENT_3D('',#5786,#5787,#5788);
#5786 = CARTESIAN_POINT('',(0.65,0.5,3.061616997868E-17));
#5787 = DIRECTION('',(-0.707106781187,0.707106781187,-1.570092458684E-16
    ));
#5788 = DIRECTION('',(-0.707106781187,-0.707106781187,1.570092458684E-16
    ));
#5789 = ORIENTED_EDGE('',*,*,#5790,.F.);
#5790 = EDGE_CURVE('',#5718,#5782,#5791,.T.);
#5791 = LINE('',#5792,#5793);
#5792 = CARTESIAN_POINT('',(0.4,-2.75,5.857276822913E-16));
#5793 = VECTOR('',#5794,1.);
#5794 = DIRECTION('',(0.,1.,-2.22044604925E-16));
#5795 = ORIENTED_EDGE('',*,*,#5717,.F.);
#5796 = CYLINDRICAL_SURFACE('',#5797,0.25);
#5797 = AXIS2_PLACEMENT_3D('',#5798,#5799,#5800);
#5798 = CARTESIAN_POINT('',(0.65,-2.75,5.551115123126E-16));
#5799 = DIRECTION('',(0.,-1.,2.22044604925E-16));
#5800 = DIRECTION('',(1.,0.,0.));
#5801 = ADVANCED_FACE('',(#5802),#5819,.F.);
#5802 = FACE_BOUND('',#5803,.F.);
#5803 = EDGE_LOOP('',(#5804,#5805,#5813));
#5804 = ORIENTED_EDGE('',*,*,#5592,.T.);
#5805 = ORIENTED_EDGE('',*,*,#5806,.T.);
#5806 = EDGE_CURVE('',#5595,#5807,#5809,.T.);
#5807 = VERTEX_POINT('',#5808);
#5808 = CARTESIAN_POINT('',(-0.25,2.800653,1.53034));
#5809 = LINE('',#5810,#5811);
#5810 = CARTESIAN_POINT('',(-0.25,2.43649,1.53034));
#5811 = VECTOR('',#5812,1.);
#5812 = DIRECTION('',(0.,1.,0.));
#5813 = ORIENTED_EDGE('',*,*,#5814,.T.);
#5814 = EDGE_CURVE('',#5807,#5593,#5815,.T.);
#5815 = LINE('',#5816,#5817);
#5816 = CARTESIAN_POINT('',(-0.25,2.800653,1.53034));
#5817 = VECTOR('',#5818,1.);
#5818 = DIRECTION('',(0.,-0.325979841636,0.945376720068));
#5819 = PLANE('',#5820);
#5820 = AXIS2_PLACEMENT_3D('',#5821,#5822,#5823);
#5821 = CARTESIAN_POINT('',(-0.25,2.542786123914,1.982610623914));
#5822 = DIRECTION('',(1.,0.,0.));
#5823 = DIRECTION('',(0.,0.,1.));
#5824 = ADVANCED_FACE('',(#5825),#5843,.F.);
#5825 = FACE_BOUND('',#5826,.F.);
#5826 = EDGE_LOOP('',(#5827,#5828,#5836,#5842));
#5827 = ORIENTED_EDGE('',*,*,#5814,.F.);
#5828 = ORIENTED_EDGE('',*,*,#5829,.T.);
#5829 = EDGE_CURVE('',#5807,#5830,#5832,.T.);
#5830 = VERTEX_POINT('',#5831);
#5831 = CARTESIAN_POINT('',(0.25,2.800653,1.53034));
#5832 = LINE('',#5833,#5834);
#5833 = CARTESIAN_POINT('',(-0.25,2.800653,1.53034));
#5834 = VECTOR('',#5835,1.);
#5835 = DIRECTION('',(1.,0.,0.));
#5836 = ORIENTED_EDGE('',*,*,#5837,.T.);
#5837 = EDGE_CURVE('',#5830,#5611,#5838,.T.);
#5838 = LINE('',#5839,#5840);
#5839 = CARTESIAN_POINT('',(0.25,2.800653,1.53034));
#5840 = VECTOR('',#5841,1.);
#5841 = DIRECTION('',(0.,-0.325979841636,0.945376720068));
#5842 = ORIENTED_EDGE('',*,*,#5618,.T.);
#5843 = PLANE('',#5844);
#5844 = AXIS2_PLACEMENT_3D('',#5845,#5846,#5847);
#5845 = CARTESIAN_POINT('',(-0.25,2.800653,1.53034));
#5846 = DIRECTION('',(0.,-0.945376720068,-0.325979841636));
#5847 = DIRECTION('',(0.,-0.325979841636,0.945376720068));
#5848 = ADVANCED_FACE('',(#5849),#5859,.T.);
#5849 = FACE_BOUND('',#5850,.T.);
#5850 = EDGE_LOOP('',(#5851,#5852,#5858));
#5851 = ORIENTED_EDGE('',*,*,#5610,.T.);
#5852 = ORIENTED_EDGE('',*,*,#5853,.T.);
#5853 = EDGE_CURVE('',#5603,#5830,#5854,.T.);
#5854 = LINE('',#5855,#5856);
#5855 = CARTESIAN_POINT('',(0.25,2.43649,1.53034));
#5856 = VECTOR('',#5857,1.);
#5857 = DIRECTION('',(0.,1.,0.));
#5858 = ORIENTED_EDGE('',*,*,#5837,.T.);
#5859 = PLANE('',#5860);
#5860 = AXIS2_PLACEMENT_3D('',#5861,#5862,#5863);
#5861 = CARTESIAN_POINT('',(0.25,2.542786123914,1.982610623914));
#5862 = DIRECTION('',(1.,0.,0.));
#5863 = DIRECTION('',(0.,0.,1.));
#5864 = ADVANCED_FACE('',(#5865),#5871,.F.);
#5865 = FACE_BOUND('',#5866,.F.);
#5866 = EDGE_LOOP('',(#5867,#5868,#5869,#5870));
#5867 = ORIENTED_EDGE('',*,*,#5806,.F.);
#5868 = ORIENTED_EDGE('',*,*,#5602,.T.);
#5869 = ORIENTED_EDGE('',*,*,#5853,.T.);
#5870 = ORIENTED_EDGE('',*,*,#5829,.F.);
#5871 = PLANE('',#5872);
#5872 = AXIS2_PLACEMENT_3D('',#5873,#5874,#5875);
#5873 = CARTESIAN_POINT('',(-0.25,2.43649,1.53034));
#5874 = DIRECTION('',(0.,0.,1.));
#5875 = DIRECTION('',(0.,1.,0.));
#5876 = ADVANCED_FACE('',(#5877),#5888,.F.);
#5877 = FACE_BOUND('',#5878,.T.);
#5878 = EDGE_LOOP('',(#5879,#5880,#5881,#5882));
#5879 = ORIENTED_EDGE('',*,*,#5693,.T.);
#5880 = ORIENTED_EDGE('',*,*,#5649,.T.);
#5881 = ORIENTED_EDGE('',*,*,#5781,.F.);
#5882 = ORIENTED_EDGE('',*,*,#5883,.F.);
#5883 = EDGE_CURVE('',#5686,#5782,#5884,.T.);
#5884 = LINE('',#5885,#5886);
#5885 = CARTESIAN_POINT('',(-0.65,0.25,3.061617526018E-17));
#5886 = VECTOR('',#5887,1.);
#5887 = DIRECTION('',(1.,0.,0.));
#5888 = CYLINDRICAL_SURFACE('',#5889,0.25);
#5889 = AXIS2_PLACEMENT_3D('',#5890,#5891,#5892);
#5890 = CARTESIAN_POINT('',(-0.65,0.5,3.061616997868E-17));
#5891 = DIRECTION('',(-1.,-0.,-0.));
#5892 = DIRECTION('',(0.,1.,0.));
#5893 = ADVANCED_FACE('',(#5894),#5919,.F.);
#5894 = FACE_BOUND('',#5895,.F.);
#5895 = EDGE_LOOP('',(#5896,#5904,#5912,#5918));
#5896 = ORIENTED_EDGE('',*,*,#5897,.T.);
#5897 = EDGE_CURVE('',#5667,#5898,#5900,.T.);
#5898 = VERTEX_POINT('',#5899);
#5899 = CARTESIAN_POINT('',(-0.4,-0.25,-2.72602));
#5900 = LINE('',#5901,#5902);
#5901 = CARTESIAN_POINT('',(-0.4,-0.25,-1.36301));
#5902 = VECTOR('',#5903,1.);
#5903 = DIRECTION('',(0.,0.,-1.));
#5904 = ORIENTED_EDGE('',*,*,#5905,.T.);
#5905 = EDGE_CURVE('',#5898,#5906,#5908,.T.);
#5906 = VERTEX_POINT('',#5907);
#5907 = CARTESIAN_POINT('',(-0.4,0.25,-2.72602));
#5908 = LINE('',#5909,#5910);
#5909 = CARTESIAN_POINT('',(-0.4,-2.75,-2.72602));
#5910 = VECTOR('',#5911,1.);
#5911 = DIRECTION('',(0.,1.,-2.22044604925E-16));
#5912 = ORIENTED_EDGE('',*,*,#5913,.T.);
#5913 = EDGE_CURVE('',#5906,#5686,#5914,.T.);
#5914 = LINE('',#5915,#5916);
#5915 = CARTESIAN_POINT('',(-0.4,0.25,-3.11301));
#5916 = VECTOR('',#5917,1.);
#5917 = DIRECTION('',(0.,0.,1.));
#5918 = ORIENTED_EDGE('',*,*,#5685,.F.);
#5919 = PLANE('',#5920);
#5920 = AXIS2_PLACEMENT_3D('',#5921,#5922,#5923);
#5921 = CARTESIAN_POINT('',(-0.4,-2.75,-2.72602));
#5922 = DIRECTION('',(1.,0.,0.));
#5923 = DIRECTION('',(0.,2.22044604925E-16,1.));
#5924 = ADVANCED_FACE('',(#5925),#5943,.F.);
#5925 = FACE_BOUND('',#5926,.F.);
#5926 = EDGE_LOOP('',(#5927,#5928,#5929,#5937));
#5927 = ORIENTED_EDGE('',*,*,#5897,.F.);
#5928 = ORIENTED_EDGE('',*,*,#5736,.T.);
#5929 = ORIENTED_EDGE('',*,*,#5930,.F.);
#5930 = EDGE_CURVE('',#5931,#5718,#5933,.T.);
#5931 = VERTEX_POINT('',#5932);
#5932 = CARTESIAN_POINT('',(0.4,-0.25,-2.72602));
#5933 = LINE('',#5934,#5935);
#5934 = CARTESIAN_POINT('',(0.4,-0.25,3.08171926135E-16));
#5935 = VECTOR('',#5936,1.);
#5936 = DIRECTION('',(0.,0.,1.));
#5937 = ORIENTED_EDGE('',*,*,#5938,.T.);
#5938 = EDGE_CURVE('',#5931,#5898,#5939,.T.);
#5939 = LINE('',#5940,#5941);
#5940 = CARTESIAN_POINT('',(0.5,-0.25,-2.72602));
#5941 = VECTOR('',#5942,1.);
#5942 = DIRECTION('',(-1.,-0.,-0.));
#5943 = PLANE('',#5944);
#5944 = AXIS2_PLACEMENT_3D('',#5945,#5946,#5947);
#5945 = CARTESIAN_POINT('',(-0.65,-0.25,3.061616997868E-17));
#5946 = DIRECTION('',(0.,1.,0.));
#5947 = DIRECTION('',(0.,0.,-1.));
#5948 = ADVANCED_FACE('',(#5949),#5967,.F.);
#5949 = FACE_BOUND('',#5950,.F.);
#5950 = EDGE_LOOP('',(#5951,#5952,#5953,#5961));
#5951 = ORIENTED_EDGE('',*,*,#5930,.T.);
#5952 = ORIENTED_EDGE('',*,*,#5790,.T.);
#5953 = ORIENTED_EDGE('',*,*,#5954,.T.);
#5954 = EDGE_CURVE('',#5782,#5955,#5957,.T.);
#5955 = VERTEX_POINT('',#5956);
#5956 = CARTESIAN_POINT('',(0.4,0.25,-2.72602));
#5957 = LINE('',#5958,#5959);
#5958 = CARTESIAN_POINT('',(0.4,0.25,-1.75));
#5959 = VECTOR('',#5960,1.);
#5960 = DIRECTION('',(0.,0.,-1.));
#5961 = ORIENTED_EDGE('',*,*,#5962,.F.);
#5962 = EDGE_CURVE('',#5931,#5955,#5963,.T.);
#5963 = LINE('',#5964,#5965);
#5964 = CARTESIAN_POINT('',(0.4,-2.75,-2.72602));
#5965 = VECTOR('',#5966,1.);
#5966 = DIRECTION('',(0.,1.,-2.22044604925E-16));
#5967 = PLANE('',#5968);
#5968 = AXIS2_PLACEMENT_3D('',#5969,#5970,#5971);
#5969 = CARTESIAN_POINT('',(0.4,-2.75,5.857276822913E-16));
#5970 = DIRECTION('',(-1.,0.,0.));
#5971 = DIRECTION('',(0.,-2.22044604925E-16,-1.));
#5972 = ADVANCED_FACE('',(#5973),#5984,.F.);
#5973 = FACE_BOUND('',#5974,.F.);
#5974 = EDGE_LOOP('',(#5975,#5976,#5982,#5983));
#5975 = ORIENTED_EDGE('',*,*,#5913,.F.);
#5976 = ORIENTED_EDGE('',*,*,#5977,.F.);
#5977 = EDGE_CURVE('',#5955,#5906,#5978,.T.);
#5978 = LINE('',#5979,#5980);
#5979 = CARTESIAN_POINT('',(0.5,0.25,-2.72602));
#5980 = VECTOR('',#5981,1.);
#5981 = DIRECTION('',(-1.,-0.,-0.));
#5982 = ORIENTED_EDGE('',*,*,#5954,.F.);
#5983 = ORIENTED_EDGE('',*,*,#5883,.F.);
#5984 = PLANE('',#5985);
#5985 = AXIS2_PLACEMENT_3D('',#5986,#5987,#5988);
#5986 = CARTESIAN_POINT('',(-0.65,0.25,-3.5));
#5987 = DIRECTION('',(0.,-1.,0.));
#5988 = DIRECTION('',(0.,0.,1.));
#5989 = ADVANCED_FACE('',(#5990),#6015,.T.);
#5990 = FACE_BOUND('',#5991,.T.);
#5991 = EDGE_LOOP('',(#5992,#6000,#6001,#6009));
#5992 = ORIENTED_EDGE('',*,*,#5993,.T.);
#5993 = EDGE_CURVE('',#5994,#5898,#5996,.T.);
#5994 = VERTEX_POINT('',#5995);
#5995 = CARTESIAN_POINT('',(-0.177283,-0.11989063807,-3.5));
#5996 = LINE('',#5997,#5998);
#5997 = CARTESIAN_POINT('',(-0.420885162974,-0.26220093315,
    -2.653440455382));
#5998 = VECTOR('',#5999,1.);
#5999 = DIRECTION('',(-0.272994833281,-0.159481241074,0.948704145004));
#6000 = ORIENTED_EDGE('',*,*,#5905,.T.);
#6001 = ORIENTED_EDGE('',*,*,#6002,.T.);
#6002 = EDGE_CURVE('',#5906,#6003,#6005,.T.);
#6003 = VERTEX_POINT('',#6004);
#6004 = CARTESIAN_POINT('',(-0.177283,0.11989063807,-3.5));
#6005 = LINE('',#6006,#6007);
#6006 = CARTESIAN_POINT('',(-0.103132365837,7.657247332453E-02,
    -3.757686246804));
#6007 = VECTOR('',#6008,1.);
#6008 = DIRECTION('',(0.272994833281,-0.159481241074,-0.948704145004));
#6009 = ORIENTED_EDGE('',*,*,#6010,.F.);
#6010 = EDGE_CURVE('',#5994,#6003,#6011,.T.);
#6011 = LINE('',#6012,#6013);
#6012 = CARTESIAN_POINT('',(-0.177283,-2.75,-3.5));
#6013 = VECTOR('',#6014,1.);
#6014 = DIRECTION('',(0.,1.,-2.22044604925E-16));
#6015 = PLANE('',#6016);
#6016 = AXIS2_PLACEMENT_3D('',#6017,#6018,#6019);
#6017 = CARTESIAN_POINT('',(-0.4,-2.75,-2.72602));
#6018 = DIRECTION('',(-0.961004075423,-6.140292849257E-17,
    -0.276534205879));
#6019 = DIRECTION('',(0.276534205879,-2.133857702586E-16,-0.961004075423
    ));
#6020 = ADVANCED_FACE('',(#6021),#6039,.T.);
#6021 = FACE_BOUND('',#6022,.T.);
#6022 = EDGE_LOOP('',(#6023,#6031,#6032,#6033));
#6023 = ORIENTED_EDGE('',*,*,#6024,.T.);
#6024 = EDGE_CURVE('',#6025,#5931,#6027,.T.);
#6025 = VERTEX_POINT('',#6026);
#6026 = CARTESIAN_POINT('',(0.177283,-0.11989063807,-3.5));
#6027 = LINE('',#6028,#6029);
#6028 = CARTESIAN_POINT('',(0.458148252473,-0.283969710559,
    -2.523944790433));
#6029 = VECTOR('',#6030,1.);
#6030 = DIRECTION('',(0.272994833281,-0.159481241074,0.948704145004));
#6031 = ORIENTED_EDGE('',*,*,#5938,.T.);
#6032 = ORIENTED_EDGE('',*,*,#5993,.F.);
#6033 = ORIENTED_EDGE('',*,*,#6034,.T.);
#6034 = EDGE_CURVE('',#5994,#6025,#6035,.T.);
#6035 = LINE('',#6036,#6037);
#6036 = CARTESIAN_POINT('',(-7.5E-02,-0.11989063807,-3.5));
#6037 = VECTOR('',#6038,1.);
#6038 = DIRECTION('',(1.,0.,0.));
#6039 = PLANE('',#6040);
#6040 = AXIS2_PLACEMENT_3D('',#6041,#6042,#6043);
#6041 = CARTESIAN_POINT('',(0.5,-0.25,-2.72602));
#6042 = DIRECTION('',(0.,-0.986163056249,-0.165778244925));
#6043 = DIRECTION('',(0.,0.165778244925,-0.986163056249));
#6044 = ADVANCED_FACE('',(#6045),#6063,.F.);
#6045 = FACE_BOUND('',#6046,.F.);
#6046 = EDGE_LOOP('',(#6047,#6048,#6049,#6057));
#6047 = ORIENTED_EDGE('',*,*,#6024,.T.);
#6048 = ORIENTED_EDGE('',*,*,#5962,.T.);
#6049 = ORIENTED_EDGE('',*,*,#6050,.T.);
#6050 = EDGE_CURVE('',#5955,#6051,#6053,.T.);
#6051 = VERTEX_POINT('',#6052);
#6052 = CARTESIAN_POINT('',(0.177283,0.11989063807,-3.5));
#6053 = LINE('',#6054,#6055);
#6054 = CARTESIAN_POINT('',(0.140395455336,9.834125073379E-02,
    -3.628190581855));
#6055 = VECTOR('',#6056,1.);
#6056 = DIRECTION('',(-0.272994833281,-0.159481241074,-0.948704145004));
#6057 = ORIENTED_EDGE('',*,*,#6058,.F.);
#6058 = EDGE_CURVE('',#6025,#6051,#6059,.T.);
#6059 = LINE('',#6060,#6061);
#6060 = CARTESIAN_POINT('',(0.177283,-2.75,-3.5));
#6061 = VECTOR('',#6062,1.);
#6062 = DIRECTION('',(0.,1.,-2.22044604925E-16));
#6063 = PLANE('',#6064);
#6064 = AXIS2_PLACEMENT_3D('',#6065,#6066,#6067);
#6065 = CARTESIAN_POINT('',(0.4,-2.75,-2.72602));
#6066 = DIRECTION('',(-0.961004075423,6.140292849257E-17,0.276534205879)
  );
#6067 = DIRECTION('',(-0.276534205879,-2.133857702586E-16,
    -0.961004075423));
#6068 = ADVANCED_FACE('',(#6069),#6080,.T.);
#6069 = FACE_BOUND('',#6070,.T.);
#6070 = EDGE_LOOP('',(#6071,#6072,#6073,#6079));
#6071 = ORIENTED_EDGE('',*,*,#5977,.F.);
#6072 = ORIENTED_EDGE('',*,*,#6050,.T.);
#6073 = ORIENTED_EDGE('',*,*,#6074,.T.);
#6074 = EDGE_CURVE('',#6051,#6003,#6075,.T.);
#6075 = LINE('',#6076,#6077);
#6076 = CARTESIAN_POINT('',(-7.5E-02,0.11989063807,-3.5));
#6077 = VECTOR('',#6078,1.);
#6078 = DIRECTION('',(-1.,0.,0.));
#6079 = ORIENTED_EDGE('',*,*,#6002,.F.);
#6080 = PLANE('',#6081);
#6081 = AXIS2_PLACEMENT_3D('',#6082,#6083,#6084);
#6082 = CARTESIAN_POINT('',(0.5,0.,-4.213192));
#6083 = DIRECTION('',(0.,0.986163056249,-0.165778244925));
#6084 = DIRECTION('',(0.,0.165778244925,0.986163056249));
#6085 = ADVANCED_FACE('',(#6086),#6092,.F.);
#6086 = FACE_BOUND('',#6087,.F.);
#6087 = EDGE_LOOP('',(#6088,#6089,#6090,#6091));
#6088 = ORIENTED_EDGE('',*,*,#6010,.F.);
#6089 = ORIENTED_EDGE('',*,*,#6034,.T.);
#6090 = ORIENTED_EDGE('',*,*,#6058,.T.);
#6091 = ORIENTED_EDGE('',*,*,#6074,.T.);
#6092 = PLANE('',#6093);
#6093 = AXIS2_PLACEMENT_3D('',#6094,#6095,#6096);
#6094 = CARTESIAN_POINT('',(-0.65,-0.25,-3.5));
#6095 = DIRECTION('',(0.,0.,1.));
#6096 = DIRECTION('',(0.,1.,0.));
#6097 = MANIFOLD_SOLID_BREP('',#6098);
#6098 = CLOSED_SHELL('',(#6099,#6139,#6204,#6235,#6266,#6297,#6335,#6347
    ,#6359,#6371));
#6099 = ADVANCED_FACE('',(#6100),#6134,.F.);
#6100 = FACE_BOUND('',#6101,.F.);
#6101 = EDGE_LOOP('',(#6102,#6112,#6120,#6128));
#6102 = ORIENTED_EDGE('',*,*,#6103,.T.);
#6103 = EDGE_CURVE('',#6104,#6106,#6108,.T.);
#6104 = VERTEX_POINT('',#6105);
#6105 = CARTESIAN_POINT('',(-1.06,-1.6,1.03111));
#6106 = VERTEX_POINT('',#6107);
#6107 = CARTESIAN_POINT('',(-1.06,1.6,1.03111));
#6108 = LINE('',#6109,#6110);
#6109 = CARTESIAN_POINT('',(-1.06,-1.6,1.03111));
#6110 = VECTOR('',#6111,1.);
#6111 = DIRECTION('',(0.,1.,-2.22044604925E-16));
#6112 = ORIENTED_EDGE('',*,*,#6113,.T.);
#6113 = EDGE_CURVE('',#6106,#6114,#6116,.T.);
#6114 = VERTEX_POINT('',#6115);
#6115 = CARTESIAN_POINT('',(-1.06,1.6,4.16602));
#6116 = LINE('',#6117,#6118);
#6117 = CARTESIAN_POINT('',(-1.06,1.6,1.03111));
#6118 = VECTOR('',#6119,1.);
#6119 = DIRECTION('',(0.,2.22044604925E-16,1.));
#6120 = ORIENTED_EDGE('',*,*,#6121,.F.);
#6121 = EDGE_CURVE('',#6122,#6114,#6124,.T.);
#6122 = VERTEX_POINT('',#6123);
#6123 = CARTESIAN_POINT('',(-1.06,-1.6,4.16602));
#6124 = LINE('',#6125,#6126);
#6125 = CARTESIAN_POINT('',(-1.06,-1.6,4.16602));
#6126 = VECTOR('',#6127,1.);
#6127 = DIRECTION('',(0.,1.,-2.22044604925E-16));
#6128 = ORIENTED_EDGE('',*,*,#6129,.F.);
#6129 = EDGE_CURVE('',#6104,#6122,#6130,.T.);
#6130 = LINE('',#6131,#6132);
#6131 = CARTESIAN_POINT('',(-1.06,-1.6,1.03111));
#6132 = VECTOR('',#6133,1.);
#6133 = DIRECTION('',(0.,2.22044604925E-16,1.));
#6134 = PLANE('',#6135);
#6135 = AXIS2_PLACEMENT_3D('',#6136,#6137,#6138);
#6136 = CARTESIAN_POINT('',(-1.06,-1.6,1.03111));
#6137 = DIRECTION('',(1.,0.,0.));
#6138 = DIRECTION('',(0.,2.22044604925E-16,1.));
#6139 = ADVANCED_FACE('',(#6140,#6165),#6199,.F.);
#6140 = FACE_BOUND('',#6141,.F.);
#6141 = EDGE_LOOP('',(#6142,#6150,#6151,#6159));
#6142 = ORIENTED_EDGE('',*,*,#6143,.T.);
#6143 = EDGE_CURVE('',#6144,#6104,#6146,.T.);
#6144 = VERTEX_POINT('',#6145);
#6145 = CARTESIAN_POINT('',(1.06,-1.6,1.03111));
#6146 = LINE('',#6147,#6148);
#6147 = CARTESIAN_POINT('',(0.,-1.6,1.03111));
#6148 = VECTOR('',#6149,1.);
#6149 = DIRECTION('',(-1.,0.,0.));
#6150 = ORIENTED_EDGE('',*,*,#6129,.T.);
#6151 = ORIENTED_EDGE('',*,*,#6152,.F.);
#6152 = EDGE_CURVE('',#6153,#6122,#6155,.T.);
#6153 = VERTEX_POINT('',#6154);
#6154 = CARTESIAN_POINT('',(1.06,-1.6,4.16602));
#6155 = LINE('',#6156,#6157);
#6156 = CARTESIAN_POINT('',(1.06,-1.6,4.16602));
#6157 = VECTOR('',#6158,1.);
#6158 = DIRECTION('',(-1.,0.,0.));
#6159 = ORIENTED_EDGE('',*,*,#6160,.F.);
#6160 = EDGE_CURVE('',#6144,#6153,#6161,.T.);
#6161 = LINE('',#6162,#6163);
#6162 = CARTESIAN_POINT('',(1.06,-1.6,1.03111));
#6163 = VECTOR('',#6164,1.);
#6164 = DIRECTION('',(0.,2.22044604925E-16,1.));
#6165 = FACE_BOUND('',#6166,.F.);
#6166 = EDGE_LOOP('',(#6167,#6177,#6185,#6193));
#6167 = ORIENTED_EDGE('',*,*,#6168,.T.);
#6168 = EDGE_CURVE('',#6169,#6171,#6173,.T.);
#6169 = VERTEX_POINT('',#6170);
#6170 = CARTESIAN_POINT('',(0.66,-1.6,3.76602));
#6171 = VERTEX_POINT('',#6172);
#6172 = CARTESIAN_POINT('',(-0.66,-1.6,3.76602));
#6173 = LINE('',#6174,#6175);
#6174 = CARTESIAN_POINT('',(0.,-1.6,3.76602));
#6175 = VECTOR('',#6176,1.);
#6176 = DIRECTION('',(-1.,0.,0.));
#6177 = ORIENTED_EDGE('',*,*,#6178,.T.);
#6178 = EDGE_CURVE('',#6171,#6179,#6181,.T.);
#6179 = VERTEX_POINT('',#6180);
#6180 = CARTESIAN_POINT('',(-0.66,-1.6,1.43111));
#6181 = LINE('',#6182,#6183);
#6182 = CARTESIAN_POINT('',(-0.66,-1.6,3.76602));
#6183 = VECTOR('',#6184,1.);
#6184 = DIRECTION('',(0.,-2.22044604925E-16,-1.));
#6185 = ORIENTED_EDGE('',*,*,#6186,.F.);
#6186 = EDGE_CURVE('',#6187,#6179,#6189,.T.);
#6187 = VERTEX_POINT('',#6188);
#6188 = CARTESIAN_POINT('',(0.66,-1.6,1.43111));
#6189 = LINE('',#6190,#6191);
#6190 = CARTESIAN_POINT('',(0.66,-1.6,1.43111));
#6191 = VECTOR('',#6192,1.);
#6192 = DIRECTION('',(-1.,0.,0.));
#6193 = ORIENTED_EDGE('',*,*,#6194,.F.);
#6194 = EDGE_CURVE('',#6169,#6187,#6195,.T.);
#6195 = LINE('',#6196,#6197);
#6196 = CARTESIAN_POINT('',(0.66,-1.6,3.76602));
#6197 = VECTOR('',#6198,1.);
#6198 = DIRECTION('',(0.,-2.22044604925E-16,-1.));
#6199 = PLANE('',#6200);
#6200 = AXIS2_PLACEMENT_3D('',#6201,#6202,#6203);
#6201 = CARTESIAN_POINT('',(1.246066727078E-17,-1.6,2.598565));
#6202 = DIRECTION('',(0.,1.,0.));
#6203 = DIRECTION('',(0.,0.,1.));
#6204 = ADVANCED_FACE('',(#6205),#6230,.T.);
#6205 = FACE_BOUND('',#6206,.T.);
#6206 = EDGE_LOOP('',(#6207,#6215,#6223,#6229));
#6207 = ORIENTED_EDGE('',*,*,#6208,.T.);
#6208 = EDGE_CURVE('',#6144,#6209,#6211,.T.);
#6209 = VERTEX_POINT('',#6210);
#6210 = CARTESIAN_POINT('',(1.06,1.6,1.03111));
#6211 = LINE('',#6212,#6213);
#6212 = CARTESIAN_POINT('',(1.06,-1.6,1.03111));
#6213 = VECTOR('',#6214,1.);
#6214 = DIRECTION('',(0.,1.,-2.22044604925E-16));
#6215 = ORIENTED_EDGE('',*,*,#6216,.T.);
#6216 = EDGE_CURVE('',#6209,#6217,#6219,.T.);
#6217 = VERTEX_POINT('',#6218);
#6218 = CARTESIAN_POINT('',(1.06,1.6,4.16602));
#6219 = LINE('',#6220,#6221);
#6220 = CARTESIAN_POINT('',(1.06,1.6,1.03111));
#6221 = VECTOR('',#6222,1.);
#6222 = DIRECTION('',(0.,2.22044604925E-16,1.));
#6223 = ORIENTED_EDGE('',*,*,#6224,.F.);
#6224 = EDGE_CURVE('',#6153,#6217,#6225,.T.);
#6225 = LINE('',#6226,#6227);
#6226 = CARTESIAN_POINT('',(1.06,-1.6,4.16602));
#6227 = VECTOR('',#6228,1.);
#6228 = DIRECTION('',(0.,1.,-2.22044604925E-16));
#6229 = ORIENTED_EDGE('',*,*,#6160,.F.);
#6230 = PLANE('',#6231);
#6231 = AXIS2_PLACEMENT_3D('',#6232,#6233,#6234);
#6232 = CARTESIAN_POINT('',(1.06,-1.6,1.03111));
#6233 = DIRECTION('',(1.,0.,0.));
#6234 = DIRECTION('',(0.,2.22044604925E-16,1.));
#6235 = ADVANCED_FACE('',(#6236),#6261,.F.);
#6236 = FACE_BOUND('',#6237,.F.);
#6237 = EDGE_LOOP('',(#6238,#6246,#6254,#6260));
#6238 = ORIENTED_EDGE('',*,*,#6239,.T.);
#6239 = EDGE_CURVE('',#6171,#6240,#6242,.T.);
#6240 = VERTEX_POINT('',#6241);
#6241 = CARTESIAN_POINT('',(-0.66,1.6,3.76602));
#6242 = LINE('',#6243,#6244);
#6243 = CARTESIAN_POINT('',(-0.66,-1.6,3.76602));
#6244 = VECTOR('',#6245,1.);
#6245 = DIRECTION('',(0.,1.,-2.22044604925E-16));
#6246 = ORIENTED_EDGE('',*,*,#6247,.T.);
#6247 = EDGE_CURVE('',#6240,#6248,#6250,.T.);
#6248 = VERTEX_POINT('',#6249);
#6249 = CARTESIAN_POINT('',(-0.66,1.6,1.43111));
#6250 = LINE('',#6251,#6252);
#6251 = CARTESIAN_POINT('',(-0.66,1.6,3.76602));
#6252 = VECTOR('',#6253,1.);
#6253 = DIRECTION('',(0.,-2.22044604925E-16,-1.));
#6254 = ORIENTED_EDGE('',*,*,#6255,.F.);
#6255 = EDGE_CURVE('',#6179,#6248,#6256,.T.);
#6256 = LINE('',#6257,#6258);
#6257 = CARTESIAN_POINT('',(-0.66,-1.6,1.43111));
#6258 = VECTOR('',#6259,1.);
#6259 = DIRECTION('',(0.,1.,-2.22044604925E-16));
#6260 = ORIENTED_EDGE('',*,*,#6178,.F.);
#6261 = PLANE('',#6262);
#6262 = AXIS2_PLACEMENT_3D('',#6263,#6264,#6265);
#6263 = CARTESIAN_POINT('',(-0.66,-1.6,3.76602));
#6264 = DIRECTION('',(-1.,0.,0.));
#6265 = DIRECTION('',(0.,-2.22044604925E-16,-1.));
#6266 = ADVANCED_FACE('',(#6267),#6292,.T.);
#6267 = FACE_BOUND('',#6268,.T.);
#6268 = EDGE_LOOP('',(#6269,#6277,#6285,#6291));
#6269 = ORIENTED_EDGE('',*,*,#6270,.T.);
#6270 = EDGE_CURVE('',#6169,#6271,#6273,.T.);
#6271 = VERTEX_POINT('',#6272);
#6272 = CARTESIAN_POINT('',(0.66,1.6,3.76602));
#6273 = LINE('',#6274,#6275);
#6274 = CARTESIAN_POINT('',(0.66,-1.6,3.76602));
#6275 = VECTOR('',#6276,1.);
#6276 = DIRECTION('',(0.,1.,-2.22044604925E-16));
#6277 = ORIENTED_EDGE('',*,*,#6278,.T.);
#6278 = EDGE_CURVE('',#6271,#6279,#6281,.T.);
#6279 = VERTEX_POINT('',#6280);
#6280 = CARTESIAN_POINT('',(0.66,1.6,1.43111));
#6281 = LINE('',#6282,#6283);
#6282 = CARTESIAN_POINT('',(0.66,1.6,3.76602));
#6283 = VECTOR('',#6284,1.);
#6284 = DIRECTION('',(0.,-2.22044604925E-16,-1.));
#6285 = ORIENTED_EDGE('',*,*,#6286,.F.);
#6286 = EDGE_CURVE('',#6187,#6279,#6287,.T.);
#6287 = LINE('',#6288,#6289);
#6288 = CARTESIAN_POINT('',(0.66,-1.6,1.43111));
#6289 = VECTOR('',#6290,1.);
#6290 = DIRECTION('',(0.,1.,-2.22044604925E-16));
#6291 = ORIENTED_EDGE('',*,*,#6194,.F.);
#6292 = PLANE('',#6293);
#6293 = AXIS2_PLACEMENT_3D('',#6294,#6295,#6296);
#6294 = CARTESIAN_POINT('',(0.66,-1.6,3.76602));
#6295 = DIRECTION('',(-1.,0.,0.));
#6296 = DIRECTION('',(0.,-2.22044604925E-16,-1.));
#6297 = ADVANCED_FACE('',(#6298,#6314),#6330,.T.);
#6298 = FACE_BOUND('',#6299,.T.);
#6299 = EDGE_LOOP('',(#6300,#6301,#6307,#6308));
#6300 = ORIENTED_EDGE('',*,*,#6113,.T.);
#6301 = ORIENTED_EDGE('',*,*,#6302,.T.);
#6302 = EDGE_CURVE('',#6114,#6217,#6303,.T.);
#6303 = LINE('',#6304,#6305);
#6304 = CARTESIAN_POINT('',(-1.06,1.6,4.16602));
#6305 = VECTOR('',#6306,1.);
#6306 = DIRECTION('',(1.,0.,0.));
#6307 = ORIENTED_EDGE('',*,*,#6216,.F.);
#6308 = ORIENTED_EDGE('',*,*,#6309,.F.);
#6309 = EDGE_CURVE('',#6106,#6209,#6310,.T.);
#6310 = LINE('',#6311,#6312);
#6311 = CARTESIAN_POINT('',(0.,1.6,1.03111));
#6312 = VECTOR('',#6313,1.);
#6313 = DIRECTION('',(1.,0.,0.));
#6314 = FACE_BOUND('',#6315,.T.);
#6315 = EDGE_LOOP('',(#6316,#6322,#6323,#6329));
#6316 = ORIENTED_EDGE('',*,*,#6317,.F.);
#6317 = EDGE_CURVE('',#6240,#6271,#6318,.T.);
#6318 = LINE('',#6319,#6320);
#6319 = CARTESIAN_POINT('',(0.,1.6,3.76602));
#6320 = VECTOR('',#6321,1.);
#6321 = DIRECTION('',(1.,0.,0.));
#6322 = ORIENTED_EDGE('',*,*,#6247,.T.);
#6323 = ORIENTED_EDGE('',*,*,#6324,.T.);
#6324 = EDGE_CURVE('',#6248,#6279,#6325,.T.);
#6325 = LINE('',#6326,#6327);
#6326 = CARTESIAN_POINT('',(-0.66,1.6,1.43111));
#6327 = VECTOR('',#6328,1.);
#6328 = DIRECTION('',(1.,0.,0.));
#6329 = ORIENTED_EDGE('',*,*,#6278,.F.);
#6330 = PLANE('',#6331);
#6331 = AXIS2_PLACEMENT_3D('',#6332,#6333,#6334);
#6332 = CARTESIAN_POINT('',(1.246066727078E-17,1.6,2.598565));
#6333 = DIRECTION('',(0.,1.,0.));
#6334 = DIRECTION('',(0.,0.,1.));
#6335 = ADVANCED_FACE('',(#6336),#6342,.T.);
#6336 = FACE_BOUND('',#6337,.T.);
#6337 = EDGE_LOOP('',(#6338,#6339,#6340,#6341));
#6338 = ORIENTED_EDGE('',*,*,#6103,.T.);
#6339 = ORIENTED_EDGE('',*,*,#6309,.T.);
#6340 = ORIENTED_EDGE('',*,*,#6208,.F.);
#6341 = ORIENTED_EDGE('',*,*,#6143,.T.);
#6342 = PLANE('',#6343);
#6343 = AXIS2_PLACEMENT_3D('',#6344,#6345,#6346);
#6344 = CARTESIAN_POINT('',(0.,1.87819684617E-16,1.03111));
#6345 = DIRECTION('',(-0.,-2.358180484636E-16,-1.));
#6346 = DIRECTION('',(0.,-1.,2.358180484636E-16));
#6347 = ADVANCED_FACE('',(#6348),#6354,.T.);
#6348 = FACE_BOUND('',#6349,.T.);
#6349 = EDGE_LOOP('',(#6350,#6351,#6352,#6353));
#6350 = ORIENTED_EDGE('',*,*,#6121,.F.);
#6351 = ORIENTED_EDGE('',*,*,#6152,.F.);
#6352 = ORIENTED_EDGE('',*,*,#6224,.T.);
#6353 = ORIENTED_EDGE('',*,*,#6302,.F.);
#6354 = PLANE('',#6355);
#6355 = AXIS2_PLACEMENT_3D('',#6356,#6357,#6358);
#6356 = CARTESIAN_POINT('',(0.,8.556230076998E-16,4.16602));
#6357 = DIRECTION('',(0.,0.,1.));
#6358 = DIRECTION('',(1.,0.,0.));
#6359 = ADVANCED_FACE('',(#6360),#6366,.T.);
#6360 = FACE_BOUND('',#6361,.T.);
#6361 = EDGE_LOOP('',(#6362,#6363,#6364,#6365));
#6362 = ORIENTED_EDGE('',*,*,#6270,.F.);
#6363 = ORIENTED_EDGE('',*,*,#6168,.T.);
#6364 = ORIENTED_EDGE('',*,*,#6239,.T.);
#6365 = ORIENTED_EDGE('',*,*,#6317,.T.);
#6366 = PLANE('',#6367);
#6367 = AXIS2_PLACEMENT_3D('',#6368,#6369,#6370);
#6368 = CARTESIAN_POINT('',(0.,9.088108829896E-16,3.76602));
#6369 = DIRECTION('',(-0.,-2.775557561563E-16,-1.));
#6370 = DIRECTION('',(0.,-1.,2.775557561563E-16));
#6371 = ADVANCED_FACE('',(#6372),#6378,.T.);
#6372 = FACE_BOUND('',#6373,.T.);
#6373 = EDGE_LOOP('',(#6374,#6375,#6376,#6377));
#6374 = ORIENTED_EDGE('',*,*,#6255,.F.);
#6375 = ORIENTED_EDGE('',*,*,#6186,.F.);
#6376 = ORIENTED_EDGE('',*,*,#6286,.T.);
#6377 = ORIENTED_EDGE('',*,*,#6324,.F.);
#6378 = PLANE('',#6379);
#6379 = AXIS2_PLACEMENT_3D('',#6380,#6381,#6382);
#6380 = CARTESIAN_POINT('',(0.,1.228122814851E-16,1.43111));
#6381 = DIRECTION('',(0.,2.284308435623E-16,1.));
#6382 = DIRECTION('',(0.,1.,-2.284308435623E-16));
#6383 = MANIFOLD_SOLID_BREP('',#6384);
#6384 = CLOSED_SHELL('',(#6385,#6410,#6501,#6518,#6536,#6556,#6573,#6583
    ,#6608));
#6385 = ADVANCED_FACE('',(#6386),#6405,.F.);
#6386 = FACE_BOUND('',#6387,.T.);
#6387 = EDGE_LOOP('',(#6388,#6399));
#6388 = ORIENTED_EDGE('',*,*,#6389,.F.);
#6389 = EDGE_CURVE('',#6390,#6392,#6394,.T.);
#6390 = VERTEX_POINT('',#6391);
#6391 = CARTESIAN_POINT('',(1.019716596842,-0.306105,7.78762));
#6392 = VERTEX_POINT('',#6393);
#6393 = CARTESIAN_POINT('',(-1.019716596842,-0.306105,7.78762));
#6394 = CIRCLE('',#6395,1.06467);
#6395 = AXIS2_PLACEMENT_3D('',#6396,#6397,#6398);
#6396 = CARTESIAN_POINT('',(0.,1.729199006206E-15,7.78762));
#6397 = DIRECTION('',(0.,-2.22044604925E-16,-1.));
#6398 = DIRECTION('',(1.,0.,0.));
#6399 = ORIENTED_EDGE('',*,*,#6400,.F.);
#6400 = EDGE_CURVE('',#6392,#6390,#6401,.T.);
#6401 = LINE('',#6402,#6403);
#6402 = CARTESIAN_POINT('',(-1.37341,-0.306105,7.78762));
#6403 = VECTOR('',#6404,1.);
#6404 = DIRECTION('',(1.,0.,0.));
#6405 = PLANE('',#6406);
#6406 = AXIS2_PLACEMENT_3D('',#6407,#6408,#6409);
#6407 = CARTESIAN_POINT('',(0.,1.729199006206E-15,7.78762));
#6408 = DIRECTION('',(-0.,-2.22044604925E-16,-1.));
#6409 = DIRECTION('',(1.,0.,0.));
#6410 = ADVANCED_FACE('',(#6411),#6496,.T.);
#6411 = FACE_BOUND('',#6412,.T.);
#6412 = EDGE_LOOP('',(#6413,#6421,#6422,#6430,#6439,#6447,#6456,#6464,
    #6473,#6481,#6488,#6489));
#6413 = ORIENTED_EDGE('',*,*,#6414,.F.);
#6414 = EDGE_CURVE('',#6390,#6415,#6417,.T.);
#6415 = VERTEX_POINT('',#6416);
#6416 = CARTESIAN_POINT('',(1.019716596842,-0.306105,7.28762));
#6417 = LINE('',#6418,#6419);
#6418 = CARTESIAN_POINT('',(1.019716596842,-0.306105,7.78762));
#6419 = VECTOR('',#6420,1.);
#6420 = DIRECTION('',(-0.,-2.22044604925E-16,-1.));
#6421 = ORIENTED_EDGE('',*,*,#6389,.T.);
#6422 = ORIENTED_EDGE('',*,*,#6423,.T.);
#6423 = EDGE_CURVE('',#6392,#6424,#6426,.T.);
#6424 = VERTEX_POINT('',#6425);
#6425 = CARTESIAN_POINT('',(-1.019716596842,-0.306105,7.28762));
#6426 = LINE('',#6427,#6428);
#6427 = CARTESIAN_POINT('',(-1.019716596842,-0.306105,7.78762));
#6428 = VECTOR('',#6429,1.);
#6429 = DIRECTION('',(-0.,-2.22044604925E-16,-1.));
#6430 = ORIENTED_EDGE('',*,*,#6431,.T.);
#6431 = EDGE_CURVE('',#6424,#6432,#6434,.T.);
#6432 = VERTEX_POINT('',#6433);
#6433 = CARTESIAN_POINT('',(-1.019716596842,0.306105,7.28762));
#6434 = CIRCLE('',#6435,1.06467);
#6435 = AXIS2_PLACEMENT_3D('',#6436,#6437,#6438);
#6436 = CARTESIAN_POINT('',(0.,1.618176703744E-15,7.28762));
#6437 = DIRECTION('',(0.,-2.22044604925E-16,-1.));
#6438 = DIRECTION('',(1.,0.,0.));
#6439 = ORIENTED_EDGE('',*,*,#6440,.F.);
#6440 = EDGE_CURVE('',#6441,#6432,#6443,.T.);
#6441 = VERTEX_POINT('',#6442);
#6442 = CARTESIAN_POINT('',(-1.019716596842,0.306105,7.78762));
#6443 = LINE('',#6444,#6445);
#6444 = CARTESIAN_POINT('',(-1.019716596842,0.306105,7.78762));
#6445 = VECTOR('',#6446,1.);
#6446 = DIRECTION('',(-0.,-2.22044604925E-16,-1.));
#6447 = ORIENTED_EDGE('',*,*,#6448,.T.);
#6448 = EDGE_CURVE('',#6441,#6449,#6451,.T.);
#6449 = VERTEX_POINT('',#6450);
#6450 = CARTESIAN_POINT('',(1.019716596842,0.306105,7.78762));
#6451 = CIRCLE('',#6452,1.06467);
#6452 = AXIS2_PLACEMENT_3D('',#6453,#6454,#6455);
#6453 = CARTESIAN_POINT('',(0.,1.729199006206E-15,7.78762));
#6454 = DIRECTION('',(0.,-2.22044604925E-16,-1.));
#6455 = DIRECTION('',(1.,0.,0.));
#6456 = ORIENTED_EDGE('',*,*,#6457,.T.);
#6457 = EDGE_CURVE('',#6449,#6458,#6460,.T.);
#6458 = VERTEX_POINT('',#6459);
#6459 = CARTESIAN_POINT('',(1.019716596842,0.306105,7.28762));
#6460 = LINE('',#6461,#6462);
#6461 = CARTESIAN_POINT('',(1.019716596842,0.306105,7.78762));
#6462 = VECTOR('',#6463,1.);
#6463 = DIRECTION('',(-0.,-2.22044604925E-16,-1.));
#6464 = ORIENTED_EDGE('',*,*,#6465,.T.);
#6465 = EDGE_CURVE('',#6458,#6466,#6468,.T.);
#6466 = VERTEX_POINT('',#6467);
#6467 = CARTESIAN_POINT('',(1.06467,1.618176703744E-15,7.28762));
#6468 = CIRCLE('',#6469,1.06467);
#6469 = AXIS2_PLACEMENT_3D('',#6470,#6471,#6472);
#6470 = CARTESIAN_POINT('',(0.,1.618176703744E-15,7.28762));
#6471 = DIRECTION('',(0.,-2.22044604925E-16,-1.));
#6472 = DIRECTION('',(1.,0.,0.));
#6473 = ORIENTED_EDGE('',*,*,#6474,.T.);
#6474 = EDGE_CURVE('',#6466,#6475,#6477,.T.);
#6475 = VERTEX_POINT('',#6476);
#6476 = CARTESIAN_POINT('',(1.06467,1.543098981927E-15,6.9495));
#6477 = LINE('',#6478,#6479);
#6478 = CARTESIAN_POINT('',(1.06467,1.729199006206E-15,7.78762));
#6479 = VECTOR('',#6480,1.);
#6480 = DIRECTION('',(0.,-2.22044604925E-16,-1.));
#6481 = ORIENTED_EDGE('',*,*,#6482,.F.);
#6482 = EDGE_CURVE('',#6475,#6475,#6483,.T.);
#6483 = CIRCLE('',#6484,1.06467);
#6484 = AXIS2_PLACEMENT_3D('',#6485,#6486,#6487);
#6485 = CARTESIAN_POINT('',(0.,1.543098981927E-15,6.9495));
#6486 = DIRECTION('',(0.,-2.22044604925E-16,-1.));
#6487 = DIRECTION('',(1.,0.,0.));
#6488 = ORIENTED_EDGE('',*,*,#6474,.F.);
#6489 = ORIENTED_EDGE('',*,*,#6490,.T.);
#6490 = EDGE_CURVE('',#6466,#6415,#6491,.T.);
#6491 = CIRCLE('',#6492,1.06467);
#6492 = AXIS2_PLACEMENT_3D('',#6493,#6494,#6495);
#6493 = CARTESIAN_POINT('',(0.,1.618176703744E-15,7.28762));
#6494 = DIRECTION('',(0.,-2.22044604925E-16,-1.));
#6495 = DIRECTION('',(1.,0.,0.));
#6496 = CYLINDRICAL_SURFACE('',#6497,1.06467);
#6497 = AXIS2_PLACEMENT_3D('',#6498,#6499,#6500);
#6498 = CARTESIAN_POINT('',(0.,1.729199006206E-15,7.78762));
#6499 = DIRECTION('',(-0.,-2.22044604925E-16,-1.));
#6500 = DIRECTION('',(1.,0.,0.));
#6501 = ADVANCED_FACE('',(#6502),#6513,.F.);
#6502 = FACE_BOUND('',#6503,.F.);
#6503 = EDGE_LOOP('',(#6504,#6505,#6506,#6512));
#6504 = ORIENTED_EDGE('',*,*,#6400,.F.);
#6505 = ORIENTED_EDGE('',*,*,#6423,.T.);
#6506 = ORIENTED_EDGE('',*,*,#6507,.T.);
#6507 = EDGE_CURVE('',#6424,#6415,#6508,.T.);
#6508 = LINE('',#6509,#6510);
#6509 = CARTESIAN_POINT('',(-1.37341,-0.306105,7.28762));
#6510 = VECTOR('',#6511,1.);
#6511 = DIRECTION('',(1.,0.,0.));
#6512 = ORIENTED_EDGE('',*,*,#6414,.F.);
#6513 = PLANE('',#6514);
#6514 = AXIS2_PLACEMENT_3D('',#6515,#6516,#6517);
#6515 = CARTESIAN_POINT('',(-1.37341,-0.306105,7.78762));
#6516 = DIRECTION('',(0.,-1.,0.));
#6517 = DIRECTION('',(1.,0.,0.));
#6518 = ADVANCED_FACE('',(#6519),#6531,.T.);
#6519 = FACE_BOUND('',#6520,.T.);
#6520 = EDGE_LOOP('',(#6521,#6527,#6528,#6529,#6530));
#6521 = ORIENTED_EDGE('',*,*,#6522,.T.);
#6522 = EDGE_CURVE('',#6458,#6432,#6523,.T.);
#6523 = LINE('',#6524,#6525);
#6524 = CARTESIAN_POINT('',(1.37341,0.306105,7.28762));
#6525 = VECTOR('',#6526,1.);
#6526 = DIRECTION('',(-1.,0.,0.));
#6527 = ORIENTED_EDGE('',*,*,#6431,.F.);
#6528 = ORIENTED_EDGE('',*,*,#6507,.T.);
#6529 = ORIENTED_EDGE('',*,*,#6490,.F.);
#6530 = ORIENTED_EDGE('',*,*,#6465,.F.);
#6531 = PLANE('',#6532);
#6532 = AXIS2_PLACEMENT_3D('',#6533,#6534,#6535);
#6533 = CARTESIAN_POINT('',(-3.30518936903E-17,1.718698471895E-15,
    7.28762));
#6534 = DIRECTION('',(0.,0.,1.));
#6535 = DIRECTION('',(1.,0.,0.));
#6536 = ADVANCED_FACE('',(#6537,#6540),#6551,.T.);
#6537 = FACE_BOUND('',#6538,.T.);
#6538 = EDGE_LOOP('',(#6539));
#6539 = ORIENTED_EDGE('',*,*,#6482,.T.);
#6540 = FACE_BOUND('',#6541,.T.);
#6541 = EDGE_LOOP('',(#6542));
#6542 = ORIENTED_EDGE('',*,*,#6543,.F.);
#6543 = EDGE_CURVE('',#6544,#6544,#6546,.T.);
#6544 = VERTEX_POINT('',#6545);
#6545 = CARTESIAN_POINT('',(0.8,1.543098981927E-15,6.9495));
#6546 = CIRCLE('',#6547,0.8);
#6547 = AXIS2_PLACEMENT_3D('',#6548,#6549,#6550);
#6548 = CARTESIAN_POINT('',(0.,1.543098981927E-15,6.9495));
#6549 = DIRECTION('',(0.,-2.22044604925E-16,-1.));
#6550 = DIRECTION('',(1.,0.,0.));
#6551 = PLANE('',#6552);
#6552 = AXIS2_PLACEMENT_3D('',#6553,#6554,#6555);
#6553 = CARTESIAN_POINT('',(0.,1.543098981927E-15,6.9495));
#6554 = DIRECTION('',(-0.,-2.22044604925E-16,-1.));
#6555 = DIRECTION('',(1.,0.,0.));
#6556 = ADVANCED_FACE('',(#6557),#6568,.F.);
#6557 = FACE_BOUND('',#6558,.F.);
#6558 = EDGE_LOOP('',(#6559,#6565,#6566,#6567));
#6559 = ORIENTED_EDGE('',*,*,#6560,.F.);
#6560 = EDGE_CURVE('',#6449,#6441,#6561,.T.);
#6561 = LINE('',#6562,#6563);
#6562 = CARTESIAN_POINT('',(1.37341,0.306105,7.78762));
#6563 = VECTOR('',#6564,1.);
#6564 = DIRECTION('',(-1.,0.,0.));
#6565 = ORIENTED_EDGE('',*,*,#6457,.T.);
#6566 = ORIENTED_EDGE('',*,*,#6522,.T.);
#6567 = ORIENTED_EDGE('',*,*,#6440,.F.);
#6568 = PLANE('',#6569);
#6569 = AXIS2_PLACEMENT_3D('',#6570,#6571,#6572);
#6570 = CARTESIAN_POINT('',(1.37341,0.306105,7.78762));
#6571 = DIRECTION('',(0.,1.,0.));
#6572 = DIRECTION('',(-1.,0.,0.));
#6573 = ADVANCED_FACE('',(#6574),#6578,.F.);
#6574 = FACE_BOUND('',#6575,.T.);
#6575 = EDGE_LOOP('',(#6576,#6577));
#6576 = ORIENTED_EDGE('',*,*,#6560,.F.);
#6577 = ORIENTED_EDGE('',*,*,#6448,.F.);
#6578 = PLANE('',#6579);
#6579 = AXIS2_PLACEMENT_3D('',#6580,#6581,#6582);
#6580 = CARTESIAN_POINT('',(0.,1.729199006206E-15,7.78762));
#6581 = DIRECTION('',(-0.,-2.22044604925E-16,-1.));
#6582 = DIRECTION('',(1.,0.,0.));
#6583 = ADVANCED_FACE('',(#6584),#6603,.T.);
#6584 = FACE_BOUND('',#6585,.T.);
#6585 = EDGE_LOOP('',(#6586,#6587,#6595,#6602));
#6586 = ORIENTED_EDGE('',*,*,#6543,.T.);
#6587 = ORIENTED_EDGE('',*,*,#6588,.T.);
#6588 = EDGE_CURVE('',#6544,#6589,#6591,.T.);
#6589 = VERTEX_POINT('',#6590);
#6590 = CARTESIAN_POINT('',(0.8,8.525713468543E-16,3.83964));
#6591 = LINE('',#6592,#6593);
#6592 = CARTESIAN_POINT('',(0.8,1.543098981927E-15,6.9495));
#6593 = VECTOR('',#6594,1.);
#6594 = DIRECTION('',(0.,-2.22044604925E-16,-1.));
#6595 = ORIENTED_EDGE('',*,*,#6596,.F.);
#6596 = EDGE_CURVE('',#6589,#6589,#6597,.T.);
#6597 = CIRCLE('',#6598,0.8);
#6598 = AXIS2_PLACEMENT_3D('',#6599,#6600,#6601);
#6599 = CARTESIAN_POINT('',(0.,8.525713468543E-16,3.83964));
#6600 = DIRECTION('',(0.,-2.22044604925E-16,-1.));
#6601 = DIRECTION('',(1.,0.,0.));
#6602 = ORIENTED_EDGE('',*,*,#6588,.F.);
#6603 = CYLINDRICAL_SURFACE('',#6604,0.8);
#6604 = AXIS2_PLACEMENT_3D('',#6605,#6606,#6607);
#6605 = CARTESIAN_POINT('',(0.,1.543098981927E-15,6.9495));
#6606 = DIRECTION('',(-0.,-2.22044604925E-16,-1.));
#6607 = DIRECTION('',(1.,0.,0.));
#6608 = ADVANCED_FACE('',(#6609),#6612,.T.);
#6609 = FACE_BOUND('',#6610,.T.);
#6610 = EDGE_LOOP('',(#6611));
#6611 = ORIENTED_EDGE('',*,*,#6596,.T.);
#6612 = PLANE('',#6613);
#6613 = AXIS2_PLACEMENT_3D('',#6614,#6615,#6616);
#6614 = CARTESIAN_POINT('',(0.,8.525713468543E-16,3.83964));
#6615 = DIRECTION('',(-0.,-2.22044604925E-16,-1.));
#6616 = DIRECTION('',(1.,0.,0.));
#6617 = ( GEOMETRIC_REPRESENTATION_CONTEXT(3) 
GLOBAL_UNCERTAINTY_ASSIGNED_CONTEXT((#6621)) 
GLOBAL_UNIT_ASSIGNED_CONTEXT((#6618,#6619,#6620)) REPRESENTATION_CONTEXT
('Context #1','3D Context with UNIT and UNCERTAINTY') );
#6618 = ( LENGTH_UNIT() NAMED_UNIT(*) SI_UNIT(.MILLI.,.METRE.) );
#6619 = ( NAMED_UNIT(*) PLANE_ANGLE_UNIT() SI_UNIT($,.RADIAN.) );
#6620 = ( NAMED_UNIT(*) SI_UNIT($,.STERADIAN.) SOLID_ANGLE_UNIT() );
#6621 = UNCERTAINTY_MEASURE_WITH_UNIT(LENGTH_MEASURE(1.E-06),#6618,
  'distance_accuracy_value','confusion accuracy');
#6622 = CONTEXT_DEPENDENT_SHAPE_REPRESENTATION(#6623,#6625);
#6623 = ( REPRESENTATION_RELATIONSHIP('','',#5233,#5194) 
REPRESENTATION_RELATIONSHIP_WITH_TRANSFORMATION(#6624) 
SHAPE_REPRESENTATION_RELATIONSHIP() );
#6624 = ITEM_DEFINED_TRANSFORMATION('','',#11,#5195);
#6625 = PRODUCT_DEFINITION_SHAPE('Placement','Placement of an item',
  #6626);
#6626 = NEXT_ASSEMBLY_USAGE_OCCURRENCE('37','0','',#5189,#5228,$);
#6627 = PRODUCT_RELATED_PRODUCT_CATEGORY('part',$,(#5230));
#6628 = CONTEXT_DEPENDENT_SHAPE_REPRESENTATION(#6629,#6631);
#6629 = ( REPRESENTATION_RELATIONSHIP('','',#5233,#5194) 
REPRESENTATION_RELATIONSHIP_WITH_TRANSFORMATION(#6630) 
SHAPE_REPRESENTATION_RELATIONSHIP() );
#6630 = ITEM_DEFINED_TRANSFORMATION('','',#11,#5199);
#6631 = PRODUCT_DEFINITION_SHAPE('Placement','Placement of an item',
  #6632);
#6632 = NEXT_ASSEMBLY_USAGE_OCCURRENCE('38','1','',#5189,#5228,$);
#6633 = CONTEXT_DEPENDENT_SHAPE_REPRESENTATION(#6634,#6636);
#6634 = ( REPRESENTATION_RELATIONSHIP('','',#5233,#5194) 
REPRESENTATION_RELATIONSHIP_WITH_TRANSFORMATION(#6635) 
SHAPE_REPRESENTATION_RELATIONSHIP() );
#6635 = ITEM_DEFINED_TRANSFORMATION('','',#11,#5203);
#6636 = PRODUCT_DEFINITION_SHAPE('Placement','Placement of an item',
  #6637);
#6637 = NEXT_ASSEMBLY_USAGE_OCCURRENCE('39','2','',#5189,#5228,$);
#6638 = CONTEXT_DEPENDENT_SHAPE_REPRESENTATION(#6639,#6641);
#6639 = ( REPRESENTATION_RELATIONSHIP('','',#5233,#5194) 
REPRESENTATION_RELATIONSHIP_WITH_TRANSFORMATION(#6640) 
SHAPE_REPRESENTATION_RELATIONSHIP() );
#6640 = ITEM_DEFINED_TRANSFORMATION('','',#11,#5207);
#6641 = PRODUCT_DEFINITION_SHAPE('Placement','Placement of an item',
  #6642);
#6642 = NEXT_ASSEMBLY_USAGE_OCCURRENCE('40','3','',#5189,#5228,$);
#6643 = CONTEXT_DEPENDENT_SHAPE_REPRESENTATION(#6644,#6646);
#6644 = ( REPRESENTATION_RELATIONSHIP('','',#5233,#5194) 
REPRESENTATION_RELATIONSHIP_WITH_TRANSFORMATION(#6645) 
SHAPE_REPRESENTATION_RELATIONSHIP() );
#6645 = ITEM_DEFINED_TRANSFORMATION('','',#11,#5211);
#6646 = PRODUCT_DEFINITION_SHAPE('Placement','Placement of an item',
  #6647);
#6647 = NEXT_ASSEMBLY_USAGE_OCCURRENCE('41','4','',#5189,#5228,$);
#6648 = MECHANICAL_DESIGN_GEOMETRIC_PRESENTATION_REPRESENTATION('',(
    #6649,#6660,#6669),#6617);
#6649 = STYLED_ITEM('color',(#6650),#5234);
#6650 = PRESENTATION_STYLE_ASSIGNMENT((#6651,#6657));
#6651 = SURFACE_STYLE_USAGE(.BOTH.,#6652);
#6652 = SURFACE_SIDE_STYLE('',(#6653));
#6653 = SURFACE_STYLE_FILL_AREA(#6654);
#6654 = FILL_AREA_STYLE('',(#6655));
#6655 = FILL_AREA_STYLE_COLOUR('',#6656);
#6656 = COLOUR_RGB('',0.917599985683,0.917599985683,0.917599985683);
#6657 = CURVE_STYLE('',#6658,POSITIVE_LENGTH_MEASURE(0.1),#6659);
#6658 = DRAUGHTING_PRE_DEFINED_CURVE_FONT('continuous');
#6659 = COLOUR_RGB('',9.803921802644E-02,9.803921802644E-02,
  9.803921802644E-02);
#6660 = STYLED_ITEM('color',(#6661),#6097);
#6661 = PRESENTATION_STYLE_ASSIGNMENT((#6662,#6667));
#6662 = SURFACE_STYLE_USAGE(.BOTH.,#6663);
#6663 = SURFACE_SIDE_STYLE('',(#6664));
#6664 = SURFACE_STYLE_FILL_AREA(#6665);
#6665 = FILL_AREA_STYLE('',(#6666));
#6666 = FILL_AREA_STYLE_COLOUR('',#6656);
#6667 = CURVE_STYLE('',#6668,POSITIVE_LENGTH_MEASURE(0.1),#6659);
#6668 = DRAUGHTING_PRE_DEFINED_CURVE_FONT('continuous');
#6669 = STYLED_ITEM('color',(#6670),#6383);
#6670 = PRESENTATION_STYLE_ASSIGNMENT((#6671,#6676));
#6671 = SURFACE_STYLE_USAGE(.BOTH.,#6672);
#6672 = SURFACE_SIDE_STYLE('',(#6673));
#6673 = SURFACE_STYLE_FILL_AREA(#6674);
#6674 = FILL_AREA_STYLE('',(#6675));
#6675 = FILL_AREA_STYLE_COLOUR('',#6656);
#6676 = CURVE_STYLE('',#6677,POSITIVE_LENGTH_MEASURE(0.1),#6659);
#6677 = DRAUGHTING_PRE_DEFINED_CURVE_FONT('continuous');
#6678 = MECHANICAL_DESIGN_GEOMETRIC_PRESENTATION_REPRESENTATION('',(
    #6679),#5176);
#6679 = STYLED_ITEM('color',(#6680),#37);
#6680 = PRESENTATION_STYLE_ASSIGNMENT((#6681,#6687));
#6681 = SURFACE_STYLE_USAGE(.BOTH.,#6682);
#6682 = SURFACE_SIDE_STYLE('',(#6683));
#6683 = SURFACE_STYLE_FILL_AREA(#6684);
#6684 = FILL_AREA_STYLE('',(#6685));
#6685 = FILL_AREA_STYLE_COLOUR('',#6686);
#6686 = COLOUR_RGB('',0.290196088226,0.725490202603,0.160784315601);
#6687 = CURVE_STYLE('',#6688,POSITIVE_LENGTH_MEASURE(0.1),#6659);
#6688 = DRAUGHTING_PRE_DEFINED_CURVE_FONT('continuous');
ENDSEC;
END-ISO-10303-21;
