ISO-10303-21;
HEADER;
FILE_DESCRIPTION(('FreeCAD Model'),'2;1');
FILE_NAME('Open CASCADE Shape Model','2026-06-20T22:50:29',(''),(''),
  'Open CASCADE STEP processor 7.8','FreeCAD','Unknown');
FILE_SCHEMA(('AUTOMOTIVE_DESIGN { 1 0 10303 214 1 1 1 1 }'));
ENDSEC;
DATA;
#1 = APPLICATION_PROTOCOL_DEFINITION('international standard',
  'automotive_design',2000,#2);
#2 = APPLICATION_CONTEXT(
  'core data for automotive mechanical design processes');
#3 = SHAPE_DEFINITION_REPRESENTATION(#4,#10);
#4 = PRODUCT_DEFINITION_SHAPE('','',#5);
#5 = PRODUCT_DEFINITION('design','',#6,#9);
#6 = PRODUCT_DEFINITION_FORMATION('','',#7);
#7 = PRODUCT('KF128_2_54','KF128_2_54','',(#8));
#8 = PRODUCT_CONTEXT('',#2,'mechanical');
#9 = PRODUCT_DEFINITION_CONTEXT('part definition',#2,'design');
#10 = SHAPE_REPRESENTATION('',(#11,#15,#19),#23);
#11 = AXIS2_PLACEMENT_3D('',#12,#13,#14);
#12 = CARTESIAN_POINT('',(0.,0.,0.));
#13 = DIRECTION('',(0.,0.,1.));
#14 = DIRECTION('',(1.,0.,-0.));
#15 = AXIS2_PLACEMENT_3D('',#16,#17,#18);
#16 = CARTESIAN_POINT('',(0.,0.,0.));
#17 = DIRECTION('',(0.,0.,1.));
#18 = DIRECTION('',(1.,0.,0.));
#19 = AXIS2_PLACEMENT_3D('',#20,#21,#22);
#20 = CARTESIAN_POINT('',(0.,0.,0.));
#21 = DIRECTION('',(0.,0.,1.));
#22 = DIRECTION('',(1.,0.,0.));
#23 = ( GEOMETRIC_REPRESENTATION_CONTEXT(3) 
GLOBAL_UNCERTAINTY_ASSIGNED_CONTEXT((#27)) GLOBAL_UNIT_ASSIGNED_CONTEXT(
(#24,#25,#26)) REPRESENTATION_CONTEXT('Context #1',
  '3D Context with UNIT and UNCERTAINTY') );
#24 = ( LENGTH_UNIT() NAMED_UNIT(*) SI_UNIT(.MILLI.,.METRE.) );
#25 = ( NAMED_UNIT(*) PLANE_ANGLE_UNIT() SI_UNIT($,.RADIAN.) );
#26 = ( NAMED_UNIT(*) SI_UNIT($,.STERADIAN.) SOLID_ANGLE_UNIT() );
#27 = UNCERTAINTY_MEASURE_WITH_UNIT(LENGTH_MEASURE(1.E-06),#24,
  'distance_accuracy_value','confusion accuracy');
#28 = PRODUCT_RELATED_PRODUCT_CATEGORY('part',$,(#7));
#29 = SHAPE_DEFINITION_REPRESENTATION(#30,#36);
#30 = PRODUCT_DEFINITION_SHAPE('','',#31);
#31 = PRODUCT_DEFINITION('design','',#32,#35);
#32 = PRODUCT_DEFINITION_FORMATION('','',#33);
#33 = PRODUCT('Connector_body','Connector_body','',(#34));
#34 = PRODUCT_CONTEXT('',#2,'mechanical');
#35 = PRODUCT_DEFINITION_CONTEXT('part definition',#2,'design');
#36 = ADVANCED_BREP_SHAPE_REPRESENTATION('',(#11,#37),#4205);
#37 = MANIFOLD_SOLID_BREP('',#38);
#38 = CLOSED_SHELL('',(#39,#79,#110,#150,#181,#221,#252,#428,#723,#780,
    #837,#854,#885,#909,#933,#950,#972,#1001,#1023,#1052,#1074,#1103,
    #1248,#1302,#1366,#1413,#1437,#1461,#1518,#1558,#1612,#1659,#1683,
    #1723,#1787,#1811,#1868,#1922,#1969,#1993,#2033,#2097,#2121,#2178,
    #2232,#2279,#2303,#2343,#2407,#2431,#2488,#2505,#2522,#2583,#2631,
    #2662,#2686,#2710,#2727,#2756,#2773,#2802,#2819,#2848,#2865,#2877,
    #2889,#2901,#2913,#2930,#2947,#2970,#2987,#3004,#3032,#3044,#3056,
    #3073,#3090,#3102,#3125,#3142,#3159,#3187,#3199,#3216,#3233,#3245,
    #3268,#3285,#3302,#3330,#3342,#3359,#3376,#3388,#3411,#3428,#3445,
    #3473,#3485,#3510,#3535,#3560,#3585,#3610,#3635,#3660,#3685,#3710,
    #3735,#3760,#3785,#3805,#3825,#3845,#3865,#3890,#3915,#3940,#3965,
    #3990,#4015,#4040,#4065,#4082,#4099,#4116,#4133,#4145,#4157,#4169,
    #4181,#4193));
#39 = ADVANCED_FACE('',(#40),#74,.T.);
#40 = FACE_BOUND('',#41,.T.);
#41 = EDGE_LOOP('',(#42,#52,#60,#68));
#42 = ORIENTED_EDGE('',*,*,#43,.F.);
#43 = EDGE_CURVE('',#44,#46,#48,.T.);
#44 = VERTEX_POINT('',#45);
#45 = CARTESIAN_POINT('',(6.95,-2.016232,1.532840329046));
#46 = VERTEX_POINT('',#47);
#47 = CARTESIAN_POINT('',(8.29,-2.016232,1.532840329046));
#48 = LINE('',#49,#50);
#49 = CARTESIAN_POINT('',(7.82,-2.016232,1.532840329046));
#50 = VECTOR('',#51,1.);
#51 = DIRECTION('',(1.,0.,0.));
#52 = ORIENTED_EDGE('',*,*,#53,.T.);
#53 = EDGE_CURVE('',#44,#54,#56,.T.);
#54 = VERTEX_POINT('',#55);
#55 = CARTESIAN_POINT('',(6.95,-2.5,1.532840329046));
#56 = LINE('',#57,#58);
#57 = CARTESIAN_POINT('',(6.95,3.403589252763E-16,1.532840329046));
#58 = VECTOR('',#59,1.);
#59 = DIRECTION('',(0.,-1.,2.22044604925E-16));
#60 = ORIENTED_EDGE('',*,*,#61,.T.);
#61 = EDGE_CURVE('',#54,#62,#64,.T.);
#62 = VERTEX_POINT('',#63);
#63 = CARTESIAN_POINT('',(8.29,-2.5,1.532840329046));
#64 = LINE('',#65,#66);
#65 = CARTESIAN_POINT('',(6.95,-2.5,1.532840329046));
#66 = VECTOR('',#67,1.);
#67 = DIRECTION('',(1.,0.,0.));
#68 = ORIENTED_EDGE('',*,*,#69,.F.);
#69 = EDGE_CURVE('',#46,#62,#70,.T.);
#70 = LINE('',#71,#72);
#71 = CARTESIAN_POINT('',(8.29,3.403589252763E-16,1.532840329046));
#72 = VECTOR('',#73,1.);
#73 = DIRECTION('',(0.,-1.,2.22044604925E-16));
#74 = PLANE('',#75);
#75 = AXIS2_PLACEMENT_3D('',#76,#77,#78);
#76 = CARTESIAN_POINT('',(6.95,3.403589252763E-16,1.532840329046));
#77 = DIRECTION('',(0.,2.22044604925E-16,1.));
#78 = DIRECTION('',(1.,0.,0.));
#79 = ADVANCED_FACE('',(#80),#105,.T.);
#80 = FACE_BOUND('',#81,.T.);
#81 = EDGE_LOOP('',(#82,#90,#98,#104));
#82 = ORIENTED_EDGE('',*,*,#83,.F.);
#83 = EDGE_CURVE('',#84,#44,#86,.T.);
#84 = VERTEX_POINT('',#85);
#85 = CARTESIAN_POINT('',(6.95,-2.016232,3.132840329046));
#86 = LINE('',#87,#88);
#87 = CARTESIAN_POINT('',(6.95,-2.016232,2.231588664523));
#88 = VECTOR('',#89,1.);
#89 = DIRECTION('',(0.,0.,-1.));
#90 = ORIENTED_EDGE('',*,*,#91,.T.);
#91 = EDGE_CURVE('',#84,#92,#94,.T.);
#92 = VERTEX_POINT('',#93);
#93 = CARTESIAN_POINT('',(6.95,-2.5,3.132840329046));
#94 = LINE('',#95,#96);
#95 = CARTESIAN_POINT('',(6.95,6.956302931563E-16,3.132840329046));
#96 = VECTOR('',#97,1.);
#97 = DIRECTION('',(0.,-1.,2.22044604925E-16));
#98 = ORIENTED_EDGE('',*,*,#99,.T.);
#99 = EDGE_CURVE('',#92,#54,#100,.T.);
#100 = LINE('',#101,#102);
#101 = CARTESIAN_POINT('',(6.95,-2.5,3.132840329046));
#102 = VECTOR('',#103,1.);
#103 = DIRECTION('',(0.,-9.E-17,-1.));
#104 = ORIENTED_EDGE('',*,*,#53,.F.);
#105 = PLANE('',#106);
#106 = AXIS2_PLACEMENT_3D('',#107,#108,#109);
#107 = CARTESIAN_POINT('',(6.95,6.956302931563E-16,3.132840329046));
#108 = DIRECTION('',(1.,0.,0.));
#109 = DIRECTION('',(0.,-2.22044604925E-16,-1.));
#110 = ADVANCED_FACE('',(#111),#145,.T.);
#111 = FACE_BOUND('',#112,.T.);
#112 = EDGE_LOOP('',(#113,#123,#131,#139));
#113 = ORIENTED_EDGE('',*,*,#114,.F.);
#114 = EDGE_CURVE('',#115,#117,#119,.T.);
#115 = VERTEX_POINT('',#116);
#116 = CARTESIAN_POINT('',(4.41,-2.016232,1.532840329046));
#117 = VERTEX_POINT('',#118);
#118 = CARTESIAN_POINT('',(5.75,-2.016232,1.532840329046));
#119 = LINE('',#120,#121);
#120 = CARTESIAN_POINT('',(5.28,-2.016232,1.532840329046));
#121 = VECTOR('',#122,1.);
#122 = DIRECTION('',(1.,0.,0.));
#123 = ORIENTED_EDGE('',*,*,#124,.T.);
#124 = EDGE_CURVE('',#115,#125,#127,.T.);
#125 = VERTEX_POINT('',#126);
#126 = CARTESIAN_POINT('',(4.41,-2.5,1.532840329046));
#127 = LINE('',#128,#129);
#128 = CARTESIAN_POINT('',(4.41,3.403589252763E-16,1.532840329046));
#129 = VECTOR('',#130,1.);
#130 = DIRECTION('',(0.,-1.,2.22044604925E-16));
#131 = ORIENTED_EDGE('',*,*,#132,.T.);
#132 = EDGE_CURVE('',#125,#133,#135,.T.);
#133 = VERTEX_POINT('',#134);
#134 = CARTESIAN_POINT('',(5.75,-2.5,1.532840329046));
#135 = LINE('',#136,#137);
#136 = CARTESIAN_POINT('',(4.41,-2.5,1.532840329046));
#137 = VECTOR('',#138,1.);
#138 = DIRECTION('',(1.,0.,0.));
#139 = ORIENTED_EDGE('',*,*,#140,.F.);
#140 = EDGE_CURVE('',#117,#133,#141,.T.);
#141 = LINE('',#142,#143);
#142 = CARTESIAN_POINT('',(5.75,3.403589252763E-16,1.532840329046));
#143 = VECTOR('',#144,1.);
#144 = DIRECTION('',(0.,-1.,2.22044604925E-16));
#145 = PLANE('',#146);
#146 = AXIS2_PLACEMENT_3D('',#147,#148,#149);
#147 = CARTESIAN_POINT('',(4.41,3.403589252763E-16,1.532840329046));
#148 = DIRECTION('',(0.,2.22044604925E-16,1.));
#149 = DIRECTION('',(1.,0.,0.));
#150 = ADVANCED_FACE('',(#151),#176,.T.);
#151 = FACE_BOUND('',#152,.T.);
#152 = EDGE_LOOP('',(#153,#161,#169,#175));
#153 = ORIENTED_EDGE('',*,*,#154,.F.);
#154 = EDGE_CURVE('',#155,#115,#157,.T.);
#155 = VERTEX_POINT('',#156);
#156 = CARTESIAN_POINT('',(4.41,-2.016232,3.132840329046));
#157 = LINE('',#158,#159);
#158 = CARTESIAN_POINT('',(4.41,-2.016232,2.231588664523));
#159 = VECTOR('',#160,1.);
#160 = DIRECTION('',(0.,0.,-1.));
#161 = ORIENTED_EDGE('',*,*,#162,.T.);
#162 = EDGE_CURVE('',#155,#163,#165,.T.);
#163 = VERTEX_POINT('',#164);
#164 = CARTESIAN_POINT('',(4.41,-2.5,3.132840329046));
#165 = LINE('',#166,#167);
#166 = CARTESIAN_POINT('',(4.41,6.956302931563E-16,3.132840329046));
#167 = VECTOR('',#168,1.);
#168 = DIRECTION('',(0.,-1.,2.22044604925E-16));
#169 = ORIENTED_EDGE('',*,*,#170,.T.);
#170 = EDGE_CURVE('',#163,#125,#171,.T.);
#171 = LINE('',#172,#173);
#172 = CARTESIAN_POINT('',(4.41,-2.5,3.132840329046));
#173 = VECTOR('',#174,1.);
#174 = DIRECTION('',(0.,-9.E-17,-1.));
#175 = ORIENTED_EDGE('',*,*,#124,.F.);
#176 = PLANE('',#177);
#177 = AXIS2_PLACEMENT_3D('',#178,#179,#180);
#178 = CARTESIAN_POINT('',(4.41,6.956302931563E-16,3.132840329046));
#179 = DIRECTION('',(1.,0.,0.));
#180 = DIRECTION('',(0.,-2.22044604925E-16,-1.));
#181 = ADVANCED_FACE('',(#182),#216,.T.);
#182 = FACE_BOUND('',#183,.T.);
#183 = EDGE_LOOP('',(#184,#194,#202,#210));
#184 = ORIENTED_EDGE('',*,*,#185,.F.);
#185 = EDGE_CURVE('',#186,#188,#190,.T.);
#186 = VERTEX_POINT('',#187);
#187 = CARTESIAN_POINT('',(1.87,-2.016232,1.532840329046));
#188 = VERTEX_POINT('',#189);
#189 = CARTESIAN_POINT('',(3.21,-2.016232,1.532840329046));
#190 = LINE('',#191,#192);
#191 = CARTESIAN_POINT('',(2.74,-2.016232,1.532840329046));
#192 = VECTOR('',#193,1.);
#193 = DIRECTION('',(1.,0.,0.));
#194 = ORIENTED_EDGE('',*,*,#195,.T.);
#195 = EDGE_CURVE('',#186,#196,#198,.T.);
#196 = VERTEX_POINT('',#197);
#197 = CARTESIAN_POINT('',(1.87,-2.5,1.532840329046));
#198 = LINE('',#199,#200);
#199 = CARTESIAN_POINT('',(1.87,3.403589252763E-16,1.532840329046));
#200 = VECTOR('',#201,1.);
#201 = DIRECTION('',(0.,-1.,2.22044604925E-16));
#202 = ORIENTED_EDGE('',*,*,#203,.T.);
#203 = EDGE_CURVE('',#196,#204,#206,.T.);
#204 = VERTEX_POINT('',#205);
#205 = CARTESIAN_POINT('',(3.21,-2.5,1.532840329046));
#206 = LINE('',#207,#208);
#207 = CARTESIAN_POINT('',(1.87,-2.5,1.532840329046));
#208 = VECTOR('',#209,1.);
#209 = DIRECTION('',(1.,0.,0.));
#210 = ORIENTED_EDGE('',*,*,#211,.F.);
#211 = EDGE_CURVE('',#188,#204,#212,.T.);
#212 = LINE('',#213,#214);
#213 = CARTESIAN_POINT('',(3.21,3.403589252763E-16,1.532840329046));
#214 = VECTOR('',#215,1.);
#215 = DIRECTION('',(0.,-1.,2.22044604925E-16));
#216 = PLANE('',#217);
#217 = AXIS2_PLACEMENT_3D('',#218,#219,#220);
#218 = CARTESIAN_POINT('',(1.87,3.403589252763E-16,1.532840329046));
#219 = DIRECTION('',(0.,2.22044604925E-16,1.));
#220 = DIRECTION('',(1.,0.,0.));
#221 = ADVANCED_FACE('',(#222),#247,.T.);
#222 = FACE_BOUND('',#223,.T.);
#223 = EDGE_LOOP('',(#224,#232,#240,#246));
#224 = ORIENTED_EDGE('',*,*,#225,.F.);
#225 = EDGE_CURVE('',#226,#186,#228,.T.);
#226 = VERTEX_POINT('',#227);
#227 = CARTESIAN_POINT('',(1.87,-2.016232,3.132840329046));
#228 = LINE('',#229,#230);
#229 = CARTESIAN_POINT('',(1.87,-2.016232,2.231588664523));
#230 = VECTOR('',#231,1.);
#231 = DIRECTION('',(0.,0.,-1.));
#232 = ORIENTED_EDGE('',*,*,#233,.T.);
#233 = EDGE_CURVE('',#226,#234,#236,.T.);
#234 = VERTEX_POINT('',#235);
#235 = CARTESIAN_POINT('',(1.87,-2.5,3.132840329046));
#236 = LINE('',#237,#238);
#237 = CARTESIAN_POINT('',(1.87,6.956302931563E-16,3.132840329046));
#238 = VECTOR('',#239,1.);
#239 = DIRECTION('',(0.,-1.,2.22044604925E-16));
#240 = ORIENTED_EDGE('',*,*,#241,.T.);
#241 = EDGE_CURVE('',#234,#196,#242,.T.);
#242 = LINE('',#243,#244);
#243 = CARTESIAN_POINT('',(1.87,-2.5,3.132840329046));
#244 = VECTOR('',#245,1.);
#245 = DIRECTION('',(0.,-9.E-17,-1.));
#246 = ORIENTED_EDGE('',*,*,#195,.F.);
#247 = PLANE('',#248);
#248 = AXIS2_PLACEMENT_3D('',#249,#250,#251);
#249 = CARTESIAN_POINT('',(1.87,6.956302931563E-16,3.132840329046));
#250 = DIRECTION('',(1.,0.,0.));
#251 = DIRECTION('',(0.,-2.22044604925E-16,-1.));
#252 = ADVANCED_FACE('',(#253,#287,#321,#355,#389),#423,.F.);
#253 = FACE_BOUND('',#254,.F.);
#254 = EDGE_LOOP('',(#255,#265,#273,#281));
#255 = ORIENTED_EDGE('',*,*,#256,.T.);
#256 = EDGE_CURVE('',#257,#259,#261,.T.);
#257 = VERTEX_POINT('',#258);
#258 = CARTESIAN_POINT('',(9.09,-3.3,0.));
#259 = VERTEX_POINT('',#260);
#260 = CARTESIAN_POINT('',(-1.47,-3.3,0.));
#261 = LINE('',#262,#263);
#262 = CARTESIAN_POINT('',(9.09,-3.3,0.));
#263 = VECTOR('',#264,1.);
#264 = DIRECTION('',(-1.,-0.,-0.));
#265 = ORIENTED_EDGE('',*,*,#266,.T.);
#266 = EDGE_CURVE('',#259,#267,#269,.T.);
#267 = VERTEX_POINT('',#268);
#268 = CARTESIAN_POINT('',(-1.47,-3.3,4.95));
#269 = LINE('',#270,#271);
#270 = CARTESIAN_POINT('',(-1.47,-3.3,0.));
#271 = VECTOR('',#272,1.);
#272 = DIRECTION('',(0.,9.E-17,1.));
#273 = ORIENTED_EDGE('',*,*,#274,.F.);
#274 = EDGE_CURVE('',#275,#267,#277,.T.);
#275 = VERTEX_POINT('',#276);
#276 = CARTESIAN_POINT('',(9.09,-3.3,4.95));
#277 = LINE('',#278,#279);
#278 = CARTESIAN_POINT('',(9.09,-3.3,4.95));
#279 = VECTOR('',#280,1.);
#280 = DIRECTION('',(-1.,-0.,-0.));
#281 = ORIENTED_EDGE('',*,*,#282,.F.);
#282 = EDGE_CURVE('',#257,#275,#283,.T.);
#283 = LINE('',#284,#285);
#284 = CARTESIAN_POINT('',(9.09,-3.3,0.));
#285 = VECTOR('',#286,1.);
#286 = DIRECTION('',(0.,9.E-17,1.));
#287 = FACE_BOUND('',#288,.F.);
#288 = EDGE_LOOP('',(#289,#299,#307,#315));
#289 = ORIENTED_EDGE('',*,*,#290,.T.);
#290 = EDGE_CURVE('',#291,#293,#295,.T.);
#291 = VERTEX_POINT('',#292);
#292 = CARTESIAN_POINT('',(-1.07,-3.3,0.532840329046));
#293 = VERTEX_POINT('',#294);
#294 = CARTESIAN_POINT('',(1.07,-3.3,0.532840329046));
#295 = LINE('',#296,#297);
#296 = CARTESIAN_POINT('',(4.21,-3.3,0.532840329046));
#297 = VECTOR('',#298,1.);
#298 = DIRECTION('',(1.,0.,0.));
#299 = ORIENTED_EDGE('',*,*,#300,.T.);
#300 = EDGE_CURVE('',#293,#301,#303,.T.);
#301 = VERTEX_POINT('',#302);
#302 = CARTESIAN_POINT('',(1.07,-3.3,4.532840329046));
#303 = LINE('',#304,#305);
#304 = CARTESIAN_POINT('',(1.07,-3.3,0.532840329046));
#305 = VECTOR('',#306,1.);
#306 = DIRECTION('',(0.,9.E-17,1.));
#307 = ORIENTED_EDGE('',*,*,#308,.T.);
#308 = EDGE_CURVE('',#301,#309,#311,.T.);
#309 = VERTEX_POINT('',#310);
#310 = CARTESIAN_POINT('',(-1.07,-3.3,4.532840329046));
#311 = LINE('',#312,#313);
#312 = CARTESIAN_POINT('',(4.88,-3.3,4.532840329046));
#313 = VECTOR('',#314,1.);
#314 = DIRECTION('',(-1.,0.,0.));
#315 = ORIENTED_EDGE('',*,*,#316,.T.);
#316 = EDGE_CURVE('',#309,#291,#317,.T.);
#317 = LINE('',#318,#319);
#318 = CARTESIAN_POINT('',(-1.07,-3.3,1.532840329046));
#319 = VECTOR('',#320,1.);
#320 = DIRECTION('',(0.,-9.E-17,-1.));
#321 = FACE_BOUND('',#322,.F.);
#322 = EDGE_LOOP('',(#323,#333,#341,#349));
#323 = ORIENTED_EDGE('',*,*,#324,.T.);
#324 = EDGE_CURVE('',#325,#327,#329,.T.);
#325 = VERTEX_POINT('',#326);
#326 = CARTESIAN_POINT('',(1.47,-3.3,4.532840329046));
#327 = VERTEX_POINT('',#328);
#328 = CARTESIAN_POINT('',(1.47,-3.3,0.532840329046));
#329 = LINE('',#330,#331);
#330 = CARTESIAN_POINT('',(1.47,-3.3,1.532840329046));
#331 = VECTOR('',#332,1.);
#332 = DIRECTION('',(0.,-9.E-17,-1.));
#333 = ORIENTED_EDGE('',*,*,#334,.T.);
#334 = EDGE_CURVE('',#327,#335,#337,.T.);
#335 = VERTEX_POINT('',#336);
#336 = CARTESIAN_POINT('',(3.61,-3.3,0.532840329046));
#337 = LINE('',#338,#339);
#338 = CARTESIAN_POINT('',(6.75,-3.3,0.532840329046));
#339 = VECTOR('',#340,1.);
#340 = DIRECTION('',(1.,0.,0.));
#341 = ORIENTED_EDGE('',*,*,#342,.T.);
#342 = EDGE_CURVE('',#335,#343,#345,.T.);
#343 = VERTEX_POINT('',#344);
#344 = CARTESIAN_POINT('',(3.61,-3.3,4.532840329046));
#345 = LINE('',#346,#347);
#346 = CARTESIAN_POINT('',(3.61,-3.3,0.532840329046));
#347 = VECTOR('',#348,1.);
#348 = DIRECTION('',(0.,9.E-17,1.));
#349 = ORIENTED_EDGE('',*,*,#350,.T.);
#350 = EDGE_CURVE('',#343,#325,#351,.T.);
#351 = LINE('',#352,#353);
#352 = CARTESIAN_POINT('',(7.42,-3.3,4.532840329046));
#353 = VECTOR('',#354,1.);
#354 = DIRECTION('',(-1.,0.,0.));
#355 = FACE_BOUND('',#356,.F.);
#356 = EDGE_LOOP('',(#357,#367,#375,#383));
#357 = ORIENTED_EDGE('',*,*,#358,.T.);
#358 = EDGE_CURVE('',#359,#361,#363,.T.);
#359 = VERTEX_POINT('',#360);
#360 = CARTESIAN_POINT('',(4.01,-3.3,4.532840329046));
#361 = VERTEX_POINT('',#362);
#362 = CARTESIAN_POINT('',(4.01,-3.3,0.532840329046));
#363 = LINE('',#364,#365);
#364 = CARTESIAN_POINT('',(4.01,-3.3,1.532840329046));
#365 = VECTOR('',#366,1.);
#366 = DIRECTION('',(0.,-9.E-17,-1.));
#367 = ORIENTED_EDGE('',*,*,#368,.T.);
#368 = EDGE_CURVE('',#361,#369,#371,.T.);
#369 = VERTEX_POINT('',#370);
#370 = CARTESIAN_POINT('',(6.15,-3.3,0.532840329046));
#371 = LINE('',#372,#373);
#372 = CARTESIAN_POINT('',(9.29,-3.3,0.532840329046));
#373 = VECTOR('',#374,1.);
#374 = DIRECTION('',(1.,0.,0.));
#375 = ORIENTED_EDGE('',*,*,#376,.T.);
#376 = EDGE_CURVE('',#369,#377,#379,.T.);
#377 = VERTEX_POINT('',#378);
#378 = CARTESIAN_POINT('',(6.15,-3.3,4.532840329046));
#379 = LINE('',#380,#381);
#380 = CARTESIAN_POINT('',(6.15,-3.3,0.532840329046));
#381 = VECTOR('',#382,1.);
#382 = DIRECTION('',(0.,9.E-17,1.));
#383 = ORIENTED_EDGE('',*,*,#384,.T.);
#384 = EDGE_CURVE('',#377,#359,#385,.T.);
#385 = LINE('',#386,#387);
#386 = CARTESIAN_POINT('',(9.96,-3.3,4.532840329046));
#387 = VECTOR('',#388,1.);
#388 = DIRECTION('',(-1.,0.,0.));
#389 = FACE_BOUND('',#390,.F.);
#390 = EDGE_LOOP('',(#391,#401,#409,#417));
#391 = ORIENTED_EDGE('',*,*,#392,.T.);
#392 = EDGE_CURVE('',#393,#395,#397,.T.);
#393 = VERTEX_POINT('',#394);
#394 = CARTESIAN_POINT('',(6.55,-3.3,4.532840329046));
#395 = VERTEX_POINT('',#396);
#396 = CARTESIAN_POINT('',(6.55,-3.3,0.532840329046));
#397 = LINE('',#398,#399);
#398 = CARTESIAN_POINT('',(6.55,-3.3,1.532840329046));
#399 = VECTOR('',#400,1.);
#400 = DIRECTION('',(0.,-9.E-17,-1.));
#401 = ORIENTED_EDGE('',*,*,#402,.T.);
#402 = EDGE_CURVE('',#395,#403,#405,.T.);
#403 = VERTEX_POINT('',#404);
#404 = CARTESIAN_POINT('',(8.69,-3.3,0.532840329046));
#405 = LINE('',#406,#407);
#406 = CARTESIAN_POINT('',(11.83,-3.3,0.532840329046));
#407 = VECTOR('',#408,1.);
#408 = DIRECTION('',(1.,0.,0.));
#409 = ORIENTED_EDGE('',*,*,#410,.T.);
#410 = EDGE_CURVE('',#403,#411,#413,.T.);
#411 = VERTEX_POINT('',#412);
#412 = CARTESIAN_POINT('',(8.69,-3.3,4.532840329046));
#413 = LINE('',#414,#415);
#414 = CARTESIAN_POINT('',(8.69,-3.3,0.532840329046));
#415 = VECTOR('',#416,1.);
#416 = DIRECTION('',(0.,9.E-17,1.));
#417 = ORIENTED_EDGE('',*,*,#418,.T.);
#418 = EDGE_CURVE('',#411,#393,#419,.T.);
#419 = LINE('',#420,#421);
#420 = CARTESIAN_POINT('',(12.5,-3.3,4.532840329046));
#421 = VECTOR('',#422,1.);
#422 = DIRECTION('',(-1.,0.,0.));
#423 = PLANE('',#424);
#424 = AXIS2_PLACEMENT_3D('',#425,#426,#427);
#425 = CARTESIAN_POINT('',(9.09,-3.3,0.));
#426 = DIRECTION('',(0.,1.,-9.E-17));
#427 = DIRECTION('',(0.,9.E-17,1.));
#428 = ADVANCED_FACE('',(#429,#454,#520,#586,#652),#718,.F.);
#429 = FACE_BOUND('',#430,.F.);
#430 = EDGE_LOOP('',(#431,#441,#447,#448));
#431 = ORIENTED_EDGE('',*,*,#432,.T.);
#432 = EDGE_CURVE('',#433,#435,#437,.T.);
#433 = VERTEX_POINT('',#434);
#434 = CARTESIAN_POINT('',(9.09,3.,0.));
#435 = VERTEX_POINT('',#436);
#436 = CARTESIAN_POINT('',(-1.47,3.,0.));
#437 = LINE('',#438,#439);
#438 = CARTESIAN_POINT('',(9.09,3.,0.));
#439 = VECTOR('',#440,1.);
#440 = DIRECTION('',(-1.,-0.,-0.));
#441 = ORIENTED_EDGE('',*,*,#442,.T.);
#442 = EDGE_CURVE('',#435,#259,#443,.T.);
#443 = LINE('',#444,#445);
#444 = CARTESIAN_POINT('',(-1.47,3.,4.4E-16));
#445 = VECTOR('',#446,1.);
#446 = DIRECTION('',(0.,-1.,-7.E-17));
#447 = ORIENTED_EDGE('',*,*,#256,.F.);
#448 = ORIENTED_EDGE('',*,*,#449,.F.);
#449 = EDGE_CURVE('',#433,#257,#450,.T.);
#450 = LINE('',#451,#452);
#451 = CARTESIAN_POINT('',(9.09,3.,4.4E-16));
#452 = VECTOR('',#453,1.);
#453 = DIRECTION('',(0.,-1.,-7.E-17));
#454 = FACE_BOUND('',#455,.F.);
#455 = EDGE_LOOP('',(#456,#466,#474,#482,#490,#498,#506,#514));
#456 = ORIENTED_EDGE('',*,*,#457,.F.);
#457 = EDGE_CURVE('',#458,#460,#462,.T.);
#458 = VERTEX_POINT('',#459);
#459 = CARTESIAN_POINT('',(1.07,2.085974,0.));
#460 = VERTEX_POINT('',#461);
#461 = CARTESIAN_POINT('',(0.7,2.085974,0.));
#462 = LINE('',#463,#464);
#463 = CARTESIAN_POINT('',(1.07,2.085974,0.));
#464 = VECTOR('',#465,1.);
#465 = DIRECTION('',(-1.,-0.,-0.));
#466 = ORIENTED_EDGE('',*,*,#467,.T.);
#467 = EDGE_CURVE('',#458,#468,#470,.T.);
#468 = VERTEX_POINT('',#469);
#469 = CARTESIAN_POINT('',(1.07,-2.225654,0.));
#470 = LINE('',#471,#472);
#471 = CARTESIAN_POINT('',(1.07,2.085974,0.));
#472 = VECTOR('',#473,1.);
#473 = DIRECTION('',(0.,-1.,0.));
#474 = ORIENTED_EDGE('',*,*,#475,.T.);
#475 = EDGE_CURVE('',#468,#476,#478,.T.);
#476 = VERTEX_POINT('',#477);
#477 = CARTESIAN_POINT('',(-1.07,-2.225654,0.));
#478 = LINE('',#479,#480);
#479 = CARTESIAN_POINT('',(1.07,-2.225654,0.));
#480 = VECTOR('',#481,1.);
#481 = DIRECTION('',(-1.,-0.,-0.));
#482 = ORIENTED_EDGE('',*,*,#483,.F.);
#483 = EDGE_CURVE('',#484,#476,#486,.T.);
#484 = VERTEX_POINT('',#485);
#485 = CARTESIAN_POINT('',(-1.07,2.085974,0.));
#486 = LINE('',#487,#488);
#487 = CARTESIAN_POINT('',(-1.07,2.085974,0.));
#488 = VECTOR('',#489,1.);
#489 = DIRECTION('',(0.,-1.,0.));
#490 = ORIENTED_EDGE('',*,*,#491,.F.);
#491 = EDGE_CURVE('',#492,#484,#494,.T.);
#492 = VERTEX_POINT('',#493);
#493 = CARTESIAN_POINT('',(-0.7,2.085974,0.));
#494 = LINE('',#495,#496);
#495 = CARTESIAN_POINT('',(1.07,2.085974,0.));
#496 = VECTOR('',#497,1.);
#497 = DIRECTION('',(-1.,-0.,-0.));
#498 = ORIENTED_EDGE('',*,*,#499,.T.);
#499 = EDGE_CURVE('',#492,#500,#502,.T.);
#500 = VERTEX_POINT('',#501);
#501 = CARTESIAN_POINT('',(-0.7,2.527085,0.));
#502 = LINE('',#503,#504);
#503 = CARTESIAN_POINT('',(-0.7,2.085974,0.));
#504 = VECTOR('',#505,1.);
#505 = DIRECTION('',(0.,1.,0.));
#506 = ORIENTED_EDGE('',*,*,#507,.F.);
#507 = EDGE_CURVE('',#508,#500,#510,.T.);
#508 = VERTEX_POINT('',#509);
#509 = CARTESIAN_POINT('',(0.7,2.527085,0.));
#510 = LINE('',#511,#512);
#511 = CARTESIAN_POINT('',(0.7,2.527085,0.));
#512 = VECTOR('',#513,1.);
#513 = DIRECTION('',(-1.,-0.,-0.));
#514 = ORIENTED_EDGE('',*,*,#515,.F.);
#515 = EDGE_CURVE('',#460,#508,#516,.T.);
#516 = LINE('',#517,#518);
#517 = CARTESIAN_POINT('',(0.7,2.085974,0.));
#518 = VECTOR('',#519,1.);
#519 = DIRECTION('',(0.,1.,0.));
#520 = FACE_BOUND('',#521,.F.);
#521 = EDGE_LOOP('',(#522,#532,#540,#548,#556,#564,#572,#580));
#522 = ORIENTED_EDGE('',*,*,#523,.F.);
#523 = EDGE_CURVE('',#524,#526,#528,.T.);
#524 = VERTEX_POINT('',#525);
#525 = CARTESIAN_POINT('',(3.61,2.085974,0.));
#526 = VERTEX_POINT('',#527);
#527 = CARTESIAN_POINT('',(3.24,2.085974,0.));
#528 = LINE('',#529,#530);
#529 = CARTESIAN_POINT('',(3.61,2.085974,0.));
#530 = VECTOR('',#531,1.);
#531 = DIRECTION('',(-1.,-0.,-0.));
#532 = ORIENTED_EDGE('',*,*,#533,.T.);
#533 = EDGE_CURVE('',#524,#534,#536,.T.);
#534 = VERTEX_POINT('',#535);
#535 = CARTESIAN_POINT('',(3.61,-2.225654,0.));
#536 = LINE('',#537,#538);
#537 = CARTESIAN_POINT('',(3.61,2.085974,0.));
#538 = VECTOR('',#539,1.);
#539 = DIRECTION('',(0.,-1.,0.));
#540 = ORIENTED_EDGE('',*,*,#541,.T.);
#541 = EDGE_CURVE('',#534,#542,#544,.T.);
#542 = VERTEX_POINT('',#543);
#543 = CARTESIAN_POINT('',(1.47,-2.225654,0.));
#544 = LINE('',#545,#546);
#545 = CARTESIAN_POINT('',(3.61,-2.225654,0.));
#546 = VECTOR('',#547,1.);
#547 = DIRECTION('',(-1.,-0.,-0.));
#548 = ORIENTED_EDGE('',*,*,#549,.F.);
#549 = EDGE_CURVE('',#550,#542,#552,.T.);
#550 = VERTEX_POINT('',#551);
#551 = CARTESIAN_POINT('',(1.47,2.085974,0.));
#552 = LINE('',#553,#554);
#553 = CARTESIAN_POINT('',(1.47,2.085974,0.));
#554 = VECTOR('',#555,1.);
#555 = DIRECTION('',(0.,-1.,0.));
#556 = ORIENTED_EDGE('',*,*,#557,.F.);
#557 = EDGE_CURVE('',#558,#550,#560,.T.);
#558 = VERTEX_POINT('',#559);
#559 = CARTESIAN_POINT('',(1.84,2.085974,0.));
#560 = LINE('',#561,#562);
#561 = CARTESIAN_POINT('',(3.61,2.085974,0.));
#562 = VECTOR('',#563,1.);
#563 = DIRECTION('',(-1.,-0.,-0.));
#564 = ORIENTED_EDGE('',*,*,#565,.T.);
#565 = EDGE_CURVE('',#558,#566,#568,.T.);
#566 = VERTEX_POINT('',#567);
#567 = CARTESIAN_POINT('',(1.84,2.527085,0.));
#568 = LINE('',#569,#570);
#569 = CARTESIAN_POINT('',(1.84,2.085974,0.));
#570 = VECTOR('',#571,1.);
#571 = DIRECTION('',(0.,1.,0.));
#572 = ORIENTED_EDGE('',*,*,#573,.F.);
#573 = EDGE_CURVE('',#574,#566,#576,.T.);
#574 = VERTEX_POINT('',#575);
#575 = CARTESIAN_POINT('',(3.24,2.527085,0.));
#576 = LINE('',#577,#578);
#577 = CARTESIAN_POINT('',(3.24,2.527085,0.));
#578 = VECTOR('',#579,1.);
#579 = DIRECTION('',(-1.,-0.,-0.));
#580 = ORIENTED_EDGE('',*,*,#581,.F.);
#581 = EDGE_CURVE('',#526,#574,#582,.T.);
#582 = LINE('',#583,#584);
#583 = CARTESIAN_POINT('',(3.24,2.085974,0.));
#584 = VECTOR('',#585,1.);
#585 = DIRECTION('',(0.,1.,0.));
#586 = FACE_BOUND('',#587,.F.);
#587 = EDGE_LOOP('',(#588,#598,#606,#614,#622,#630,#638,#646));
#588 = ORIENTED_EDGE('',*,*,#589,.F.);
#589 = EDGE_CURVE('',#590,#592,#594,.T.);
#590 = VERTEX_POINT('',#591);
#591 = CARTESIAN_POINT('',(6.15,2.085974,0.));
#592 = VERTEX_POINT('',#593);
#593 = CARTESIAN_POINT('',(5.78,2.085974,0.));
#594 = LINE('',#595,#596);
#595 = CARTESIAN_POINT('',(6.15,2.085974,0.));
#596 = VECTOR('',#597,1.);
#597 = DIRECTION('',(-1.,-0.,-0.));
#598 = ORIENTED_EDGE('',*,*,#599,.T.);
#599 = EDGE_CURVE('',#590,#600,#602,.T.);
#600 = VERTEX_POINT('',#601);
#601 = CARTESIAN_POINT('',(6.15,-2.225654,0.));
#602 = LINE('',#603,#604);
#603 = CARTESIAN_POINT('',(6.15,2.085974,0.));
#604 = VECTOR('',#605,1.);
#605 = DIRECTION('',(0.,-1.,0.));
#606 = ORIENTED_EDGE('',*,*,#607,.T.);
#607 = EDGE_CURVE('',#600,#608,#610,.T.);
#608 = VERTEX_POINT('',#609);
#609 = CARTESIAN_POINT('',(4.01,-2.225654,0.));
#610 = LINE('',#611,#612);
#611 = CARTESIAN_POINT('',(6.15,-2.225654,0.));
#612 = VECTOR('',#613,1.);
#613 = DIRECTION('',(-1.,-0.,-0.));
#614 = ORIENTED_EDGE('',*,*,#615,.F.);
#615 = EDGE_CURVE('',#616,#608,#618,.T.);
#616 = VERTEX_POINT('',#617);
#617 = CARTESIAN_POINT('',(4.01,2.085974,0.));
#618 = LINE('',#619,#620);
#619 = CARTESIAN_POINT('',(4.01,2.085974,0.));
#620 = VECTOR('',#621,1.);
#621 = DIRECTION('',(0.,-1.,0.));
#622 = ORIENTED_EDGE('',*,*,#623,.F.);
#623 = EDGE_CURVE('',#624,#616,#626,.T.);
#624 = VERTEX_POINT('',#625);
#625 = CARTESIAN_POINT('',(4.38,2.085974,0.));
#626 = LINE('',#627,#628);
#627 = CARTESIAN_POINT('',(6.15,2.085974,0.));
#628 = VECTOR('',#629,1.);
#629 = DIRECTION('',(-1.,-0.,-0.));
#630 = ORIENTED_EDGE('',*,*,#631,.T.);
#631 = EDGE_CURVE('',#624,#632,#634,.T.);
#632 = VERTEX_POINT('',#633);
#633 = CARTESIAN_POINT('',(4.38,2.527085,0.));
#634 = LINE('',#635,#636);
#635 = CARTESIAN_POINT('',(4.38,2.085974,0.));
#636 = VECTOR('',#637,1.);
#637 = DIRECTION('',(0.,1.,0.));
#638 = ORIENTED_EDGE('',*,*,#639,.F.);
#639 = EDGE_CURVE('',#640,#632,#642,.T.);
#640 = VERTEX_POINT('',#641);
#641 = CARTESIAN_POINT('',(5.78,2.527085,0.));
#642 = LINE('',#643,#644);
#643 = CARTESIAN_POINT('',(5.78,2.527085,0.));
#644 = VECTOR('',#645,1.);
#645 = DIRECTION('',(-1.,-0.,-0.));
#646 = ORIENTED_EDGE('',*,*,#647,.F.);
#647 = EDGE_CURVE('',#592,#640,#648,.T.);
#648 = LINE('',#649,#650);
#649 = CARTESIAN_POINT('',(5.78,2.085974,0.));
#650 = VECTOR('',#651,1.);
#651 = DIRECTION('',(0.,1.,0.));
#652 = FACE_BOUND('',#653,.F.);
#653 = EDGE_LOOP('',(#654,#664,#672,#680,#688,#696,#704,#712));
#654 = ORIENTED_EDGE('',*,*,#655,.F.);
#655 = EDGE_CURVE('',#656,#658,#660,.T.);
#656 = VERTEX_POINT('',#657);
#657 = CARTESIAN_POINT('',(8.69,2.085974,0.));
#658 = VERTEX_POINT('',#659);
#659 = CARTESIAN_POINT('',(8.32,2.085974,0.));
#660 = LINE('',#661,#662);
#661 = CARTESIAN_POINT('',(8.69,2.085974,0.));
#662 = VECTOR('',#663,1.);
#663 = DIRECTION('',(-1.,-0.,-0.));
#664 = ORIENTED_EDGE('',*,*,#665,.T.);
#665 = EDGE_CURVE('',#656,#666,#668,.T.);
#666 = VERTEX_POINT('',#667);
#667 = CARTESIAN_POINT('',(8.69,-2.225654,0.));
#668 = LINE('',#669,#670);
#669 = CARTESIAN_POINT('',(8.69,2.085974,0.));
#670 = VECTOR('',#671,1.);
#671 = DIRECTION('',(0.,-1.,0.));
#672 = ORIENTED_EDGE('',*,*,#673,.T.);
#673 = EDGE_CURVE('',#666,#674,#676,.T.);
#674 = VERTEX_POINT('',#675);
#675 = CARTESIAN_POINT('',(6.55,-2.225654,0.));
#676 = LINE('',#677,#678);
#677 = CARTESIAN_POINT('',(8.69,-2.225654,0.));
#678 = VECTOR('',#679,1.);
#679 = DIRECTION('',(-1.,-0.,-0.));
#680 = ORIENTED_EDGE('',*,*,#681,.F.);
#681 = EDGE_CURVE('',#682,#674,#684,.T.);
#682 = VERTEX_POINT('',#683);
#683 = CARTESIAN_POINT('',(6.55,2.085974,0.));
#684 = LINE('',#685,#686);
#685 = CARTESIAN_POINT('',(6.55,2.085974,0.));
#686 = VECTOR('',#687,1.);
#687 = DIRECTION('',(0.,-1.,0.));
#688 = ORIENTED_EDGE('',*,*,#689,.F.);
#689 = EDGE_CURVE('',#690,#682,#692,.T.);
#690 = VERTEX_POINT('',#691);
#691 = CARTESIAN_POINT('',(6.92,2.085974,0.));
#692 = LINE('',#693,#694);
#693 = CARTESIAN_POINT('',(8.69,2.085974,0.));
#694 = VECTOR('',#695,1.);
#695 = DIRECTION('',(-1.,-0.,-0.));
#696 = ORIENTED_EDGE('',*,*,#697,.T.);
#697 = EDGE_CURVE('',#690,#698,#700,.T.);
#698 = VERTEX_POINT('',#699);
#699 = CARTESIAN_POINT('',(6.92,2.527085,0.));
#700 = LINE('',#701,#702);
#701 = CARTESIAN_POINT('',(6.92,2.085974,0.));
#702 = VECTOR('',#703,1.);
#703 = DIRECTION('',(0.,1.,0.));
#704 = ORIENTED_EDGE('',*,*,#705,.F.);
#705 = EDGE_CURVE('',#706,#698,#708,.T.);
#706 = VERTEX_POINT('',#707);
#707 = CARTESIAN_POINT('',(8.32,2.527085,0.));
#708 = LINE('',#709,#710);
#709 = CARTESIAN_POINT('',(8.32,2.527085,0.));
#710 = VECTOR('',#711,1.);
#711 = DIRECTION('',(-1.,-0.,-0.));
#712 = ORIENTED_EDGE('',*,*,#713,.F.);
#713 = EDGE_CURVE('',#658,#706,#714,.T.);
#714 = LINE('',#715,#716);
#715 = CARTESIAN_POINT('',(8.32,2.085974,0.));
#716 = VECTOR('',#717,1.);
#717 = DIRECTION('',(0.,1.,0.));
#718 = PLANE('',#719);
#719 = AXIS2_PLACEMENT_3D('',#720,#721,#722);
#720 = CARTESIAN_POINT('',(9.09,3.,4.4E-16));
#721 = DIRECTION('',(0.,-7.E-17,1.));
#722 = DIRECTION('',(0.,-1.,-7.E-17));
#723 = ADVANCED_FACE('',(#724),#775,.T.);
#724 = FACE_BOUND('',#725,.F.);
#725 = EDGE_LOOP('',(#726,#736,#744,#752,#760,#766,#767,#768));
#726 = ORIENTED_EDGE('',*,*,#727,.T.);
#727 = EDGE_CURVE('',#728,#730,#732,.T.);
#728 = VERTEX_POINT('',#729);
#729 = CARTESIAN_POINT('',(9.09,-3.,5.25));
#730 = VERTEX_POINT('',#731);
#731 = CARTESIAN_POINT('',(9.09,-2.4,5.25));
#732 = LINE('',#733,#734);
#733 = CARTESIAN_POINT('',(9.09,-3.,5.25));
#734 = VECTOR('',#735,1.);
#735 = DIRECTION('',(0.,1.,0.));
#736 = ORIENTED_EDGE('',*,*,#737,.T.);
#737 = EDGE_CURVE('',#730,#738,#740,.T.);
#738 = VERTEX_POINT('',#739);
#739 = CARTESIAN_POINT('',(9.09,-1.5,8.5));
#740 = LINE('',#741,#742);
#741 = CARTESIAN_POINT('',(9.09,-2.4,5.25));
#742 = VECTOR('',#743,1.);
#743 = DIRECTION('',(0.,0.266879082981,0.963730021877));
#744 = ORIENTED_EDGE('',*,*,#745,.T.);
#745 = EDGE_CURVE('',#738,#746,#748,.T.);
#746 = VERTEX_POINT('',#747);
#747 = CARTESIAN_POINT('',(9.09,1.5,8.5));
#748 = LINE('',#749,#750);
#749 = CARTESIAN_POINT('',(9.09,-1.5,8.5));
#750 = VECTOR('',#751,1.);
#751 = DIRECTION('',(0.,1.,0.));
#752 = ORIENTED_EDGE('',*,*,#753,.T.);
#753 = EDGE_CURVE('',#746,#754,#756,.T.);
#754 = VERTEX_POINT('',#755);
#755 = CARTESIAN_POINT('',(9.09,3.,3.15));
#756 = LINE('',#757,#758);
#757 = CARTESIAN_POINT('',(9.09,1.5,8.5));
#758 = VECTOR('',#759,1.);
#759 = DIRECTION('',(0.,0.269963692325,-0.962870502626));
#760 = ORIENTED_EDGE('',*,*,#761,.T.);
#761 = EDGE_CURVE('',#754,#433,#762,.T.);
#762 = LINE('',#763,#764);
#763 = CARTESIAN_POINT('',(9.09,3.,3.15));
#764 = VECTOR('',#765,1.);
#765 = DIRECTION('',(0.,0.,-1.));
#766 = ORIENTED_EDGE('',*,*,#449,.T.);
#767 = ORIENTED_EDGE('',*,*,#282,.T.);
#768 = ORIENTED_EDGE('',*,*,#769,.F.);
#769 = EDGE_CURVE('',#728,#275,#770,.T.);
#770 = CIRCLE('',#771,0.3);
#771 = AXIS2_PLACEMENT_3D('',#772,#773,#774);
#772 = CARTESIAN_POINT('',(9.09,-3.,4.95));
#773 = DIRECTION('',(1.,0.,0.));
#774 = DIRECTION('',(0.,1.,0.));
#775 = PLANE('',#776);
#776 = AXIS2_PLACEMENT_3D('',#777,#778,#779);
#777 = CARTESIAN_POINT('',(9.09,-0.182842852606,3.789288595895));
#778 = DIRECTION('',(1.,0.,0.));
#779 = DIRECTION('',(0.,0.,1.));
#780 = ADVANCED_FACE('',(#781),#832,.F.);
#781 = FACE_BOUND('',#782,.T.);
#782 = EDGE_LOOP('',(#783,#793,#801,#809,#817,#823,#824,#825));
#783 = ORIENTED_EDGE('',*,*,#784,.T.);
#784 = EDGE_CURVE('',#785,#787,#789,.T.);
#785 = VERTEX_POINT('',#786);
#786 = CARTESIAN_POINT('',(-1.47,-3.,5.25));
#787 = VERTEX_POINT('',#788);
#788 = CARTESIAN_POINT('',(-1.47,-2.4,5.25));
#789 = LINE('',#790,#791);
#790 = CARTESIAN_POINT('',(-1.47,-3.,5.25));
#791 = VECTOR('',#792,1.);
#792 = DIRECTION('',(0.,1.,0.));
#793 = ORIENTED_EDGE('',*,*,#794,.T.);
#794 = EDGE_CURVE('',#787,#795,#797,.T.);
#795 = VERTEX_POINT('',#796);
#796 = CARTESIAN_POINT('',(-1.47,-1.5,8.5));
#797 = LINE('',#798,#799);
#798 = CARTESIAN_POINT('',(-1.47,-2.4,5.25));
#799 = VECTOR('',#800,1.);
#800 = DIRECTION('',(0.,0.266879082981,0.963730021877));
#801 = ORIENTED_EDGE('',*,*,#802,.T.);
#802 = EDGE_CURVE('',#795,#803,#805,.T.);
#803 = VERTEX_POINT('',#804);
#804 = CARTESIAN_POINT('',(-1.47,1.5,8.5));
#805 = LINE('',#806,#807);
#806 = CARTESIAN_POINT('',(-1.47,-1.5,8.5));
#807 = VECTOR('',#808,1.);
#808 = DIRECTION('',(0.,1.,0.));
#809 = ORIENTED_EDGE('',*,*,#810,.T.);
#810 = EDGE_CURVE('',#803,#811,#813,.T.);
#811 = VERTEX_POINT('',#812);
#812 = CARTESIAN_POINT('',(-1.47,3.,3.15));
#813 = LINE('',#814,#815);
#814 = CARTESIAN_POINT('',(-1.47,1.5,8.5));
#815 = VECTOR('',#816,1.);
#816 = DIRECTION('',(0.,0.269963692325,-0.962870502626));
#817 = ORIENTED_EDGE('',*,*,#818,.T.);
#818 = EDGE_CURVE('',#811,#435,#819,.T.);
#819 = LINE('',#820,#821);
#820 = CARTESIAN_POINT('',(-1.47,3.,3.15));
#821 = VECTOR('',#822,1.);
#822 = DIRECTION('',(0.,0.,-1.));
#823 = ORIENTED_EDGE('',*,*,#442,.T.);
#824 = ORIENTED_EDGE('',*,*,#266,.T.);
#825 = ORIENTED_EDGE('',*,*,#826,.F.);
#826 = EDGE_CURVE('',#785,#267,#827,.T.);
#827 = CIRCLE('',#828,0.3);
#828 = AXIS2_PLACEMENT_3D('',#829,#830,#831);
#829 = CARTESIAN_POINT('',(-1.47,-3.,4.95));
#830 = DIRECTION('',(1.,0.,0.));
#831 = DIRECTION('',(0.,1.,0.));
#832 = PLANE('',#833);
#833 = AXIS2_PLACEMENT_3D('',#834,#835,#836);
#834 = CARTESIAN_POINT('',(-1.47,-0.182842852606,3.789288595895));
#835 = DIRECTION('',(1.,0.,0.));
#836 = DIRECTION('',(0.,0.,1.));
#837 = ADVANCED_FACE('',(#838),#849,.T.);
#838 = FACE_BOUND('',#839,.T.);
#839 = EDGE_LOOP('',(#840,#846,#847,#848));
#840 = ORIENTED_EDGE('',*,*,#841,.T.);
#841 = EDGE_CURVE('',#728,#785,#842,.T.);
#842 = LINE('',#843,#844);
#843 = CARTESIAN_POINT('',(9.09,-3.,5.25));
#844 = VECTOR('',#845,1.);
#845 = DIRECTION('',(-1.,-0.,-0.));
#846 = ORIENTED_EDGE('',*,*,#826,.T.);
#847 = ORIENTED_EDGE('',*,*,#274,.F.);
#848 = ORIENTED_EDGE('',*,*,#769,.F.);
#849 = CYLINDRICAL_SURFACE('',#850,0.3);
#850 = AXIS2_PLACEMENT_3D('',#851,#852,#853);
#851 = CARTESIAN_POINT('',(9.09,-3.,4.95));
#852 = DIRECTION('',(1.,0.,0.));
#853 = DIRECTION('',(0.,1.,0.));
#854 = ADVANCED_FACE('',(#855),#880,.F.);
#855 = FACE_BOUND('',#856,.T.);
#856 = EDGE_LOOP('',(#857,#865,#873,#879));
#857 = ORIENTED_EDGE('',*,*,#858,.T.);
#858 = EDGE_CURVE('',#293,#859,#861,.T.);
#859 = VERTEX_POINT('',#860);
#860 = CARTESIAN_POINT('',(0.67,-2.5,1.532840329046));
#861 = LINE('',#862,#863);
#862 = CARTESIAN_POINT('',(0.857111111111,-2.874222222222,1.065062551269
    ));
#863 = VECTOR('',#864,1.);
#864 = DIRECTION('',(-0.298142397,0.596284794,0.7453559925));
#865 = ORIENTED_EDGE('',*,*,#866,.F.);
#866 = EDGE_CURVE('',#867,#859,#869,.T.);
#867 = VERTEX_POINT('',#868);
#868 = CARTESIAN_POINT('',(-0.67,-2.5,1.532840329046));
#869 = LINE('',#870,#871);
#870 = CARTESIAN_POINT('',(-0.67,-2.5,1.532840329046));
#871 = VECTOR('',#872,1.);
#872 = DIRECTION('',(1.,0.,0.));
#873 = ORIENTED_EDGE('',*,*,#874,.F.);
#874 = EDGE_CURVE('',#291,#867,#875,.T.);
#875 = LINE('',#876,#877);
#876 = CARTESIAN_POINT('',(-0.805555555556,-2.771111111111,
    1.193951440157));
#877 = VECTOR('',#878,1.);
#878 = DIRECTION('',(0.298142397,0.596284794,0.7453559925));
#879 = ORIENTED_EDGE('',*,*,#290,.T.);
#880 = PLANE('',#881);
#881 = AXIS2_PLACEMENT_3D('',#882,#883,#884);
#882 = CARTESIAN_POINT('',(-0.67,-2.9,1.032840329046));
#883 = DIRECTION('',(0.,0.780868809443,-0.624695047554));
#884 = DIRECTION('',(-1.,-0.,-0.));
#885 = ADVANCED_FACE('',(#886),#904,.F.);
#886 = FACE_BOUND('',#887,.T.);
#887 = EDGE_LOOP('',(#888,#889,#890,#898));
#888 = ORIENTED_EDGE('',*,*,#858,.F.);
#889 = ORIENTED_EDGE('',*,*,#300,.T.);
#890 = ORIENTED_EDGE('',*,*,#891,.T.);
#891 = EDGE_CURVE('',#301,#892,#894,.T.);
#892 = VERTEX_POINT('',#893);
#893 = CARTESIAN_POINT('',(0.67,-2.5,3.132840329046));
#894 = LINE('',#895,#896);
#895 = CARTESIAN_POINT('',(0.529420289855,-2.21884057971,2.640811343539)
  );
#896 = VECTOR('',#897,1.);
#897 = DIRECTION('',(-0.240771706172,0.481543412343,-0.8427009716));
#898 = ORIENTED_EDGE('',*,*,#899,.F.);
#899 = EDGE_CURVE('',#859,#892,#900,.T.);
#900 = LINE('',#901,#902);
#901 = CARTESIAN_POINT('',(0.67,-2.5,0.532840329046));
#902 = VECTOR('',#903,1.);
#903 = DIRECTION('',(0.,9.E-17,1.));
#904 = PLANE('',#905);
#905 = AXIS2_PLACEMENT_3D('',#906,#907,#908);
#906 = CARTESIAN_POINT('',(0.87,-2.9,0.532840329046));
#907 = DIRECTION('',(0.894427191,0.4472135955,-4.179956513587E-17));
#908 = DIRECTION('',(-1.386667629497E-18,-9.069333381475E-17,-1.));
#909 = ADVANCED_FACE('',(#910),#928,.T.);
#910 = FACE_BOUND('',#911,.T.);
#911 = EDGE_LOOP('',(#912,#920,#921,#922));
#912 = ORIENTED_EDGE('',*,*,#913,.F.);
#913 = EDGE_CURVE('',#309,#914,#916,.T.);
#914 = VERTEX_POINT('',#915);
#915 = CARTESIAN_POINT('',(-0.67,-2.5,3.132840329046));
#916 = LINE('',#917,#918);
#917 = CARTESIAN_POINT('',(-0.896376811594,-2.952753623188,
    3.925159169626));
#918 = VECTOR('',#919,1.);
#919 = DIRECTION('',(0.240771706172,0.481543412343,-0.8427009716));
#920 = ORIENTED_EDGE('',*,*,#316,.T.);
#921 = ORIENTED_EDGE('',*,*,#874,.T.);
#922 = ORIENTED_EDGE('',*,*,#923,.F.);
#923 = EDGE_CURVE('',#914,#867,#924,.T.);
#924 = LINE('',#925,#926);
#925 = CARTESIAN_POINT('',(-0.67,-2.5,3.132840329046));
#926 = VECTOR('',#927,1.);
#927 = DIRECTION('',(0.,-9.E-17,-1.));
#928 = PLANE('',#929);
#929 = AXIS2_PLACEMENT_3D('',#930,#931,#932);
#930 = CARTESIAN_POINT('',(-0.92579471366,-3.011589427321,2.512761325567
    ));
#931 = DIRECTION('',(0.894427191,-0.4472135955,0.));
#932 = DIRECTION('',(0.4472135955,0.894427191,0.));
#933 = ADVANCED_FACE('',(#934),#945,.F.);
#934 = FACE_BOUND('',#935,.T.);
#935 = EDGE_LOOP('',(#936,#937,#938,#939));
#936 = ORIENTED_EDGE('',*,*,#891,.F.);
#937 = ORIENTED_EDGE('',*,*,#308,.T.);
#938 = ORIENTED_EDGE('',*,*,#913,.T.);
#939 = ORIENTED_EDGE('',*,*,#940,.F.);
#940 = EDGE_CURVE('',#892,#914,#941,.T.);
#941 = LINE('',#942,#943);
#942 = CARTESIAN_POINT('',(0.67,-2.5,3.132840329046));
#943 = VECTOR('',#944,1.);
#944 = DIRECTION('',(-1.,0.,0.));
#945 = PLANE('',#946);
#946 = AXIS2_PLACEMENT_3D('',#947,#948,#949);
#947 = CARTESIAN_POINT('',(0.67,-2.9,3.832840329046));
#948 = DIRECTION('',(0.,0.868243142124,0.496138938357));
#949 = DIRECTION('',(1.,0.,0.));
#950 = ADVANCED_FACE('',(#951),#967,.T.);
#951 = FACE_BOUND('',#952,.T.);
#952 = EDGE_LOOP('',(#953,#959,#960,#966));
#953 = ORIENTED_EDGE('',*,*,#954,.F.);
#954 = EDGE_CURVE('',#325,#234,#955,.T.);
#955 = LINE('',#956,#957);
#956 = CARTESIAN_POINT('',(1.643623188406,-2.952753623188,3.925159169626
    ));
#957 = VECTOR('',#958,1.);
#958 = DIRECTION('',(0.240771706172,0.481543412343,-0.8427009716));
#959 = ORIENTED_EDGE('',*,*,#324,.T.);
#960 = ORIENTED_EDGE('',*,*,#961,.T.);
#961 = EDGE_CURVE('',#327,#196,#962,.T.);
#962 = LINE('',#963,#964);
#963 = CARTESIAN_POINT('',(1.734444444444,-2.771111111111,1.193951440157
    ));
#964 = VECTOR('',#965,1.);
#965 = DIRECTION('',(0.298142397,0.596284794,0.7453559925));
#966 = ORIENTED_EDGE('',*,*,#241,.F.);
#967 = PLANE('',#968);
#968 = AXIS2_PLACEMENT_3D('',#969,#970,#971);
#969 = CARTESIAN_POINT('',(1.61420528634,-3.011589427321,2.512761325567)
  );
#970 = DIRECTION('',(0.894427191,-0.4472135955,0.));
#971 = DIRECTION('',(0.4472135955,0.894427191,0.));
#972 = ADVANCED_FACE('',(#973),#996,.F.);
#973 = FACE_BOUND('',#974,.T.);
#974 = EDGE_LOOP('',(#975,#981,#982,#990));
#975 = ORIENTED_EDGE('',*,*,#976,.F.);
#976 = EDGE_CURVE('',#335,#204,#977,.T.);
#977 = LINE('',#978,#979);
#978 = CARTESIAN_POINT('',(3.397111111111,-2.874222222222,1.065062551269
    ));
#979 = VECTOR('',#980,1.);
#980 = DIRECTION('',(-0.298142397,0.596284794,0.7453559925));
#981 = ORIENTED_EDGE('',*,*,#342,.T.);
#982 = ORIENTED_EDGE('',*,*,#983,.T.);
#983 = EDGE_CURVE('',#343,#984,#986,.T.);
#984 = VERTEX_POINT('',#985);
#985 = CARTESIAN_POINT('',(3.21,-2.5,3.132840329046));
#986 = LINE('',#987,#988);
#987 = CARTESIAN_POINT('',(3.069420289855,-2.21884057971,2.640811343539)
  );
#988 = VECTOR('',#989,1.);
#989 = DIRECTION('',(-0.240771706172,0.481543412343,-0.8427009716));
#990 = ORIENTED_EDGE('',*,*,#991,.F.);
#991 = EDGE_CURVE('',#204,#984,#992,.T.);
#992 = LINE('',#993,#994);
#993 = CARTESIAN_POINT('',(3.21,-2.5,0.532840329046));
#994 = VECTOR('',#995,1.);
#995 = DIRECTION('',(0.,9.E-17,1.));
#996 = PLANE('',#997);
#997 = AXIS2_PLACEMENT_3D('',#998,#999,#1000);
#998 = CARTESIAN_POINT('',(3.41,-2.9,0.532840329046));
#999 = DIRECTION('',(0.894427191,0.4472135955,-4.179956513587E-17));
#1000 = DIRECTION('',(-1.386667629497E-18,-9.069333381475E-17,-1.));
#1001 = ADVANCED_FACE('',(#1002),#1018,.T.);
#1002 = FACE_BOUND('',#1003,.T.);
#1003 = EDGE_LOOP('',(#1004,#1010,#1011,#1017));
#1004 = ORIENTED_EDGE('',*,*,#1005,.F.);
#1005 = EDGE_CURVE('',#359,#163,#1006,.T.);
#1006 = LINE('',#1007,#1008);
#1007 = CARTESIAN_POINT('',(4.183623188406,-2.952753623188,
    3.925159169626));
#1008 = VECTOR('',#1009,1.);
#1009 = DIRECTION('',(0.240771706172,0.481543412343,-0.8427009716));
#1010 = ORIENTED_EDGE('',*,*,#358,.T.);
#1011 = ORIENTED_EDGE('',*,*,#1012,.T.);
#1012 = EDGE_CURVE('',#361,#125,#1013,.T.);
#1013 = LINE('',#1014,#1015);
#1014 = CARTESIAN_POINT('',(4.274444444444,-2.771111111111,
    1.193951440157));
#1015 = VECTOR('',#1016,1.);
#1016 = DIRECTION('',(0.298142397,0.596284794,0.7453559925));
#1017 = ORIENTED_EDGE('',*,*,#170,.F.);
#1018 = PLANE('',#1019);
#1019 = AXIS2_PLACEMENT_3D('',#1020,#1021,#1022);
#1020 = CARTESIAN_POINT('',(4.15420528634,-3.011589427321,2.512761325567
    ));
#1021 = DIRECTION('',(0.894427191,-0.4472135955,0.));
#1022 = DIRECTION('',(0.4472135955,0.894427191,0.));
#1023 = ADVANCED_FACE('',(#1024),#1047,.F.);
#1024 = FACE_BOUND('',#1025,.T.);
#1025 = EDGE_LOOP('',(#1026,#1032,#1033,#1041));
#1026 = ORIENTED_EDGE('',*,*,#1027,.F.);
#1027 = EDGE_CURVE('',#369,#133,#1028,.T.);
#1028 = LINE('',#1029,#1030);
#1029 = CARTESIAN_POINT('',(5.937111111111,-2.874222222222,
    1.065062551269));
#1030 = VECTOR('',#1031,1.);
#1031 = DIRECTION('',(-0.298142397,0.596284794,0.7453559925));
#1032 = ORIENTED_EDGE('',*,*,#376,.T.);
#1033 = ORIENTED_EDGE('',*,*,#1034,.T.);
#1034 = EDGE_CURVE('',#377,#1035,#1037,.T.);
#1035 = VERTEX_POINT('',#1036);
#1036 = CARTESIAN_POINT('',(5.75,-2.5,3.132840329046));
#1037 = LINE('',#1038,#1039);
#1038 = CARTESIAN_POINT('',(5.609420289855,-2.21884057971,2.640811343539
    ));
#1039 = VECTOR('',#1040,1.);
#1040 = DIRECTION('',(-0.240771706172,0.481543412343,-0.8427009716));
#1041 = ORIENTED_EDGE('',*,*,#1042,.F.);
#1042 = EDGE_CURVE('',#133,#1035,#1043,.T.);
#1043 = LINE('',#1044,#1045);
#1044 = CARTESIAN_POINT('',(5.75,-2.5,0.532840329046));
#1045 = VECTOR('',#1046,1.);
#1046 = DIRECTION('',(0.,9.E-17,1.));
#1047 = PLANE('',#1048);
#1048 = AXIS2_PLACEMENT_3D('',#1049,#1050,#1051);
#1049 = CARTESIAN_POINT('',(5.95,-2.9,0.532840329046));
#1050 = DIRECTION('',(0.894427191,0.4472135955,-4.179956513587E-17));
#1051 = DIRECTION('',(-1.386667629497E-18,-9.069333381475E-17,-1.));
#1052 = ADVANCED_FACE('',(#1053),#1069,.T.);
#1053 = FACE_BOUND('',#1054,.T.);
#1054 = EDGE_LOOP('',(#1055,#1061,#1062,#1068));
#1055 = ORIENTED_EDGE('',*,*,#1056,.F.);
#1056 = EDGE_CURVE('',#393,#92,#1057,.T.);
#1057 = LINE('',#1058,#1059);
#1058 = CARTESIAN_POINT('',(6.723623188406,-2.952753623188,
    3.925159169626));
#1059 = VECTOR('',#1060,1.);
#1060 = DIRECTION('',(0.240771706172,0.481543412343,-0.8427009716));
#1061 = ORIENTED_EDGE('',*,*,#392,.T.);
#1062 = ORIENTED_EDGE('',*,*,#1063,.T.);
#1063 = EDGE_CURVE('',#395,#54,#1064,.T.);
#1064 = LINE('',#1065,#1066);
#1065 = CARTESIAN_POINT('',(6.814444444444,-2.771111111111,
    1.193951440157));
#1066 = VECTOR('',#1067,1.);
#1067 = DIRECTION('',(0.298142397,0.596284794,0.7453559925));
#1068 = ORIENTED_EDGE('',*,*,#99,.F.);
#1069 = PLANE('',#1070);
#1070 = AXIS2_PLACEMENT_3D('',#1071,#1072,#1073);
#1071 = CARTESIAN_POINT('',(6.69420528634,-3.011589427321,2.512761325567
    ));
#1072 = DIRECTION('',(0.894427191,-0.4472135955,0.));
#1073 = DIRECTION('',(0.4472135955,0.894427191,0.));
#1074 = ADVANCED_FACE('',(#1075),#1098,.F.);
#1075 = FACE_BOUND('',#1076,.T.);
#1076 = EDGE_LOOP('',(#1077,#1083,#1084,#1092));
#1077 = ORIENTED_EDGE('',*,*,#1078,.F.);
#1078 = EDGE_CURVE('',#403,#62,#1079,.T.);
#1079 = LINE('',#1080,#1081);
#1080 = CARTESIAN_POINT('',(8.477111111111,-2.874222222222,
    1.065062551269));
#1081 = VECTOR('',#1082,1.);
#1082 = DIRECTION('',(-0.298142397,0.596284794,0.7453559925));
#1083 = ORIENTED_EDGE('',*,*,#410,.T.);
#1084 = ORIENTED_EDGE('',*,*,#1085,.T.);
#1085 = EDGE_CURVE('',#411,#1086,#1088,.T.);
#1086 = VERTEX_POINT('',#1087);
#1087 = CARTESIAN_POINT('',(8.29,-2.5,3.132840329046));
#1088 = LINE('',#1089,#1090);
#1089 = CARTESIAN_POINT('',(8.149420289855,-2.21884057971,2.640811343539
    ));
#1090 = VECTOR('',#1091,1.);
#1091 = DIRECTION('',(-0.240771706172,0.481543412343,-0.8427009716));
#1092 = ORIENTED_EDGE('',*,*,#1093,.F.);
#1093 = EDGE_CURVE('',#62,#1086,#1094,.T.);
#1094 = LINE('',#1095,#1096);
#1095 = CARTESIAN_POINT('',(8.29,-2.5,0.532840329046));
#1096 = VECTOR('',#1097,1.);
#1097 = DIRECTION('',(0.,9.E-17,1.));
#1098 = PLANE('',#1099);
#1099 = AXIS2_PLACEMENT_3D('',#1100,#1101,#1102);
#1100 = CARTESIAN_POINT('',(8.49,-2.9,0.532840329046));
#1101 = DIRECTION('',(0.894427191,0.4472135955,-4.179956513587E-17));
#1102 = DIRECTION('',(-1.386667629497E-18,-9.069333381475E-17,-1.));
#1103 = ADVANCED_FACE('',(#1104),#1243,.F.);
#1104 = FACE_BOUND('',#1105,.F.);
#1105 = EDGE_LOOP('',(#1106,#1107,#1115,#1123,#1131,#1139,#1147,#1155,
    #1163,#1171,#1179,#1187,#1195,#1203,#1211,#1219,#1227,#1235,#1241,
    #1242));
#1106 = ORIENTED_EDGE('',*,*,#761,.F.);
#1107 = ORIENTED_EDGE('',*,*,#1108,.T.);
#1108 = EDGE_CURVE('',#754,#1109,#1111,.T.);
#1109 = VERTEX_POINT('',#1110);
#1110 = CARTESIAN_POINT('',(8.32,3.,3.15));
#1111 = LINE('',#1112,#1113);
#1112 = CARTESIAN_POINT('',(9.09,3.,3.15));
#1113 = VECTOR('',#1114,1.);
#1114 = DIRECTION('',(-1.,-0.,-0.));
#1115 = ORIENTED_EDGE('',*,*,#1116,.F.);
#1116 = EDGE_CURVE('',#1117,#1109,#1119,.T.);
#1117 = VERTEX_POINT('',#1118);
#1118 = CARTESIAN_POINT('',(8.32,3.,1.5091518));
#1119 = LINE('',#1120,#1121);
#1120 = CARTESIAN_POINT('',(8.32,3.,2.823773498156));
#1121 = VECTOR('',#1122,1.);
#1122 = DIRECTION('',(0.,0.,1.));
#1123 = ORIENTED_EDGE('',*,*,#1124,.F.);
#1124 = EDGE_CURVE('',#1125,#1117,#1127,.T.);
#1125 = VERTEX_POINT('',#1126);
#1126 = CARTESIAN_POINT('',(6.92,3.,1.5091518));
#1127 = LINE('',#1128,#1129);
#1128 = CARTESIAN_POINT('',(8.705,3.,1.5091518));
#1129 = VECTOR('',#1130,1.);
#1130 = DIRECTION('',(1.,0.,0.));
#1131 = ORIENTED_EDGE('',*,*,#1132,.T.);
#1132 = EDGE_CURVE('',#1125,#1133,#1135,.T.);
#1133 = VERTEX_POINT('',#1134);
#1134 = CARTESIAN_POINT('',(6.92,3.,3.15));
#1135 = LINE('',#1136,#1137);
#1136 = CARTESIAN_POINT('',(6.92,3.,2.823773498156));
#1137 = VECTOR('',#1138,1.);
#1138 = DIRECTION('',(0.,0.,1.));
#1139 = ORIENTED_EDGE('',*,*,#1140,.T.);
#1140 = EDGE_CURVE('',#1133,#1141,#1143,.T.);
#1141 = VERTEX_POINT('',#1142);
#1142 = CARTESIAN_POINT('',(5.78,3.,3.15));
#1143 = LINE('',#1144,#1145);
#1144 = CARTESIAN_POINT('',(9.09,3.,3.15));
#1145 = VECTOR('',#1146,1.);
#1146 = DIRECTION('',(-1.,-0.,-0.));
#1147 = ORIENTED_EDGE('',*,*,#1148,.F.);
#1148 = EDGE_CURVE('',#1149,#1141,#1151,.T.);
#1149 = VERTEX_POINT('',#1150);
#1150 = CARTESIAN_POINT('',(5.78,3.,1.5091518));
#1151 = LINE('',#1152,#1153);
#1152 = CARTESIAN_POINT('',(5.78,3.,2.823773498156));
#1153 = VECTOR('',#1154,1.);
#1154 = DIRECTION('',(0.,0.,1.));
#1155 = ORIENTED_EDGE('',*,*,#1156,.F.);
#1156 = EDGE_CURVE('',#1157,#1149,#1159,.T.);
#1157 = VERTEX_POINT('',#1158);
#1158 = CARTESIAN_POINT('',(4.38,3.,1.5091518));
#1159 = LINE('',#1160,#1161);
#1160 = CARTESIAN_POINT('',(7.435,3.,1.5091518));
#1161 = VECTOR('',#1162,1.);
#1162 = DIRECTION('',(1.,0.,0.));
#1163 = ORIENTED_EDGE('',*,*,#1164,.T.);
#1164 = EDGE_CURVE('',#1157,#1165,#1167,.T.);
#1165 = VERTEX_POINT('',#1166);
#1166 = CARTESIAN_POINT('',(4.38,3.,3.15));
#1167 = LINE('',#1168,#1169);
#1168 = CARTESIAN_POINT('',(4.38,3.,2.823773498156));
#1169 = VECTOR('',#1170,1.);
#1170 = DIRECTION('',(0.,0.,1.));
#1171 = ORIENTED_EDGE('',*,*,#1172,.T.);
#1172 = EDGE_CURVE('',#1165,#1173,#1175,.T.);
#1173 = VERTEX_POINT('',#1174);
#1174 = CARTESIAN_POINT('',(3.24,3.,3.15));
#1175 = LINE('',#1176,#1177);
#1176 = CARTESIAN_POINT('',(9.09,3.,3.15));
#1177 = VECTOR('',#1178,1.);
#1178 = DIRECTION('',(-1.,-0.,-0.));
#1179 = ORIENTED_EDGE('',*,*,#1180,.F.);
#1180 = EDGE_CURVE('',#1181,#1173,#1183,.T.);
#1181 = VERTEX_POINT('',#1182);
#1182 = CARTESIAN_POINT('',(3.24,3.,1.5091518));
#1183 = LINE('',#1184,#1185);
#1184 = CARTESIAN_POINT('',(3.24,3.,2.823773498156));
#1185 = VECTOR('',#1186,1.);
#1186 = DIRECTION('',(0.,0.,1.));
#1187 = ORIENTED_EDGE('',*,*,#1188,.F.);
#1188 = EDGE_CURVE('',#1189,#1181,#1191,.T.);
#1189 = VERTEX_POINT('',#1190);
#1190 = CARTESIAN_POINT('',(1.84,3.,1.5091518));
#1191 = LINE('',#1192,#1193);
#1192 = CARTESIAN_POINT('',(6.165,3.,1.5091518));
#1193 = VECTOR('',#1194,1.);
#1194 = DIRECTION('',(1.,0.,0.));
#1195 = ORIENTED_EDGE('',*,*,#1196,.T.);
#1196 = EDGE_CURVE('',#1189,#1197,#1199,.T.);
#1197 = VERTEX_POINT('',#1198);
#1198 = CARTESIAN_POINT('',(1.84,3.,3.15));
#1199 = LINE('',#1200,#1201);
#1200 = CARTESIAN_POINT('',(1.84,3.,2.823773498156));
#1201 = VECTOR('',#1202,1.);
#1202 = DIRECTION('',(0.,0.,1.));
#1203 = ORIENTED_EDGE('',*,*,#1204,.T.);
#1204 = EDGE_CURVE('',#1197,#1205,#1207,.T.);
#1205 = VERTEX_POINT('',#1206);
#1206 = CARTESIAN_POINT('',(0.7,3.,3.15));
#1207 = LINE('',#1208,#1209);
#1208 = CARTESIAN_POINT('',(9.09,3.,3.15));
#1209 = VECTOR('',#1210,1.);
#1210 = DIRECTION('',(-1.,-0.,-0.));
#1211 = ORIENTED_EDGE('',*,*,#1212,.F.);
#1212 = EDGE_CURVE('',#1213,#1205,#1215,.T.);
#1213 = VERTEX_POINT('',#1214);
#1214 = CARTESIAN_POINT('',(0.7,3.,1.5091518));
#1215 = LINE('',#1216,#1217);
#1216 = CARTESIAN_POINT('',(0.7,3.,2.823773498156));
#1217 = VECTOR('',#1218,1.);
#1218 = DIRECTION('',(0.,0.,1.));
#1219 = ORIENTED_EDGE('',*,*,#1220,.F.);
#1220 = EDGE_CURVE('',#1221,#1213,#1223,.T.);
#1221 = VERTEX_POINT('',#1222);
#1222 = CARTESIAN_POINT('',(-0.7,3.,1.5091518));
#1223 = LINE('',#1224,#1225);
#1224 = CARTESIAN_POINT('',(4.895,3.,1.5091518));
#1225 = VECTOR('',#1226,1.);
#1226 = DIRECTION('',(1.,0.,0.));
#1227 = ORIENTED_EDGE('',*,*,#1228,.T.);
#1228 = EDGE_CURVE('',#1221,#1229,#1231,.T.);
#1229 = VERTEX_POINT('',#1230);
#1230 = CARTESIAN_POINT('',(-0.7,3.,3.15));
#1231 = LINE('',#1232,#1233);
#1232 = CARTESIAN_POINT('',(-0.7,3.,2.823773498156));
#1233 = VECTOR('',#1234,1.);
#1234 = DIRECTION('',(0.,0.,1.));
#1235 = ORIENTED_EDGE('',*,*,#1236,.T.);
#1236 = EDGE_CURVE('',#1229,#811,#1237,.T.);
#1237 = LINE('',#1238,#1239);
#1238 = CARTESIAN_POINT('',(9.09,3.,3.15));
#1239 = VECTOR('',#1240,1.);
#1240 = DIRECTION('',(-1.,-0.,-0.));
#1241 = ORIENTED_EDGE('',*,*,#818,.T.);
#1242 = ORIENTED_EDGE('',*,*,#432,.F.);
#1243 = PLANE('',#1244);
#1244 = AXIS2_PLACEMENT_3D('',#1245,#1246,#1247);
#1245 = CARTESIAN_POINT('',(9.09,3.,3.15));
#1246 = DIRECTION('',(0.,-1.,0.));
#1247 = DIRECTION('',(0.,0.,-1.));
#1248 = ADVANCED_FACE('',(#1249),#1297,.T.);
#1249 = FACE_BOUND('',#1250,.T.);
#1250 = EDGE_LOOP('',(#1251,#1259,#1267,#1273,#1274,#1282,#1290,#1296));
#1251 = ORIENTED_EDGE('',*,*,#1252,.F.);
#1252 = EDGE_CURVE('',#1253,#458,#1255,.T.);
#1253 = VERTEX_POINT('',#1254);
#1254 = CARTESIAN_POINT('',(1.07,2.085974,4.594855));
#1255 = LINE('',#1256,#1257);
#1256 = CARTESIAN_POINT('',(1.07,2.085974,4.594855));
#1257 = VECTOR('',#1258,1.);
#1258 = DIRECTION('',(0.,0.,-1.));
#1259 = ORIENTED_EDGE('',*,*,#1260,.T.);
#1260 = EDGE_CURVE('',#1253,#1261,#1263,.T.);
#1261 = VERTEX_POINT('',#1262);
#1262 = CARTESIAN_POINT('',(-1.07,2.085974,4.594855));
#1263 = LINE('',#1264,#1265);
#1264 = CARTESIAN_POINT('',(1.07,2.085974,4.594855));
#1265 = VECTOR('',#1266,1.);
#1266 = DIRECTION('',(-1.,-0.,-0.));
#1267 = ORIENTED_EDGE('',*,*,#1268,.T.);
#1268 = EDGE_CURVE('',#1261,#484,#1269,.T.);
#1269 = LINE('',#1270,#1271);
#1270 = CARTESIAN_POINT('',(-1.07,2.085974,4.594855));
#1271 = VECTOR('',#1272,1.);
#1272 = DIRECTION('',(0.,0.,-1.));
#1273 = ORIENTED_EDGE('',*,*,#491,.F.);
#1274 = ORIENTED_EDGE('',*,*,#1275,.F.);
#1275 = EDGE_CURVE('',#1276,#492,#1278,.T.);
#1276 = VERTEX_POINT('',#1277);
#1277 = CARTESIAN_POINT('',(-0.7,2.085974,3.7725668));
#1278 = LINE('',#1279,#1280);
#1279 = CARTESIAN_POINT('',(-0.7,2.085974,3.7725668));
#1280 = VECTOR('',#1281,1.);
#1281 = DIRECTION('',(0.,0.,-1.));
#1282 = ORIENTED_EDGE('',*,*,#1283,.F.);
#1283 = EDGE_CURVE('',#1284,#1276,#1286,.T.);
#1284 = VERTEX_POINT('',#1285);
#1285 = CARTESIAN_POINT('',(0.7,2.085974,3.7725668));
#1286 = LINE('',#1287,#1288);
#1287 = CARTESIAN_POINT('',(0.7,2.085974,3.7725668));
#1288 = VECTOR('',#1289,1.);
#1289 = DIRECTION('',(-1.,-0.,-0.));
#1290 = ORIENTED_EDGE('',*,*,#1291,.T.);
#1291 = EDGE_CURVE('',#1284,#460,#1292,.T.);
#1292 = LINE('',#1293,#1294);
#1293 = CARTESIAN_POINT('',(0.7,2.085974,3.7725668));
#1294 = VECTOR('',#1295,1.);
#1295 = DIRECTION('',(0.,0.,-1.));
#1296 = ORIENTED_EDGE('',*,*,#457,.F.);
#1297 = PLANE('',#1298);
#1298 = AXIS2_PLACEMENT_3D('',#1299,#1300,#1301);
#1299 = CARTESIAN_POINT('',(1.07,2.085974,4.594855));
#1300 = DIRECTION('',(0.,-1.,0.));
#1301 = DIRECTION('',(0.,0.,-1.));
#1302 = ADVANCED_FACE('',(#1303),#1361,.F.);
#1303 = FACE_BOUND('',#1304,.T.);
#1304 = EDGE_LOOP('',(#1305,#1313,#1321,#1329,#1337,#1345,#1353,#1359,
    #1360));
#1305 = ORIENTED_EDGE('',*,*,#1306,.T.);
#1306 = EDGE_CURVE('',#468,#1307,#1309,.T.);
#1307 = VERTEX_POINT('',#1308);
#1308 = CARTESIAN_POINT('',(1.07,-2.016232,1.330337));
#1309 = LINE('',#1310,#1311);
#1310 = CARTESIAN_POINT('',(1.07,-2.225654,0.));
#1311 = VECTOR('',#1312,1.);
#1312 = DIRECTION('',(0.,0.155505255414,0.987835064947));
#1313 = ORIENTED_EDGE('',*,*,#1314,.T.);
#1314 = EDGE_CURVE('',#1307,#1315,#1317,.T.);
#1315 = VERTEX_POINT('',#1316);
#1316 = CARTESIAN_POINT('',(1.07,-2.016232,3.7725));
#1317 = LINE('',#1318,#1319);
#1318 = CARTESIAN_POINT('',(1.07,-2.016232,1.330337));
#1319 = VECTOR('',#1320,1.);
#1320 = DIRECTION('',(0.,0.,1.));
#1321 = ORIENTED_EDGE('',*,*,#1322,.T.);
#1322 = EDGE_CURVE('',#1315,#1323,#1325,.T.);
#1323 = VERTEX_POINT('',#1324);
#1324 = CARTESIAN_POINT('',(1.07,-1.64713,3.7725));
#1325 = LINE('',#1326,#1327);
#1326 = CARTESIAN_POINT('',(1.07,-2.016232,3.7725));
#1327 = VECTOR('',#1328,1.);
#1328 = DIRECTION('',(0.,1.,0.));
#1329 = ORIENTED_EDGE('',*,*,#1330,.T.);
#1330 = EDGE_CURVE('',#1323,#1331,#1333,.T.);
#1331 = VERTEX_POINT('',#1332);
#1332 = CARTESIAN_POINT('',(1.07,-1.64713,6.504291));
#1333 = LINE('',#1334,#1335);
#1334 = CARTESIAN_POINT('',(1.07,-1.64713,3.7725));
#1335 = VECTOR('',#1336,1.);
#1336 = DIRECTION('',(0.,0.,1.));
#1337 = ORIENTED_EDGE('',*,*,#1338,.T.);
#1338 = EDGE_CURVE('',#1331,#1339,#1341,.T.);
#1339 = VERTEX_POINT('',#1340);
#1340 = CARTESIAN_POINT('',(1.07,1.630173,6.504291));
#1341 = LINE('',#1342,#1343);
#1342 = CARTESIAN_POINT('',(1.07,-1.64713,6.504291));
#1343 = VECTOR('',#1344,1.);
#1344 = DIRECTION('',(0.,1.,0.));
#1345 = ORIENTED_EDGE('',*,*,#1346,.T.);
#1346 = EDGE_CURVE('',#1339,#1347,#1349,.T.);
#1347 = VERTEX_POINT('',#1348);
#1348 = CARTESIAN_POINT('',(1.07,1.630173,6.011533));
#1349 = LINE('',#1350,#1351);
#1350 = CARTESIAN_POINT('',(1.07,1.630173,6.504291));
#1351 = VECTOR('',#1352,1.);
#1352 = DIRECTION('',(0.,0.,-1.));
#1353 = ORIENTED_EDGE('',*,*,#1354,.T.);
#1354 = EDGE_CURVE('',#1347,#1253,#1355,.T.);
#1355 = LINE('',#1356,#1357);
#1356 = CARTESIAN_POINT('',(1.07,1.630173,6.011533));
#1357 = VECTOR('',#1358,1.);
#1358 = DIRECTION('',(0.,0.306277272459,-0.951942347191));
#1359 = ORIENTED_EDGE('',*,*,#1252,.T.);
#1360 = ORIENTED_EDGE('',*,*,#467,.T.);
#1361 = PLANE('',#1362);
#1362 = AXIS2_PLACEMENT_3D('',#1363,#1364,#1365);
#1363 = CARTESIAN_POINT('',(1.07,-6.254098390486E-03,3.106456865277));
#1364 = DIRECTION('',(1.,0.,0.));
#1365 = DIRECTION('',(0.,0.,1.));
#1366 = ADVANCED_FACE('',(#1367),#1408,.F.);
#1367 = FACE_BOUND('',#1368,.F.);
#1368 = EDGE_LOOP('',(#1369,#1377,#1385,#1391,#1392,#1393,#1401,#1407));
#1369 = ORIENTED_EDGE('',*,*,#1370,.T.);
#1370 = EDGE_CURVE('',#1205,#1371,#1373,.T.);
#1371 = VERTEX_POINT('',#1372);
#1372 = CARTESIAN_POINT('',(0.7,2.523512383178,4.8494725));
#1373 = LINE('',#1374,#1375);
#1374 = CARTESIAN_POINT('',(0.7,2.323466850359,5.562968233721));
#1375 = VECTOR('',#1376,1.);
#1376 = DIRECTION('',(0.,-0.269963692325,0.962870502626));
#1377 = ORIENTED_EDGE('',*,*,#1378,.T.);
#1378 = EDGE_CURVE('',#1371,#1379,#1381,.T.);
#1379 = VERTEX_POINT('',#1380);
#1380 = CARTESIAN_POINT('',(0.7,2.523512383178,3.7725668));
#1381 = LINE('',#1382,#1383);
#1382 = CARTESIAN_POINT('',(0.7,2.523512383178,4.8494725));
#1383 = VECTOR('',#1384,1.);
#1384 = DIRECTION('',(0.,0.,-1.));
#1385 = ORIENTED_EDGE('',*,*,#1386,.T.);
#1386 = EDGE_CURVE('',#1379,#1284,#1387,.T.);
#1387 = LINE('',#1388,#1389);
#1388 = CARTESIAN_POINT('',(0.7,2.523512383178,3.7725668));
#1389 = VECTOR('',#1390,1.);
#1390 = DIRECTION('',(0.,-1.,0.));
#1391 = ORIENTED_EDGE('',*,*,#1291,.T.);
#1392 = ORIENTED_EDGE('',*,*,#515,.T.);
#1393 = ORIENTED_EDGE('',*,*,#1394,.T.);
#1394 = EDGE_CURVE('',#508,#1395,#1397,.T.);
#1395 = VERTEX_POINT('',#1396);
#1396 = CARTESIAN_POINT('',(0.7,2.527085,1.5091518));
#1397 = LINE('',#1398,#1399);
#1398 = CARTESIAN_POINT('',(0.7,2.527085,0.));
#1399 = VECTOR('',#1400,1.);
#1400 = DIRECTION('',(0.,0.,1.));
#1401 = ORIENTED_EDGE('',*,*,#1402,.T.);
#1402 = EDGE_CURVE('',#1395,#1213,#1403,.T.);
#1403 = LINE('',#1404,#1405);
#1404 = CARTESIAN_POINT('',(0.7,2.527085,1.5091518));
#1405 = VECTOR('',#1406,1.);
#1406 = DIRECTION('',(0.,1.,0.));
#1407 = ORIENTED_EDGE('',*,*,#1212,.T.);
#1408 = PLANE('',#1409);
#1409 = AXIS2_PLACEMENT_3D('',#1410,#1411,#1412);
#1410 = CARTESIAN_POINT('',(0.7,2.689011253687,2.497546996313));
#1411 = DIRECTION('',(1.,0.,0.));
#1412 = DIRECTION('',(0.,0.,1.));
#1413 = ADVANCED_FACE('',(#1414),#1432,.T.);
#1414 = FACE_BOUND('',#1415,.T.);
#1415 = EDGE_LOOP('',(#1416,#1417,#1425,#1431));
#1416 = ORIENTED_EDGE('',*,*,#475,.T.);
#1417 = ORIENTED_EDGE('',*,*,#1418,.T.);
#1418 = EDGE_CURVE('',#476,#1419,#1421,.T.);
#1419 = VERTEX_POINT('',#1420);
#1420 = CARTESIAN_POINT('',(-1.07,-2.016232,1.330337));
#1421 = LINE('',#1422,#1423);
#1422 = CARTESIAN_POINT('',(-1.07,-2.225654,0.));
#1423 = VECTOR('',#1424,1.);
#1424 = DIRECTION('',(0.,0.155505255414,0.987835064947));
#1425 = ORIENTED_EDGE('',*,*,#1426,.F.);
#1426 = EDGE_CURVE('',#1307,#1419,#1427,.T.);
#1427 = LINE('',#1428,#1429);
#1428 = CARTESIAN_POINT('',(1.07,-2.016232,1.330337));
#1429 = VECTOR('',#1430,1.);
#1430 = DIRECTION('',(-1.,-0.,-0.));
#1431 = ORIENTED_EDGE('',*,*,#1306,.F.);
#1432 = PLANE('',#1433);
#1433 = AXIS2_PLACEMENT_3D('',#1434,#1435,#1436);
#1434 = CARTESIAN_POINT('',(1.07,-2.225654,0.));
#1435 = DIRECTION('',(0.,0.987835064947,-0.155505255414));
#1436 = DIRECTION('',(0.,0.155505255414,0.987835064947));
#1437 = ADVANCED_FACE('',(#1438),#1456,.F.);
#1438 = FACE_BOUND('',#1439,.F.);
#1439 = EDGE_LOOP('',(#1440,#1441,#1449,#1455));
#1440 = ORIENTED_EDGE('',*,*,#507,.T.);
#1441 = ORIENTED_EDGE('',*,*,#1442,.T.);
#1442 = EDGE_CURVE('',#500,#1443,#1445,.T.);
#1443 = VERTEX_POINT('',#1444);
#1444 = CARTESIAN_POINT('',(-0.7,2.527085,1.5091518));
#1445 = LINE('',#1446,#1447);
#1446 = CARTESIAN_POINT('',(-0.7,2.527085,0.));
#1447 = VECTOR('',#1448,1.);
#1448 = DIRECTION('',(0.,0.,1.));
#1449 = ORIENTED_EDGE('',*,*,#1450,.F.);
#1450 = EDGE_CURVE('',#1395,#1443,#1451,.T.);
#1451 = LINE('',#1452,#1453);
#1452 = CARTESIAN_POINT('',(0.7,2.527085,1.5091518));
#1453 = VECTOR('',#1454,1.);
#1454 = DIRECTION('',(-1.,-0.,-0.));
#1455 = ORIENTED_EDGE('',*,*,#1394,.F.);
#1456 = PLANE('',#1457);
#1457 = AXIS2_PLACEMENT_3D('',#1458,#1459,#1460);
#1458 = CARTESIAN_POINT('',(0.7,2.527085,0.));
#1459 = DIRECTION('',(0.,1.,0.));
#1460 = DIRECTION('',(0.,0.,1.));
#1461 = ADVANCED_FACE('',(#1462),#1513,.T.);
#1462 = FACE_BOUND('',#1463,.F.);
#1463 = EDGE_LOOP('',(#1464,#1465,#1473,#1481,#1489,#1497,#1505,#1511,
    #1512));
#1464 = ORIENTED_EDGE('',*,*,#1418,.T.);
#1465 = ORIENTED_EDGE('',*,*,#1466,.T.);
#1466 = EDGE_CURVE('',#1419,#1467,#1469,.T.);
#1467 = VERTEX_POINT('',#1468);
#1468 = CARTESIAN_POINT('',(-1.07,-2.016232,3.7725));
#1469 = LINE('',#1470,#1471);
#1470 = CARTESIAN_POINT('',(-1.07,-2.016232,1.330337));
#1471 = VECTOR('',#1472,1.);
#1472 = DIRECTION('',(0.,0.,1.));
#1473 = ORIENTED_EDGE('',*,*,#1474,.T.);
#1474 = EDGE_CURVE('',#1467,#1475,#1477,.T.);
#1475 = VERTEX_POINT('',#1476);
#1476 = CARTESIAN_POINT('',(-1.07,-1.64713,3.7725));
#1477 = LINE('',#1478,#1479);
#1478 = CARTESIAN_POINT('',(-1.07,-2.016232,3.7725));
#1479 = VECTOR('',#1480,1.);
#1480 = DIRECTION('',(0.,1.,0.));
#1481 = ORIENTED_EDGE('',*,*,#1482,.T.);
#1482 = EDGE_CURVE('',#1475,#1483,#1485,.T.);
#1483 = VERTEX_POINT('',#1484);
#1484 = CARTESIAN_POINT('',(-1.07,-1.64713,6.504291));
#1485 = LINE('',#1486,#1487);
#1486 = CARTESIAN_POINT('',(-1.07,-1.64713,3.7725));
#1487 = VECTOR('',#1488,1.);
#1488 = DIRECTION('',(0.,0.,1.));
#1489 = ORIENTED_EDGE('',*,*,#1490,.T.);
#1490 = EDGE_CURVE('',#1483,#1491,#1493,.T.);
#1491 = VERTEX_POINT('',#1492);
#1492 = CARTESIAN_POINT('',(-1.07,1.630173,6.504291));
#1493 = LINE('',#1494,#1495);
#1494 = CARTESIAN_POINT('',(-1.07,-1.64713,6.504291));
#1495 = VECTOR('',#1496,1.);
#1496 = DIRECTION('',(0.,1.,0.));
#1497 = ORIENTED_EDGE('',*,*,#1498,.T.);
#1498 = EDGE_CURVE('',#1491,#1499,#1501,.T.);
#1499 = VERTEX_POINT('',#1500);
#1500 = CARTESIAN_POINT('',(-1.07,1.630173,6.011533));
#1501 = LINE('',#1502,#1503);
#1502 = CARTESIAN_POINT('',(-1.07,1.630173,6.504291));
#1503 = VECTOR('',#1504,1.);
#1504 = DIRECTION('',(0.,0.,-1.));
#1505 = ORIENTED_EDGE('',*,*,#1506,.T.);
#1506 = EDGE_CURVE('',#1499,#1261,#1507,.T.);
#1507 = LINE('',#1508,#1509);
#1508 = CARTESIAN_POINT('',(-1.07,1.630173,6.011533));
#1509 = VECTOR('',#1510,1.);
#1510 = DIRECTION('',(0.,0.306277272459,-0.951942347191));
#1511 = ORIENTED_EDGE('',*,*,#1268,.T.);
#1512 = ORIENTED_EDGE('',*,*,#483,.T.);
#1513 = PLANE('',#1514);
#1514 = AXIS2_PLACEMENT_3D('',#1515,#1516,#1517);
#1515 = CARTESIAN_POINT('',(-1.07,-6.254098390486E-03,3.106456865277));
#1516 = DIRECTION('',(1.,0.,0.));
#1517 = DIRECTION('',(0.,0.,1.));
#1518 = ADVANCED_FACE('',(#1519),#1553,.T.);
#1519 = FACE_BOUND('',#1520,.T.);
#1520 = EDGE_LOOP('',(#1521,#1529,#1537,#1543,#1544,#1545,#1546,#1552));
#1521 = ORIENTED_EDGE('',*,*,#1522,.T.);
#1522 = EDGE_CURVE('',#1229,#1523,#1525,.T.);
#1523 = VERTEX_POINT('',#1524);
#1524 = CARTESIAN_POINT('',(-0.7,2.523512383178,4.8494725));
#1525 = LINE('',#1526,#1527);
#1526 = CARTESIAN_POINT('',(-0.7,2.323466850359,5.562968233721));
#1527 = VECTOR('',#1528,1.);
#1528 = DIRECTION('',(0.,-0.269963692325,0.962870502626));
#1529 = ORIENTED_EDGE('',*,*,#1530,.T.);
#1530 = EDGE_CURVE('',#1523,#1531,#1533,.T.);
#1531 = VERTEX_POINT('',#1532);
#1532 = CARTESIAN_POINT('',(-0.7,2.523512383178,3.7725668));
#1533 = LINE('',#1534,#1535);
#1534 = CARTESIAN_POINT('',(-0.7,2.523512383178,4.8494725));
#1535 = VECTOR('',#1536,1.);
#1536 = DIRECTION('',(0.,0.,-1.));
#1537 = ORIENTED_EDGE('',*,*,#1538,.T.);
#1538 = EDGE_CURVE('',#1531,#1276,#1539,.T.);
#1539 = LINE('',#1540,#1541);
#1540 = CARTESIAN_POINT('',(-0.7,2.523512383178,3.7725668));
#1541 = VECTOR('',#1542,1.);
#1542 = DIRECTION('',(0.,-1.,0.));
#1543 = ORIENTED_EDGE('',*,*,#1275,.T.);
#1544 = ORIENTED_EDGE('',*,*,#499,.T.);
#1545 = ORIENTED_EDGE('',*,*,#1442,.T.);
#1546 = ORIENTED_EDGE('',*,*,#1547,.T.);
#1547 = EDGE_CURVE('',#1443,#1221,#1548,.T.);
#1548 = LINE('',#1549,#1550);
#1549 = CARTESIAN_POINT('',(-0.7,2.527085,1.5091518));
#1550 = VECTOR('',#1551,1.);
#1551 = DIRECTION('',(0.,1.,0.));
#1552 = ORIENTED_EDGE('',*,*,#1228,.T.);
#1553 = PLANE('',#1554);
#1554 = AXIS2_PLACEMENT_3D('',#1555,#1556,#1557);
#1555 = CARTESIAN_POINT('',(-0.7,2.689011253687,2.497546996313));
#1556 = DIRECTION('',(1.,0.,0.));
#1557 = DIRECTION('',(0.,0.,1.));
#1558 = ADVANCED_FACE('',(#1559),#1607,.T.);
#1559 = FACE_BOUND('',#1560,.T.);
#1560 = EDGE_LOOP('',(#1561,#1569,#1577,#1583,#1584,#1592,#1600,#1606));
#1561 = ORIENTED_EDGE('',*,*,#1562,.F.);
#1562 = EDGE_CURVE('',#1563,#524,#1565,.T.);
#1563 = VERTEX_POINT('',#1564);
#1564 = CARTESIAN_POINT('',(3.61,2.085974,4.594855));
#1565 = LINE('',#1566,#1567);
#1566 = CARTESIAN_POINT('',(3.61,2.085974,4.594855));
#1567 = VECTOR('',#1568,1.);
#1568 = DIRECTION('',(0.,0.,-1.));
#1569 = ORIENTED_EDGE('',*,*,#1570,.T.);
#1570 = EDGE_CURVE('',#1563,#1571,#1573,.T.);
#1571 = VERTEX_POINT('',#1572);
#1572 = CARTESIAN_POINT('',(1.47,2.085974,4.594855));
#1573 = LINE('',#1574,#1575);
#1574 = CARTESIAN_POINT('',(3.61,2.085974,4.594855));
#1575 = VECTOR('',#1576,1.);
#1576 = DIRECTION('',(-1.,-0.,-0.));
#1577 = ORIENTED_EDGE('',*,*,#1578,.T.);
#1578 = EDGE_CURVE('',#1571,#550,#1579,.T.);
#1579 = LINE('',#1580,#1581);
#1580 = CARTESIAN_POINT('',(1.47,2.085974,4.594855));
#1581 = VECTOR('',#1582,1.);
#1582 = DIRECTION('',(0.,0.,-1.));
#1583 = ORIENTED_EDGE('',*,*,#557,.F.);
#1584 = ORIENTED_EDGE('',*,*,#1585,.F.);
#1585 = EDGE_CURVE('',#1586,#558,#1588,.T.);
#1586 = VERTEX_POINT('',#1587);
#1587 = CARTESIAN_POINT('',(1.84,2.085974,3.7725668));
#1588 = LINE('',#1589,#1590);
#1589 = CARTESIAN_POINT('',(1.84,2.085974,3.7725668));
#1590 = VECTOR('',#1591,1.);
#1591 = DIRECTION('',(0.,0.,-1.));
#1592 = ORIENTED_EDGE('',*,*,#1593,.F.);
#1593 = EDGE_CURVE('',#1594,#1586,#1596,.T.);
#1594 = VERTEX_POINT('',#1595);
#1595 = CARTESIAN_POINT('',(3.24,2.085974,3.7725668));
#1596 = LINE('',#1597,#1598);
#1597 = CARTESIAN_POINT('',(3.24,2.085974,3.7725668));
#1598 = VECTOR('',#1599,1.);
#1599 = DIRECTION('',(-1.,-0.,-0.));
#1600 = ORIENTED_EDGE('',*,*,#1601,.T.);
#1601 = EDGE_CURVE('',#1594,#526,#1602,.T.);
#1602 = LINE('',#1603,#1604);
#1603 = CARTESIAN_POINT('',(3.24,2.085974,3.7725668));
#1604 = VECTOR('',#1605,1.);
#1605 = DIRECTION('',(0.,0.,-1.));
#1606 = ORIENTED_EDGE('',*,*,#523,.F.);
#1607 = PLANE('',#1608);
#1608 = AXIS2_PLACEMENT_3D('',#1609,#1610,#1611);
#1609 = CARTESIAN_POINT('',(3.61,2.085974,4.594855));
#1610 = DIRECTION('',(0.,-1.,0.));
#1611 = DIRECTION('',(0.,0.,-1.));
#1612 = ADVANCED_FACE('',(#1613),#1654,.F.);
#1613 = FACE_BOUND('',#1614,.F.);
#1614 = EDGE_LOOP('',(#1615,#1623,#1631,#1637,#1638,#1639,#1647,#1653));
#1615 = ORIENTED_EDGE('',*,*,#1616,.T.);
#1616 = EDGE_CURVE('',#1173,#1617,#1619,.T.);
#1617 = VERTEX_POINT('',#1618);
#1618 = CARTESIAN_POINT('',(3.24,2.523512383178,4.8494725));
#1619 = LINE('',#1620,#1621);
#1620 = CARTESIAN_POINT('',(3.24,2.323466850359,5.562968233721));
#1621 = VECTOR('',#1622,1.);
#1622 = DIRECTION('',(0.,-0.269963692325,0.962870502626));
#1623 = ORIENTED_EDGE('',*,*,#1624,.T.);
#1624 = EDGE_CURVE('',#1617,#1625,#1627,.T.);
#1625 = VERTEX_POINT('',#1626);
#1626 = CARTESIAN_POINT('',(3.24,2.523512383178,3.7725668));
#1627 = LINE('',#1628,#1629);
#1628 = CARTESIAN_POINT('',(3.24,2.523512383178,4.8494725));
#1629 = VECTOR('',#1630,1.);
#1630 = DIRECTION('',(0.,0.,-1.));
#1631 = ORIENTED_EDGE('',*,*,#1632,.T.);
#1632 = EDGE_CURVE('',#1625,#1594,#1633,.T.);
#1633 = LINE('',#1634,#1635);
#1634 = CARTESIAN_POINT('',(3.24,2.523512383178,3.7725668));
#1635 = VECTOR('',#1636,1.);
#1636 = DIRECTION('',(0.,-1.,0.));
#1637 = ORIENTED_EDGE('',*,*,#1601,.T.);
#1638 = ORIENTED_EDGE('',*,*,#581,.T.);
#1639 = ORIENTED_EDGE('',*,*,#1640,.T.);
#1640 = EDGE_CURVE('',#574,#1641,#1643,.T.);
#1641 = VERTEX_POINT('',#1642);
#1642 = CARTESIAN_POINT('',(3.24,2.527085,1.5091518));
#1643 = LINE('',#1644,#1645);
#1644 = CARTESIAN_POINT('',(3.24,2.527085,0.));
#1645 = VECTOR('',#1646,1.);
#1646 = DIRECTION('',(0.,0.,1.));
#1647 = ORIENTED_EDGE('',*,*,#1648,.T.);
#1648 = EDGE_CURVE('',#1641,#1181,#1649,.T.);
#1649 = LINE('',#1650,#1651);
#1650 = CARTESIAN_POINT('',(3.24,2.527085,1.5091518));
#1651 = VECTOR('',#1652,1.);
#1652 = DIRECTION('',(0.,1.,0.));
#1653 = ORIENTED_EDGE('',*,*,#1180,.T.);
#1654 = PLANE('',#1655);
#1655 = AXIS2_PLACEMENT_3D('',#1656,#1657,#1658);
#1656 = CARTESIAN_POINT('',(3.24,2.689011253687,2.497546996313));
#1657 = DIRECTION('',(1.,0.,0.));
#1658 = DIRECTION('',(0.,0.,1.));
#1659 = ADVANCED_FACE('',(#1660),#1678,.F.);
#1660 = FACE_BOUND('',#1661,.F.);
#1661 = EDGE_LOOP('',(#1662,#1663,#1671,#1677));
#1662 = ORIENTED_EDGE('',*,*,#573,.T.);
#1663 = ORIENTED_EDGE('',*,*,#1664,.T.);
#1664 = EDGE_CURVE('',#566,#1665,#1667,.T.);
#1665 = VERTEX_POINT('',#1666);
#1666 = CARTESIAN_POINT('',(1.84,2.527085,1.5091518));
#1667 = LINE('',#1668,#1669);
#1668 = CARTESIAN_POINT('',(1.84,2.527085,0.));
#1669 = VECTOR('',#1670,1.);
#1670 = DIRECTION('',(0.,0.,1.));
#1671 = ORIENTED_EDGE('',*,*,#1672,.F.);
#1672 = EDGE_CURVE('',#1641,#1665,#1673,.T.);
#1673 = LINE('',#1674,#1675);
#1674 = CARTESIAN_POINT('',(3.24,2.527085,1.5091518));
#1675 = VECTOR('',#1676,1.);
#1676 = DIRECTION('',(-1.,-0.,-0.));
#1677 = ORIENTED_EDGE('',*,*,#1640,.F.);
#1678 = PLANE('',#1679);
#1679 = AXIS2_PLACEMENT_3D('',#1680,#1681,#1682);
#1680 = CARTESIAN_POINT('',(3.24,2.527085,0.));
#1681 = DIRECTION('',(0.,1.,0.));
#1682 = DIRECTION('',(0.,0.,1.));
#1683 = ADVANCED_FACE('',(#1684),#1718,.T.);
#1684 = FACE_BOUND('',#1685,.T.);
#1685 = EDGE_LOOP('',(#1686,#1694,#1702,#1708,#1709,#1710,#1711,#1717));
#1686 = ORIENTED_EDGE('',*,*,#1687,.T.);
#1687 = EDGE_CURVE('',#1197,#1688,#1690,.T.);
#1688 = VERTEX_POINT('',#1689);
#1689 = CARTESIAN_POINT('',(1.84,2.523512383178,4.8494725));
#1690 = LINE('',#1691,#1692);
#1691 = CARTESIAN_POINT('',(1.84,2.323466850359,5.562968233721));
#1692 = VECTOR('',#1693,1.);
#1693 = DIRECTION('',(0.,-0.269963692325,0.962870502626));
#1694 = ORIENTED_EDGE('',*,*,#1695,.T.);
#1695 = EDGE_CURVE('',#1688,#1696,#1698,.T.);
#1696 = VERTEX_POINT('',#1697);
#1697 = CARTESIAN_POINT('',(1.84,2.523512383178,3.7725668));
#1698 = LINE('',#1699,#1700);
#1699 = CARTESIAN_POINT('',(1.84,2.523512383178,4.8494725));
#1700 = VECTOR('',#1701,1.);
#1701 = DIRECTION('',(0.,0.,-1.));
#1702 = ORIENTED_EDGE('',*,*,#1703,.T.);
#1703 = EDGE_CURVE('',#1696,#1586,#1704,.T.);
#1704 = LINE('',#1705,#1706);
#1705 = CARTESIAN_POINT('',(1.84,2.523512383178,3.7725668));
#1706 = VECTOR('',#1707,1.);
#1707 = DIRECTION('',(0.,-1.,0.));
#1708 = ORIENTED_EDGE('',*,*,#1585,.T.);
#1709 = ORIENTED_EDGE('',*,*,#565,.T.);
#1710 = ORIENTED_EDGE('',*,*,#1664,.T.);
#1711 = ORIENTED_EDGE('',*,*,#1712,.T.);
#1712 = EDGE_CURVE('',#1665,#1189,#1713,.T.);
#1713 = LINE('',#1714,#1715);
#1714 = CARTESIAN_POINT('',(1.84,2.527085,1.5091518));
#1715 = VECTOR('',#1716,1.);
#1716 = DIRECTION('',(0.,1.,0.));
#1717 = ORIENTED_EDGE('',*,*,#1196,.T.);
#1718 = PLANE('',#1719);
#1719 = AXIS2_PLACEMENT_3D('',#1720,#1721,#1722);
#1720 = CARTESIAN_POINT('',(1.84,2.689011253687,2.497546996313));
#1721 = DIRECTION('',(1.,0.,0.));
#1722 = DIRECTION('',(0.,0.,1.));
#1723 = ADVANCED_FACE('',(#1724),#1782,.T.);
#1724 = FACE_BOUND('',#1725,.F.);
#1725 = EDGE_LOOP('',(#1726,#1734,#1742,#1750,#1758,#1766,#1774,#1780,
    #1781));
#1726 = ORIENTED_EDGE('',*,*,#1727,.T.);
#1727 = EDGE_CURVE('',#542,#1728,#1730,.T.);
#1728 = VERTEX_POINT('',#1729);
#1729 = CARTESIAN_POINT('',(1.47,-2.016232,1.330337));
#1730 = LINE('',#1731,#1732);
#1731 = CARTESIAN_POINT('',(1.47,-2.225654,0.));
#1732 = VECTOR('',#1733,1.);
#1733 = DIRECTION('',(0.,0.155505255414,0.987835064947));
#1734 = ORIENTED_EDGE('',*,*,#1735,.T.);
#1735 = EDGE_CURVE('',#1728,#1736,#1738,.T.);
#1736 = VERTEX_POINT('',#1737);
#1737 = CARTESIAN_POINT('',(1.47,-2.016232,3.7725));
#1738 = LINE('',#1739,#1740);
#1739 = CARTESIAN_POINT('',(1.47,-2.016232,1.330337));
#1740 = VECTOR('',#1741,1.);
#1741 = DIRECTION('',(0.,0.,1.));
#1742 = ORIENTED_EDGE('',*,*,#1743,.T.);
#1743 = EDGE_CURVE('',#1736,#1744,#1746,.T.);
#1744 = VERTEX_POINT('',#1745);
#1745 = CARTESIAN_POINT('',(1.47,-1.64713,3.7725));
#1746 = LINE('',#1747,#1748);
#1747 = CARTESIAN_POINT('',(1.47,-2.016232,3.7725));
#1748 = VECTOR('',#1749,1.);
#1749 = DIRECTION('',(0.,1.,0.));
#1750 = ORIENTED_EDGE('',*,*,#1751,.T.);
#1751 = EDGE_CURVE('',#1744,#1752,#1754,.T.);
#1752 = VERTEX_POINT('',#1753);
#1753 = CARTESIAN_POINT('',(1.47,-1.64713,6.504291));
#1754 = LINE('',#1755,#1756);
#1755 = CARTESIAN_POINT('',(1.47,-1.64713,3.7725));
#1756 = VECTOR('',#1757,1.);
#1757 = DIRECTION('',(0.,0.,1.));
#1758 = ORIENTED_EDGE('',*,*,#1759,.T.);
#1759 = EDGE_CURVE('',#1752,#1760,#1762,.T.);
#1760 = VERTEX_POINT('',#1761);
#1761 = CARTESIAN_POINT('',(1.47,1.630173,6.504291));
#1762 = LINE('',#1763,#1764);
#1763 = CARTESIAN_POINT('',(1.47,-1.64713,6.504291));
#1764 = VECTOR('',#1765,1.);
#1765 = DIRECTION('',(0.,1.,0.));
#1766 = ORIENTED_EDGE('',*,*,#1767,.T.);
#1767 = EDGE_CURVE('',#1760,#1768,#1770,.T.);
#1768 = VERTEX_POINT('',#1769);
#1769 = CARTESIAN_POINT('',(1.47,1.630173,6.011533));
#1770 = LINE('',#1771,#1772);
#1771 = CARTESIAN_POINT('',(1.47,1.630173,6.504291));
#1772 = VECTOR('',#1773,1.);
#1773 = DIRECTION('',(0.,0.,-1.));
#1774 = ORIENTED_EDGE('',*,*,#1775,.T.);
#1775 = EDGE_CURVE('',#1768,#1571,#1776,.T.);
#1776 = LINE('',#1777,#1778);
#1777 = CARTESIAN_POINT('',(1.47,1.630173,6.011533));
#1778 = VECTOR('',#1779,1.);
#1779 = DIRECTION('',(0.,0.306277272459,-0.951942347191));
#1780 = ORIENTED_EDGE('',*,*,#1578,.T.);
#1781 = ORIENTED_EDGE('',*,*,#549,.T.);
#1782 = PLANE('',#1783);
#1783 = AXIS2_PLACEMENT_3D('',#1784,#1785,#1786);
#1784 = CARTESIAN_POINT('',(1.47,-6.254098390486E-03,3.106456865277));
#1785 = DIRECTION('',(1.,0.,0.));
#1786 = DIRECTION('',(0.,0.,1.));
#1787 = ADVANCED_FACE('',(#1788),#1806,.T.);
#1788 = FACE_BOUND('',#1789,.T.);
#1789 = EDGE_LOOP('',(#1790,#1791,#1792,#1800));
#1790 = ORIENTED_EDGE('',*,*,#541,.T.);
#1791 = ORIENTED_EDGE('',*,*,#1727,.T.);
#1792 = ORIENTED_EDGE('',*,*,#1793,.F.);
#1793 = EDGE_CURVE('',#1794,#1728,#1796,.T.);
#1794 = VERTEX_POINT('',#1795);
#1795 = CARTESIAN_POINT('',(3.61,-2.016232,1.330337));
#1796 = LINE('',#1797,#1798);
#1797 = CARTESIAN_POINT('',(3.61,-2.016232,1.330337));
#1798 = VECTOR('',#1799,1.);
#1799 = DIRECTION('',(-1.,-0.,-0.));
#1800 = ORIENTED_EDGE('',*,*,#1801,.F.);
#1801 = EDGE_CURVE('',#534,#1794,#1802,.T.);
#1802 = LINE('',#1803,#1804);
#1803 = CARTESIAN_POINT('',(3.61,-2.225654,0.));
#1804 = VECTOR('',#1805,1.);
#1805 = DIRECTION('',(0.,0.155505255414,0.987835064947));
#1806 = PLANE('',#1807);
#1807 = AXIS2_PLACEMENT_3D('',#1808,#1809,#1810);
#1808 = CARTESIAN_POINT('',(3.61,-2.225654,0.));
#1809 = DIRECTION('',(0.,0.987835064947,-0.155505255414));
#1810 = DIRECTION('',(0.,0.155505255414,0.987835064947));
#1811 = ADVANCED_FACE('',(#1812),#1863,.F.);
#1812 = FACE_BOUND('',#1813,.T.);
#1813 = EDGE_LOOP('',(#1814,#1815,#1823,#1831,#1839,#1847,#1855,#1861,
    #1862));
#1814 = ORIENTED_EDGE('',*,*,#1801,.T.);
#1815 = ORIENTED_EDGE('',*,*,#1816,.T.);
#1816 = EDGE_CURVE('',#1794,#1817,#1819,.T.);
#1817 = VERTEX_POINT('',#1818);
#1818 = CARTESIAN_POINT('',(3.61,-2.016232,3.7725));
#1819 = LINE('',#1820,#1821);
#1820 = CARTESIAN_POINT('',(3.61,-2.016232,1.330337));
#1821 = VECTOR('',#1822,1.);
#1822 = DIRECTION('',(0.,0.,1.));
#1823 = ORIENTED_EDGE('',*,*,#1824,.T.);
#1824 = EDGE_CURVE('',#1817,#1825,#1827,.T.);
#1825 = VERTEX_POINT('',#1826);
#1826 = CARTESIAN_POINT('',(3.61,-1.64713,3.7725));
#1827 = LINE('',#1828,#1829);
#1828 = CARTESIAN_POINT('',(3.61,-2.016232,3.7725));
#1829 = VECTOR('',#1830,1.);
#1830 = DIRECTION('',(0.,1.,0.));
#1831 = ORIENTED_EDGE('',*,*,#1832,.T.);
#1832 = EDGE_CURVE('',#1825,#1833,#1835,.T.);
#1833 = VERTEX_POINT('',#1834);
#1834 = CARTESIAN_POINT('',(3.61,-1.64713,6.504291));
#1835 = LINE('',#1836,#1837);
#1836 = CARTESIAN_POINT('',(3.61,-1.64713,3.7725));
#1837 = VECTOR('',#1838,1.);
#1838 = DIRECTION('',(0.,0.,1.));
#1839 = ORIENTED_EDGE('',*,*,#1840,.T.);
#1840 = EDGE_CURVE('',#1833,#1841,#1843,.T.);
#1841 = VERTEX_POINT('',#1842);
#1842 = CARTESIAN_POINT('',(3.61,1.630173,6.504291));
#1843 = LINE('',#1844,#1845);
#1844 = CARTESIAN_POINT('',(3.61,-1.64713,6.504291));
#1845 = VECTOR('',#1846,1.);
#1846 = DIRECTION('',(0.,1.,0.));
#1847 = ORIENTED_EDGE('',*,*,#1848,.T.);
#1848 = EDGE_CURVE('',#1841,#1849,#1851,.T.);
#1849 = VERTEX_POINT('',#1850);
#1850 = CARTESIAN_POINT('',(3.61,1.630173,6.011533));
#1851 = LINE('',#1852,#1853);
#1852 = CARTESIAN_POINT('',(3.61,1.630173,6.504291));
#1853 = VECTOR('',#1854,1.);
#1854 = DIRECTION('',(0.,0.,-1.));
#1855 = ORIENTED_EDGE('',*,*,#1856,.T.);
#1856 = EDGE_CURVE('',#1849,#1563,#1857,.T.);
#1857 = LINE('',#1858,#1859);
#1858 = CARTESIAN_POINT('',(3.61,1.630173,6.011533));
#1859 = VECTOR('',#1860,1.);
#1860 = DIRECTION('',(0.,0.306277272459,-0.951942347191));
#1861 = ORIENTED_EDGE('',*,*,#1562,.T.);
#1862 = ORIENTED_EDGE('',*,*,#533,.T.);
#1863 = PLANE('',#1864);
#1864 = AXIS2_PLACEMENT_3D('',#1865,#1866,#1867);
#1865 = CARTESIAN_POINT('',(3.61,-6.254098390486E-03,3.106456865277));
#1866 = DIRECTION('',(1.,0.,0.));
#1867 = DIRECTION('',(0.,0.,1.));
#1868 = ADVANCED_FACE('',(#1869),#1917,.T.);
#1869 = FACE_BOUND('',#1870,.T.);
#1870 = EDGE_LOOP('',(#1871,#1879,#1887,#1893,#1894,#1902,#1910,#1916));
#1871 = ORIENTED_EDGE('',*,*,#1872,.F.);
#1872 = EDGE_CURVE('',#1873,#590,#1875,.T.);
#1873 = VERTEX_POINT('',#1874);
#1874 = CARTESIAN_POINT('',(6.15,2.085974,4.594855));
#1875 = LINE('',#1876,#1877);
#1876 = CARTESIAN_POINT('',(6.15,2.085974,4.594855));
#1877 = VECTOR('',#1878,1.);
#1878 = DIRECTION('',(0.,0.,-1.));
#1879 = ORIENTED_EDGE('',*,*,#1880,.T.);
#1880 = EDGE_CURVE('',#1873,#1881,#1883,.T.);
#1881 = VERTEX_POINT('',#1882);
#1882 = CARTESIAN_POINT('',(4.01,2.085974,4.594855));
#1883 = LINE('',#1884,#1885);
#1884 = CARTESIAN_POINT('',(6.15,2.085974,4.594855));
#1885 = VECTOR('',#1886,1.);
#1886 = DIRECTION('',(-1.,-0.,-0.));
#1887 = ORIENTED_EDGE('',*,*,#1888,.T.);
#1888 = EDGE_CURVE('',#1881,#616,#1889,.T.);
#1889 = LINE('',#1890,#1891);
#1890 = CARTESIAN_POINT('',(4.01,2.085974,4.594855));
#1891 = VECTOR('',#1892,1.);
#1892 = DIRECTION('',(0.,0.,-1.));
#1893 = ORIENTED_EDGE('',*,*,#623,.F.);
#1894 = ORIENTED_EDGE('',*,*,#1895,.F.);
#1895 = EDGE_CURVE('',#1896,#624,#1898,.T.);
#1896 = VERTEX_POINT('',#1897);
#1897 = CARTESIAN_POINT('',(4.38,2.085974,3.7725668));
#1898 = LINE('',#1899,#1900);
#1899 = CARTESIAN_POINT('',(4.38,2.085974,3.7725668));
#1900 = VECTOR('',#1901,1.);
#1901 = DIRECTION('',(0.,0.,-1.));
#1902 = ORIENTED_EDGE('',*,*,#1903,.F.);
#1903 = EDGE_CURVE('',#1904,#1896,#1906,.T.);
#1904 = VERTEX_POINT('',#1905);
#1905 = CARTESIAN_POINT('',(5.78,2.085974,3.7725668));
#1906 = LINE('',#1907,#1908);
#1907 = CARTESIAN_POINT('',(5.78,2.085974,3.7725668));
#1908 = VECTOR('',#1909,1.);
#1909 = DIRECTION('',(-1.,-0.,-0.));
#1910 = ORIENTED_EDGE('',*,*,#1911,.T.);
#1911 = EDGE_CURVE('',#1904,#592,#1912,.T.);
#1912 = LINE('',#1913,#1914);
#1913 = CARTESIAN_POINT('',(5.78,2.085974,3.7725668));
#1914 = VECTOR('',#1915,1.);
#1915 = DIRECTION('',(0.,0.,-1.));
#1916 = ORIENTED_EDGE('',*,*,#589,.F.);
#1917 = PLANE('',#1918);
#1918 = AXIS2_PLACEMENT_3D('',#1919,#1920,#1921);
#1919 = CARTESIAN_POINT('',(6.15,2.085974,4.594855));
#1920 = DIRECTION('',(0.,-1.,0.));
#1921 = DIRECTION('',(0.,0.,-1.));
#1922 = ADVANCED_FACE('',(#1923),#1964,.F.);
#1923 = FACE_BOUND('',#1924,.F.);
#1924 = EDGE_LOOP('',(#1925,#1933,#1941,#1947,#1948,#1949,#1957,#1963));
#1925 = ORIENTED_EDGE('',*,*,#1926,.T.);
#1926 = EDGE_CURVE('',#1141,#1927,#1929,.T.);
#1927 = VERTEX_POINT('',#1928);
#1928 = CARTESIAN_POINT('',(5.78,2.523512383178,4.8494725));
#1929 = LINE('',#1930,#1931);
#1930 = CARTESIAN_POINT('',(5.78,2.323466850359,5.562968233721));
#1931 = VECTOR('',#1932,1.);
#1932 = DIRECTION('',(0.,-0.269963692325,0.962870502626));
#1933 = ORIENTED_EDGE('',*,*,#1934,.T.);
#1934 = EDGE_CURVE('',#1927,#1935,#1937,.T.);
#1935 = VERTEX_POINT('',#1936);
#1936 = CARTESIAN_POINT('',(5.78,2.523512383178,3.7725668));
#1937 = LINE('',#1938,#1939);
#1938 = CARTESIAN_POINT('',(5.78,2.523512383178,4.8494725));
#1939 = VECTOR('',#1940,1.);
#1940 = DIRECTION('',(0.,0.,-1.));
#1941 = ORIENTED_EDGE('',*,*,#1942,.T.);
#1942 = EDGE_CURVE('',#1935,#1904,#1943,.T.);
#1943 = LINE('',#1944,#1945);
#1944 = CARTESIAN_POINT('',(5.78,2.523512383178,3.7725668));
#1945 = VECTOR('',#1946,1.);
#1946 = DIRECTION('',(0.,-1.,0.));
#1947 = ORIENTED_EDGE('',*,*,#1911,.T.);
#1948 = ORIENTED_EDGE('',*,*,#647,.T.);
#1949 = ORIENTED_EDGE('',*,*,#1950,.T.);
#1950 = EDGE_CURVE('',#640,#1951,#1953,.T.);
#1951 = VERTEX_POINT('',#1952);
#1952 = CARTESIAN_POINT('',(5.78,2.527085,1.5091518));
#1953 = LINE('',#1954,#1955);
#1954 = CARTESIAN_POINT('',(5.78,2.527085,0.));
#1955 = VECTOR('',#1956,1.);
#1956 = DIRECTION('',(0.,0.,1.));
#1957 = ORIENTED_EDGE('',*,*,#1958,.T.);
#1958 = EDGE_CURVE('',#1951,#1149,#1959,.T.);
#1959 = LINE('',#1960,#1961);
#1960 = CARTESIAN_POINT('',(5.78,2.527085,1.5091518));
#1961 = VECTOR('',#1962,1.);
#1962 = DIRECTION('',(0.,1.,0.));
#1963 = ORIENTED_EDGE('',*,*,#1148,.T.);
#1964 = PLANE('',#1965);
#1965 = AXIS2_PLACEMENT_3D('',#1966,#1967,#1968);
#1966 = CARTESIAN_POINT('',(5.78,2.689011253687,2.497546996313));
#1967 = DIRECTION('',(1.,0.,0.));
#1968 = DIRECTION('',(0.,0.,1.));
#1969 = ADVANCED_FACE('',(#1970),#1988,.F.);
#1970 = FACE_BOUND('',#1971,.F.);
#1971 = EDGE_LOOP('',(#1972,#1973,#1981,#1987));
#1972 = ORIENTED_EDGE('',*,*,#639,.T.);
#1973 = ORIENTED_EDGE('',*,*,#1974,.T.);
#1974 = EDGE_CURVE('',#632,#1975,#1977,.T.);
#1975 = VERTEX_POINT('',#1976);
#1976 = CARTESIAN_POINT('',(4.38,2.527085,1.5091518));
#1977 = LINE('',#1978,#1979);
#1978 = CARTESIAN_POINT('',(4.38,2.527085,0.));
#1979 = VECTOR('',#1980,1.);
#1980 = DIRECTION('',(0.,0.,1.));
#1981 = ORIENTED_EDGE('',*,*,#1982,.F.);
#1982 = EDGE_CURVE('',#1951,#1975,#1983,.T.);
#1983 = LINE('',#1984,#1985);
#1984 = CARTESIAN_POINT('',(5.78,2.527085,1.5091518));
#1985 = VECTOR('',#1986,1.);
#1986 = DIRECTION('',(-1.,-0.,-0.));
#1987 = ORIENTED_EDGE('',*,*,#1950,.F.);
#1988 = PLANE('',#1989);
#1989 = AXIS2_PLACEMENT_3D('',#1990,#1991,#1992);
#1990 = CARTESIAN_POINT('',(5.78,2.527085,0.));
#1991 = DIRECTION('',(0.,1.,0.));
#1992 = DIRECTION('',(0.,0.,1.));
#1993 = ADVANCED_FACE('',(#1994),#2028,.T.);
#1994 = FACE_BOUND('',#1995,.T.);
#1995 = EDGE_LOOP('',(#1996,#2004,#2012,#2018,#2019,#2020,#2021,#2027));
#1996 = ORIENTED_EDGE('',*,*,#1997,.T.);
#1997 = EDGE_CURVE('',#1165,#1998,#2000,.T.);
#1998 = VERTEX_POINT('',#1999);
#1999 = CARTESIAN_POINT('',(4.38,2.523512383178,4.8494725));
#2000 = LINE('',#2001,#2002);
#2001 = CARTESIAN_POINT('',(4.38,2.323466850359,5.562968233721));
#2002 = VECTOR('',#2003,1.);
#2003 = DIRECTION('',(0.,-0.269963692325,0.962870502626));
#2004 = ORIENTED_EDGE('',*,*,#2005,.T.);
#2005 = EDGE_CURVE('',#1998,#2006,#2008,.T.);
#2006 = VERTEX_POINT('',#2007);
#2007 = CARTESIAN_POINT('',(4.38,2.523512383178,3.7725668));
#2008 = LINE('',#2009,#2010);
#2009 = CARTESIAN_POINT('',(4.38,2.523512383178,4.8494725));
#2010 = VECTOR('',#2011,1.);
#2011 = DIRECTION('',(0.,0.,-1.));
#2012 = ORIENTED_EDGE('',*,*,#2013,.T.);
#2013 = EDGE_CURVE('',#2006,#1896,#2014,.T.);
#2014 = LINE('',#2015,#2016);
#2015 = CARTESIAN_POINT('',(4.38,2.523512383178,3.7725668));
#2016 = VECTOR('',#2017,1.);
#2017 = DIRECTION('',(0.,-1.,0.));
#2018 = ORIENTED_EDGE('',*,*,#1895,.T.);
#2019 = ORIENTED_EDGE('',*,*,#631,.T.);
#2020 = ORIENTED_EDGE('',*,*,#1974,.T.);
#2021 = ORIENTED_EDGE('',*,*,#2022,.T.);
#2022 = EDGE_CURVE('',#1975,#1157,#2023,.T.);
#2023 = LINE('',#2024,#2025);
#2024 = CARTESIAN_POINT('',(4.38,2.527085,1.5091518));
#2025 = VECTOR('',#2026,1.);
#2026 = DIRECTION('',(0.,1.,0.));
#2027 = ORIENTED_EDGE('',*,*,#1164,.T.);
#2028 = PLANE('',#2029);
#2029 = AXIS2_PLACEMENT_3D('',#2030,#2031,#2032);
#2030 = CARTESIAN_POINT('',(4.38,2.689011253687,2.497546996313));
#2031 = DIRECTION('',(1.,0.,0.));
#2032 = DIRECTION('',(0.,0.,1.));
#2033 = ADVANCED_FACE('',(#2034),#2092,.T.);
#2034 = FACE_BOUND('',#2035,.F.);
#2035 = EDGE_LOOP('',(#2036,#2044,#2052,#2060,#2068,#2076,#2084,#2090,
    #2091));
#2036 = ORIENTED_EDGE('',*,*,#2037,.T.);
#2037 = EDGE_CURVE('',#608,#2038,#2040,.T.);
#2038 = VERTEX_POINT('',#2039);
#2039 = CARTESIAN_POINT('',(4.01,-2.016232,1.330337));
#2040 = LINE('',#2041,#2042);
#2041 = CARTESIAN_POINT('',(4.01,-2.225654,0.));
#2042 = VECTOR('',#2043,1.);
#2043 = DIRECTION('',(0.,0.155505255414,0.987835064947));
#2044 = ORIENTED_EDGE('',*,*,#2045,.T.);
#2045 = EDGE_CURVE('',#2038,#2046,#2048,.T.);
#2046 = VERTEX_POINT('',#2047);
#2047 = CARTESIAN_POINT('',(4.01,-2.016232,3.7725));
#2048 = LINE('',#2049,#2050);
#2049 = CARTESIAN_POINT('',(4.01,-2.016232,1.330337));
#2050 = VECTOR('',#2051,1.);
#2051 = DIRECTION('',(0.,0.,1.));
#2052 = ORIENTED_EDGE('',*,*,#2053,.T.);
#2053 = EDGE_CURVE('',#2046,#2054,#2056,.T.);
#2054 = VERTEX_POINT('',#2055);
#2055 = CARTESIAN_POINT('',(4.01,-1.64713,3.7725));
#2056 = LINE('',#2057,#2058);
#2057 = CARTESIAN_POINT('',(4.01,-2.016232,3.7725));
#2058 = VECTOR('',#2059,1.);
#2059 = DIRECTION('',(0.,1.,0.));
#2060 = ORIENTED_EDGE('',*,*,#2061,.T.);
#2061 = EDGE_CURVE('',#2054,#2062,#2064,.T.);
#2062 = VERTEX_POINT('',#2063);
#2063 = CARTESIAN_POINT('',(4.01,-1.64713,6.504291));
#2064 = LINE('',#2065,#2066);
#2065 = CARTESIAN_POINT('',(4.01,-1.64713,3.7725));
#2066 = VECTOR('',#2067,1.);
#2067 = DIRECTION('',(0.,0.,1.));
#2068 = ORIENTED_EDGE('',*,*,#2069,.T.);
#2069 = EDGE_CURVE('',#2062,#2070,#2072,.T.);
#2070 = VERTEX_POINT('',#2071);
#2071 = CARTESIAN_POINT('',(4.01,1.630173,6.504291));
#2072 = LINE('',#2073,#2074);
#2073 = CARTESIAN_POINT('',(4.01,-1.64713,6.504291));
#2074 = VECTOR('',#2075,1.);
#2075 = DIRECTION('',(0.,1.,0.));
#2076 = ORIENTED_EDGE('',*,*,#2077,.T.);
#2077 = EDGE_CURVE('',#2070,#2078,#2080,.T.);
#2078 = VERTEX_POINT('',#2079);
#2079 = CARTESIAN_POINT('',(4.01,1.630173,6.011533));
#2080 = LINE('',#2081,#2082);
#2081 = CARTESIAN_POINT('',(4.01,1.630173,6.504291));
#2082 = VECTOR('',#2083,1.);
#2083 = DIRECTION('',(0.,0.,-1.));
#2084 = ORIENTED_EDGE('',*,*,#2085,.T.);
#2085 = EDGE_CURVE('',#2078,#1881,#2086,.T.);
#2086 = LINE('',#2087,#2088);
#2087 = CARTESIAN_POINT('',(4.01,1.630173,6.011533));
#2088 = VECTOR('',#2089,1.);
#2089 = DIRECTION('',(0.,0.306277272459,-0.951942347191));
#2090 = ORIENTED_EDGE('',*,*,#1888,.T.);
#2091 = ORIENTED_EDGE('',*,*,#615,.T.);
#2092 = PLANE('',#2093);
#2093 = AXIS2_PLACEMENT_3D('',#2094,#2095,#2096);
#2094 = CARTESIAN_POINT('',(4.01,-6.254098390486E-03,3.106456865277));
#2095 = DIRECTION('',(1.,0.,0.));
#2096 = DIRECTION('',(0.,0.,1.));
#2097 = ADVANCED_FACE('',(#2098),#2116,.T.);
#2098 = FACE_BOUND('',#2099,.T.);
#2099 = EDGE_LOOP('',(#2100,#2101,#2102,#2110));
#2100 = ORIENTED_EDGE('',*,*,#607,.T.);
#2101 = ORIENTED_EDGE('',*,*,#2037,.T.);
#2102 = ORIENTED_EDGE('',*,*,#2103,.F.);
#2103 = EDGE_CURVE('',#2104,#2038,#2106,.T.);
#2104 = VERTEX_POINT('',#2105);
#2105 = CARTESIAN_POINT('',(6.15,-2.016232,1.330337));
#2106 = LINE('',#2107,#2108);
#2107 = CARTESIAN_POINT('',(6.15,-2.016232,1.330337));
#2108 = VECTOR('',#2109,1.);
#2109 = DIRECTION('',(-1.,-0.,-0.));
#2110 = ORIENTED_EDGE('',*,*,#2111,.F.);
#2111 = EDGE_CURVE('',#600,#2104,#2112,.T.);
#2112 = LINE('',#2113,#2114);
#2113 = CARTESIAN_POINT('',(6.15,-2.225654,0.));
#2114 = VECTOR('',#2115,1.);
#2115 = DIRECTION('',(0.,0.155505255414,0.987835064947));
#2116 = PLANE('',#2117);
#2117 = AXIS2_PLACEMENT_3D('',#2118,#2119,#2120);
#2118 = CARTESIAN_POINT('',(6.15,-2.225654,0.));
#2119 = DIRECTION('',(0.,0.987835064947,-0.155505255414));
#2120 = DIRECTION('',(0.,0.155505255414,0.987835064947));
#2121 = ADVANCED_FACE('',(#2122),#2173,.F.);
#2122 = FACE_BOUND('',#2123,.T.);
#2123 = EDGE_LOOP('',(#2124,#2125,#2133,#2141,#2149,#2157,#2165,#2171,
    #2172));
#2124 = ORIENTED_EDGE('',*,*,#2111,.T.);
#2125 = ORIENTED_EDGE('',*,*,#2126,.T.);
#2126 = EDGE_CURVE('',#2104,#2127,#2129,.T.);
#2127 = VERTEX_POINT('',#2128);
#2128 = CARTESIAN_POINT('',(6.15,-2.016232,3.7725));
#2129 = LINE('',#2130,#2131);
#2130 = CARTESIAN_POINT('',(6.15,-2.016232,1.330337));
#2131 = VECTOR('',#2132,1.);
#2132 = DIRECTION('',(0.,0.,1.));
#2133 = ORIENTED_EDGE('',*,*,#2134,.T.);
#2134 = EDGE_CURVE('',#2127,#2135,#2137,.T.);
#2135 = VERTEX_POINT('',#2136);
#2136 = CARTESIAN_POINT('',(6.15,-1.64713,3.7725));
#2137 = LINE('',#2138,#2139);
#2138 = CARTESIAN_POINT('',(6.15,-2.016232,3.7725));
#2139 = VECTOR('',#2140,1.);
#2140 = DIRECTION('',(0.,1.,0.));
#2141 = ORIENTED_EDGE('',*,*,#2142,.T.);
#2142 = EDGE_CURVE('',#2135,#2143,#2145,.T.);
#2143 = VERTEX_POINT('',#2144);
#2144 = CARTESIAN_POINT('',(6.15,-1.64713,6.504291));
#2145 = LINE('',#2146,#2147);
#2146 = CARTESIAN_POINT('',(6.15,-1.64713,3.7725));
#2147 = VECTOR('',#2148,1.);
#2148 = DIRECTION('',(0.,0.,1.));
#2149 = ORIENTED_EDGE('',*,*,#2150,.T.);
#2150 = EDGE_CURVE('',#2143,#2151,#2153,.T.);
#2151 = VERTEX_POINT('',#2152);
#2152 = CARTESIAN_POINT('',(6.15,1.630173,6.504291));
#2153 = LINE('',#2154,#2155);
#2154 = CARTESIAN_POINT('',(6.15,-1.64713,6.504291));
#2155 = VECTOR('',#2156,1.);
#2156 = DIRECTION('',(0.,1.,0.));
#2157 = ORIENTED_EDGE('',*,*,#2158,.T.);
#2158 = EDGE_CURVE('',#2151,#2159,#2161,.T.);
#2159 = VERTEX_POINT('',#2160);
#2160 = CARTESIAN_POINT('',(6.15,1.630173,6.011533));
#2161 = LINE('',#2162,#2163);
#2162 = CARTESIAN_POINT('',(6.15,1.630173,6.504291));
#2163 = VECTOR('',#2164,1.);
#2164 = DIRECTION('',(0.,0.,-1.));
#2165 = ORIENTED_EDGE('',*,*,#2166,.T.);
#2166 = EDGE_CURVE('',#2159,#1873,#2167,.T.);
#2167 = LINE('',#2168,#2169);
#2168 = CARTESIAN_POINT('',(6.15,1.630173,6.011533));
#2169 = VECTOR('',#2170,1.);
#2170 = DIRECTION('',(0.,0.306277272459,-0.951942347191));
#2171 = ORIENTED_EDGE('',*,*,#1872,.T.);
#2172 = ORIENTED_EDGE('',*,*,#599,.T.);
#2173 = PLANE('',#2174);
#2174 = AXIS2_PLACEMENT_3D('',#2175,#2176,#2177);
#2175 = CARTESIAN_POINT('',(6.15,-6.254098390486E-03,3.106456865277));
#2176 = DIRECTION('',(1.,0.,0.));
#2177 = DIRECTION('',(0.,0.,1.));
#2178 = ADVANCED_FACE('',(#2179),#2227,.T.);
#2179 = FACE_BOUND('',#2180,.T.);
#2180 = EDGE_LOOP('',(#2181,#2189,#2197,#2203,#2204,#2212,#2220,#2226));
#2181 = ORIENTED_EDGE('',*,*,#2182,.F.);
#2182 = EDGE_CURVE('',#2183,#656,#2185,.T.);
#2183 = VERTEX_POINT('',#2184);
#2184 = CARTESIAN_POINT('',(8.69,2.085974,4.594855));
#2185 = LINE('',#2186,#2187);
#2186 = CARTESIAN_POINT('',(8.69,2.085974,4.594855));
#2187 = VECTOR('',#2188,1.);
#2188 = DIRECTION('',(0.,0.,-1.));
#2189 = ORIENTED_EDGE('',*,*,#2190,.T.);
#2190 = EDGE_CURVE('',#2183,#2191,#2193,.T.);
#2191 = VERTEX_POINT('',#2192);
#2192 = CARTESIAN_POINT('',(6.55,2.085974,4.594855));
#2193 = LINE('',#2194,#2195);
#2194 = CARTESIAN_POINT('',(8.69,2.085974,4.594855));
#2195 = VECTOR('',#2196,1.);
#2196 = DIRECTION('',(-1.,-0.,-0.));
#2197 = ORIENTED_EDGE('',*,*,#2198,.T.);
#2198 = EDGE_CURVE('',#2191,#682,#2199,.T.);
#2199 = LINE('',#2200,#2201);
#2200 = CARTESIAN_POINT('',(6.55,2.085974,4.594855));
#2201 = VECTOR('',#2202,1.);
#2202 = DIRECTION('',(0.,0.,-1.));
#2203 = ORIENTED_EDGE('',*,*,#689,.F.);
#2204 = ORIENTED_EDGE('',*,*,#2205,.F.);
#2205 = EDGE_CURVE('',#2206,#690,#2208,.T.);
#2206 = VERTEX_POINT('',#2207);
#2207 = CARTESIAN_POINT('',(6.92,2.085974,3.7725668));
#2208 = LINE('',#2209,#2210);
#2209 = CARTESIAN_POINT('',(6.92,2.085974,3.7725668));
#2210 = VECTOR('',#2211,1.);
#2211 = DIRECTION('',(0.,0.,-1.));
#2212 = ORIENTED_EDGE('',*,*,#2213,.F.);
#2213 = EDGE_CURVE('',#2214,#2206,#2216,.T.);
#2214 = VERTEX_POINT('',#2215);
#2215 = CARTESIAN_POINT('',(8.32,2.085974,3.7725668));
#2216 = LINE('',#2217,#2218);
#2217 = CARTESIAN_POINT('',(8.32,2.085974,3.7725668));
#2218 = VECTOR('',#2219,1.);
#2219 = DIRECTION('',(-1.,-0.,-0.));
#2220 = ORIENTED_EDGE('',*,*,#2221,.T.);
#2221 = EDGE_CURVE('',#2214,#658,#2222,.T.);
#2222 = LINE('',#2223,#2224);
#2223 = CARTESIAN_POINT('',(8.32,2.085974,3.7725668));
#2224 = VECTOR('',#2225,1.);
#2225 = DIRECTION('',(0.,0.,-1.));
#2226 = ORIENTED_EDGE('',*,*,#655,.F.);
#2227 = PLANE('',#2228);
#2228 = AXIS2_PLACEMENT_3D('',#2229,#2230,#2231);
#2229 = CARTESIAN_POINT('',(8.69,2.085974,4.594855));
#2230 = DIRECTION('',(0.,-1.,0.));
#2231 = DIRECTION('',(0.,0.,-1.));
#2232 = ADVANCED_FACE('',(#2233),#2274,.F.);
#2233 = FACE_BOUND('',#2234,.F.);
#2234 = EDGE_LOOP('',(#2235,#2243,#2251,#2257,#2258,#2259,#2267,#2273));
#2235 = ORIENTED_EDGE('',*,*,#2236,.T.);
#2236 = EDGE_CURVE('',#1109,#2237,#2239,.T.);
#2237 = VERTEX_POINT('',#2238);
#2238 = CARTESIAN_POINT('',(8.32,2.523512383178,4.8494725));
#2239 = LINE('',#2240,#2241);
#2240 = CARTESIAN_POINT('',(8.32,2.323466850359,5.562968233721));
#2241 = VECTOR('',#2242,1.);
#2242 = DIRECTION('',(0.,-0.269963692325,0.962870502626));
#2243 = ORIENTED_EDGE('',*,*,#2244,.T.);
#2244 = EDGE_CURVE('',#2237,#2245,#2247,.T.);
#2245 = VERTEX_POINT('',#2246);
#2246 = CARTESIAN_POINT('',(8.32,2.523512383178,3.7725668));
#2247 = LINE('',#2248,#2249);
#2248 = CARTESIAN_POINT('',(8.32,2.523512383178,4.8494725));
#2249 = VECTOR('',#2250,1.);
#2250 = DIRECTION('',(0.,0.,-1.));
#2251 = ORIENTED_EDGE('',*,*,#2252,.T.);
#2252 = EDGE_CURVE('',#2245,#2214,#2253,.T.);
#2253 = LINE('',#2254,#2255);
#2254 = CARTESIAN_POINT('',(8.32,2.523512383178,3.7725668));
#2255 = VECTOR('',#2256,1.);
#2256 = DIRECTION('',(0.,-1.,0.));
#2257 = ORIENTED_EDGE('',*,*,#2221,.T.);
#2258 = ORIENTED_EDGE('',*,*,#713,.T.);
#2259 = ORIENTED_EDGE('',*,*,#2260,.T.);
#2260 = EDGE_CURVE('',#706,#2261,#2263,.T.);
#2261 = VERTEX_POINT('',#2262);
#2262 = CARTESIAN_POINT('',(8.32,2.527085,1.5091518));
#2263 = LINE('',#2264,#2265);
#2264 = CARTESIAN_POINT('',(8.32,2.527085,0.));
#2265 = VECTOR('',#2266,1.);
#2266 = DIRECTION('',(0.,0.,1.));
#2267 = ORIENTED_EDGE('',*,*,#2268,.T.);
#2268 = EDGE_CURVE('',#2261,#1117,#2269,.T.);
#2269 = LINE('',#2270,#2271);
#2270 = CARTESIAN_POINT('',(8.32,2.527085,1.5091518));
#2271 = VECTOR('',#2272,1.);
#2272 = DIRECTION('',(0.,1.,0.));
#2273 = ORIENTED_EDGE('',*,*,#1116,.T.);
#2274 = PLANE('',#2275);
#2275 = AXIS2_PLACEMENT_3D('',#2276,#2277,#2278);
#2276 = CARTESIAN_POINT('',(8.32,2.689011253687,2.497546996313));
#2277 = DIRECTION('',(1.,0.,0.));
#2278 = DIRECTION('',(0.,0.,1.));
#2279 = ADVANCED_FACE('',(#2280),#2298,.F.);
#2280 = FACE_BOUND('',#2281,.F.);
#2281 = EDGE_LOOP('',(#2282,#2283,#2291,#2297));
#2282 = ORIENTED_EDGE('',*,*,#705,.T.);
#2283 = ORIENTED_EDGE('',*,*,#2284,.T.);
#2284 = EDGE_CURVE('',#698,#2285,#2287,.T.);
#2285 = VERTEX_POINT('',#2286);
#2286 = CARTESIAN_POINT('',(6.92,2.527085,1.5091518));
#2287 = LINE('',#2288,#2289);
#2288 = CARTESIAN_POINT('',(6.92,2.527085,0.));
#2289 = VECTOR('',#2290,1.);
#2290 = DIRECTION('',(0.,0.,1.));
#2291 = ORIENTED_EDGE('',*,*,#2292,.F.);
#2292 = EDGE_CURVE('',#2261,#2285,#2293,.T.);
#2293 = LINE('',#2294,#2295);
#2294 = CARTESIAN_POINT('',(8.32,2.527085,1.5091518));
#2295 = VECTOR('',#2296,1.);
#2296 = DIRECTION('',(-1.,-0.,-0.));
#2297 = ORIENTED_EDGE('',*,*,#2260,.F.);
#2298 = PLANE('',#2299);
#2299 = AXIS2_PLACEMENT_3D('',#2300,#2301,#2302);
#2300 = CARTESIAN_POINT('',(8.32,2.527085,0.));
#2301 = DIRECTION('',(0.,1.,0.));
#2302 = DIRECTION('',(0.,0.,1.));
#2303 = ADVANCED_FACE('',(#2304),#2338,.T.);
#2304 = FACE_BOUND('',#2305,.T.);
#2305 = EDGE_LOOP('',(#2306,#2314,#2322,#2328,#2329,#2330,#2331,#2337));
#2306 = ORIENTED_EDGE('',*,*,#2307,.T.);
#2307 = EDGE_CURVE('',#1133,#2308,#2310,.T.);
#2308 = VERTEX_POINT('',#2309);
#2309 = CARTESIAN_POINT('',(6.92,2.523512383178,4.8494725));
#2310 = LINE('',#2311,#2312);
#2311 = CARTESIAN_POINT('',(6.92,2.323466850359,5.562968233721));
#2312 = VECTOR('',#2313,1.);
#2313 = DIRECTION('',(0.,-0.269963692325,0.962870502626));
#2314 = ORIENTED_EDGE('',*,*,#2315,.T.);
#2315 = EDGE_CURVE('',#2308,#2316,#2318,.T.);
#2316 = VERTEX_POINT('',#2317);
#2317 = CARTESIAN_POINT('',(6.92,2.523512383178,3.7725668));
#2318 = LINE('',#2319,#2320);
#2319 = CARTESIAN_POINT('',(6.92,2.523512383178,4.8494725));
#2320 = VECTOR('',#2321,1.);
#2321 = DIRECTION('',(0.,0.,-1.));
#2322 = ORIENTED_EDGE('',*,*,#2323,.T.);
#2323 = EDGE_CURVE('',#2316,#2206,#2324,.T.);
#2324 = LINE('',#2325,#2326);
#2325 = CARTESIAN_POINT('',(6.92,2.523512383178,3.7725668));
#2326 = VECTOR('',#2327,1.);
#2327 = DIRECTION('',(0.,-1.,0.));
#2328 = ORIENTED_EDGE('',*,*,#2205,.T.);
#2329 = ORIENTED_EDGE('',*,*,#697,.T.);
#2330 = ORIENTED_EDGE('',*,*,#2284,.T.);
#2331 = ORIENTED_EDGE('',*,*,#2332,.T.);
#2332 = EDGE_CURVE('',#2285,#1125,#2333,.T.);
#2333 = LINE('',#2334,#2335);
#2334 = CARTESIAN_POINT('',(6.92,2.527085,1.5091518));
#2335 = VECTOR('',#2336,1.);
#2336 = DIRECTION('',(0.,1.,0.));
#2337 = ORIENTED_EDGE('',*,*,#1132,.T.);
#2338 = PLANE('',#2339);
#2339 = AXIS2_PLACEMENT_3D('',#2340,#2341,#2342);
#2340 = CARTESIAN_POINT('',(6.92,2.689011253687,2.497546996313));
#2341 = DIRECTION('',(1.,0.,0.));
#2342 = DIRECTION('',(0.,0.,1.));
#2343 = ADVANCED_FACE('',(#2344),#2402,.T.);
#2344 = FACE_BOUND('',#2345,.F.);
#2345 = EDGE_LOOP('',(#2346,#2354,#2362,#2370,#2378,#2386,#2394,#2400,
    #2401));
#2346 = ORIENTED_EDGE('',*,*,#2347,.T.);
#2347 = EDGE_CURVE('',#674,#2348,#2350,.T.);
#2348 = VERTEX_POINT('',#2349);
#2349 = CARTESIAN_POINT('',(6.55,-2.016232,1.330337));
#2350 = LINE('',#2351,#2352);
#2351 = CARTESIAN_POINT('',(6.55,-2.225654,0.));
#2352 = VECTOR('',#2353,1.);
#2353 = DIRECTION('',(0.,0.155505255414,0.987835064947));
#2354 = ORIENTED_EDGE('',*,*,#2355,.T.);
#2355 = EDGE_CURVE('',#2348,#2356,#2358,.T.);
#2356 = VERTEX_POINT('',#2357);
#2357 = CARTESIAN_POINT('',(6.55,-2.016232,3.7725));
#2358 = LINE('',#2359,#2360);
#2359 = CARTESIAN_POINT('',(6.55,-2.016232,1.330337));
#2360 = VECTOR('',#2361,1.);
#2361 = DIRECTION('',(0.,0.,1.));
#2362 = ORIENTED_EDGE('',*,*,#2363,.T.);
#2363 = EDGE_CURVE('',#2356,#2364,#2366,.T.);
#2364 = VERTEX_POINT('',#2365);
#2365 = CARTESIAN_POINT('',(6.55,-1.64713,3.7725));
#2366 = LINE('',#2367,#2368);
#2367 = CARTESIAN_POINT('',(6.55,-2.016232,3.7725));
#2368 = VECTOR('',#2369,1.);
#2369 = DIRECTION('',(0.,1.,0.));
#2370 = ORIENTED_EDGE('',*,*,#2371,.T.);
#2371 = EDGE_CURVE('',#2364,#2372,#2374,.T.);
#2372 = VERTEX_POINT('',#2373);
#2373 = CARTESIAN_POINT('',(6.55,-1.64713,6.504291));
#2374 = LINE('',#2375,#2376);
#2375 = CARTESIAN_POINT('',(6.55,-1.64713,3.7725));
#2376 = VECTOR('',#2377,1.);
#2377 = DIRECTION('',(0.,0.,1.));
#2378 = ORIENTED_EDGE('',*,*,#2379,.T.);
#2379 = EDGE_CURVE('',#2372,#2380,#2382,.T.);
#2380 = VERTEX_POINT('',#2381);
#2381 = CARTESIAN_POINT('',(6.55,1.630173,6.504291));
#2382 = LINE('',#2383,#2384);
#2383 = CARTESIAN_POINT('',(6.55,-1.64713,6.504291));
#2384 = VECTOR('',#2385,1.);
#2385 = DIRECTION('',(0.,1.,0.));
#2386 = ORIENTED_EDGE('',*,*,#2387,.T.);
#2387 = EDGE_CURVE('',#2380,#2388,#2390,.T.);
#2388 = VERTEX_POINT('',#2389);
#2389 = CARTESIAN_POINT('',(6.55,1.630173,6.011533));
#2390 = LINE('',#2391,#2392);
#2391 = CARTESIAN_POINT('',(6.55,1.630173,6.504291));
#2392 = VECTOR('',#2393,1.);
#2393 = DIRECTION('',(0.,0.,-1.));
#2394 = ORIENTED_EDGE('',*,*,#2395,.T.);
#2395 = EDGE_CURVE('',#2388,#2191,#2396,.T.);
#2396 = LINE('',#2397,#2398);
#2397 = CARTESIAN_POINT('',(6.55,1.630173,6.011533));
#2398 = VECTOR('',#2399,1.);
#2399 = DIRECTION('',(0.,0.306277272459,-0.951942347191));
#2400 = ORIENTED_EDGE('',*,*,#2198,.T.);
#2401 = ORIENTED_EDGE('',*,*,#681,.T.);
#2402 = PLANE('',#2403);
#2403 = AXIS2_PLACEMENT_3D('',#2404,#2405,#2406);
#2404 = CARTESIAN_POINT('',(6.55,-6.254098390486E-03,3.106456865277));
#2405 = DIRECTION('',(1.,0.,0.));
#2406 = DIRECTION('',(0.,0.,1.));
#2407 = ADVANCED_FACE('',(#2408),#2426,.T.);
#2408 = FACE_BOUND('',#2409,.T.);
#2409 = EDGE_LOOP('',(#2410,#2411,#2412,#2420));
#2410 = ORIENTED_EDGE('',*,*,#673,.T.);
#2411 = ORIENTED_EDGE('',*,*,#2347,.T.);
#2412 = ORIENTED_EDGE('',*,*,#2413,.F.);
#2413 = EDGE_CURVE('',#2414,#2348,#2416,.T.);
#2414 = VERTEX_POINT('',#2415);
#2415 = CARTESIAN_POINT('',(8.69,-2.016232,1.330337));
#2416 = LINE('',#2417,#2418);
#2417 = CARTESIAN_POINT('',(8.69,-2.016232,1.330337));
#2418 = VECTOR('',#2419,1.);
#2419 = DIRECTION('',(-1.,-0.,-0.));
#2420 = ORIENTED_EDGE('',*,*,#2421,.F.);
#2421 = EDGE_CURVE('',#666,#2414,#2422,.T.);
#2422 = LINE('',#2423,#2424);
#2423 = CARTESIAN_POINT('',(8.69,-2.225654,0.));
#2424 = VECTOR('',#2425,1.);
#2425 = DIRECTION('',(0.,0.155505255414,0.987835064947));
#2426 = PLANE('',#2427);
#2427 = AXIS2_PLACEMENT_3D('',#2428,#2429,#2430);
#2428 = CARTESIAN_POINT('',(8.69,-2.225654,0.));
#2429 = DIRECTION('',(0.,0.987835064947,-0.155505255414));
#2430 = DIRECTION('',(0.,0.155505255414,0.987835064947));
#2431 = ADVANCED_FACE('',(#2432),#2483,.F.);
#2432 = FACE_BOUND('',#2433,.T.);
#2433 = EDGE_LOOP('',(#2434,#2435,#2443,#2451,#2459,#2467,#2475,#2481,
    #2482));
#2434 = ORIENTED_EDGE('',*,*,#2421,.T.);
#2435 = ORIENTED_EDGE('',*,*,#2436,.T.);
#2436 = EDGE_CURVE('',#2414,#2437,#2439,.T.);
#2437 = VERTEX_POINT('',#2438);
#2438 = CARTESIAN_POINT('',(8.69,-2.016232,3.7725));
#2439 = LINE('',#2440,#2441);
#2440 = CARTESIAN_POINT('',(8.69,-2.016232,1.330337));
#2441 = VECTOR('',#2442,1.);
#2442 = DIRECTION('',(0.,0.,1.));
#2443 = ORIENTED_EDGE('',*,*,#2444,.T.);
#2444 = EDGE_CURVE('',#2437,#2445,#2447,.T.);
#2445 = VERTEX_POINT('',#2446);
#2446 = CARTESIAN_POINT('',(8.69,-1.64713,3.7725));
#2447 = LINE('',#2448,#2449);
#2448 = CARTESIAN_POINT('',(8.69,-2.016232,3.7725));
#2449 = VECTOR('',#2450,1.);
#2450 = DIRECTION('',(0.,1.,0.));
#2451 = ORIENTED_EDGE('',*,*,#2452,.T.);
#2452 = EDGE_CURVE('',#2445,#2453,#2455,.T.);
#2453 = VERTEX_POINT('',#2454);
#2454 = CARTESIAN_POINT('',(8.69,-1.64713,6.504291));
#2455 = LINE('',#2456,#2457);
#2456 = CARTESIAN_POINT('',(8.69,-1.64713,3.7725));
#2457 = VECTOR('',#2458,1.);
#2458 = DIRECTION('',(0.,0.,1.));
#2459 = ORIENTED_EDGE('',*,*,#2460,.T.);
#2460 = EDGE_CURVE('',#2453,#2461,#2463,.T.);
#2461 = VERTEX_POINT('',#2462);
#2462 = CARTESIAN_POINT('',(8.69,1.630173,6.504291));
#2463 = LINE('',#2464,#2465);
#2464 = CARTESIAN_POINT('',(8.69,-1.64713,6.504291));
#2465 = VECTOR('',#2466,1.);
#2466 = DIRECTION('',(0.,1.,0.));
#2467 = ORIENTED_EDGE('',*,*,#2468,.T.);
#2468 = EDGE_CURVE('',#2461,#2469,#2471,.T.);
#2469 = VERTEX_POINT('',#2470);
#2470 = CARTESIAN_POINT('',(8.69,1.630173,6.011533));
#2471 = LINE('',#2472,#2473);
#2472 = CARTESIAN_POINT('',(8.69,1.630173,6.504291));
#2473 = VECTOR('',#2474,1.);
#2474 = DIRECTION('',(0.,0.,-1.));
#2475 = ORIENTED_EDGE('',*,*,#2476,.T.);
#2476 = EDGE_CURVE('',#2469,#2183,#2477,.T.);
#2477 = LINE('',#2478,#2479);
#2478 = CARTESIAN_POINT('',(8.69,1.630173,6.011533));
#2479 = VECTOR('',#2480,1.);
#2480 = DIRECTION('',(0.,0.306277272459,-0.951942347191));
#2481 = ORIENTED_EDGE('',*,*,#2182,.T.);
#2482 = ORIENTED_EDGE('',*,*,#665,.T.);
#2483 = PLANE('',#2484);
#2484 = AXIS2_PLACEMENT_3D('',#2485,#2486,#2487);
#2485 = CARTESIAN_POINT('',(8.69,-6.254098390486E-03,3.106456865277));
#2486 = DIRECTION('',(1.,0.,0.));
#2487 = DIRECTION('',(0.,0.,1.));
#2488 = ADVANCED_FACE('',(#2489),#2500,.F.);
#2489 = FACE_BOUND('',#2490,.F.);
#2490 = EDGE_LOOP('',(#2491,#2492,#2493,#2499));
#2491 = ORIENTED_EDGE('',*,*,#841,.T.);
#2492 = ORIENTED_EDGE('',*,*,#784,.T.);
#2493 = ORIENTED_EDGE('',*,*,#2494,.F.);
#2494 = EDGE_CURVE('',#730,#787,#2495,.T.);
#2495 = LINE('',#2496,#2497);
#2496 = CARTESIAN_POINT('',(9.09,-2.4,5.25));
#2497 = VECTOR('',#2498,1.);
#2498 = DIRECTION('',(-1.,-0.,-0.));
#2499 = ORIENTED_EDGE('',*,*,#727,.F.);
#2500 = PLANE('',#2501);
#2501 = AXIS2_PLACEMENT_3D('',#2502,#2503,#2504);
#2502 = CARTESIAN_POINT('',(9.09,-3.,5.25));
#2503 = DIRECTION('',(0.,0.,-1.));
#2504 = DIRECTION('',(0.,1.,0.));
#2505 = ADVANCED_FACE('',(#2506),#2517,.F.);
#2506 = FACE_BOUND('',#2507,.F.);
#2507 = EDGE_LOOP('',(#2508,#2509,#2510,#2516));
#2508 = ORIENTED_EDGE('',*,*,#2494,.T.);
#2509 = ORIENTED_EDGE('',*,*,#794,.T.);
#2510 = ORIENTED_EDGE('',*,*,#2511,.F.);
#2511 = EDGE_CURVE('',#738,#795,#2512,.T.);
#2512 = LINE('',#2513,#2514);
#2513 = CARTESIAN_POINT('',(9.09,-1.5,8.5));
#2514 = VECTOR('',#2515,1.);
#2515 = DIRECTION('',(-1.,-0.,-0.));
#2516 = ORIENTED_EDGE('',*,*,#737,.F.);
#2517 = PLANE('',#2518);
#2518 = AXIS2_PLACEMENT_3D('',#2519,#2520,#2521);
#2519 = CARTESIAN_POINT('',(9.09,-2.4,5.25));
#2520 = DIRECTION('',(0.,0.963730021877,-0.266879082981));
#2521 = DIRECTION('',(0.,0.266879082981,0.963730021877));
#2522 = ADVANCED_FACE('',(#2523,#2534,#2545,#2556,#2567),#2578,.F.);
#2523 = FACE_BOUND('',#2524,.F.);
#2524 = EDGE_LOOP('',(#2525,#2526,#2527,#2533));
#2525 = ORIENTED_EDGE('',*,*,#2511,.T.);
#2526 = ORIENTED_EDGE('',*,*,#802,.T.);
#2527 = ORIENTED_EDGE('',*,*,#2528,.F.);
#2528 = EDGE_CURVE('',#746,#803,#2529,.T.);
#2529 = LINE('',#2530,#2531);
#2530 = CARTESIAN_POINT('',(9.09,1.5,8.5));
#2531 = VECTOR('',#2532,1.);
#2532 = DIRECTION('',(-1.,-0.,-0.));
#2533 = ORIENTED_EDGE('',*,*,#745,.F.);
#2534 = FACE_BOUND('',#2535,.F.);
#2535 = EDGE_LOOP('',(#2536));
#2536 = ORIENTED_EDGE('',*,*,#2537,.T.);
#2537 = EDGE_CURVE('',#2538,#2538,#2540,.T.);
#2538 = VERTEX_POINT('',#2539);
#2539 = CARTESIAN_POINT('',(0.,1.04036,8.5));
#2540 = CIRCLE('',#2541,1.04036);
#2541 = AXIS2_PLACEMENT_3D('',#2542,#2543,#2544);
#2542 = CARTESIAN_POINT('',(0.,0.,8.5));
#2543 = DIRECTION('',(0.,-0.,1.));
#2544 = DIRECTION('',(0.,1.,0.));
#2545 = FACE_BOUND('',#2546,.F.);
#2546 = EDGE_LOOP('',(#2547));
#2547 = ORIENTED_EDGE('',*,*,#2548,.T.);
#2548 = EDGE_CURVE('',#2549,#2549,#2551,.T.);
#2549 = VERTEX_POINT('',#2550);
#2550 = CARTESIAN_POINT('',(2.54,1.04036,8.5));
#2551 = CIRCLE('',#2552,1.04036);
#2552 = AXIS2_PLACEMENT_3D('',#2553,#2554,#2555);
#2553 = CARTESIAN_POINT('',(2.54,0.,8.5));
#2554 = DIRECTION('',(0.,-0.,1.));
#2555 = DIRECTION('',(0.,1.,0.));
#2556 = FACE_BOUND('',#2557,.F.);
#2557 = EDGE_LOOP('',(#2558));
#2558 = ORIENTED_EDGE('',*,*,#2559,.T.);
#2559 = EDGE_CURVE('',#2560,#2560,#2562,.T.);
#2560 = VERTEX_POINT('',#2561);
#2561 = CARTESIAN_POINT('',(5.08,1.04036,8.5));
#2562 = CIRCLE('',#2563,1.04036);
#2563 = AXIS2_PLACEMENT_3D('',#2564,#2565,#2566);
#2564 = CARTESIAN_POINT('',(5.08,0.,8.5));
#2565 = DIRECTION('',(0.,-0.,1.));
#2566 = DIRECTION('',(0.,1.,0.));
#2567 = FACE_BOUND('',#2568,.F.);
#2568 = EDGE_LOOP('',(#2569));
#2569 = ORIENTED_EDGE('',*,*,#2570,.T.);
#2570 = EDGE_CURVE('',#2571,#2571,#2573,.T.);
#2571 = VERTEX_POINT('',#2572);
#2572 = CARTESIAN_POINT('',(7.62,1.04036,8.5));
#2573 = CIRCLE('',#2574,1.04036);
#2574 = AXIS2_PLACEMENT_3D('',#2575,#2576,#2577);
#2575 = CARTESIAN_POINT('',(7.62,0.,8.5));
#2576 = DIRECTION('',(0.,-0.,1.));
#2577 = DIRECTION('',(0.,1.,0.));
#2578 = PLANE('',#2579);
#2579 = AXIS2_PLACEMENT_3D('',#2580,#2581,#2582);
#2580 = CARTESIAN_POINT('',(9.09,-1.5,8.5));
#2581 = DIRECTION('',(0.,0.,-1.));
#2582 = DIRECTION('',(0.,1.,0.));
#2583 = ADVANCED_FACE('',(#2584),#2626,.F.);
#2584 = FACE_BOUND('',#2585,.F.);
#2585 = EDGE_LOOP('',(#2586,#2587,#2588,#2589,#2590,#2591,#2597,#2598,
    #2599,#2600,#2606,#2607,#2608,#2609,#2615,#2616,#2617,#2618,#2624,
    #2625));
#2586 = ORIENTED_EDGE('',*,*,#753,.F.);
#2587 = ORIENTED_EDGE('',*,*,#2528,.T.);
#2588 = ORIENTED_EDGE('',*,*,#810,.T.);
#2589 = ORIENTED_EDGE('',*,*,#1236,.F.);
#2590 = ORIENTED_EDGE('',*,*,#1522,.T.);
#2591 = ORIENTED_EDGE('',*,*,#2592,.F.);
#2592 = EDGE_CURVE('',#1371,#1523,#2593,.T.);
#2593 = LINE('',#2594,#2595);
#2594 = CARTESIAN_POINT('',(0.7,2.523512383178,4.8494725));
#2595 = VECTOR('',#2596,1.);
#2596 = DIRECTION('',(-1.,-0.,-0.));
#2597 = ORIENTED_EDGE('',*,*,#1370,.F.);
#2598 = ORIENTED_EDGE('',*,*,#1204,.F.);
#2599 = ORIENTED_EDGE('',*,*,#1687,.T.);
#2600 = ORIENTED_EDGE('',*,*,#2601,.F.);
#2601 = EDGE_CURVE('',#1617,#1688,#2602,.T.);
#2602 = LINE('',#2603,#2604);
#2603 = CARTESIAN_POINT('',(3.24,2.523512383178,4.8494725));
#2604 = VECTOR('',#2605,1.);
#2605 = DIRECTION('',(-1.,-0.,-0.));
#2606 = ORIENTED_EDGE('',*,*,#1616,.F.);
#2607 = ORIENTED_EDGE('',*,*,#1172,.F.);
#2608 = ORIENTED_EDGE('',*,*,#1997,.T.);
#2609 = ORIENTED_EDGE('',*,*,#2610,.F.);
#2610 = EDGE_CURVE('',#1927,#1998,#2611,.T.);
#2611 = LINE('',#2612,#2613);
#2612 = CARTESIAN_POINT('',(5.78,2.523512383178,4.8494725));
#2613 = VECTOR('',#2614,1.);
#2614 = DIRECTION('',(-1.,-0.,-0.));
#2615 = ORIENTED_EDGE('',*,*,#1926,.F.);
#2616 = ORIENTED_EDGE('',*,*,#1140,.F.);
#2617 = ORIENTED_EDGE('',*,*,#2307,.T.);
#2618 = ORIENTED_EDGE('',*,*,#2619,.F.);
#2619 = EDGE_CURVE('',#2237,#2308,#2620,.T.);
#2620 = LINE('',#2621,#2622);
#2621 = CARTESIAN_POINT('',(8.32,2.523512383178,4.8494725));
#2622 = VECTOR('',#2623,1.);
#2623 = DIRECTION('',(-1.,-0.,-0.));
#2624 = ORIENTED_EDGE('',*,*,#2236,.F.);
#2625 = ORIENTED_EDGE('',*,*,#1108,.F.);
#2626 = PLANE('',#2627);
#2627 = AXIS2_PLACEMENT_3D('',#2628,#2629,#2630);
#2628 = CARTESIAN_POINT('',(9.09,1.5,8.5));
#2629 = DIRECTION('',(0.,-0.962870502626,-0.269963692325));
#2630 = DIRECTION('',(0.,0.269963692325,-0.962870502626));
#2631 = ADVANCED_FACE('',(#2632),#2657,.T.);
#2632 = FACE_BOUND('',#2633,.T.);
#2633 = EDGE_LOOP('',(#2634,#2642,#2650,#2656));
#2634 = ORIENTED_EDGE('',*,*,#2635,.F.);
#2635 = EDGE_CURVE('',#2636,#859,#2638,.T.);
#2636 = VERTEX_POINT('',#2637);
#2637 = CARTESIAN_POINT('',(0.67,-2.016232,1.532840329046));
#2638 = LINE('',#2639,#2640);
#2639 = CARTESIAN_POINT('',(0.67,3.403589252763E-16,1.532840329046));
#2640 = VECTOR('',#2641,1.);
#2641 = DIRECTION('',(0.,-1.,2.22044604925E-16));
#2642 = ORIENTED_EDGE('',*,*,#2643,.F.);
#2643 = EDGE_CURVE('',#2644,#2636,#2646,.T.);
#2644 = VERTEX_POINT('',#2645);
#2645 = CARTESIAN_POINT('',(-0.67,-2.016232,1.532840329046));
#2646 = LINE('',#2647,#2648);
#2647 = CARTESIAN_POINT('',(0.2,-2.016232,1.532840329046));
#2648 = VECTOR('',#2649,1.);
#2649 = DIRECTION('',(1.,0.,0.));
#2650 = ORIENTED_EDGE('',*,*,#2651,.T.);
#2651 = EDGE_CURVE('',#2644,#867,#2652,.T.);
#2652 = LINE('',#2653,#2654);
#2653 = CARTESIAN_POINT('',(-0.67,3.403589252763E-16,1.532840329046));
#2654 = VECTOR('',#2655,1.);
#2655 = DIRECTION('',(0.,-1.,2.22044604925E-16));
#2656 = ORIENTED_EDGE('',*,*,#866,.T.);
#2657 = PLANE('',#2658);
#2658 = AXIS2_PLACEMENT_3D('',#2659,#2660,#2661);
#2659 = CARTESIAN_POINT('',(-0.67,3.403589252763E-16,1.532840329046));
#2660 = DIRECTION('',(0.,2.22044604925E-16,1.));
#2661 = DIRECTION('',(1.,0.,0.));
#2662 = ADVANCED_FACE('',(#2663),#2681,.T.);
#2663 = FACE_BOUND('',#2664,.T.);
#2664 = EDGE_LOOP('',(#2665,#2666,#2674,#2680));
#2665 = ORIENTED_EDGE('',*,*,#899,.T.);
#2666 = ORIENTED_EDGE('',*,*,#2667,.F.);
#2667 = EDGE_CURVE('',#2668,#892,#2670,.T.);
#2668 = VERTEX_POINT('',#2669);
#2669 = CARTESIAN_POINT('',(0.67,-2.016232,3.132840329046));
#2670 = LINE('',#2671,#2672);
#2671 = CARTESIAN_POINT('',(0.67,6.956302931563E-16,3.132840329046));
#2672 = VECTOR('',#2673,1.);
#2673 = DIRECTION('',(0.,-1.,2.22044604925E-16));
#2674 = ORIENTED_EDGE('',*,*,#2675,.F.);
#2675 = EDGE_CURVE('',#2636,#2668,#2676,.T.);
#2676 = LINE('',#2677,#2678);
#2677 = CARTESIAN_POINT('',(0.67,-2.016232,1.431588664523));
#2678 = VECTOR('',#2679,1.);
#2679 = DIRECTION('',(0.,0.,1.));
#2680 = ORIENTED_EDGE('',*,*,#2635,.T.);
#2681 = PLANE('',#2682);
#2682 = AXIS2_PLACEMENT_3D('',#2683,#2684,#2685);
#2683 = CARTESIAN_POINT('',(0.67,3.403589252763E-16,1.532840329046));
#2684 = DIRECTION('',(-1.,0.,0.));
#2685 = DIRECTION('',(0.,2.22044604925E-16,1.));
#2686 = ADVANCED_FACE('',(#2687),#2705,.T.);
#2687 = FACE_BOUND('',#2688,.T.);
#2688 = EDGE_LOOP('',(#2689,#2690,#2691,#2699));
#2689 = ORIENTED_EDGE('',*,*,#923,.T.);
#2690 = ORIENTED_EDGE('',*,*,#2651,.F.);
#2691 = ORIENTED_EDGE('',*,*,#2692,.F.);
#2692 = EDGE_CURVE('',#2693,#2644,#2695,.T.);
#2693 = VERTEX_POINT('',#2694);
#2694 = CARTESIAN_POINT('',(-0.67,-2.016232,3.132840329046));
#2695 = LINE('',#2696,#2697);
#2696 = CARTESIAN_POINT('',(-0.67,-2.016232,2.231588664523));
#2697 = VECTOR('',#2698,1.);
#2698 = DIRECTION('',(0.,0.,-1.));
#2699 = ORIENTED_EDGE('',*,*,#2700,.T.);
#2700 = EDGE_CURVE('',#2693,#914,#2701,.T.);
#2701 = LINE('',#2702,#2703);
#2702 = CARTESIAN_POINT('',(-0.67,6.956302931563E-16,3.132840329046));
#2703 = VECTOR('',#2704,1.);
#2704 = DIRECTION('',(0.,-1.,2.22044604925E-16));
#2705 = PLANE('',#2706);
#2706 = AXIS2_PLACEMENT_3D('',#2707,#2708,#2709);
#2707 = CARTESIAN_POINT('',(-0.67,6.956302931563E-16,3.132840329046));
#2708 = DIRECTION('',(1.,0.,0.));
#2709 = DIRECTION('',(0.,-2.22044604925E-16,-1.));
#2710 = ADVANCED_FACE('',(#2711),#2722,.T.);
#2711 = FACE_BOUND('',#2712,.T.);
#2712 = EDGE_LOOP('',(#2713,#2714,#2720,#2721));
#2713 = ORIENTED_EDGE('',*,*,#2700,.F.);
#2714 = ORIENTED_EDGE('',*,*,#2715,.F.);
#2715 = EDGE_CURVE('',#2668,#2693,#2716,.T.);
#2716 = LINE('',#2717,#2718);
#2717 = CARTESIAN_POINT('',(0.87,-2.016232,3.132840329046));
#2718 = VECTOR('',#2719,1.);
#2719 = DIRECTION('',(-1.,0.,0.));
#2720 = ORIENTED_EDGE('',*,*,#2667,.T.);
#2721 = ORIENTED_EDGE('',*,*,#940,.T.);
#2722 = PLANE('',#2723);
#2723 = AXIS2_PLACEMENT_3D('',#2724,#2725,#2726);
#2724 = CARTESIAN_POINT('',(0.67,6.956302931563E-16,3.132840329046));
#2725 = DIRECTION('',(-0.,-2.22044604925E-16,-1.));
#2726 = DIRECTION('',(-1.,0.,0.));
#2727 = ADVANCED_FACE('',(#2728),#2751,.T.);
#2728 = FACE_BOUND('',#2729,.T.);
#2729 = EDGE_LOOP('',(#2730,#2738,#2744,#2750));
#2730 = ORIENTED_EDGE('',*,*,#2731,.F.);
#2731 = EDGE_CURVE('',#2732,#226,#2734,.T.);
#2732 = VERTEX_POINT('',#2733);
#2733 = CARTESIAN_POINT('',(3.21,-2.016232,3.132840329046));
#2734 = LINE('',#2735,#2736);
#2735 = CARTESIAN_POINT('',(3.41,-2.016232,3.132840329046));
#2736 = VECTOR('',#2737,1.);
#2737 = DIRECTION('',(-1.,0.,0.));
#2738 = ORIENTED_EDGE('',*,*,#2739,.T.);
#2739 = EDGE_CURVE('',#2732,#984,#2740,.T.);
#2740 = LINE('',#2741,#2742);
#2741 = CARTESIAN_POINT('',(3.21,6.956302931563E-16,3.132840329046));
#2742 = VECTOR('',#2743,1.);
#2743 = DIRECTION('',(0.,-1.,2.22044604925E-16));
#2744 = ORIENTED_EDGE('',*,*,#2745,.T.);
#2745 = EDGE_CURVE('',#984,#234,#2746,.T.);
#2746 = LINE('',#2747,#2748);
#2747 = CARTESIAN_POINT('',(3.21,-2.5,3.132840329046));
#2748 = VECTOR('',#2749,1.);
#2749 = DIRECTION('',(-1.,0.,0.));
#2750 = ORIENTED_EDGE('',*,*,#233,.F.);
#2751 = PLANE('',#2752);
#2752 = AXIS2_PLACEMENT_3D('',#2753,#2754,#2755);
#2753 = CARTESIAN_POINT('',(3.21,6.956302931563E-16,3.132840329046));
#2754 = DIRECTION('',(-0.,-2.22044604925E-16,-1.));
#2755 = DIRECTION('',(-1.,0.,0.));
#2756 = ADVANCED_FACE('',(#2757),#2768,.T.);
#2757 = FACE_BOUND('',#2758,.T.);
#2758 = EDGE_LOOP('',(#2759,#2765,#2766,#2767));
#2759 = ORIENTED_EDGE('',*,*,#2760,.F.);
#2760 = EDGE_CURVE('',#188,#2732,#2761,.T.);
#2761 = LINE('',#2762,#2763);
#2762 = CARTESIAN_POINT('',(3.21,-2.016232,1.431588664523));
#2763 = VECTOR('',#2764,1.);
#2764 = DIRECTION('',(0.,0.,1.));
#2765 = ORIENTED_EDGE('',*,*,#211,.T.);
#2766 = ORIENTED_EDGE('',*,*,#991,.T.);
#2767 = ORIENTED_EDGE('',*,*,#2739,.F.);
#2768 = PLANE('',#2769);
#2769 = AXIS2_PLACEMENT_3D('',#2770,#2771,#2772);
#2770 = CARTESIAN_POINT('',(3.21,3.403589252763E-16,1.532840329046));
#2771 = DIRECTION('',(-1.,0.,0.));
#2772 = DIRECTION('',(0.,2.22044604925E-16,1.));
#2773 = ADVANCED_FACE('',(#2774),#2797,.T.);
#2774 = FACE_BOUND('',#2775,.T.);
#2775 = EDGE_LOOP('',(#2776,#2784,#2790,#2796));
#2776 = ORIENTED_EDGE('',*,*,#2777,.F.);
#2777 = EDGE_CURVE('',#2778,#155,#2780,.T.);
#2778 = VERTEX_POINT('',#2779);
#2779 = CARTESIAN_POINT('',(5.75,-2.016232,3.132840329046));
#2780 = LINE('',#2781,#2782);
#2781 = CARTESIAN_POINT('',(5.95,-2.016232,3.132840329046));
#2782 = VECTOR('',#2783,1.);
#2783 = DIRECTION('',(-1.,0.,0.));
#2784 = ORIENTED_EDGE('',*,*,#2785,.T.);
#2785 = EDGE_CURVE('',#2778,#1035,#2786,.T.);
#2786 = LINE('',#2787,#2788);
#2787 = CARTESIAN_POINT('',(5.75,6.956302931563E-16,3.132840329046));
#2788 = VECTOR('',#2789,1.);
#2789 = DIRECTION('',(0.,-1.,2.22044604925E-16));
#2790 = ORIENTED_EDGE('',*,*,#2791,.T.);
#2791 = EDGE_CURVE('',#1035,#163,#2792,.T.);
#2792 = LINE('',#2793,#2794);
#2793 = CARTESIAN_POINT('',(5.75,-2.5,3.132840329046));
#2794 = VECTOR('',#2795,1.);
#2795 = DIRECTION('',(-1.,0.,0.));
#2796 = ORIENTED_EDGE('',*,*,#162,.F.);
#2797 = PLANE('',#2798);
#2798 = AXIS2_PLACEMENT_3D('',#2799,#2800,#2801);
#2799 = CARTESIAN_POINT('',(5.75,6.956302931563E-16,3.132840329046));
#2800 = DIRECTION('',(-0.,-2.22044604925E-16,-1.));
#2801 = DIRECTION('',(-1.,0.,0.));
#2802 = ADVANCED_FACE('',(#2803),#2814,.T.);
#2803 = FACE_BOUND('',#2804,.T.);
#2804 = EDGE_LOOP('',(#2805,#2811,#2812,#2813));
#2805 = ORIENTED_EDGE('',*,*,#2806,.F.);
#2806 = EDGE_CURVE('',#117,#2778,#2807,.T.);
#2807 = LINE('',#2808,#2809);
#2808 = CARTESIAN_POINT('',(5.75,-2.016232,1.431588664523));
#2809 = VECTOR('',#2810,1.);
#2810 = DIRECTION('',(0.,0.,1.));
#2811 = ORIENTED_EDGE('',*,*,#140,.T.);
#2812 = ORIENTED_EDGE('',*,*,#1042,.T.);
#2813 = ORIENTED_EDGE('',*,*,#2785,.F.);
#2814 = PLANE('',#2815);
#2815 = AXIS2_PLACEMENT_3D('',#2816,#2817,#2818);
#2816 = CARTESIAN_POINT('',(5.75,3.403589252763E-16,1.532840329046));
#2817 = DIRECTION('',(-1.,0.,0.));
#2818 = DIRECTION('',(0.,2.22044604925E-16,1.));
#2819 = ADVANCED_FACE('',(#2820),#2843,.T.);
#2820 = FACE_BOUND('',#2821,.T.);
#2821 = EDGE_LOOP('',(#2822,#2830,#2836,#2842));
#2822 = ORIENTED_EDGE('',*,*,#2823,.F.);
#2823 = EDGE_CURVE('',#2824,#84,#2826,.T.);
#2824 = VERTEX_POINT('',#2825);
#2825 = CARTESIAN_POINT('',(8.29,-2.016232,3.132840329046));
#2826 = LINE('',#2827,#2828);
#2827 = CARTESIAN_POINT('',(8.49,-2.016232,3.132840329046));
#2828 = VECTOR('',#2829,1.);
#2829 = DIRECTION('',(-1.,0.,0.));
#2830 = ORIENTED_EDGE('',*,*,#2831,.T.);
#2831 = EDGE_CURVE('',#2824,#1086,#2832,.T.);
#2832 = LINE('',#2833,#2834);
#2833 = CARTESIAN_POINT('',(8.29,6.956302931563E-16,3.132840329046));
#2834 = VECTOR('',#2835,1.);
#2835 = DIRECTION('',(0.,-1.,2.22044604925E-16));
#2836 = ORIENTED_EDGE('',*,*,#2837,.T.);
#2837 = EDGE_CURVE('',#1086,#92,#2838,.T.);
#2838 = LINE('',#2839,#2840);
#2839 = CARTESIAN_POINT('',(8.29,-2.5,3.132840329046));
#2840 = VECTOR('',#2841,1.);
#2841 = DIRECTION('',(-1.,0.,0.));
#2842 = ORIENTED_EDGE('',*,*,#91,.F.);
#2843 = PLANE('',#2844);
#2844 = AXIS2_PLACEMENT_3D('',#2845,#2846,#2847);
#2845 = CARTESIAN_POINT('',(8.29,6.956302931563E-16,3.132840329046));
#2846 = DIRECTION('',(-0.,-2.22044604925E-16,-1.));
#2847 = DIRECTION('',(-1.,0.,0.));
#2848 = ADVANCED_FACE('',(#2849),#2860,.T.);
#2849 = FACE_BOUND('',#2850,.T.);
#2850 = EDGE_LOOP('',(#2851,#2857,#2858,#2859));
#2851 = ORIENTED_EDGE('',*,*,#2852,.F.);
#2852 = EDGE_CURVE('',#46,#2824,#2853,.T.);
#2853 = LINE('',#2854,#2855);
#2854 = CARTESIAN_POINT('',(8.29,-2.016232,1.431588664523));
#2855 = VECTOR('',#2856,1.);
#2856 = DIRECTION('',(0.,0.,1.));
#2857 = ORIENTED_EDGE('',*,*,#69,.T.);
#2858 = ORIENTED_EDGE('',*,*,#1093,.T.);
#2859 = ORIENTED_EDGE('',*,*,#2831,.F.);
#2860 = PLANE('',#2861);
#2861 = AXIS2_PLACEMENT_3D('',#2862,#2863,#2864);
#2862 = CARTESIAN_POINT('',(8.29,3.403589252763E-16,1.532840329046));
#2863 = DIRECTION('',(-1.,0.,0.));
#2864 = DIRECTION('',(0.,2.22044604925E-16,1.));
#2865 = ADVANCED_FACE('',(#2866),#2872,.F.);
#2866 = FACE_BOUND('',#2867,.F.);
#2867 = EDGE_LOOP('',(#2868,#2869,#2870,#2871));
#2868 = ORIENTED_EDGE('',*,*,#1402,.F.);
#2869 = ORIENTED_EDGE('',*,*,#1450,.T.);
#2870 = ORIENTED_EDGE('',*,*,#1547,.T.);
#2871 = ORIENTED_EDGE('',*,*,#1220,.T.);
#2872 = PLANE('',#2873);
#2873 = AXIS2_PLACEMENT_3D('',#2874,#2875,#2876);
#2874 = CARTESIAN_POINT('',(0.7,2.527085,1.5091518));
#2875 = DIRECTION('',(0.,0.,-1.));
#2876 = DIRECTION('',(0.,1.,0.));
#2877 = ADVANCED_FACE('',(#2878),#2884,.F.);
#2878 = FACE_BOUND('',#2879,.F.);
#2879 = EDGE_LOOP('',(#2880,#2881,#2882,#2883));
#2880 = ORIENTED_EDGE('',*,*,#1648,.F.);
#2881 = ORIENTED_EDGE('',*,*,#1672,.T.);
#2882 = ORIENTED_EDGE('',*,*,#1712,.T.);
#2883 = ORIENTED_EDGE('',*,*,#1188,.T.);
#2884 = PLANE('',#2885);
#2885 = AXIS2_PLACEMENT_3D('',#2886,#2887,#2888);
#2886 = CARTESIAN_POINT('',(3.24,2.527085,1.5091518));
#2887 = DIRECTION('',(0.,0.,-1.));
#2888 = DIRECTION('',(0.,1.,0.));
#2889 = ADVANCED_FACE('',(#2890),#2896,.F.);
#2890 = FACE_BOUND('',#2891,.F.);
#2891 = EDGE_LOOP('',(#2892,#2893,#2894,#2895));
#2892 = ORIENTED_EDGE('',*,*,#1958,.F.);
#2893 = ORIENTED_EDGE('',*,*,#1982,.T.);
#2894 = ORIENTED_EDGE('',*,*,#2022,.T.);
#2895 = ORIENTED_EDGE('',*,*,#1156,.T.);
#2896 = PLANE('',#2897);
#2897 = AXIS2_PLACEMENT_3D('',#2898,#2899,#2900);
#2898 = CARTESIAN_POINT('',(5.78,2.527085,1.5091518));
#2899 = DIRECTION('',(0.,0.,-1.));
#2900 = DIRECTION('',(0.,1.,0.));
#2901 = ADVANCED_FACE('',(#2902),#2908,.F.);
#2902 = FACE_BOUND('',#2903,.F.);
#2903 = EDGE_LOOP('',(#2904,#2905,#2906,#2907));
#2904 = ORIENTED_EDGE('',*,*,#2268,.F.);
#2905 = ORIENTED_EDGE('',*,*,#2292,.T.);
#2906 = ORIENTED_EDGE('',*,*,#2332,.T.);
#2907 = ORIENTED_EDGE('',*,*,#1124,.T.);
#2908 = PLANE('',#2909);
#2909 = AXIS2_PLACEMENT_3D('',#2910,#2911,#2912);
#2910 = CARTESIAN_POINT('',(8.32,2.527085,1.5091518));
#2911 = DIRECTION('',(0.,0.,-1.));
#2912 = DIRECTION('',(0.,1.,0.));
#2913 = ADVANCED_FACE('',(#2914),#2925,.F.);
#2914 = FACE_BOUND('',#2915,.F.);
#2915 = EDGE_LOOP('',(#2916,#2922,#2923,#2924));
#2916 = ORIENTED_EDGE('',*,*,#2917,.T.);
#2917 = EDGE_CURVE('',#1379,#1531,#2918,.T.);
#2918 = LINE('',#2919,#2920);
#2919 = CARTESIAN_POINT('',(0.7,2.523512383178,3.7725668));
#2920 = VECTOR('',#2921,1.);
#2921 = DIRECTION('',(-1.,-0.,-0.));
#2922 = ORIENTED_EDGE('',*,*,#1538,.T.);
#2923 = ORIENTED_EDGE('',*,*,#1283,.F.);
#2924 = ORIENTED_EDGE('',*,*,#1386,.F.);
#2925 = PLANE('',#2926);
#2926 = AXIS2_PLACEMENT_3D('',#2927,#2928,#2929);
#2927 = CARTESIAN_POINT('',(0.7,2.523512383178,3.7725668));
#2928 = DIRECTION('',(0.,0.,1.));
#2929 = DIRECTION('',(0.,-1.,0.));
#2930 = ADVANCED_FACE('',(#2931),#2942,.T.);
#2931 = FACE_BOUND('',#2932,.T.);
#2932 = EDGE_LOOP('',(#2933,#2939,#2940,#2941));
#2933 = ORIENTED_EDGE('',*,*,#2934,.T.);
#2934 = EDGE_CURVE('',#1347,#1499,#2935,.T.);
#2935 = LINE('',#2936,#2937);
#2936 = CARTESIAN_POINT('',(1.07,1.630173,6.011533));
#2937 = VECTOR('',#2938,1.);
#2938 = DIRECTION('',(-1.,-0.,-0.));
#2939 = ORIENTED_EDGE('',*,*,#1506,.T.);
#2940 = ORIENTED_EDGE('',*,*,#1260,.F.);
#2941 = ORIENTED_EDGE('',*,*,#1354,.F.);
#2942 = PLANE('',#2943);
#2943 = AXIS2_PLACEMENT_3D('',#2944,#2945,#2946);
#2944 = CARTESIAN_POINT('',(1.07,1.630173,6.011533));
#2945 = DIRECTION('',(0.,-0.951942347191,-0.306277272459));
#2946 = DIRECTION('',(0.,0.306277272459,-0.951942347191));
#2947 = ADVANCED_FACE('',(#2948,#2959),#2965,.T.);
#2948 = FACE_BOUND('',#2949,.T.);
#2949 = EDGE_LOOP('',(#2950,#2951,#2952,#2958));
#2950 = ORIENTED_EDGE('',*,*,#1426,.T.);
#2951 = ORIENTED_EDGE('',*,*,#1466,.T.);
#2952 = ORIENTED_EDGE('',*,*,#2953,.F.);
#2953 = EDGE_CURVE('',#1315,#1467,#2954,.T.);
#2954 = LINE('',#2955,#2956);
#2955 = CARTESIAN_POINT('',(1.07,-2.016232,3.7725));
#2956 = VECTOR('',#2957,1.);
#2957 = DIRECTION('',(-1.,-0.,-0.));
#2958 = ORIENTED_EDGE('',*,*,#1314,.F.);
#2959 = FACE_BOUND('',#2960,.T.);
#2960 = EDGE_LOOP('',(#2961,#2962,#2963,#2964));
#2961 = ORIENTED_EDGE('',*,*,#2715,.T.);
#2962 = ORIENTED_EDGE('',*,*,#2692,.T.);
#2963 = ORIENTED_EDGE('',*,*,#2643,.T.);
#2964 = ORIENTED_EDGE('',*,*,#2675,.T.);
#2965 = PLANE('',#2966);
#2966 = AXIS2_PLACEMENT_3D('',#2967,#2968,#2969);
#2967 = CARTESIAN_POINT('',(1.07,-2.016232,1.330337));
#2968 = DIRECTION('',(0.,1.,0.));
#2969 = DIRECTION('',(0.,0.,1.));
#2970 = ADVANCED_FACE('',(#2971),#2982,.T.);
#2971 = FACE_BOUND('',#2972,.T.);
#2972 = EDGE_LOOP('',(#2973,#2974,#2975,#2981));
#2973 = ORIENTED_EDGE('',*,*,#2953,.T.);
#2974 = ORIENTED_EDGE('',*,*,#1474,.T.);
#2975 = ORIENTED_EDGE('',*,*,#2976,.F.);
#2976 = EDGE_CURVE('',#1323,#1475,#2977,.T.);
#2977 = LINE('',#2978,#2979);
#2978 = CARTESIAN_POINT('',(1.07,-1.64713,3.7725));
#2979 = VECTOR('',#2980,1.);
#2980 = DIRECTION('',(-1.,-0.,-0.));
#2981 = ORIENTED_EDGE('',*,*,#1322,.F.);
#2982 = PLANE('',#2983);
#2983 = AXIS2_PLACEMENT_3D('',#2984,#2985,#2986);
#2984 = CARTESIAN_POINT('',(1.07,-2.016232,3.7725));
#2985 = DIRECTION('',(0.,0.,-1.));
#2986 = DIRECTION('',(0.,1.,0.));
#2987 = ADVANCED_FACE('',(#2988),#2999,.T.);
#2988 = FACE_BOUND('',#2989,.T.);
#2989 = EDGE_LOOP('',(#2990,#2991,#2992,#2998));
#2990 = ORIENTED_EDGE('',*,*,#2976,.T.);
#2991 = ORIENTED_EDGE('',*,*,#1482,.T.);
#2992 = ORIENTED_EDGE('',*,*,#2993,.F.);
#2993 = EDGE_CURVE('',#1331,#1483,#2994,.T.);
#2994 = LINE('',#2995,#2996);
#2995 = CARTESIAN_POINT('',(1.07,-1.64713,6.504291));
#2996 = VECTOR('',#2997,1.);
#2997 = DIRECTION('',(-1.,-0.,-0.));
#2998 = ORIENTED_EDGE('',*,*,#1330,.F.);
#2999 = PLANE('',#3000);
#3000 = AXIS2_PLACEMENT_3D('',#3001,#3002,#3003);
#3001 = CARTESIAN_POINT('',(1.07,-1.64713,3.7725));
#3002 = DIRECTION('',(0.,1.,0.));
#3003 = DIRECTION('',(0.,0.,1.));
#3004 = ADVANCED_FACE('',(#3005,#3016),#3027,.T.);
#3005 = FACE_BOUND('',#3006,.T.);
#3006 = EDGE_LOOP('',(#3007,#3008,#3009,#3015));
#3007 = ORIENTED_EDGE('',*,*,#2993,.T.);
#3008 = ORIENTED_EDGE('',*,*,#1490,.T.);
#3009 = ORIENTED_EDGE('',*,*,#3010,.F.);
#3010 = EDGE_CURVE('',#1339,#1491,#3011,.T.);
#3011 = LINE('',#3012,#3013);
#3012 = CARTESIAN_POINT('',(1.07,1.630173,6.504291));
#3013 = VECTOR('',#3014,1.);
#3014 = DIRECTION('',(-1.,-0.,-0.));
#3015 = ORIENTED_EDGE('',*,*,#1338,.F.);
#3016 = FACE_BOUND('',#3017,.T.);
#3017 = EDGE_LOOP('',(#3018));
#3018 = ORIENTED_EDGE('',*,*,#3019,.T.);
#3019 = EDGE_CURVE('',#3020,#3020,#3022,.T.);
#3020 = VERTEX_POINT('',#3021);
#3021 = CARTESIAN_POINT('',(0.,0.702324,6.504291));
#3022 = CIRCLE('',#3023,0.702324);
#3023 = AXIS2_PLACEMENT_3D('',#3024,#3025,#3026);
#3024 = CARTESIAN_POINT('',(0.,0.,6.504291));
#3025 = DIRECTION('',(0.,-0.,1.));
#3026 = DIRECTION('',(0.,1.,0.));
#3027 = PLANE('',#3028);
#3028 = AXIS2_PLACEMENT_3D('',#3029,#3030,#3031);
#3029 = CARTESIAN_POINT('',(1.07,-1.64713,6.504291));
#3030 = DIRECTION('',(0.,0.,-1.));
#3031 = DIRECTION('',(0.,1.,0.));
#3032 = ADVANCED_FACE('',(#3033),#3039,.T.);
#3033 = FACE_BOUND('',#3034,.T.);
#3034 = EDGE_LOOP('',(#3035,#3036,#3037,#3038));
#3035 = ORIENTED_EDGE('',*,*,#3010,.T.);
#3036 = ORIENTED_EDGE('',*,*,#1498,.T.);
#3037 = ORIENTED_EDGE('',*,*,#2934,.F.);
#3038 = ORIENTED_EDGE('',*,*,#1346,.F.);
#3039 = PLANE('',#3040);
#3040 = AXIS2_PLACEMENT_3D('',#3041,#3042,#3043);
#3041 = CARTESIAN_POINT('',(1.07,1.630173,6.504291));
#3042 = DIRECTION('',(0.,-1.,0.));
#3043 = DIRECTION('',(0.,0.,-1.));
#3044 = ADVANCED_FACE('',(#3045),#3051,.F.);
#3045 = FACE_BOUND('',#3046,.F.);
#3046 = EDGE_LOOP('',(#3047,#3048,#3049,#3050));
#3047 = ORIENTED_EDGE('',*,*,#2592,.T.);
#3048 = ORIENTED_EDGE('',*,*,#1530,.T.);
#3049 = ORIENTED_EDGE('',*,*,#2917,.F.);
#3050 = ORIENTED_EDGE('',*,*,#1378,.F.);
#3051 = PLANE('',#3052);
#3052 = AXIS2_PLACEMENT_3D('',#3053,#3054,#3055);
#3053 = CARTESIAN_POINT('',(0.7,2.523512383178,4.8494725));
#3054 = DIRECTION('',(0.,-1.,0.));
#3055 = DIRECTION('',(0.,0.,-1.));
#3056 = ADVANCED_FACE('',(#3057),#3068,.F.);
#3057 = FACE_BOUND('',#3058,.F.);
#3058 = EDGE_LOOP('',(#3059,#3065,#3066,#3067));
#3059 = ORIENTED_EDGE('',*,*,#3060,.T.);
#3060 = EDGE_CURVE('',#1625,#1696,#3061,.T.);
#3061 = LINE('',#3062,#3063);
#3062 = CARTESIAN_POINT('',(3.24,2.523512383178,3.7725668));
#3063 = VECTOR('',#3064,1.);
#3064 = DIRECTION('',(-1.,-0.,-0.));
#3065 = ORIENTED_EDGE('',*,*,#1703,.T.);
#3066 = ORIENTED_EDGE('',*,*,#1593,.F.);
#3067 = ORIENTED_EDGE('',*,*,#1632,.F.);
#3068 = PLANE('',#3069);
#3069 = AXIS2_PLACEMENT_3D('',#3070,#3071,#3072);
#3070 = CARTESIAN_POINT('',(3.24,2.523512383178,3.7725668));
#3071 = DIRECTION('',(0.,0.,1.));
#3072 = DIRECTION('',(0.,-1.,0.));
#3073 = ADVANCED_FACE('',(#3074),#3085,.T.);
#3074 = FACE_BOUND('',#3075,.T.);
#3075 = EDGE_LOOP('',(#3076,#3082,#3083,#3084));
#3076 = ORIENTED_EDGE('',*,*,#3077,.T.);
#3077 = EDGE_CURVE('',#1849,#1768,#3078,.T.);
#3078 = LINE('',#3079,#3080);
#3079 = CARTESIAN_POINT('',(3.61,1.630173,6.011533));
#3080 = VECTOR('',#3081,1.);
#3081 = DIRECTION('',(-1.,-0.,-0.));
#3082 = ORIENTED_EDGE('',*,*,#1775,.T.);
#3083 = ORIENTED_EDGE('',*,*,#1570,.F.);
#3084 = ORIENTED_EDGE('',*,*,#1856,.F.);
#3085 = PLANE('',#3086);
#3086 = AXIS2_PLACEMENT_3D('',#3087,#3088,#3089);
#3087 = CARTESIAN_POINT('',(3.61,1.630173,6.011533));
#3088 = DIRECTION('',(0.,-0.951942347191,-0.306277272459));
#3089 = DIRECTION('',(0.,0.306277272459,-0.951942347191));
#3090 = ADVANCED_FACE('',(#3091),#3097,.F.);
#3091 = FACE_BOUND('',#3092,.F.);
#3092 = EDGE_LOOP('',(#3093,#3094,#3095,#3096));
#3093 = ORIENTED_EDGE('',*,*,#2601,.T.);
#3094 = ORIENTED_EDGE('',*,*,#1695,.T.);
#3095 = ORIENTED_EDGE('',*,*,#3060,.F.);
#3096 = ORIENTED_EDGE('',*,*,#1624,.F.);
#3097 = PLANE('',#3098);
#3098 = AXIS2_PLACEMENT_3D('',#3099,#3100,#3101);
#3099 = CARTESIAN_POINT('',(3.24,2.523512383178,4.8494725));
#3100 = DIRECTION('',(0.,-1.,0.));
#3101 = DIRECTION('',(0.,0.,-1.));
#3102 = ADVANCED_FACE('',(#3103,#3114),#3120,.T.);
#3103 = FACE_BOUND('',#3104,.T.);
#3104 = EDGE_LOOP('',(#3105,#3106,#3107,#3113));
#3105 = ORIENTED_EDGE('',*,*,#1793,.T.);
#3106 = ORIENTED_EDGE('',*,*,#1735,.T.);
#3107 = ORIENTED_EDGE('',*,*,#3108,.F.);
#3108 = EDGE_CURVE('',#1817,#1736,#3109,.T.);
#3109 = LINE('',#3110,#3111);
#3110 = CARTESIAN_POINT('',(3.61,-2.016232,3.7725));
#3111 = VECTOR('',#3112,1.);
#3112 = DIRECTION('',(-1.,-0.,-0.));
#3113 = ORIENTED_EDGE('',*,*,#1816,.F.);
#3114 = FACE_BOUND('',#3115,.T.);
#3115 = EDGE_LOOP('',(#3116,#3117,#3118,#3119));
#3116 = ORIENTED_EDGE('',*,*,#2731,.T.);
#3117 = ORIENTED_EDGE('',*,*,#225,.T.);
#3118 = ORIENTED_EDGE('',*,*,#185,.T.);
#3119 = ORIENTED_EDGE('',*,*,#2760,.T.);
#3120 = PLANE('',#3121);
#3121 = AXIS2_PLACEMENT_3D('',#3122,#3123,#3124);
#3122 = CARTESIAN_POINT('',(3.61,-2.016232,1.330337));
#3123 = DIRECTION('',(0.,1.,0.));
#3124 = DIRECTION('',(0.,0.,1.));
#3125 = ADVANCED_FACE('',(#3126),#3137,.T.);
#3126 = FACE_BOUND('',#3127,.T.);
#3127 = EDGE_LOOP('',(#3128,#3129,#3130,#3136));
#3128 = ORIENTED_EDGE('',*,*,#3108,.T.);
#3129 = ORIENTED_EDGE('',*,*,#1743,.T.);
#3130 = ORIENTED_EDGE('',*,*,#3131,.F.);
#3131 = EDGE_CURVE('',#1825,#1744,#3132,.T.);
#3132 = LINE('',#3133,#3134);
#3133 = CARTESIAN_POINT('',(3.61,-1.64713,3.7725));
#3134 = VECTOR('',#3135,1.);
#3135 = DIRECTION('',(-1.,-0.,-0.));
#3136 = ORIENTED_EDGE('',*,*,#1824,.F.);
#3137 = PLANE('',#3138);
#3138 = AXIS2_PLACEMENT_3D('',#3139,#3140,#3141);
#3139 = CARTESIAN_POINT('',(3.61,-2.016232,3.7725));
#3140 = DIRECTION('',(0.,0.,-1.));
#3141 = DIRECTION('',(0.,1.,0.));
#3142 = ADVANCED_FACE('',(#3143),#3154,.T.);
#3143 = FACE_BOUND('',#3144,.T.);
#3144 = EDGE_LOOP('',(#3145,#3146,#3147,#3153));
#3145 = ORIENTED_EDGE('',*,*,#3131,.T.);
#3146 = ORIENTED_EDGE('',*,*,#1751,.T.);
#3147 = ORIENTED_EDGE('',*,*,#3148,.F.);
#3148 = EDGE_CURVE('',#1833,#1752,#3149,.T.);
#3149 = LINE('',#3150,#3151);
#3150 = CARTESIAN_POINT('',(3.61,-1.64713,6.504291));
#3151 = VECTOR('',#3152,1.);
#3152 = DIRECTION('',(-1.,-0.,-0.));
#3153 = ORIENTED_EDGE('',*,*,#1832,.F.);
#3154 = PLANE('',#3155);
#3155 = AXIS2_PLACEMENT_3D('',#3156,#3157,#3158);
#3156 = CARTESIAN_POINT('',(3.61,-1.64713,3.7725));
#3157 = DIRECTION('',(0.,1.,0.));
#3158 = DIRECTION('',(0.,0.,1.));
#3159 = ADVANCED_FACE('',(#3160,#3171),#3182,.T.);
#3160 = FACE_BOUND('',#3161,.T.);
#3161 = EDGE_LOOP('',(#3162,#3163,#3164,#3170));
#3162 = ORIENTED_EDGE('',*,*,#3148,.T.);
#3163 = ORIENTED_EDGE('',*,*,#1759,.T.);
#3164 = ORIENTED_EDGE('',*,*,#3165,.F.);
#3165 = EDGE_CURVE('',#1841,#1760,#3166,.T.);
#3166 = LINE('',#3167,#3168);
#3167 = CARTESIAN_POINT('',(3.61,1.630173,6.504291));
#3168 = VECTOR('',#3169,1.);
#3169 = DIRECTION('',(-1.,-0.,-0.));
#3170 = ORIENTED_EDGE('',*,*,#1840,.F.);
#3171 = FACE_BOUND('',#3172,.T.);
#3172 = EDGE_LOOP('',(#3173));
#3173 = ORIENTED_EDGE('',*,*,#3174,.T.);
#3174 = EDGE_CURVE('',#3175,#3175,#3177,.T.);
#3175 = VERTEX_POINT('',#3176);
#3176 = CARTESIAN_POINT('',(2.54,0.702324,6.504291));
#3177 = CIRCLE('',#3178,0.702324);
#3178 = AXIS2_PLACEMENT_3D('',#3179,#3180,#3181);
#3179 = CARTESIAN_POINT('',(2.54,0.,6.504291));
#3180 = DIRECTION('',(0.,-0.,1.));
#3181 = DIRECTION('',(0.,1.,0.));
#3182 = PLANE('',#3183);
#3183 = AXIS2_PLACEMENT_3D('',#3184,#3185,#3186);
#3184 = CARTESIAN_POINT('',(3.61,-1.64713,6.504291));
#3185 = DIRECTION('',(0.,0.,-1.));
#3186 = DIRECTION('',(0.,1.,0.));
#3187 = ADVANCED_FACE('',(#3188),#3194,.T.);
#3188 = FACE_BOUND('',#3189,.T.);
#3189 = EDGE_LOOP('',(#3190,#3191,#3192,#3193));
#3190 = ORIENTED_EDGE('',*,*,#3165,.T.);
#3191 = ORIENTED_EDGE('',*,*,#1767,.T.);
#3192 = ORIENTED_EDGE('',*,*,#3077,.F.);
#3193 = ORIENTED_EDGE('',*,*,#1848,.F.);
#3194 = PLANE('',#3195);
#3195 = AXIS2_PLACEMENT_3D('',#3196,#3197,#3198);
#3196 = CARTESIAN_POINT('',(3.61,1.630173,6.504291));
#3197 = DIRECTION('',(0.,-1.,0.));
#3198 = DIRECTION('',(0.,0.,-1.));
#3199 = ADVANCED_FACE('',(#3200),#3211,.F.);
#3200 = FACE_BOUND('',#3201,.F.);
#3201 = EDGE_LOOP('',(#3202,#3208,#3209,#3210));
#3202 = ORIENTED_EDGE('',*,*,#3203,.T.);
#3203 = EDGE_CURVE('',#1935,#2006,#3204,.T.);
#3204 = LINE('',#3205,#3206);
#3205 = CARTESIAN_POINT('',(5.78,2.523512383178,3.7725668));
#3206 = VECTOR('',#3207,1.);
#3207 = DIRECTION('',(-1.,-0.,-0.));
#3208 = ORIENTED_EDGE('',*,*,#2013,.T.);
#3209 = ORIENTED_EDGE('',*,*,#1903,.F.);
#3210 = ORIENTED_EDGE('',*,*,#1942,.F.);
#3211 = PLANE('',#3212);
#3212 = AXIS2_PLACEMENT_3D('',#3213,#3214,#3215);
#3213 = CARTESIAN_POINT('',(5.78,2.523512383178,3.7725668));
#3214 = DIRECTION('',(0.,0.,1.));
#3215 = DIRECTION('',(0.,-1.,0.));
#3216 = ADVANCED_FACE('',(#3217),#3228,.T.);
#3217 = FACE_BOUND('',#3218,.T.);
#3218 = EDGE_LOOP('',(#3219,#3225,#3226,#3227));
#3219 = ORIENTED_EDGE('',*,*,#3220,.T.);
#3220 = EDGE_CURVE('',#2159,#2078,#3221,.T.);
#3221 = LINE('',#3222,#3223);
#3222 = CARTESIAN_POINT('',(6.15,1.630173,6.011533));
#3223 = VECTOR('',#3224,1.);
#3224 = DIRECTION('',(-1.,-0.,-0.));
#3225 = ORIENTED_EDGE('',*,*,#2085,.T.);
#3226 = ORIENTED_EDGE('',*,*,#1880,.F.);
#3227 = ORIENTED_EDGE('',*,*,#2166,.F.);
#3228 = PLANE('',#3229);
#3229 = AXIS2_PLACEMENT_3D('',#3230,#3231,#3232);
#3230 = CARTESIAN_POINT('',(6.15,1.630173,6.011533));
#3231 = DIRECTION('',(0.,-0.951942347191,-0.306277272459));
#3232 = DIRECTION('',(0.,0.306277272459,-0.951942347191));
#3233 = ADVANCED_FACE('',(#3234),#3240,.F.);
#3234 = FACE_BOUND('',#3235,.F.);
#3235 = EDGE_LOOP('',(#3236,#3237,#3238,#3239));
#3236 = ORIENTED_EDGE('',*,*,#2610,.T.);
#3237 = ORIENTED_EDGE('',*,*,#2005,.T.);
#3238 = ORIENTED_EDGE('',*,*,#3203,.F.);
#3239 = ORIENTED_EDGE('',*,*,#1934,.F.);
#3240 = PLANE('',#3241);
#3241 = AXIS2_PLACEMENT_3D('',#3242,#3243,#3244);
#3242 = CARTESIAN_POINT('',(5.78,2.523512383178,4.8494725));
#3243 = DIRECTION('',(0.,-1.,0.));
#3244 = DIRECTION('',(0.,0.,-1.));
#3245 = ADVANCED_FACE('',(#3246,#3257),#3263,.T.);
#3246 = FACE_BOUND('',#3247,.T.);
#3247 = EDGE_LOOP('',(#3248,#3249,#3250,#3256));
#3248 = ORIENTED_EDGE('',*,*,#2103,.T.);
#3249 = ORIENTED_EDGE('',*,*,#2045,.T.);
#3250 = ORIENTED_EDGE('',*,*,#3251,.F.);
#3251 = EDGE_CURVE('',#2127,#2046,#3252,.T.);
#3252 = LINE('',#3253,#3254);
#3253 = CARTESIAN_POINT('',(6.15,-2.016232,3.7725));
#3254 = VECTOR('',#3255,1.);
#3255 = DIRECTION('',(-1.,-0.,-0.));
#3256 = ORIENTED_EDGE('',*,*,#2126,.F.);
#3257 = FACE_BOUND('',#3258,.T.);
#3258 = EDGE_LOOP('',(#3259,#3260,#3261,#3262));
#3259 = ORIENTED_EDGE('',*,*,#2777,.T.);
#3260 = ORIENTED_EDGE('',*,*,#154,.T.);
#3261 = ORIENTED_EDGE('',*,*,#114,.T.);
#3262 = ORIENTED_EDGE('',*,*,#2806,.T.);
#3263 = PLANE('',#3264);
#3264 = AXIS2_PLACEMENT_3D('',#3265,#3266,#3267);
#3265 = CARTESIAN_POINT('',(6.15,-2.016232,1.330337));
#3266 = DIRECTION('',(0.,1.,0.));
#3267 = DIRECTION('',(0.,0.,1.));
#3268 = ADVANCED_FACE('',(#3269),#3280,.T.);
#3269 = FACE_BOUND('',#3270,.T.);
#3270 = EDGE_LOOP('',(#3271,#3272,#3273,#3279));
#3271 = ORIENTED_EDGE('',*,*,#3251,.T.);
#3272 = ORIENTED_EDGE('',*,*,#2053,.T.);
#3273 = ORIENTED_EDGE('',*,*,#3274,.F.);
#3274 = EDGE_CURVE('',#2135,#2054,#3275,.T.);
#3275 = LINE('',#3276,#3277);
#3276 = CARTESIAN_POINT('',(6.15,-1.64713,3.7725));
#3277 = VECTOR('',#3278,1.);
#3278 = DIRECTION('',(-1.,-0.,-0.));
#3279 = ORIENTED_EDGE('',*,*,#2134,.F.);
#3280 = PLANE('',#3281);
#3281 = AXIS2_PLACEMENT_3D('',#3282,#3283,#3284);
#3282 = CARTESIAN_POINT('',(6.15,-2.016232,3.7725));
#3283 = DIRECTION('',(0.,0.,-1.));
#3284 = DIRECTION('',(0.,1.,0.));
#3285 = ADVANCED_FACE('',(#3286),#3297,.T.);
#3286 = FACE_BOUND('',#3287,.T.);
#3287 = EDGE_LOOP('',(#3288,#3289,#3290,#3296));
#3288 = ORIENTED_EDGE('',*,*,#3274,.T.);
#3289 = ORIENTED_EDGE('',*,*,#2061,.T.);
#3290 = ORIENTED_EDGE('',*,*,#3291,.F.);
#3291 = EDGE_CURVE('',#2143,#2062,#3292,.T.);
#3292 = LINE('',#3293,#3294);
#3293 = CARTESIAN_POINT('',(6.15,-1.64713,6.504291));
#3294 = VECTOR('',#3295,1.);
#3295 = DIRECTION('',(-1.,-0.,-0.));
#3296 = ORIENTED_EDGE('',*,*,#2142,.F.);
#3297 = PLANE('',#3298);
#3298 = AXIS2_PLACEMENT_3D('',#3299,#3300,#3301);
#3299 = CARTESIAN_POINT('',(6.15,-1.64713,3.7725));
#3300 = DIRECTION('',(0.,1.,0.));
#3301 = DIRECTION('',(0.,0.,1.));
#3302 = ADVANCED_FACE('',(#3303,#3314),#3325,.T.);
#3303 = FACE_BOUND('',#3304,.T.);
#3304 = EDGE_LOOP('',(#3305,#3306,#3307,#3313));
#3305 = ORIENTED_EDGE('',*,*,#3291,.T.);
#3306 = ORIENTED_EDGE('',*,*,#2069,.T.);
#3307 = ORIENTED_EDGE('',*,*,#3308,.F.);
#3308 = EDGE_CURVE('',#2151,#2070,#3309,.T.);
#3309 = LINE('',#3310,#3311);
#3310 = CARTESIAN_POINT('',(6.15,1.630173,6.504291));
#3311 = VECTOR('',#3312,1.);
#3312 = DIRECTION('',(-1.,-0.,-0.));
#3313 = ORIENTED_EDGE('',*,*,#2150,.F.);
#3314 = FACE_BOUND('',#3315,.T.);
#3315 = EDGE_LOOP('',(#3316));
#3316 = ORIENTED_EDGE('',*,*,#3317,.T.);
#3317 = EDGE_CURVE('',#3318,#3318,#3320,.T.);
#3318 = VERTEX_POINT('',#3319);
#3319 = CARTESIAN_POINT('',(5.08,0.702324,6.504291));
#3320 = CIRCLE('',#3321,0.702324);
#3321 = AXIS2_PLACEMENT_3D('',#3322,#3323,#3324);
#3322 = CARTESIAN_POINT('',(5.08,0.,6.504291));
#3323 = DIRECTION('',(0.,-0.,1.));
#3324 = DIRECTION('',(0.,1.,0.));
#3325 = PLANE('',#3326);
#3326 = AXIS2_PLACEMENT_3D('',#3327,#3328,#3329);
#3327 = CARTESIAN_POINT('',(6.15,-1.64713,6.504291));
#3328 = DIRECTION('',(0.,0.,-1.));
#3329 = DIRECTION('',(0.,1.,0.));
#3330 = ADVANCED_FACE('',(#3331),#3337,.T.);
#3331 = FACE_BOUND('',#3332,.T.);
#3332 = EDGE_LOOP('',(#3333,#3334,#3335,#3336));
#3333 = ORIENTED_EDGE('',*,*,#3308,.T.);
#3334 = ORIENTED_EDGE('',*,*,#2077,.T.);
#3335 = ORIENTED_EDGE('',*,*,#3220,.F.);
#3336 = ORIENTED_EDGE('',*,*,#2158,.F.);
#3337 = PLANE('',#3338);
#3338 = AXIS2_PLACEMENT_3D('',#3339,#3340,#3341);
#3339 = CARTESIAN_POINT('',(6.15,1.630173,6.504291));
#3340 = DIRECTION('',(0.,-1.,0.));
#3341 = DIRECTION('',(0.,0.,-1.));
#3342 = ADVANCED_FACE('',(#3343),#3354,.F.);
#3343 = FACE_BOUND('',#3344,.F.);
#3344 = EDGE_LOOP('',(#3345,#3351,#3352,#3353));
#3345 = ORIENTED_EDGE('',*,*,#3346,.T.);
#3346 = EDGE_CURVE('',#2245,#2316,#3347,.T.);
#3347 = LINE('',#3348,#3349);
#3348 = CARTESIAN_POINT('',(8.32,2.523512383178,3.7725668));
#3349 = VECTOR('',#3350,1.);
#3350 = DIRECTION('',(-1.,-0.,-0.));
#3351 = ORIENTED_EDGE('',*,*,#2323,.T.);
#3352 = ORIENTED_EDGE('',*,*,#2213,.F.);
#3353 = ORIENTED_EDGE('',*,*,#2252,.F.);
#3354 = PLANE('',#3355);
#3355 = AXIS2_PLACEMENT_3D('',#3356,#3357,#3358);
#3356 = CARTESIAN_POINT('',(8.32,2.523512383178,3.7725668));
#3357 = DIRECTION('',(0.,0.,1.));
#3358 = DIRECTION('',(0.,-1.,0.));
#3359 = ADVANCED_FACE('',(#3360),#3371,.T.);
#3360 = FACE_BOUND('',#3361,.T.);
#3361 = EDGE_LOOP('',(#3362,#3368,#3369,#3370));
#3362 = ORIENTED_EDGE('',*,*,#3363,.T.);
#3363 = EDGE_CURVE('',#2469,#2388,#3364,.T.);
#3364 = LINE('',#3365,#3366);
#3365 = CARTESIAN_POINT('',(8.69,1.630173,6.011533));
#3366 = VECTOR('',#3367,1.);
#3367 = DIRECTION('',(-1.,-0.,-0.));
#3368 = ORIENTED_EDGE('',*,*,#2395,.T.);
#3369 = ORIENTED_EDGE('',*,*,#2190,.F.);
#3370 = ORIENTED_EDGE('',*,*,#2476,.F.);
#3371 = PLANE('',#3372);
#3372 = AXIS2_PLACEMENT_3D('',#3373,#3374,#3375);
#3373 = CARTESIAN_POINT('',(8.69,1.630173,6.011533));
#3374 = DIRECTION('',(0.,-0.951942347191,-0.306277272459));
#3375 = DIRECTION('',(0.,0.306277272459,-0.951942347191));
#3376 = ADVANCED_FACE('',(#3377),#3383,.F.);
#3377 = FACE_BOUND('',#3378,.F.);
#3378 = EDGE_LOOP('',(#3379,#3380,#3381,#3382));
#3379 = ORIENTED_EDGE('',*,*,#2619,.T.);
#3380 = ORIENTED_EDGE('',*,*,#2315,.T.);
#3381 = ORIENTED_EDGE('',*,*,#3346,.F.);
#3382 = ORIENTED_EDGE('',*,*,#2244,.F.);
#3383 = PLANE('',#3384);
#3384 = AXIS2_PLACEMENT_3D('',#3385,#3386,#3387);
#3385 = CARTESIAN_POINT('',(8.32,2.523512383178,4.8494725));
#3386 = DIRECTION('',(0.,-1.,0.));
#3387 = DIRECTION('',(0.,0.,-1.));
#3388 = ADVANCED_FACE('',(#3389,#3400),#3406,.T.);
#3389 = FACE_BOUND('',#3390,.T.);
#3390 = EDGE_LOOP('',(#3391,#3392,#3393,#3399));
#3391 = ORIENTED_EDGE('',*,*,#2413,.T.);
#3392 = ORIENTED_EDGE('',*,*,#2355,.T.);
#3393 = ORIENTED_EDGE('',*,*,#3394,.F.);
#3394 = EDGE_CURVE('',#2437,#2356,#3395,.T.);
#3395 = LINE('',#3396,#3397);
#3396 = CARTESIAN_POINT('',(8.69,-2.016232,3.7725));
#3397 = VECTOR('',#3398,1.);
#3398 = DIRECTION('',(-1.,-0.,-0.));
#3399 = ORIENTED_EDGE('',*,*,#2436,.F.);
#3400 = FACE_BOUND('',#3401,.T.);
#3401 = EDGE_LOOP('',(#3402,#3403,#3404,#3405));
#3402 = ORIENTED_EDGE('',*,*,#2823,.T.);
#3403 = ORIENTED_EDGE('',*,*,#83,.T.);
#3404 = ORIENTED_EDGE('',*,*,#43,.T.);
#3405 = ORIENTED_EDGE('',*,*,#2852,.T.);
#3406 = PLANE('',#3407);
#3407 = AXIS2_PLACEMENT_3D('',#3408,#3409,#3410);
#3408 = CARTESIAN_POINT('',(8.69,-2.016232,1.330337));
#3409 = DIRECTION('',(0.,1.,0.));
#3410 = DIRECTION('',(0.,0.,1.));
#3411 = ADVANCED_FACE('',(#3412),#3423,.T.);
#3412 = FACE_BOUND('',#3413,.T.);
#3413 = EDGE_LOOP('',(#3414,#3415,#3416,#3422));
#3414 = ORIENTED_EDGE('',*,*,#3394,.T.);
#3415 = ORIENTED_EDGE('',*,*,#2363,.T.);
#3416 = ORIENTED_EDGE('',*,*,#3417,.F.);
#3417 = EDGE_CURVE('',#2445,#2364,#3418,.T.);
#3418 = LINE('',#3419,#3420);
#3419 = CARTESIAN_POINT('',(8.69,-1.64713,3.7725));
#3420 = VECTOR('',#3421,1.);
#3421 = DIRECTION('',(-1.,-0.,-0.));
#3422 = ORIENTED_EDGE('',*,*,#2444,.F.);
#3423 = PLANE('',#3424);
#3424 = AXIS2_PLACEMENT_3D('',#3425,#3426,#3427);
#3425 = CARTESIAN_POINT('',(8.69,-2.016232,3.7725));
#3426 = DIRECTION('',(0.,0.,-1.));
#3427 = DIRECTION('',(0.,1.,0.));
#3428 = ADVANCED_FACE('',(#3429),#3440,.T.);
#3429 = FACE_BOUND('',#3430,.T.);
#3430 = EDGE_LOOP('',(#3431,#3432,#3433,#3439));
#3431 = ORIENTED_EDGE('',*,*,#3417,.T.);
#3432 = ORIENTED_EDGE('',*,*,#2371,.T.);
#3433 = ORIENTED_EDGE('',*,*,#3434,.F.);
#3434 = EDGE_CURVE('',#2453,#2372,#3435,.T.);
#3435 = LINE('',#3436,#3437);
#3436 = CARTESIAN_POINT('',(8.69,-1.64713,6.504291));
#3437 = VECTOR('',#3438,1.);
#3438 = DIRECTION('',(-1.,-0.,-0.));
#3439 = ORIENTED_EDGE('',*,*,#2452,.F.);
#3440 = PLANE('',#3441);
#3441 = AXIS2_PLACEMENT_3D('',#3442,#3443,#3444);
#3442 = CARTESIAN_POINT('',(8.69,-1.64713,3.7725));
#3443 = DIRECTION('',(0.,1.,0.));
#3444 = DIRECTION('',(0.,0.,1.));
#3445 = ADVANCED_FACE('',(#3446,#3457),#3468,.T.);
#3446 = FACE_BOUND('',#3447,.T.);
#3447 = EDGE_LOOP('',(#3448,#3449,#3450,#3456));
#3448 = ORIENTED_EDGE('',*,*,#3434,.T.);
#3449 = ORIENTED_EDGE('',*,*,#2379,.T.);
#3450 = ORIENTED_EDGE('',*,*,#3451,.F.);
#3451 = EDGE_CURVE('',#2461,#2380,#3452,.T.);
#3452 = LINE('',#3453,#3454);
#3453 = CARTESIAN_POINT('',(8.69,1.630173,6.504291));
#3454 = VECTOR('',#3455,1.);
#3455 = DIRECTION('',(-1.,-0.,-0.));
#3456 = ORIENTED_EDGE('',*,*,#2460,.F.);
#3457 = FACE_BOUND('',#3458,.T.);
#3458 = EDGE_LOOP('',(#3459));
#3459 = ORIENTED_EDGE('',*,*,#3460,.T.);
#3460 = EDGE_CURVE('',#3461,#3461,#3463,.T.);
#3461 = VERTEX_POINT('',#3462);
#3462 = CARTESIAN_POINT('',(7.62,0.702324,6.504291));
#3463 = CIRCLE('',#3464,0.702324);
#3464 = AXIS2_PLACEMENT_3D('',#3465,#3466,#3467);
#3465 = CARTESIAN_POINT('',(7.62,0.,6.504291));
#3466 = DIRECTION('',(0.,-0.,1.));
#3467 = DIRECTION('',(0.,1.,0.));
#3468 = PLANE('',#3469);
#3469 = AXIS2_PLACEMENT_3D('',#3470,#3471,#3472);
#3470 = CARTESIAN_POINT('',(8.69,-1.64713,6.504291));
#3471 = DIRECTION('',(0.,0.,-1.));
#3472 = DIRECTION('',(0.,1.,0.));
#3473 = ADVANCED_FACE('',(#3474),#3480,.T.);
#3474 = FACE_BOUND('',#3475,.T.);
#3475 = EDGE_LOOP('',(#3476,#3477,#3478,#3479));
#3476 = ORIENTED_EDGE('',*,*,#3451,.T.);
#3477 = ORIENTED_EDGE('',*,*,#2387,.T.);
#3478 = ORIENTED_EDGE('',*,*,#3363,.F.);
#3479 = ORIENTED_EDGE('',*,*,#2468,.F.);
#3480 = PLANE('',#3481);
#3481 = AXIS2_PLACEMENT_3D('',#3482,#3483,#3484);
#3482 = CARTESIAN_POINT('',(8.69,1.630173,6.504291));
#3483 = DIRECTION('',(0.,-1.,0.));
#3484 = DIRECTION('',(0.,0.,-1.));
#3485 = ADVANCED_FACE('',(#3486),#3505,.F.);
#3486 = FACE_BOUND('',#3487,.T.);
#3487 = EDGE_LOOP('',(#3488,#3496,#3497,#3498));
#3488 = ORIENTED_EDGE('',*,*,#3489,.F.);
#3489 = EDGE_CURVE('',#2538,#3490,#3492,.T.);
#3490 = VERTEX_POINT('',#3491);
#3491 = CARTESIAN_POINT('',(0.,1.04036,8.297434));
#3492 = LINE('',#3493,#3494);
#3493 = CARTESIAN_POINT('',(0.,1.04036,8.5));
#3494 = VECTOR('',#3495,1.);
#3495 = DIRECTION('',(0.,0.,-1.));
#3496 = ORIENTED_EDGE('',*,*,#2537,.T.);
#3497 = ORIENTED_EDGE('',*,*,#3489,.T.);
#3498 = ORIENTED_EDGE('',*,*,#3499,.F.);
#3499 = EDGE_CURVE('',#3490,#3490,#3500,.T.);
#3500 = CIRCLE('',#3501,1.04036);
#3501 = AXIS2_PLACEMENT_3D('',#3502,#3503,#3504);
#3502 = CARTESIAN_POINT('',(0.,0.,8.297434));
#3503 = DIRECTION('',(0.,-0.,1.));
#3504 = DIRECTION('',(0.,1.,0.));
#3505 = CYLINDRICAL_SURFACE('',#3506,1.04036);
#3506 = AXIS2_PLACEMENT_3D('',#3507,#3508,#3509);
#3507 = CARTESIAN_POINT('',(0.,0.,8.5));
#3508 = DIRECTION('',(-0.,-0.,-1.));
#3509 = DIRECTION('',(0.,1.,0.));
#3510 = ADVANCED_FACE('',(#3511),#3530,.F.);
#3511 = FACE_BOUND('',#3512,.T.);
#3512 = EDGE_LOOP('',(#3513,#3521,#3522,#3523));
#3513 = ORIENTED_EDGE('',*,*,#3514,.F.);
#3514 = EDGE_CURVE('',#2549,#3515,#3517,.T.);
#3515 = VERTEX_POINT('',#3516);
#3516 = CARTESIAN_POINT('',(2.54,1.04036,8.297434));
#3517 = LINE('',#3518,#3519);
#3518 = CARTESIAN_POINT('',(2.54,1.04036,8.5));
#3519 = VECTOR('',#3520,1.);
#3520 = DIRECTION('',(0.,0.,-1.));
#3521 = ORIENTED_EDGE('',*,*,#2548,.T.);
#3522 = ORIENTED_EDGE('',*,*,#3514,.T.);
#3523 = ORIENTED_EDGE('',*,*,#3524,.F.);
#3524 = EDGE_CURVE('',#3515,#3515,#3525,.T.);
#3525 = CIRCLE('',#3526,1.04036);
#3526 = AXIS2_PLACEMENT_3D('',#3527,#3528,#3529);
#3527 = CARTESIAN_POINT('',(2.54,0.,8.297434));
#3528 = DIRECTION('',(0.,-0.,1.));
#3529 = DIRECTION('',(0.,1.,0.));
#3530 = CYLINDRICAL_SURFACE('',#3531,1.04036);
#3531 = AXIS2_PLACEMENT_3D('',#3532,#3533,#3534);
#3532 = CARTESIAN_POINT('',(2.54,0.,8.5));
#3533 = DIRECTION('',(-0.,-0.,-1.));
#3534 = DIRECTION('',(0.,1.,0.));
#3535 = ADVANCED_FACE('',(#3536),#3555,.F.);
#3536 = FACE_BOUND('',#3537,.T.);
#3537 = EDGE_LOOP('',(#3538,#3546,#3547,#3548));
#3538 = ORIENTED_EDGE('',*,*,#3539,.F.);
#3539 = EDGE_CURVE('',#2560,#3540,#3542,.T.);
#3540 = VERTEX_POINT('',#3541);
#3541 = CARTESIAN_POINT('',(5.08,1.04036,8.297434));
#3542 = LINE('',#3543,#3544);
#3543 = CARTESIAN_POINT('',(5.08,1.04036,8.5));
#3544 = VECTOR('',#3545,1.);
#3545 = DIRECTION('',(0.,0.,-1.));
#3546 = ORIENTED_EDGE('',*,*,#2559,.T.);
#3547 = ORIENTED_EDGE('',*,*,#3539,.T.);
#3548 = ORIENTED_EDGE('',*,*,#3549,.F.);
#3549 = EDGE_CURVE('',#3540,#3540,#3550,.T.);
#3550 = CIRCLE('',#3551,1.04036);
#3551 = AXIS2_PLACEMENT_3D('',#3552,#3553,#3554);
#3552 = CARTESIAN_POINT('',(5.08,0.,8.297434));
#3553 = DIRECTION('',(0.,-0.,1.));
#3554 = DIRECTION('',(0.,1.,0.));
#3555 = CYLINDRICAL_SURFACE('',#3556,1.04036);
#3556 = AXIS2_PLACEMENT_3D('',#3557,#3558,#3559);
#3557 = CARTESIAN_POINT('',(5.08,0.,8.5));
#3558 = DIRECTION('',(-0.,-0.,-1.));
#3559 = DIRECTION('',(0.,1.,0.));
#3560 = ADVANCED_FACE('',(#3561),#3580,.F.);
#3561 = FACE_BOUND('',#3562,.T.);
#3562 = EDGE_LOOP('',(#3563,#3571,#3572,#3573));
#3563 = ORIENTED_EDGE('',*,*,#3564,.F.);
#3564 = EDGE_CURVE('',#2571,#3565,#3567,.T.);
#3565 = VERTEX_POINT('',#3566);
#3566 = CARTESIAN_POINT('',(7.62,1.04036,8.297434));
#3567 = LINE('',#3568,#3569);
#3568 = CARTESIAN_POINT('',(7.62,1.04036,8.5));
#3569 = VECTOR('',#3570,1.);
#3570 = DIRECTION('',(0.,0.,-1.));
#3571 = ORIENTED_EDGE('',*,*,#2570,.T.);
#3572 = ORIENTED_EDGE('',*,*,#3564,.T.);
#3573 = ORIENTED_EDGE('',*,*,#3574,.F.);
#3574 = EDGE_CURVE('',#3565,#3565,#3575,.T.);
#3575 = CIRCLE('',#3576,1.04036);
#3576 = AXIS2_PLACEMENT_3D('',#3577,#3578,#3579);
#3577 = CARTESIAN_POINT('',(7.62,0.,8.297434));
#3578 = DIRECTION('',(0.,-0.,1.));
#3579 = DIRECTION('',(0.,1.,0.));
#3580 = CYLINDRICAL_SURFACE('',#3581,1.04036);
#3581 = AXIS2_PLACEMENT_3D('',#3582,#3583,#3584);
#3582 = CARTESIAN_POINT('',(7.62,0.,8.5));
#3583 = DIRECTION('',(-0.,-0.,-1.));
#3584 = DIRECTION('',(0.,1.,0.));
#3585 = ADVANCED_FACE('',(#3586),#3605,.F.);
#3586 = FACE_BOUND('',#3587,.T.);
#3587 = EDGE_LOOP('',(#3588,#3596,#3603,#3604));
#3588 = ORIENTED_EDGE('',*,*,#3589,.F.);
#3589 = EDGE_CURVE('',#3590,#3020,#3592,.T.);
#3590 = VERTEX_POINT('',#3591);
#3591 = CARTESIAN_POINT('',(0.,0.702324,6.8033));
#3592 = LINE('',#3593,#3594);
#3593 = CARTESIAN_POINT('',(0.,0.702324,6.8033));
#3594 = VECTOR('',#3595,1.);
#3595 = DIRECTION('',(0.,0.,-1.));
#3596 = ORIENTED_EDGE('',*,*,#3597,.T.);
#3597 = EDGE_CURVE('',#3590,#3590,#3598,.T.);
#3598 = CIRCLE('',#3599,0.702324);
#3599 = AXIS2_PLACEMENT_3D('',#3600,#3601,#3602);
#3600 = CARTESIAN_POINT('',(0.,0.,6.8033));
#3601 = DIRECTION('',(0.,-0.,1.));
#3602 = DIRECTION('',(0.,1.,0.));
#3603 = ORIENTED_EDGE('',*,*,#3589,.T.);
#3604 = ORIENTED_EDGE('',*,*,#3019,.F.);
#3605 = CYLINDRICAL_SURFACE('',#3606,0.702324);
#3606 = AXIS2_PLACEMENT_3D('',#3607,#3608,#3609);
#3607 = CARTESIAN_POINT('',(0.,0.,6.8033));
#3608 = DIRECTION('',(-0.,-0.,-1.));
#3609 = DIRECTION('',(0.,1.,0.));
#3610 = ADVANCED_FACE('',(#3611),#3630,.F.);
#3611 = FACE_BOUND('',#3612,.T.);
#3612 = EDGE_LOOP('',(#3613,#3621,#3628,#3629));
#3613 = ORIENTED_EDGE('',*,*,#3614,.F.);
#3614 = EDGE_CURVE('',#3615,#3175,#3617,.T.);
#3615 = VERTEX_POINT('',#3616);
#3616 = CARTESIAN_POINT('',(2.54,0.702324,6.8033));
#3617 = LINE('',#3618,#3619);
#3618 = CARTESIAN_POINT('',(2.54,0.702324,6.8033));
#3619 = VECTOR('',#3620,1.);
#3620 = DIRECTION('',(0.,0.,-1.));
#3621 = ORIENTED_EDGE('',*,*,#3622,.T.);
#3622 = EDGE_CURVE('',#3615,#3615,#3623,.T.);
#3623 = CIRCLE('',#3624,0.702324);
#3624 = AXIS2_PLACEMENT_3D('',#3625,#3626,#3627);
#3625 = CARTESIAN_POINT('',(2.54,0.,6.8033));
#3626 = DIRECTION('',(0.,-0.,1.));
#3627 = DIRECTION('',(0.,1.,0.));
#3628 = ORIENTED_EDGE('',*,*,#3614,.T.);
#3629 = ORIENTED_EDGE('',*,*,#3174,.F.);
#3630 = CYLINDRICAL_SURFACE('',#3631,0.702324);
#3631 = AXIS2_PLACEMENT_3D('',#3632,#3633,#3634);
#3632 = CARTESIAN_POINT('',(2.54,0.,6.8033));
#3633 = DIRECTION('',(-0.,-0.,-1.));
#3634 = DIRECTION('',(0.,1.,0.));
#3635 = ADVANCED_FACE('',(#3636),#3655,.F.);
#3636 = FACE_BOUND('',#3637,.T.);
#3637 = EDGE_LOOP('',(#3638,#3646,#3653,#3654));
#3638 = ORIENTED_EDGE('',*,*,#3639,.F.);
#3639 = EDGE_CURVE('',#3640,#3318,#3642,.T.);
#3640 = VERTEX_POINT('',#3641);
#3641 = CARTESIAN_POINT('',(5.08,0.702324,6.8033));
#3642 = LINE('',#3643,#3644);
#3643 = CARTESIAN_POINT('',(5.08,0.702324,6.8033));
#3644 = VECTOR('',#3645,1.);
#3645 = DIRECTION('',(0.,0.,-1.));
#3646 = ORIENTED_EDGE('',*,*,#3647,.T.);
#3647 = EDGE_CURVE('',#3640,#3640,#3648,.T.);
#3648 = CIRCLE('',#3649,0.702324);
#3649 = AXIS2_PLACEMENT_3D('',#3650,#3651,#3652);
#3650 = CARTESIAN_POINT('',(5.08,0.,6.8033));
#3651 = DIRECTION('',(0.,-0.,1.));
#3652 = DIRECTION('',(0.,1.,0.));
#3653 = ORIENTED_EDGE('',*,*,#3639,.T.);
#3654 = ORIENTED_EDGE('',*,*,#3317,.F.);
#3655 = CYLINDRICAL_SURFACE('',#3656,0.702324);
#3656 = AXIS2_PLACEMENT_3D('',#3657,#3658,#3659);
#3657 = CARTESIAN_POINT('',(5.08,0.,6.8033));
#3658 = DIRECTION('',(-0.,-0.,-1.));
#3659 = DIRECTION('',(0.,1.,0.));
#3660 = ADVANCED_FACE('',(#3661),#3680,.F.);
#3661 = FACE_BOUND('',#3662,.T.);
#3662 = EDGE_LOOP('',(#3663,#3671,#3678,#3679));
#3663 = ORIENTED_EDGE('',*,*,#3664,.F.);
#3664 = EDGE_CURVE('',#3665,#3461,#3667,.T.);
#3665 = VERTEX_POINT('',#3666);
#3666 = CARTESIAN_POINT('',(7.62,0.702324,6.8033));
#3667 = LINE('',#3668,#3669);
#3668 = CARTESIAN_POINT('',(7.62,0.702324,6.8033));
#3669 = VECTOR('',#3670,1.);
#3670 = DIRECTION('',(0.,0.,-1.));
#3671 = ORIENTED_EDGE('',*,*,#3672,.T.);
#3672 = EDGE_CURVE('',#3665,#3665,#3673,.T.);
#3673 = CIRCLE('',#3674,0.702324);
#3674 = AXIS2_PLACEMENT_3D('',#3675,#3676,#3677);
#3675 = CARTESIAN_POINT('',(7.62,0.,6.8033));
#3676 = DIRECTION('',(0.,-0.,1.));
#3677 = DIRECTION('',(0.,1.,0.));
#3678 = ORIENTED_EDGE('',*,*,#3664,.T.);
#3679 = ORIENTED_EDGE('',*,*,#3460,.F.);
#3680 = CYLINDRICAL_SURFACE('',#3681,0.702324);
#3681 = AXIS2_PLACEMENT_3D('',#3682,#3683,#3684);
#3682 = CARTESIAN_POINT('',(7.62,0.,6.8033));
#3683 = DIRECTION('',(-0.,-0.,-1.));
#3684 = DIRECTION('',(0.,1.,0.));
#3685 = ADVANCED_FACE('',(#3686),#3705,.F.);
#3686 = FACE_BOUND('',#3687,.T.);
#3687 = EDGE_LOOP('',(#3688,#3689,#3697,#3704));
#3688 = ORIENTED_EDGE('',*,*,#3499,.T.);
#3689 = ORIENTED_EDGE('',*,*,#3690,.T.);
#3690 = EDGE_CURVE('',#3490,#3691,#3693,.T.);
#3691 = VERTEX_POINT('',#3692);
#3692 = CARTESIAN_POINT('',(0.,0.952473,8.216305));
#3693 = LINE('',#3694,#3695);
#3694 = CARTESIAN_POINT('',(0.,1.04036,8.297434));
#3695 = VECTOR('',#3696,1.);
#3696 = DIRECTION('',(0.,-0.734792866841,-0.678291561823));
#3697 = ORIENTED_EDGE('',*,*,#3698,.F.);
#3698 = EDGE_CURVE('',#3691,#3691,#3699,.T.);
#3699 = CIRCLE('',#3700,0.952473);
#3700 = AXIS2_PLACEMENT_3D('',#3701,#3702,#3703);
#3701 = CARTESIAN_POINT('',(0.,0.,8.216305));
#3702 = DIRECTION('',(0.,-0.,1.));
#3703 = DIRECTION('',(0.,1.,0.));
#3704 = ORIENTED_EDGE('',*,*,#3690,.F.);
#3705 = CONICAL_SURFACE('',#3706,1.04036,0.82536125564);
#3706 = AXIS2_PLACEMENT_3D('',#3707,#3708,#3709);
#3707 = CARTESIAN_POINT('',(0.,0.,8.297434));
#3708 = DIRECTION('',(0.,0.,1.));
#3709 = DIRECTION('',(0.,1.,0.));
#3710 = ADVANCED_FACE('',(#3711),#3730,.F.);
#3711 = FACE_BOUND('',#3712,.T.);
#3712 = EDGE_LOOP('',(#3713,#3714,#3722,#3729));
#3713 = ORIENTED_EDGE('',*,*,#3524,.T.);
#3714 = ORIENTED_EDGE('',*,*,#3715,.T.);
#3715 = EDGE_CURVE('',#3515,#3716,#3718,.T.);
#3716 = VERTEX_POINT('',#3717);
#3717 = CARTESIAN_POINT('',(2.54,0.952473,8.216305));
#3718 = LINE('',#3719,#3720);
#3719 = CARTESIAN_POINT('',(2.54,1.04036,8.297434));
#3720 = VECTOR('',#3721,1.);
#3721 = DIRECTION('',(0.,-0.734792866841,-0.678291561823));
#3722 = ORIENTED_EDGE('',*,*,#3723,.F.);
#3723 = EDGE_CURVE('',#3716,#3716,#3724,.T.);
#3724 = CIRCLE('',#3725,0.952473);
#3725 = AXIS2_PLACEMENT_3D('',#3726,#3727,#3728);
#3726 = CARTESIAN_POINT('',(2.54,0.,8.216305));
#3727 = DIRECTION('',(0.,-0.,1.));
#3728 = DIRECTION('',(0.,1.,0.));
#3729 = ORIENTED_EDGE('',*,*,#3715,.F.);
#3730 = CONICAL_SURFACE('',#3731,1.04036,0.82536125564);
#3731 = AXIS2_PLACEMENT_3D('',#3732,#3733,#3734);
#3732 = CARTESIAN_POINT('',(2.54,0.,8.297434));
#3733 = DIRECTION('',(0.,0.,1.));
#3734 = DIRECTION('',(0.,1.,0.));
#3735 = ADVANCED_FACE('',(#3736),#3755,.F.);
#3736 = FACE_BOUND('',#3737,.T.);
#3737 = EDGE_LOOP('',(#3738,#3739,#3747,#3754));
#3738 = ORIENTED_EDGE('',*,*,#3549,.T.);
#3739 = ORIENTED_EDGE('',*,*,#3740,.T.);
#3740 = EDGE_CURVE('',#3540,#3741,#3743,.T.);
#3741 = VERTEX_POINT('',#3742);
#3742 = CARTESIAN_POINT('',(5.08,0.952473,8.216305));
#3743 = LINE('',#3744,#3745);
#3744 = CARTESIAN_POINT('',(5.08,1.04036,8.297434));
#3745 = VECTOR('',#3746,1.);
#3746 = DIRECTION('',(0.,-0.734792866841,-0.678291561823));
#3747 = ORIENTED_EDGE('',*,*,#3748,.F.);
#3748 = EDGE_CURVE('',#3741,#3741,#3749,.T.);
#3749 = CIRCLE('',#3750,0.952473);
#3750 = AXIS2_PLACEMENT_3D('',#3751,#3752,#3753);
#3751 = CARTESIAN_POINT('',(5.08,0.,8.216305));
#3752 = DIRECTION('',(0.,-0.,1.));
#3753 = DIRECTION('',(0.,1.,0.));
#3754 = ORIENTED_EDGE('',*,*,#3740,.F.);
#3755 = CONICAL_SURFACE('',#3756,1.04036,0.82536125564);
#3756 = AXIS2_PLACEMENT_3D('',#3757,#3758,#3759);
#3757 = CARTESIAN_POINT('',(5.08,0.,8.297434));
#3758 = DIRECTION('',(0.,0.,1.));
#3759 = DIRECTION('',(0.,1.,0.));
#3760 = ADVANCED_FACE('',(#3761),#3780,.F.);
#3761 = FACE_BOUND('',#3762,.T.);
#3762 = EDGE_LOOP('',(#3763,#3764,#3772,#3779));
#3763 = ORIENTED_EDGE('',*,*,#3574,.T.);
#3764 = ORIENTED_EDGE('',*,*,#3765,.T.);
#3765 = EDGE_CURVE('',#3565,#3766,#3768,.T.);
#3766 = VERTEX_POINT('',#3767);
#3767 = CARTESIAN_POINT('',(7.62,0.952473,8.216305));
#3768 = LINE('',#3769,#3770);
#3769 = CARTESIAN_POINT('',(7.62,1.04036,8.297434));
#3770 = VECTOR('',#3771,1.);
#3771 = DIRECTION('',(0.,-0.734792866841,-0.678291561823));
#3772 = ORIENTED_EDGE('',*,*,#3773,.F.);
#3773 = EDGE_CURVE('',#3766,#3766,#3774,.T.);
#3774 = CIRCLE('',#3775,0.952473);
#3775 = AXIS2_PLACEMENT_3D('',#3776,#3777,#3778);
#3776 = CARTESIAN_POINT('',(7.62,0.,8.216305));
#3777 = DIRECTION('',(0.,-0.,1.));
#3778 = DIRECTION('',(0.,1.,0.));
#3779 = ORIENTED_EDGE('',*,*,#3765,.F.);
#3780 = CONICAL_SURFACE('',#3781,1.04036,0.82536125564);
#3781 = AXIS2_PLACEMENT_3D('',#3782,#3783,#3784);
#3782 = CARTESIAN_POINT('',(7.62,0.,8.297434));
#3783 = DIRECTION('',(0.,0.,1.));
#3784 = DIRECTION('',(0.,1.,0.));
#3785 = ADVANCED_FACE('',(#3786,#3797),#3800,.T.);
#3786 = FACE_BOUND('',#3787,.T.);
#3787 = EDGE_LOOP('',(#3788));
#3788 = ORIENTED_EDGE('',*,*,#3789,.T.);
#3789 = EDGE_CURVE('',#3790,#3790,#3792,.T.);
#3790 = VERTEX_POINT('',#3791);
#3791 = CARTESIAN_POINT('',(0.,1.04036,6.8033));
#3792 = CIRCLE('',#3793,1.04036);
#3793 = AXIS2_PLACEMENT_3D('',#3794,#3795,#3796);
#3794 = CARTESIAN_POINT('',(0.,0.,6.8033));
#3795 = DIRECTION('',(0.,-0.,1.));
#3796 = DIRECTION('',(0.,1.,0.));
#3797 = FACE_BOUND('',#3798,.T.);
#3798 = EDGE_LOOP('',(#3799));
#3799 = ORIENTED_EDGE('',*,*,#3597,.F.);
#3800 = PLANE('',#3801);
#3801 = AXIS2_PLACEMENT_3D('',#3802,#3803,#3804);
#3802 = CARTESIAN_POINT('',(0.,0.,6.8033));
#3803 = DIRECTION('',(0.,0.,1.));
#3804 = DIRECTION('',(0.,1.,0.));
#3805 = ADVANCED_FACE('',(#3806,#3817),#3820,.T.);
#3806 = FACE_BOUND('',#3807,.T.);
#3807 = EDGE_LOOP('',(#3808));
#3808 = ORIENTED_EDGE('',*,*,#3809,.T.);
#3809 = EDGE_CURVE('',#3810,#3810,#3812,.T.);
#3810 = VERTEX_POINT('',#3811);
#3811 = CARTESIAN_POINT('',(2.54,1.04036,6.8033));
#3812 = CIRCLE('',#3813,1.04036);
#3813 = AXIS2_PLACEMENT_3D('',#3814,#3815,#3816);
#3814 = CARTESIAN_POINT('',(2.54,0.,6.8033));
#3815 = DIRECTION('',(0.,-0.,1.));
#3816 = DIRECTION('',(0.,1.,0.));
#3817 = FACE_BOUND('',#3818,.T.);
#3818 = EDGE_LOOP('',(#3819));
#3819 = ORIENTED_EDGE('',*,*,#3622,.F.);
#3820 = PLANE('',#3821);
#3821 = AXIS2_PLACEMENT_3D('',#3822,#3823,#3824);
#3822 = CARTESIAN_POINT('',(2.54,0.,6.8033));
#3823 = DIRECTION('',(0.,0.,1.));
#3824 = DIRECTION('',(0.,1.,0.));
#3825 = ADVANCED_FACE('',(#3826,#3837),#3840,.T.);
#3826 = FACE_BOUND('',#3827,.T.);
#3827 = EDGE_LOOP('',(#3828));
#3828 = ORIENTED_EDGE('',*,*,#3829,.T.);
#3829 = EDGE_CURVE('',#3830,#3830,#3832,.T.);
#3830 = VERTEX_POINT('',#3831);
#3831 = CARTESIAN_POINT('',(5.08,1.04036,6.8033));
#3832 = CIRCLE('',#3833,1.04036);
#3833 = AXIS2_PLACEMENT_3D('',#3834,#3835,#3836);
#3834 = CARTESIAN_POINT('',(5.08,0.,6.8033));
#3835 = DIRECTION('',(0.,-0.,1.));
#3836 = DIRECTION('',(0.,1.,0.));
#3837 = FACE_BOUND('',#3838,.T.);
#3838 = EDGE_LOOP('',(#3839));
#3839 = ORIENTED_EDGE('',*,*,#3647,.F.);
#3840 = PLANE('',#3841);
#3841 = AXIS2_PLACEMENT_3D('',#3842,#3843,#3844);
#3842 = CARTESIAN_POINT('',(5.08,0.,6.8033));
#3843 = DIRECTION('',(0.,0.,1.));
#3844 = DIRECTION('',(0.,1.,0.));
#3845 = ADVANCED_FACE('',(#3846,#3857),#3860,.T.);
#3846 = FACE_BOUND('',#3847,.T.);
#3847 = EDGE_LOOP('',(#3848));
#3848 = ORIENTED_EDGE('',*,*,#3849,.T.);
#3849 = EDGE_CURVE('',#3850,#3850,#3852,.T.);
#3850 = VERTEX_POINT('',#3851);
#3851 = CARTESIAN_POINT('',(7.62,1.04036,6.8033));
#3852 = CIRCLE('',#3853,1.04036);
#3853 = AXIS2_PLACEMENT_3D('',#3854,#3855,#3856);
#3854 = CARTESIAN_POINT('',(7.62,0.,6.8033));
#3855 = DIRECTION('',(0.,-0.,1.));
#3856 = DIRECTION('',(0.,1.,0.));
#3857 = FACE_BOUND('',#3858,.T.);
#3858 = EDGE_LOOP('',(#3859));
#3859 = ORIENTED_EDGE('',*,*,#3672,.F.);
#3860 = PLANE('',#3861);
#3861 = AXIS2_PLACEMENT_3D('',#3862,#3863,#3864);
#3862 = CARTESIAN_POINT('',(7.62,0.,6.8033));
#3863 = DIRECTION('',(0.,0.,1.));
#3864 = DIRECTION('',(0.,1.,0.));
#3865 = ADVANCED_FACE('',(#3866),#3885,.F.);
#3866 = FACE_BOUND('',#3867,.T.);
#3867 = EDGE_LOOP('',(#3868,#3869,#3877,#3884));
#3868 = ORIENTED_EDGE('',*,*,#3698,.T.);
#3869 = ORIENTED_EDGE('',*,*,#3870,.T.);
#3870 = EDGE_CURVE('',#3691,#3871,#3873,.T.);
#3871 = VERTEX_POINT('',#3872);
#3872 = CARTESIAN_POINT('',(0.,0.952473,8.047285));
#3873 = LINE('',#3874,#3875);
#3874 = CARTESIAN_POINT('',(0.,0.952473,8.216305));
#3875 = VECTOR('',#3876,1.);
#3876 = DIRECTION('',(0.,0.,-1.));
#3877 = ORIENTED_EDGE('',*,*,#3878,.F.);
#3878 = EDGE_CURVE('',#3871,#3871,#3879,.T.);
#3879 = CIRCLE('',#3880,0.952473);
#3880 = AXIS2_PLACEMENT_3D('',#3881,#3882,#3883);
#3881 = CARTESIAN_POINT('',(0.,0.,8.047285));
#3882 = DIRECTION('',(0.,-0.,1.));
#3883 = DIRECTION('',(0.,1.,0.));
#3884 = ORIENTED_EDGE('',*,*,#3870,.F.);
#3885 = CYLINDRICAL_SURFACE('',#3886,0.952473);
#3886 = AXIS2_PLACEMENT_3D('',#3887,#3888,#3889);
#3887 = CARTESIAN_POINT('',(0.,0.,8.216305));
#3888 = DIRECTION('',(-0.,-0.,-1.));
#3889 = DIRECTION('',(0.,1.,0.));
#3890 = ADVANCED_FACE('',(#3891),#3910,.F.);
#3891 = FACE_BOUND('',#3892,.T.);
#3892 = EDGE_LOOP('',(#3893,#3894,#3902,#3909));
#3893 = ORIENTED_EDGE('',*,*,#3723,.T.);
#3894 = ORIENTED_EDGE('',*,*,#3895,.T.);
#3895 = EDGE_CURVE('',#3716,#3896,#3898,.T.);
#3896 = VERTEX_POINT('',#3897);
#3897 = CARTESIAN_POINT('',(2.54,0.952473,8.047285));
#3898 = LINE('',#3899,#3900);
#3899 = CARTESIAN_POINT('',(2.54,0.952473,8.216305));
#3900 = VECTOR('',#3901,1.);
#3901 = DIRECTION('',(0.,0.,-1.));
#3902 = ORIENTED_EDGE('',*,*,#3903,.F.);
#3903 = EDGE_CURVE('',#3896,#3896,#3904,.T.);
#3904 = CIRCLE('',#3905,0.952473);
#3905 = AXIS2_PLACEMENT_3D('',#3906,#3907,#3908);
#3906 = CARTESIAN_POINT('',(2.54,0.,8.047285));
#3907 = DIRECTION('',(0.,-0.,1.));
#3908 = DIRECTION('',(0.,1.,0.));
#3909 = ORIENTED_EDGE('',*,*,#3895,.F.);
#3910 = CYLINDRICAL_SURFACE('',#3911,0.952473);
#3911 = AXIS2_PLACEMENT_3D('',#3912,#3913,#3914);
#3912 = CARTESIAN_POINT('',(2.54,0.,8.216305));
#3913 = DIRECTION('',(-0.,-0.,-1.));
#3914 = DIRECTION('',(0.,1.,0.));
#3915 = ADVANCED_FACE('',(#3916),#3935,.F.);
#3916 = FACE_BOUND('',#3917,.T.);
#3917 = EDGE_LOOP('',(#3918,#3919,#3927,#3934));
#3918 = ORIENTED_EDGE('',*,*,#3748,.T.);
#3919 = ORIENTED_EDGE('',*,*,#3920,.T.);
#3920 = EDGE_CURVE('',#3741,#3921,#3923,.T.);
#3921 = VERTEX_POINT('',#3922);
#3922 = CARTESIAN_POINT('',(5.08,0.952473,8.047285));
#3923 = LINE('',#3924,#3925);
#3924 = CARTESIAN_POINT('',(5.08,0.952473,8.216305));
#3925 = VECTOR('',#3926,1.);
#3926 = DIRECTION('',(0.,0.,-1.));
#3927 = ORIENTED_EDGE('',*,*,#3928,.F.);
#3928 = EDGE_CURVE('',#3921,#3921,#3929,.T.);
#3929 = CIRCLE('',#3930,0.952473);
#3930 = AXIS2_PLACEMENT_3D('',#3931,#3932,#3933);
#3931 = CARTESIAN_POINT('',(5.08,0.,8.047285));
#3932 = DIRECTION('',(0.,-0.,1.));
#3933 = DIRECTION('',(0.,1.,0.));
#3934 = ORIENTED_EDGE('',*,*,#3920,.F.);
#3935 = CYLINDRICAL_SURFACE('',#3936,0.952473);
#3936 = AXIS2_PLACEMENT_3D('',#3937,#3938,#3939);
#3937 = CARTESIAN_POINT('',(5.08,0.,8.216305));
#3938 = DIRECTION('',(-0.,-0.,-1.));
#3939 = DIRECTION('',(0.,1.,0.));
#3940 = ADVANCED_FACE('',(#3941),#3960,.F.);
#3941 = FACE_BOUND('',#3942,.T.);
#3942 = EDGE_LOOP('',(#3943,#3944,#3952,#3959));
#3943 = ORIENTED_EDGE('',*,*,#3773,.T.);
#3944 = ORIENTED_EDGE('',*,*,#3945,.T.);
#3945 = EDGE_CURVE('',#3766,#3946,#3948,.T.);
#3946 = VERTEX_POINT('',#3947);
#3947 = CARTESIAN_POINT('',(7.62,0.952473,8.047285));
#3948 = LINE('',#3949,#3950);
#3949 = CARTESIAN_POINT('',(7.62,0.952473,8.216305));
#3950 = VECTOR('',#3951,1.);
#3951 = DIRECTION('',(0.,0.,-1.));
#3952 = ORIENTED_EDGE('',*,*,#3953,.F.);
#3953 = EDGE_CURVE('',#3946,#3946,#3954,.T.);
#3954 = CIRCLE('',#3955,0.952473);
#3955 = AXIS2_PLACEMENT_3D('',#3956,#3957,#3958);
#3956 = CARTESIAN_POINT('',(7.62,0.,8.047285));
#3957 = DIRECTION('',(0.,-0.,1.));
#3958 = DIRECTION('',(0.,1.,0.));
#3959 = ORIENTED_EDGE('',*,*,#3945,.F.);
#3960 = CYLINDRICAL_SURFACE('',#3961,0.952473);
#3961 = AXIS2_PLACEMENT_3D('',#3962,#3963,#3964);
#3962 = CARTESIAN_POINT('',(7.62,0.,8.216305));
#3963 = DIRECTION('',(-0.,-0.,-1.));
#3964 = DIRECTION('',(0.,1.,0.));
#3965 = ADVANCED_FACE('',(#3966),#3985,.F.);
#3966 = FACE_BOUND('',#3967,.T.);
#3967 = EDGE_LOOP('',(#3968,#3977,#3983,#3984));
#3968 = ORIENTED_EDGE('',*,*,#3969,.T.);
#3969 = EDGE_CURVE('',#3970,#3970,#3972,.T.);
#3970 = VERTEX_POINT('',#3971);
#3971 = CARTESIAN_POINT('',(0.,1.04036,7.959395));
#3972 = CIRCLE('',#3973,1.04036);
#3973 = AXIS2_PLACEMENT_3D('',#3974,#3975,#3976);
#3974 = CARTESIAN_POINT('',(0.,0.,7.959395));
#3975 = DIRECTION('',(0.,-0.,1.));
#3976 = DIRECTION('',(0.,1.,0.));
#3977 = ORIENTED_EDGE('',*,*,#3978,.T.);
#3978 = EDGE_CURVE('',#3970,#3790,#3979,.T.);
#3979 = LINE('',#3980,#3981);
#3980 = CARTESIAN_POINT('',(0.,1.04036,7.959395));
#3981 = VECTOR('',#3982,1.);
#3982 = DIRECTION('',(0.,0.,-1.));
#3983 = ORIENTED_EDGE('',*,*,#3789,.F.);
#3984 = ORIENTED_EDGE('',*,*,#3978,.F.);
#3985 = CYLINDRICAL_SURFACE('',#3986,1.04036);
#3986 = AXIS2_PLACEMENT_3D('',#3987,#3988,#3989);
#3987 = CARTESIAN_POINT('',(0.,0.,7.959395));
#3988 = DIRECTION('',(-0.,-0.,-1.));
#3989 = DIRECTION('',(0.,1.,0.));
#3990 = ADVANCED_FACE('',(#3991),#4010,.F.);
#3991 = FACE_BOUND('',#3992,.T.);
#3992 = EDGE_LOOP('',(#3993,#4002,#4008,#4009));
#3993 = ORIENTED_EDGE('',*,*,#3994,.T.);
#3994 = EDGE_CURVE('',#3995,#3995,#3997,.T.);
#3995 = VERTEX_POINT('',#3996);
#3996 = CARTESIAN_POINT('',(2.54,1.04036,7.959395));
#3997 = CIRCLE('',#3998,1.04036);
#3998 = AXIS2_PLACEMENT_3D('',#3999,#4000,#4001);
#3999 = CARTESIAN_POINT('',(2.54,0.,7.959395));
#4000 = DIRECTION('',(0.,-0.,1.));
#4001 = DIRECTION('',(0.,1.,0.));
#4002 = ORIENTED_EDGE('',*,*,#4003,.T.);
#4003 = EDGE_CURVE('',#3995,#3810,#4004,.T.);
#4004 = LINE('',#4005,#4006);
#4005 = CARTESIAN_POINT('',(2.54,1.04036,7.959395));
#4006 = VECTOR('',#4007,1.);
#4007 = DIRECTION('',(0.,0.,-1.));
#4008 = ORIENTED_EDGE('',*,*,#3809,.F.);
#4009 = ORIENTED_EDGE('',*,*,#4003,.F.);
#4010 = CYLINDRICAL_SURFACE('',#4011,1.04036);
#4011 = AXIS2_PLACEMENT_3D('',#4012,#4013,#4014);
#4012 = CARTESIAN_POINT('',(2.54,0.,7.959395));
#4013 = DIRECTION('',(-0.,-0.,-1.));
#4014 = DIRECTION('',(0.,1.,0.));
#4015 = ADVANCED_FACE('',(#4016),#4035,.F.);
#4016 = FACE_BOUND('',#4017,.T.);
#4017 = EDGE_LOOP('',(#4018,#4027,#4033,#4034));
#4018 = ORIENTED_EDGE('',*,*,#4019,.T.);
#4019 = EDGE_CURVE('',#4020,#4020,#4022,.T.);
#4020 = VERTEX_POINT('',#4021);
#4021 = CARTESIAN_POINT('',(5.08,1.04036,7.959395));
#4022 = CIRCLE('',#4023,1.04036);
#4023 = AXIS2_PLACEMENT_3D('',#4024,#4025,#4026);
#4024 = CARTESIAN_POINT('',(5.08,0.,7.959395));
#4025 = DIRECTION('',(0.,-0.,1.));
#4026 = DIRECTION('',(0.,1.,0.));
#4027 = ORIENTED_EDGE('',*,*,#4028,.T.);
#4028 = EDGE_CURVE('',#4020,#3830,#4029,.T.);
#4029 = LINE('',#4030,#4031);
#4030 = CARTESIAN_POINT('',(5.08,1.04036,7.959395));
#4031 = VECTOR('',#4032,1.);
#4032 = DIRECTION('',(0.,0.,-1.));
#4033 = ORIENTED_EDGE('',*,*,#3829,.F.);
#4034 = ORIENTED_EDGE('',*,*,#4028,.F.);
#4035 = CYLINDRICAL_SURFACE('',#4036,1.04036);
#4036 = AXIS2_PLACEMENT_3D('',#4037,#4038,#4039);
#4037 = CARTESIAN_POINT('',(5.08,0.,7.959395));
#4038 = DIRECTION('',(-0.,-0.,-1.));
#4039 = DIRECTION('',(0.,1.,0.));
#4040 = ADVANCED_FACE('',(#4041),#4060,.F.);
#4041 = FACE_BOUND('',#4042,.T.);
#4042 = EDGE_LOOP('',(#4043,#4052,#4058,#4059));
#4043 = ORIENTED_EDGE('',*,*,#4044,.T.);
#4044 = EDGE_CURVE('',#4045,#4045,#4047,.T.);
#4045 = VERTEX_POINT('',#4046);
#4046 = CARTESIAN_POINT('',(7.62,1.04036,7.959395));
#4047 = CIRCLE('',#4048,1.04036);
#4048 = AXIS2_PLACEMENT_3D('',#4049,#4050,#4051);
#4049 = CARTESIAN_POINT('',(7.62,0.,7.959395));
#4050 = DIRECTION('',(0.,-0.,1.));
#4051 = DIRECTION('',(0.,1.,0.));
#4052 = ORIENTED_EDGE('',*,*,#4053,.T.);
#4053 = EDGE_CURVE('',#4045,#3850,#4054,.T.);
#4054 = LINE('',#4055,#4056);
#4055 = CARTESIAN_POINT('',(7.62,1.04036,7.959395));
#4056 = VECTOR('',#4057,1.);
#4057 = DIRECTION('',(0.,0.,-1.));
#4058 = ORIENTED_EDGE('',*,*,#3849,.F.);
#4059 = ORIENTED_EDGE('',*,*,#4053,.F.);
#4060 = CYLINDRICAL_SURFACE('',#4061,1.04036);
#4061 = AXIS2_PLACEMENT_3D('',#4062,#4063,#4064);
#4062 = CARTESIAN_POINT('',(7.62,0.,7.959395));
#4063 = DIRECTION('',(-0.,-0.,-1.));
#4064 = DIRECTION('',(0.,1.,0.));
#4065 = ADVANCED_FACE('',(#4066),#4077,.F.);
#4066 = FACE_BOUND('',#4067,.T.);
#4067 = EDGE_LOOP('',(#4068,#4069,#4075,#4076));
#4068 = ORIENTED_EDGE('',*,*,#3878,.T.);
#4069 = ORIENTED_EDGE('',*,*,#4070,.T.);
#4070 = EDGE_CURVE('',#3871,#3970,#4071,.T.);
#4071 = LINE('',#4072,#4073);
#4072 = CARTESIAN_POINT('',(0.,0.952473,8.047285));
#4073 = VECTOR('',#4074,1.);
#4074 = DIRECTION('',(0.,0.707094712836,-0.707118849331));
#4075 = ORIENTED_EDGE('',*,*,#3969,.F.);
#4076 = ORIENTED_EDGE('',*,*,#4070,.F.);
#4077 = CONICAL_SURFACE('',#4078,0.952473,0.785381096318);
#4078 = AXIS2_PLACEMENT_3D('',#4079,#4080,#4081);
#4079 = CARTESIAN_POINT('',(0.,0.,8.047285));
#4080 = DIRECTION('',(-0.,-0.,-1.));
#4081 = DIRECTION('',(0.,1.,0.));
#4082 = ADVANCED_FACE('',(#4083),#4094,.F.);
#4083 = FACE_BOUND('',#4084,.T.);
#4084 = EDGE_LOOP('',(#4085,#4086,#4092,#4093));
#4085 = ORIENTED_EDGE('',*,*,#3903,.T.);
#4086 = ORIENTED_EDGE('',*,*,#4087,.T.);
#4087 = EDGE_CURVE('',#3896,#3995,#4088,.T.);
#4088 = LINE('',#4089,#4090);
#4089 = CARTESIAN_POINT('',(2.54,0.952473,8.047285));
#4090 = VECTOR('',#4091,1.);
#4091 = DIRECTION('',(0.,0.707094712836,-0.707118849331));
#4092 = ORIENTED_EDGE('',*,*,#3994,.F.);
#4093 = ORIENTED_EDGE('',*,*,#4087,.F.);
#4094 = CONICAL_SURFACE('',#4095,0.952473,0.785381096318);
#4095 = AXIS2_PLACEMENT_3D('',#4096,#4097,#4098);
#4096 = CARTESIAN_POINT('',(2.54,0.,8.047285));
#4097 = DIRECTION('',(-0.,-0.,-1.));
#4098 = DIRECTION('',(0.,1.,0.));
#4099 = ADVANCED_FACE('',(#4100),#4111,.F.);
#4100 = FACE_BOUND('',#4101,.T.);
#4101 = EDGE_LOOP('',(#4102,#4103,#4109,#4110));
#4102 = ORIENTED_EDGE('',*,*,#3928,.T.);
#4103 = ORIENTED_EDGE('',*,*,#4104,.T.);
#4104 = EDGE_CURVE('',#3921,#4020,#4105,.T.);
#4105 = LINE('',#4106,#4107);
#4106 = CARTESIAN_POINT('',(5.08,0.952473,8.047285));
#4107 = VECTOR('',#4108,1.);
#4108 = DIRECTION('',(0.,0.707094712836,-0.707118849331));
#4109 = ORIENTED_EDGE('',*,*,#4019,.F.);
#4110 = ORIENTED_EDGE('',*,*,#4104,.F.);
#4111 = CONICAL_SURFACE('',#4112,0.952473,0.785381096318);
#4112 = AXIS2_PLACEMENT_3D('',#4113,#4114,#4115);
#4113 = CARTESIAN_POINT('',(5.08,0.,8.047285));
#4114 = DIRECTION('',(-0.,-0.,-1.));
#4115 = DIRECTION('',(0.,1.,0.));
#4116 = ADVANCED_FACE('',(#4117),#4128,.F.);
#4117 = FACE_BOUND('',#4118,.T.);
#4118 = EDGE_LOOP('',(#4119,#4120,#4126,#4127));
#4119 = ORIENTED_EDGE('',*,*,#3953,.T.);
#4120 = ORIENTED_EDGE('',*,*,#4121,.T.);
#4121 = EDGE_CURVE('',#3946,#4045,#4122,.T.);
#4122 = LINE('',#4123,#4124);
#4123 = CARTESIAN_POINT('',(7.62,0.952473,8.047285));
#4124 = VECTOR('',#4125,1.);
#4125 = DIRECTION('',(0.,0.707094712836,-0.707118849331));
#4126 = ORIENTED_EDGE('',*,*,#4044,.F.);
#4127 = ORIENTED_EDGE('',*,*,#4121,.F.);
#4128 = CONICAL_SURFACE('',#4129,0.952473,0.785381096318);
#4129 = AXIS2_PLACEMENT_3D('',#4130,#4131,#4132);
#4130 = CARTESIAN_POINT('',(7.62,0.,8.047285));
#4131 = DIRECTION('',(-0.,-0.,-1.));
#4132 = DIRECTION('',(0.,1.,0.));
#4133 = ADVANCED_FACE('',(#4134),#4140,.T.);
#4134 = FACE_BOUND('',#4135,.T.);
#4135 = EDGE_LOOP('',(#4136,#4137,#4138,#4139));
#4136 = ORIENTED_EDGE('',*,*,#334,.T.);
#4137 = ORIENTED_EDGE('',*,*,#976,.T.);
#4138 = ORIENTED_EDGE('',*,*,#203,.F.);
#4139 = ORIENTED_EDGE('',*,*,#961,.F.);
#4140 = PLANE('',#4141);
#4141 = AXIS2_PLACEMENT_3D('',#4142,#4143,#4144);
#4142 = CARTESIAN_POINT('',(2.54,-2.951920392766,0.967939838088));
#4143 = DIRECTION('',(-1.494504192918E-16,-0.780868809443,0.624695047554
    ));
#4144 = DIRECTION('',(-1.232595164408E-32,-0.624695047554,
    -0.780868809443));
#4145 = ADVANCED_FACE('',(#4146),#4152,.T.);
#4146 = FACE_BOUND('',#4147,.T.);
#4147 = EDGE_LOOP('',(#4148,#4149,#4150,#4151));
#4148 = ORIENTED_EDGE('',*,*,#368,.T.);
#4149 = ORIENTED_EDGE('',*,*,#1027,.T.);
#4150 = ORIENTED_EDGE('',*,*,#132,.F.);
#4151 = ORIENTED_EDGE('',*,*,#1012,.F.);
#4152 = PLANE('',#4153);
#4153 = AXIS2_PLACEMENT_3D('',#4154,#4155,#4156);
#4154 = CARTESIAN_POINT('',(5.08,-2.951920392766,0.967939838088));
#4155 = DIRECTION('',(-1.505466326362E-16,-0.780868809443,0.624695047554
    ));
#4156 = DIRECTION('',(1.232595164408E-32,-0.624695047554,-0.780868809443
    ));
#4157 = ADVANCED_FACE('',(#4158),#4164,.T.);
#4158 = FACE_BOUND('',#4159,.T.);
#4159 = EDGE_LOOP('',(#4160,#4161,#4162,#4163));
#4160 = ORIENTED_EDGE('',*,*,#402,.T.);
#4161 = ORIENTED_EDGE('',*,*,#1078,.T.);
#4162 = ORIENTED_EDGE('',*,*,#61,.F.);
#4163 = ORIENTED_EDGE('',*,*,#1063,.F.);
#4164 = PLANE('',#4165);
#4165 = AXIS2_PLACEMENT_3D('',#4166,#4167,#4168);
#4166 = CARTESIAN_POINT('',(7.62,-2.951920392766,0.967939838088));
#4167 = DIRECTION('',(-1.77586561799E-16,-0.780868809443,0.624695047554)
  );
#4168 = DIRECTION('',(0.,-0.624695047554,-0.780868809443));
#4169 = ADVANCED_FACE('',(#4170),#4176,.T.);
#4170 = FACE_BOUND('',#4171,.T.);
#4171 = EDGE_LOOP('',(#4172,#4173,#4174,#4175));
#4172 = ORIENTED_EDGE('',*,*,#350,.T.);
#4173 = ORIENTED_EDGE('',*,*,#954,.T.);
#4174 = ORIENTED_EDGE('',*,*,#2745,.F.);
#4175 = ORIENTED_EDGE('',*,*,#983,.F.);
#4176 = PLANE('',#4177);
#4177 = AXIS2_PLACEMENT_3D('',#4178,#4179,#4180);
#4178 = CARTESIAN_POINT('',(2.54,-2.947040494718,3.915161194803));
#4179 = DIRECTION('',(-0.,-0.868243142124,-0.496138938357));
#4180 = DIRECTION('',(0.,0.496138938357,-0.868243142124));
#4181 = ADVANCED_FACE('',(#4182),#4188,.T.);
#4182 = FACE_BOUND('',#4183,.T.);
#4183 = EDGE_LOOP('',(#4184,#4185,#4186,#4187));
#4184 = ORIENTED_EDGE('',*,*,#384,.T.);
#4185 = ORIENTED_EDGE('',*,*,#1005,.T.);
#4186 = ORIENTED_EDGE('',*,*,#2791,.F.);
#4187 = ORIENTED_EDGE('',*,*,#1034,.F.);
#4188 = PLANE('',#4189);
#4189 = AXIS2_PLACEMENT_3D('',#4190,#4191,#4192);
#4190 = CARTESIAN_POINT('',(5.08,-2.947040494718,3.915161194803));
#4191 = DIRECTION('',(-0.,-0.868243142124,-0.496138938357));
#4192 = DIRECTION('',(0.,0.496138938357,-0.868243142124));
#4193 = ADVANCED_FACE('',(#4194),#4200,.T.);
#4194 = FACE_BOUND('',#4195,.T.);
#4195 = EDGE_LOOP('',(#4196,#4197,#4198,#4199));
#4196 = ORIENTED_EDGE('',*,*,#418,.T.);
#4197 = ORIENTED_EDGE('',*,*,#1056,.T.);
#4198 = ORIENTED_EDGE('',*,*,#2837,.F.);
#4199 = ORIENTED_EDGE('',*,*,#1085,.F.);
#4200 = PLANE('',#4201);
#4201 = AXIS2_PLACEMENT_3D('',#4202,#4203,#4204);
#4202 = CARTESIAN_POINT('',(7.62,-2.947040494718,3.915161194803));
#4203 = DIRECTION('',(-0.,-0.868243142124,-0.496138938357));
#4204 = DIRECTION('',(0.,0.496138938357,-0.868243142124));
#4205 = ( GEOMETRIC_REPRESENTATION_CONTEXT(3) 
GLOBAL_UNCERTAINTY_ASSIGNED_CONTEXT((#4209)) 
GLOBAL_UNIT_ASSIGNED_CONTEXT((#4206,#4207,#4208)) REPRESENTATION_CONTEXT
('Context #1','3D Context with UNIT and UNCERTAINTY') );
#4206 = ( LENGTH_UNIT() NAMED_UNIT(*) SI_UNIT(.MILLI.,.METRE.) );
#4207 = ( NAMED_UNIT(*) PLANE_ANGLE_UNIT() SI_UNIT($,.RADIAN.) );
#4208 = ( NAMED_UNIT(*) SI_UNIT($,.STERADIAN.) SOLID_ANGLE_UNIT() );
#4209 = UNCERTAINTY_MEASURE_WITH_UNIT(LENGTH_MEASURE(1.E-06),#4206,
  'distance_accuracy_value','confusion accuracy');
#4210 = CONTEXT_DEPENDENT_SHAPE_REPRESENTATION(#4211,#4213);
#4211 = ( REPRESENTATION_RELATIONSHIP('','',#36,#10) 
REPRESENTATION_RELATIONSHIP_WITH_TRANSFORMATION(#4212) 
SHAPE_REPRESENTATION_RELATIONSHIP() );
#4212 = ITEM_DEFINED_TRANSFORMATION('','',#11,#15);
#4213 = PRODUCT_DEFINITION_SHAPE('Placement','Placement of an item',
  #4214);
#4214 = NEXT_ASSEMBLY_USAGE_OCCURRENCE('30','Connector_body','',#5,#31,$
  );
#4215 = PRODUCT_RELATED_PRODUCT_CATEGORY('part',$,(#33));
#4216 = SHAPE_DEFINITION_REPRESENTATION(#4217,#4223);
#4217 = PRODUCT_DEFINITION_SHAPE('','',#4218);
#4218 = PRODUCT_DEFINITION('design','',#4219,#4222);
#4219 = PRODUCT_DEFINITION_FORMATION('','',#4220);
#4220 = PRODUCT('Array_of_pins','Array_of_pins','',(#4221));
#4221 = PRODUCT_CONTEXT('',#2,'mechanical');
#4222 = PRODUCT_DEFINITION_CONTEXT('part definition',#2,'design');
#4223 = SHAPE_REPRESENTATION('',(#11,#4224,#4228,#4232,#4236),#4240);
#4224 = AXIS2_PLACEMENT_3D('',#4225,#4226,#4227);
#4225 = CARTESIAN_POINT('',(0.,0.,0.));
#4226 = DIRECTION('',(0.,0.,1.));
#4227 = DIRECTION('',(1.,0.,0.));
#4228 = AXIS2_PLACEMENT_3D('',#4229,#4230,#4231);
#4229 = CARTESIAN_POINT('',(2.54,0.,0.));
#4230 = DIRECTION('',(0.,0.,1.));
#4231 = DIRECTION('',(1.,0.,0.));
#4232 = AXIS2_PLACEMENT_3D('',#4233,#4234,#4235);
#4233 = CARTESIAN_POINT('',(5.08,0.,0.));
#4234 = DIRECTION('',(0.,0.,1.));
#4235 = DIRECTION('',(1.,0.,0.));
#4236 = AXIS2_PLACEMENT_3D('',#4237,#4238,#4239);
#4237 = CARTESIAN_POINT('',(7.62,0.,0.));
#4238 = DIRECTION('',(0.,0.,1.));
#4239 = DIRECTION('',(1.,0.,0.));
#4240 = ( GEOMETRIC_REPRESENTATION_CONTEXT(3) 
GLOBAL_UNCERTAINTY_ASSIGNED_CONTEXT((#4244)) 
GLOBAL_UNIT_ASSIGNED_CONTEXT((#4241,#4242,#4243)) REPRESENTATION_CONTEXT
('Context #1','3D Context with UNIT and UNCERTAINTY') );
#4241 = ( LENGTH_UNIT() NAMED_UNIT(*) SI_UNIT(.MILLI.,.METRE.) );
#4242 = ( NAMED_UNIT(*) PLANE_ANGLE_UNIT() SI_UNIT($,.RADIAN.) );
#4243 = ( NAMED_UNIT(*) SI_UNIT($,.STERADIAN.) SOLID_ANGLE_UNIT() );
#4244 = UNCERTAINTY_MEASURE_WITH_UNIT(LENGTH_MEASURE(1.E-06),#4241,
  'distance_accuracy_value','confusion accuracy');
#4245 = CONTEXT_DEPENDENT_SHAPE_REPRESENTATION(#4246,#4248);
#4246 = ( REPRESENTATION_RELATIONSHIP('','',#4223,#10) 
REPRESENTATION_RELATIONSHIP_WITH_TRANSFORMATION(#4247) 
SHAPE_REPRESENTATION_RELATIONSHIP() );
#4247 = ITEM_DEFINED_TRANSFORMATION('','',#11,#19);
#4248 = PRODUCT_DEFINITION_SHAPE('Placement','Placement of an item',
  #4249);
#4249 = NEXT_ASSEMBLY_USAGE_OCCURRENCE('35','Array_of_pins','',#5,#4218,
  $);
#4250 = PRODUCT_RELATED_PRODUCT_CATEGORY('part',$,(#4220));
#4251 = SHAPE_DEFINITION_REPRESENTATION(#4252,#4258);
#4252 = PRODUCT_DEFINITION_SHAPE('','',#4253);
#4253 = PRODUCT_DEFINITION('design','',#4254,#4257);
#4254 = PRODUCT_DEFINITION_FORMATION('','',#4255);
#4255 = PRODUCT('Compound','Compound','',(#4256));
#4256 = PRODUCT_CONTEXT('',#2,'mechanical');
#4257 = PRODUCT_DEFINITION_CONTEXT('part definition',#2,'design');
#4258 = SHAPE_REPRESENTATION('',(#11,#4259,#5122,#5408),#5642);
#4259 = MANIFOLD_SOLID_BREP('',#4260);
#4260 = CLOSED_SHELL('',(#4261,#4301,#4332,#4365,#4458,#4551,#4568,#4585
    ,#4602,#4653,#4670,#4687,#4730,#4772,#4789,#4801,#4826,#4849,#4873,
    #4889,#4901,#4918,#4949,#4973,#4997,#5014,#5045,#5069,#5093,#5110));
#4261 = ADVANCED_FACE('',(#4262),#4296,.F.);
#4262 = FACE_BOUND('',#4263,.F.);
#4263 = EDGE_LOOP('',(#4264,#4274,#4282,#4290));
#4264 = ORIENTED_EDGE('',*,*,#4265,.T.);
#4265 = EDGE_CURVE('',#4266,#4268,#4270,.T.);
#4266 = VERTEX_POINT('',#4267);
#4267 = CARTESIAN_POINT('',(-0.65,-1.88372,3.205269811708));
#4268 = VERTEX_POINT('',#4269);
#4269 = CARTESIAN_POINT('',(0.65,-1.88372,3.205269811708));
#4270 = LINE('',#4271,#4272);
#4271 = CARTESIAN_POINT('',(-0.65,-1.88372,3.205269811708));
#4272 = VECTOR('',#4273,1.);
#4273 = DIRECTION('',(1.,0.,0.));
#4274 = ORIENTED_EDGE('',*,*,#4275,.T.);
#4275 = EDGE_CURVE('',#4268,#4276,#4278,.T.);
#4276 = VERTEX_POINT('',#4277);
#4277 = CARTESIAN_POINT('',(0.65,1.74921,3.205269811708));
#4278 = LINE('',#4279,#4280);
#4279 = CARTESIAN_POINT('',(0.65,-1.88372,3.205269811708));
#4280 = VECTOR('',#4281,1.);
#4281 = DIRECTION('',(0.,1.,0.));
#4282 = ORIENTED_EDGE('',*,*,#4283,.F.);
#4283 = EDGE_CURVE('',#4284,#4276,#4286,.T.);
#4284 = VERTEX_POINT('',#4285);
#4285 = CARTESIAN_POINT('',(-0.65,1.74921,3.205269811708));
#4286 = LINE('',#4287,#4288);
#4287 = CARTESIAN_POINT('',(-0.65,1.74921,3.205269811708));
#4288 = VECTOR('',#4289,1.);
#4289 = DIRECTION('',(1.,0.,0.));
#4290 = ORIENTED_EDGE('',*,*,#4291,.F.);
#4291 = EDGE_CURVE('',#4266,#4284,#4292,.T.);
#4292 = LINE('',#4293,#4294);
#4293 = CARTESIAN_POINT('',(-0.65,-1.88372,3.205269811708));
#4294 = VECTOR('',#4295,1.);
#4295 = DIRECTION('',(0.,1.,0.));
#4296 = PLANE('',#4297);
#4297 = AXIS2_PLACEMENT_3D('',#4298,#4299,#4300);
#4298 = CARTESIAN_POINT('',(-0.65,-1.88372,3.205269811708));
#4299 = DIRECTION('',(0.,0.,1.));
#4300 = DIRECTION('',(0.,1.,0.));
#4301 = ADVANCED_FACE('',(#4302),#4327,.T.);
#4302 = FACE_BOUND('',#4303,.T.);
#4303 = EDGE_LOOP('',(#4304,#4305,#4313,#4321));
#4304 = ORIENTED_EDGE('',*,*,#4265,.T.);
#4305 = ORIENTED_EDGE('',*,*,#4306,.T.);
#4306 = EDGE_CURVE('',#4268,#4307,#4309,.T.);
#4307 = VERTEX_POINT('',#4308);
#4308 = CARTESIAN_POINT('',(0.65,-1.88372,3.705353));
#4309 = LINE('',#4310,#4311);
#4310 = CARTESIAN_POINT('',(0.65,-1.88372,3.205269811708));
#4311 = VECTOR('',#4312,1.);
#4312 = DIRECTION('',(0.,0.,1.));
#4313 = ORIENTED_EDGE('',*,*,#4314,.F.);
#4314 = EDGE_CURVE('',#4315,#4307,#4317,.T.);
#4315 = VERTEX_POINT('',#4316);
#4316 = CARTESIAN_POINT('',(-0.65,-1.88372,3.705353));
#4317 = LINE('',#4318,#4319);
#4318 = CARTESIAN_POINT('',(-0.65,-1.88372,3.705353));
#4319 = VECTOR('',#4320,1.);
#4320 = DIRECTION('',(1.,0.,0.));
#4321 = ORIENTED_EDGE('',*,*,#4322,.F.);
#4322 = EDGE_CURVE('',#4266,#4315,#4323,.T.);
#4323 = LINE('',#4324,#4325);
#4324 = CARTESIAN_POINT('',(-0.65,-1.88372,3.205269811708));
#4325 = VECTOR('',#4326,1.);
#4326 = DIRECTION('',(0.,0.,1.));
#4327 = PLANE('',#4328);
#4328 = AXIS2_PLACEMENT_3D('',#4329,#4330,#4331);
#4329 = CARTESIAN_POINT('',(-0.65,-1.88372,3.205269811708));
#4330 = DIRECTION('',(0.,-1.,0.));
#4331 = DIRECTION('',(0.,0.,1.));
#4332 = ADVANCED_FACE('',(#4333),#4360,.F.);
#4333 = FACE_BOUND('',#4334,.T.);
#4334 = EDGE_LOOP('',(#4335,#4345,#4352,#4353));
#4335 = ORIENTED_EDGE('',*,*,#4336,.T.);
#4336 = EDGE_CURVE('',#4337,#4339,#4341,.T.);
#4337 = VERTEX_POINT('',#4338);
#4338 = CARTESIAN_POINT('',(-0.65,1.99921,2.955269811708));
#4339 = VERTEX_POINT('',#4340);
#4340 = CARTESIAN_POINT('',(0.65,1.99921,2.955269811708));
#4341 = LINE('',#4342,#4343);
#4342 = CARTESIAN_POINT('',(-0.65,1.99921,2.955269811708));
#4343 = VECTOR('',#4344,1.);
#4344 = DIRECTION('',(1.,0.,0.));
#4345 = ORIENTED_EDGE('',*,*,#4346,.T.);
#4346 = EDGE_CURVE('',#4339,#4276,#4347,.T.);
#4347 = CIRCLE('',#4348,0.25);
#4348 = AXIS2_PLACEMENT_3D('',#4349,#4350,#4351);
#4349 = CARTESIAN_POINT('',(0.65,1.74921,2.955269811708));
#4350 = DIRECTION('',(1.,0.,0.));
#4351 = DIRECTION('',(0.,1.,0.));
#4352 = ORIENTED_EDGE('',*,*,#4283,.F.);
#4353 = ORIENTED_EDGE('',*,*,#4354,.F.);
#4354 = EDGE_CURVE('',#4337,#4284,#4355,.T.);
#4355 = CIRCLE('',#4356,0.25);
#4356 = AXIS2_PLACEMENT_3D('',#4357,#4358,#4359);
#4357 = CARTESIAN_POINT('',(-0.65,1.74921,2.955269811708));
#4358 = DIRECTION('',(1.,0.,0.));
#4359 = DIRECTION('',(0.,1.,0.));
#4360 = CYLINDRICAL_SURFACE('',#4361,0.25);
#4361 = AXIS2_PLACEMENT_3D('',#4362,#4363,#4364);
#4362 = CARTESIAN_POINT('',(-0.65,1.74921,2.955269811708));
#4363 = DIRECTION('',(-1.,-0.,-0.));
#4364 = DIRECTION('',(0.,1.,0.));
#4365 = ADVANCED_FACE('',(#4366),#4453,.F.);
#4366 = FACE_BOUND('',#4367,.F.);
#4367 = EDGE_LOOP('',(#4368,#4369,#4370,#4371,#4379,#4388,#4396,#4405,
    #4413,#4421,#4430,#4438,#4447));
#4368 = ORIENTED_EDGE('',*,*,#4322,.F.);
#4369 = ORIENTED_EDGE('',*,*,#4291,.T.);
#4370 = ORIENTED_EDGE('',*,*,#4354,.F.);
#4371 = ORIENTED_EDGE('',*,*,#4372,.T.);
#4372 = EDGE_CURVE('',#4337,#4373,#4375,.T.);
#4373 = VERTEX_POINT('',#4374);
#4374 = CARTESIAN_POINT('',(-0.65,1.99921,1.));
#4375 = LINE('',#4376,#4377);
#4376 = CARTESIAN_POINT('',(-0.65,1.99921,2.955269811708));
#4377 = VECTOR('',#4378,1.);
#4378 = DIRECTION('',(0.,0.,-1.));
#4379 = ORIENTED_EDGE('',*,*,#4380,.F.);
#4380 = EDGE_CURVE('',#4381,#4373,#4383,.T.);
#4381 = VERTEX_POINT('',#4382);
#4382 = CARTESIAN_POINT('',(-0.65,1.74921,0.75));
#4383 = CIRCLE('',#4384,0.25);
#4384 = AXIS2_PLACEMENT_3D('',#4385,#4386,#4387);
#4385 = CARTESIAN_POINT('',(-0.65,1.74921,1.));
#4386 = DIRECTION('',(1.,0.,0.));
#4387 = DIRECTION('',(0.,1.,0.));
#4388 = ORIENTED_EDGE('',*,*,#4389,.T.);
#4389 = EDGE_CURVE('',#4381,#4390,#4392,.T.);
#4390 = VERTEX_POINT('',#4391);
#4391 = CARTESIAN_POINT('',(-0.65,0.5,0.75));
#4392 = LINE('',#4393,#4394);
#4393 = CARTESIAN_POINT('',(-0.65,1.74921,0.75));
#4394 = VECTOR('',#4395,1.);
#4395 = DIRECTION('',(0.,-1.,0.));
#4396 = ORIENTED_EDGE('',*,*,#4397,.T.);
#4397 = EDGE_CURVE('',#4390,#4398,#4400,.T.);
#4398 = VERTEX_POINT('',#4399);
#4399 = CARTESIAN_POINT('',(-0.65,-0.207106781187,0.25));
#4400 = CIRCLE('',#4401,0.75);
#4401 = AXIS2_PLACEMENT_3D('',#4402,#4403,#4404);
#4402 = CARTESIAN_POINT('',(-0.65,0.5,3.061616997868E-17));
#4403 = DIRECTION('',(1.,0.,0.));
#4404 = DIRECTION('',(0.,1.,0.));
#4405 = ORIENTED_EDGE('',*,*,#4406,.T.);
#4406 = EDGE_CURVE('',#4398,#4407,#4409,.T.);
#4407 = VERTEX_POINT('',#4408);
#4408 = CARTESIAN_POINT('',(-0.65,0.5,0.25));
#4409 = LINE('',#4410,#4411);
#4410 = CARTESIAN_POINT('',(-0.65,-2.75,0.25));
#4411 = VECTOR('',#4412,1.);
#4412 = DIRECTION('',(0.,1.,-2.22044604925E-16));
#4413 = ORIENTED_EDGE('',*,*,#4414,.T.);
#4414 = EDGE_CURVE('',#4407,#4415,#4417,.T.);
#4415 = VERTEX_POINT('',#4416);
#4416 = CARTESIAN_POINT('',(-0.65,1.74921,0.25));
#4417 = LINE('',#4418,#4419);
#4418 = CARTESIAN_POINT('',(-0.65,0.5,0.25));
#4419 = VECTOR('',#4420,1.);
#4420 = DIRECTION('',(0.,1.,0.));
#4421 = ORIENTED_EDGE('',*,*,#4422,.T.);
#4422 = EDGE_CURVE('',#4415,#4423,#4425,.T.);
#4423 = VERTEX_POINT('',#4424);
#4424 = CARTESIAN_POINT('',(-0.65,2.49921,1.));
#4425 = CIRCLE('',#4426,0.75);
#4426 = AXIS2_PLACEMENT_3D('',#4427,#4428,#4429);
#4427 = CARTESIAN_POINT('',(-0.65,1.74921,1.));
#4428 = DIRECTION('',(1.,0.,0.));
#4429 = DIRECTION('',(0.,1.,0.));
#4430 = ORIENTED_EDGE('',*,*,#4431,.F.);
#4431 = EDGE_CURVE('',#4432,#4423,#4434,.T.);
#4432 = VERTEX_POINT('',#4433);
#4433 = CARTESIAN_POINT('',(-0.65,2.49921,2.966440727436));
#4434 = LINE('',#4435,#4436);
#4435 = CARTESIAN_POINT('',(-0.65,2.49921,2.966440727436));
#4436 = VECTOR('',#4437,1.);
#4437 = DIRECTION('',(0.,0.,-1.));
#4438 = ORIENTED_EDGE('',*,*,#4439,.T.);
#4439 = EDGE_CURVE('',#4432,#4440,#4442,.T.);
#4440 = VERTEX_POINT('',#4441);
#4441 = CARTESIAN_POINT('',(-0.65,1.74921,3.705353));
#4442 = CIRCLE('',#4443,0.750083188292);
#4443 = AXIS2_PLACEMENT_3D('',#4444,#4445,#4446);
#4444 = CARTESIAN_POINT('',(-0.65,1.74921,2.955269811708));
#4445 = DIRECTION('',(1.,0.,0.));
#4446 = DIRECTION('',(0.,1.,0.));
#4447 = ORIENTED_EDGE('',*,*,#4448,.F.);
#4448 = EDGE_CURVE('',#4315,#4440,#4449,.T.);
#4449 = LINE('',#4450,#4451);
#4450 = CARTESIAN_POINT('',(-0.65,-1.88372,3.705353));
#4451 = VECTOR('',#4452,1.);
#4452 = DIRECTION('',(0.,1.,0.));
#4453 = PLANE('',#4454);
#4454 = AXIS2_PLACEMENT_3D('',#4455,#4456,#4457);
#4455 = CARTESIAN_POINT('',(-0.65,0.645140582949,1.084692539421));
#4456 = DIRECTION('',(1.,0.,0.));
#4457 = DIRECTION('',(0.,0.,1.));
#4458 = ADVANCED_FACE('',(#4459),#4546,.T.);
#4459 = FACE_BOUND('',#4460,.T.);
#4460 = EDGE_LOOP('',(#4461,#4462,#4463,#4464,#4472,#4481,#4489,#4498,
    #4506,#4514,#4523,#4531,#4540));
#4461 = ORIENTED_EDGE('',*,*,#4306,.F.);
#4462 = ORIENTED_EDGE('',*,*,#4275,.T.);
#4463 = ORIENTED_EDGE('',*,*,#4346,.F.);
#4464 = ORIENTED_EDGE('',*,*,#4465,.T.);
#4465 = EDGE_CURVE('',#4339,#4466,#4468,.T.);
#4466 = VERTEX_POINT('',#4467);
#4467 = CARTESIAN_POINT('',(0.65,1.99921,1.));
#4468 = LINE('',#4469,#4470);
#4469 = CARTESIAN_POINT('',(0.65,1.99921,2.955269811708));
#4470 = VECTOR('',#4471,1.);
#4471 = DIRECTION('',(0.,0.,-1.));
#4472 = ORIENTED_EDGE('',*,*,#4473,.F.);
#4473 = EDGE_CURVE('',#4474,#4466,#4476,.T.);
#4474 = VERTEX_POINT('',#4475);
#4475 = CARTESIAN_POINT('',(0.65,1.74921,0.75));
#4476 = CIRCLE('',#4477,0.25);
#4477 = AXIS2_PLACEMENT_3D('',#4478,#4479,#4480);
#4478 = CARTESIAN_POINT('',(0.65,1.74921,1.));
#4479 = DIRECTION('',(1.,0.,0.));
#4480 = DIRECTION('',(0.,1.,0.));
#4481 = ORIENTED_EDGE('',*,*,#4482,.T.);
#4482 = EDGE_CURVE('',#4474,#4483,#4485,.T.);
#4483 = VERTEX_POINT('',#4484);
#4484 = CARTESIAN_POINT('',(0.65,0.5,0.75));
#4485 = LINE('',#4486,#4487);
#4486 = CARTESIAN_POINT('',(0.65,1.74921,0.75));
#4487 = VECTOR('',#4488,1.);
#4488 = DIRECTION('',(0.,-1.,0.));
#4489 = ORIENTED_EDGE('',*,*,#4490,.T.);
#4490 = EDGE_CURVE('',#4483,#4491,#4493,.T.);
#4491 = VERTEX_POINT('',#4492);
#4492 = CARTESIAN_POINT('',(0.65,-0.207106781187,0.25));
#4493 = CIRCLE('',#4494,0.75);
#4494 = AXIS2_PLACEMENT_3D('',#4495,#4496,#4497);
#4495 = CARTESIAN_POINT('',(0.65,0.5,3.061616997868E-17));
#4496 = DIRECTION('',(1.,0.,0.));
#4497 = DIRECTION('',(0.,1.,0.));
#4498 = ORIENTED_EDGE('',*,*,#4499,.T.);
#4499 = EDGE_CURVE('',#4491,#4500,#4502,.T.);
#4500 = VERTEX_POINT('',#4501);
#4501 = CARTESIAN_POINT('',(0.65,0.5,0.25));
#4502 = LINE('',#4503,#4504);
#4503 = CARTESIAN_POINT('',(0.65,-2.75,0.25));
#4504 = VECTOR('',#4505,1.);
#4505 = DIRECTION('',(0.,1.,-2.22044604925E-16));
#4506 = ORIENTED_EDGE('',*,*,#4507,.T.);
#4507 = EDGE_CURVE('',#4500,#4508,#4510,.T.);
#4508 = VERTEX_POINT('',#4509);
#4509 = CARTESIAN_POINT('',(0.65,1.74921,0.25));
#4510 = LINE('',#4511,#4512);
#4511 = CARTESIAN_POINT('',(0.65,0.5,0.25));
#4512 = VECTOR('',#4513,1.);
#4513 = DIRECTION('',(0.,1.,0.));
#4514 = ORIENTED_EDGE('',*,*,#4515,.T.);
#4515 = EDGE_CURVE('',#4508,#4516,#4518,.T.);
#4516 = VERTEX_POINT('',#4517);
#4517 = CARTESIAN_POINT('',(0.65,2.49921,1.));
#4518 = CIRCLE('',#4519,0.75);
#4519 = AXIS2_PLACEMENT_3D('',#4520,#4521,#4522);
#4520 = CARTESIAN_POINT('',(0.65,1.74921,1.));
#4521 = DIRECTION('',(1.,0.,0.));
#4522 = DIRECTION('',(0.,1.,0.));
#4523 = ORIENTED_EDGE('',*,*,#4524,.F.);
#4524 = EDGE_CURVE('',#4525,#4516,#4527,.T.);
#4525 = VERTEX_POINT('',#4526);
#4526 = CARTESIAN_POINT('',(0.65,2.49921,2.966440727436));
#4527 = LINE('',#4528,#4529);
#4528 = CARTESIAN_POINT('',(0.65,2.49921,2.966440727436));
#4529 = VECTOR('',#4530,1.);
#4530 = DIRECTION('',(0.,0.,-1.));
#4531 = ORIENTED_EDGE('',*,*,#4532,.T.);
#4532 = EDGE_CURVE('',#4525,#4533,#4535,.T.);
#4533 = VERTEX_POINT('',#4534);
#4534 = CARTESIAN_POINT('',(0.65,1.74921,3.705353));
#4535 = CIRCLE('',#4536,0.750083188292);
#4536 = AXIS2_PLACEMENT_3D('',#4537,#4538,#4539);
#4537 = CARTESIAN_POINT('',(0.65,1.74921,2.955269811708));
#4538 = DIRECTION('',(1.,0.,0.));
#4539 = DIRECTION('',(0.,1.,0.));
#4540 = ORIENTED_EDGE('',*,*,#4541,.F.);
#4541 = EDGE_CURVE('',#4307,#4533,#4542,.T.);
#4542 = LINE('',#4543,#4544);
#4543 = CARTESIAN_POINT('',(0.65,-1.88372,3.705353));
#4544 = VECTOR('',#4545,1.);
#4545 = DIRECTION('',(0.,1.,0.));
#4546 = PLANE('',#4547);
#4547 = AXIS2_PLACEMENT_3D('',#4548,#4549,#4550);
#4548 = CARTESIAN_POINT('',(0.65,0.645140582949,1.084692539421));
#4549 = DIRECTION('',(1.,0.,0.));
#4550 = DIRECTION('',(0.,0.,1.));
#4551 = ADVANCED_FACE('',(#4552),#4563,.T.);
#4552 = FACE_BOUND('',#4553,.T.);
#4553 = EDGE_LOOP('',(#4554,#4555,#4556,#4562));
#4554 = ORIENTED_EDGE('',*,*,#4314,.T.);
#4555 = ORIENTED_EDGE('',*,*,#4541,.T.);
#4556 = ORIENTED_EDGE('',*,*,#4557,.F.);
#4557 = EDGE_CURVE('',#4440,#4533,#4558,.T.);
#4558 = LINE('',#4559,#4560);
#4559 = CARTESIAN_POINT('',(-0.65,1.74921,3.705353));
#4560 = VECTOR('',#4561,1.);
#4561 = DIRECTION('',(1.,0.,0.));
#4562 = ORIENTED_EDGE('',*,*,#4448,.F.);
#4563 = PLANE('',#4564);
#4564 = AXIS2_PLACEMENT_3D('',#4565,#4566,#4567);
#4565 = CARTESIAN_POINT('',(-0.65,-1.88372,3.705353));
#4566 = DIRECTION('',(0.,0.,1.));
#4567 = DIRECTION('',(0.,1.,0.));
#4568 = ADVANCED_FACE('',(#4569),#4580,.F.);
#4569 = FACE_BOUND('',#4570,.F.);
#4570 = EDGE_LOOP('',(#4571,#4572,#4573,#4579));
#4571 = ORIENTED_EDGE('',*,*,#4336,.T.);
#4572 = ORIENTED_EDGE('',*,*,#4465,.T.);
#4573 = ORIENTED_EDGE('',*,*,#4574,.F.);
#4574 = EDGE_CURVE('',#4373,#4466,#4575,.T.);
#4575 = LINE('',#4576,#4577);
#4576 = CARTESIAN_POINT('',(-0.65,1.99921,1.));
#4577 = VECTOR('',#4578,1.);
#4578 = DIRECTION('',(1.,0.,0.));
#4579 = ORIENTED_EDGE('',*,*,#4372,.F.);
#4580 = PLANE('',#4581);
#4581 = AXIS2_PLACEMENT_3D('',#4582,#4583,#4584);
#4582 = CARTESIAN_POINT('',(-0.65,1.99921,2.955269811708));
#4583 = DIRECTION('',(0.,1.,0.));
#4584 = DIRECTION('',(0.,0.,-1.));
#4585 = ADVANCED_FACE('',(#4586),#4597,.T.);
#4586 = FACE_BOUND('',#4587,.F.);
#4587 = EDGE_LOOP('',(#4588,#4594,#4595,#4596));
#4588 = ORIENTED_EDGE('',*,*,#4589,.T.);
#4589 = EDGE_CURVE('',#4432,#4525,#4590,.T.);
#4590 = LINE('',#4591,#4592);
#4591 = CARTESIAN_POINT('',(-0.65,2.49921,2.966440727436));
#4592 = VECTOR('',#4593,1.);
#4593 = DIRECTION('',(1.,0.,0.));
#4594 = ORIENTED_EDGE('',*,*,#4532,.T.);
#4595 = ORIENTED_EDGE('',*,*,#4557,.F.);
#4596 = ORIENTED_EDGE('',*,*,#4439,.F.);
#4597 = CYLINDRICAL_SURFACE('',#4598,0.750083188292);
#4598 = AXIS2_PLACEMENT_3D('',#4599,#4600,#4601);
#4599 = CARTESIAN_POINT('',(-0.65,1.74921,2.955269811708));
#4600 = DIRECTION('',(-1.,-0.,-0.));
#4601 = DIRECTION('',(0.,1.,0.));
#4602 = ADVANCED_FACE('',(#4603,#4614),#4648,.T.);
#4603 = FACE_BOUND('',#4604,.T.);
#4604 = EDGE_LOOP('',(#4605,#4606,#4607,#4613));
#4605 = ORIENTED_EDGE('',*,*,#4589,.T.);
#4606 = ORIENTED_EDGE('',*,*,#4524,.T.);
#4607 = ORIENTED_EDGE('',*,*,#4608,.F.);
#4608 = EDGE_CURVE('',#4423,#4516,#4609,.T.);
#4609 = LINE('',#4610,#4611);
#4610 = CARTESIAN_POINT('',(-0.65,2.49921,1.));
#4611 = VECTOR('',#4612,1.);
#4612 = DIRECTION('',(1.,0.,0.));
#4613 = ORIENTED_EDGE('',*,*,#4431,.F.);
#4614 = FACE_BOUND('',#4615,.T.);
#4615 = EDGE_LOOP('',(#4616,#4626,#4634,#4642));
#4616 = ORIENTED_EDGE('',*,*,#4617,.T.);
#4617 = EDGE_CURVE('',#4618,#4620,#4622,.T.);
#4618 = VERTEX_POINT('',#4619);
#4619 = CARTESIAN_POINT('',(-0.25,2.49921,2.404557231339));
#4620 = VERTEX_POINT('',#4621);
#4621 = CARTESIAN_POINT('',(-0.25,2.49921,1.53034));
#4622 = LINE('',#4623,#4624);
#4623 = CARTESIAN_POINT('',(-0.25,2.49921,2.474525675675));
#4624 = VECTOR('',#4625,1.);
#4625 = DIRECTION('',(0.,0.,-1.));
#4626 = ORIENTED_EDGE('',*,*,#4627,.T.);
#4627 = EDGE_CURVE('',#4620,#4628,#4630,.T.);
#4628 = VERTEX_POINT('',#4629);
#4629 = CARTESIAN_POINT('',(0.25,2.49921,1.53034));
#4630 = LINE('',#4631,#4632);
#4631 = CARTESIAN_POINT('',(-0.45,2.49921,1.53034));
#4632 = VECTOR('',#4633,1.);
#4633 = DIRECTION('',(1.,0.,0.));
#4634 = ORIENTED_EDGE('',*,*,#4635,.F.);
#4635 = EDGE_CURVE('',#4636,#4628,#4638,.T.);
#4636 = VERTEX_POINT('',#4637);
#4637 = CARTESIAN_POINT('',(0.25,2.49921,2.404557231339));
#4638 = LINE('',#4639,#4640);
#4639 = CARTESIAN_POINT('',(0.25,2.49921,2.474525675675));
#4640 = VECTOR('',#4641,1.);
#4641 = DIRECTION('',(0.,0.,-1.));
#4642 = ORIENTED_EDGE('',*,*,#4643,.T.);
#4643 = EDGE_CURVE('',#4636,#4618,#4644,.T.);
#4644 = LINE('',#4645,#4646);
#4645 = CARTESIAN_POINT('',(-0.45,2.49921,2.404557231339));
#4646 = VECTOR('',#4647,1.);
#4647 = DIRECTION('',(-1.,0.,0.));
#4648 = PLANE('',#4649);
#4649 = AXIS2_PLACEMENT_3D('',#4650,#4651,#4652);
#4650 = CARTESIAN_POINT('',(-0.65,2.49921,2.966440727436));
#4651 = DIRECTION('',(0.,1.,0.));
#4652 = DIRECTION('',(0.,0.,-1.));
#4653 = ADVANCED_FACE('',(#4654),#4665,.T.);
#4654 = FACE_BOUND('',#4655,.F.);
#4655 = EDGE_LOOP('',(#4656,#4662,#4663,#4664));
#4656 = ORIENTED_EDGE('',*,*,#4657,.T.);
#4657 = EDGE_CURVE('',#4415,#4508,#4658,.T.);
#4658 = LINE('',#4659,#4660);
#4659 = CARTESIAN_POINT('',(-0.65,1.74921,0.25));
#4660 = VECTOR('',#4661,1.);
#4661 = DIRECTION('',(1.,0.,0.));
#4662 = ORIENTED_EDGE('',*,*,#4515,.T.);
#4663 = ORIENTED_EDGE('',*,*,#4608,.F.);
#4664 = ORIENTED_EDGE('',*,*,#4422,.F.);
#4665 = CYLINDRICAL_SURFACE('',#4666,0.75);
#4666 = AXIS2_PLACEMENT_3D('',#4667,#4668,#4669);
#4667 = CARTESIAN_POINT('',(-0.65,1.74921,1.));
#4668 = DIRECTION('',(-1.,-0.,-0.));
#4669 = DIRECTION('',(0.,1.,0.));
#4670 = ADVANCED_FACE('',(#4671),#4682,.F.);
#4671 = FACE_BOUND('',#4672,.F.);
#4672 = EDGE_LOOP('',(#4673,#4679,#4680,#4681));
#4673 = ORIENTED_EDGE('',*,*,#4674,.T.);
#4674 = EDGE_CURVE('',#4407,#4500,#4675,.T.);
#4675 = LINE('',#4676,#4677);
#4676 = CARTESIAN_POINT('',(-0.65,0.5,0.25));
#4677 = VECTOR('',#4678,1.);
#4678 = DIRECTION('',(1.,0.,0.));
#4679 = ORIENTED_EDGE('',*,*,#4507,.T.);
#4680 = ORIENTED_EDGE('',*,*,#4657,.F.);
#4681 = ORIENTED_EDGE('',*,*,#4414,.F.);
#4682 = PLANE('',#4683);
#4683 = AXIS2_PLACEMENT_3D('',#4684,#4685,#4686);
#4684 = CARTESIAN_POINT('',(-0.65,0.5,0.25));
#4685 = DIRECTION('',(0.,0.,1.));
#4686 = DIRECTION('',(0.,1.,0.));
#4687 = ADVANCED_FACE('',(#4688),#4725,.F.);
#4688 = FACE_BOUND('',#4689,.F.);
#4689 = EDGE_LOOP('',(#4690,#4709,#4717,#4724));
#4690 = ORIENTED_EDGE('',*,*,#4691,.F.);
#4691 = EDGE_CURVE('',#4692,#4398,#4694,.T.);
#4692 = VERTEX_POINT('',#4693);
#4693 = CARTESIAN_POINT('',(-0.4,-0.25,3.827021512968E-17));
#4694 = B_SPLINE_CURVE_WITH_KNOTS('',7,(#4695,#4696,#4697,#4698,#4699,
    #4700,#4701,#4702,#4703,#4704,#4705,#4706,#4707,#4708),
  .UNSPECIFIED.,.F.,.F.,(8,6,8),(0.,0.240274066386,1.),.UNSPECIFIED.);
#4695 = CARTESIAN_POINT('',(-0.4,-0.25,3.061616997868E-17));
#4696 = CARTESIAN_POINT('',(-0.4,-0.25,1.331788247215E-02));
#4697 = CARTESIAN_POINT('',(-0.400827704037,-0.249724126779,
    2.663507985867E-02));
#4698 = CARTESIAN_POINT('',(-0.402482974733,-0.24917231913,
    3.989165371389E-02));
#4699 = CARTESIAN_POINT('',(-0.404960549556,-0.24835157349,
    5.302746930501E-02));
#4700 = CARTESIAN_POINT('',(-0.408249977495,-0.247275607689,
    6.598274561741E-02));
#4701 = CARTESIAN_POINT('',(-0.412335555731,-0.245964524699,
    7.869860535986E-02));
#4702 = CARTESIAN_POINT('',(-0.432565415127,-0.239638214344,
    0.130385496903));
#4703 = CARTESIAN_POINT('',(-0.455816690811,-0.232701072876,
    0.167025987369));
#4704 = CARTESIAN_POINT('',(-0.486415645808,-0.22442564172,
    0.198831985394));
#4705 = CARTESIAN_POINT('',(-0.522938987383,-0.21632837172,
    0.223911118312));
#4706 = CARTESIAN_POINT('',(-0.563563489901,-0.210223673102,
    0.241185327442));
#4707 = CARTESIAN_POINT('',(-0.606539173519,-0.207106781187,0.25));
#4708 = CARTESIAN_POINT('',(-0.65,-0.207106781187,0.25));
#4709 = ORIENTED_EDGE('',*,*,#4710,.T.);
#4710 = EDGE_CURVE('',#4692,#4711,#4713,.T.);
#4711 = VERTEX_POINT('',#4712);
#4712 = CARTESIAN_POINT('',(-0.4,0.25,-4.020306360117E-17));
#4713 = LINE('',#4714,#4715);
#4714 = CARTESIAN_POINT('',(-0.4,-2.75,5.551115123126E-16));
#4715 = VECTOR('',#4716,1.);
#4716 = DIRECTION('',(0.,1.,-2.22044604925E-16));
#4717 = ORIENTED_EDGE('',*,*,#4718,.T.);
#4718 = EDGE_CURVE('',#4711,#4407,#4719,.T.);
#4719 = ELLIPSE('',#4720,0.353553390593,0.25);
#4720 = AXIS2_PLACEMENT_3D('',#4721,#4722,#4723);
#4721 = CARTESIAN_POINT('',(-0.65,0.5,3.061616997868E-17));
#4722 = DIRECTION('',(-0.707106781187,-0.707106781187,1.570092458684E-16
    ));
#4723 = DIRECTION('',(-0.707106781187,0.707106781187,-1.570092458684E-16
    ));
#4724 = ORIENTED_EDGE('',*,*,#4406,.F.);
#4725 = CYLINDRICAL_SURFACE('',#4726,0.25);
#4726 = AXIS2_PLACEMENT_3D('',#4727,#4728,#4729);
#4727 = CARTESIAN_POINT('',(-0.65,-2.75,5.551115123126E-16));
#4728 = DIRECTION('',(0.,-1.,2.22044604925E-16));
#4729 = DIRECTION('',(1.,0.,0.));
#4730 = ADVANCED_FACE('',(#4731),#4767,.T.);
#4731 = FACE_BOUND('',#4732,.F.);
#4732 = EDGE_LOOP('',(#4733,#4734,#4740,#4741,#4760,#4766));
#4733 = ORIENTED_EDGE('',*,*,#4397,.F.);
#4734 = ORIENTED_EDGE('',*,*,#4735,.T.);
#4735 = EDGE_CURVE('',#4390,#4483,#4736,.T.);
#4736 = LINE('',#4737,#4738);
#4737 = CARTESIAN_POINT('',(-0.65,0.5,0.75));
#4738 = VECTOR('',#4739,1.);
#4739 = DIRECTION('',(1.,0.,0.));
#4740 = ORIENTED_EDGE('',*,*,#4490,.T.);
#4741 = ORIENTED_EDGE('',*,*,#4742,.T.);
#4742 = EDGE_CURVE('',#4491,#4743,#4745,.T.);
#4743 = VERTEX_POINT('',#4744);
#4744 = CARTESIAN_POINT('',(0.4,-0.25,5.357830011902E-17));
#4745 = B_SPLINE_CURVE_WITH_KNOTS('',7,(#4746,#4747,#4748,#4749,#4750,
    #4751,#4752,#4753,#4754,#4755,#4756,#4757,#4758,#4759),
  .UNSPECIFIED.,.F.,.F.,(8,6,8),(0.,0.759719010818,1.),.UNSPECIFIED.);
#4746 = CARTESIAN_POINT('',(0.65,-0.207106781187,0.25));
#4747 = CARTESIAN_POINT('',(0.60653990983,-0.207106781187,0.25));
#4748 = CARTESIAN_POINT('',(0.563564683593,-0.210223569351,
    0.241185625538));
#4749 = CARTESIAN_POINT('',(0.52294032499,-0.216328122152,0.223911808182
    ));
#4750 = CARTESIAN_POINT('',(0.486416858491,-0.224425353704,
    0.198832985507));
#4751 = CARTESIAN_POINT('',(0.455817774107,-0.232700781859,
    0.167027180562));
#4752 = CARTESIAN_POINT('',(0.432566427604,-0.239637913494,
    0.130387008535));
#4753 = CARTESIAN_POINT('',(0.412336165778,-0.245964328936,
    7.870050404773E-02));
#4754 = CARTESIAN_POINT('',(0.408250386794,-0.247275473805,
    6.598435761632E-02));
#4755 = CARTESIAN_POINT('',(0.404960796184,-0.248351491786,
    5.302877687436E-02));
#4756 = CARTESIAN_POINT('',(0.402483098318,-0.249172277932,
    3.989264342659E-02));
#4757 = CARTESIAN_POINT('',(0.400827745239,-0.24972411305,
    2.6635742714E-02));
#4758 = CARTESIAN_POINT('',(0.4,-0.25,1.331821394056E-02));
#4759 = CARTESIAN_POINT('',(0.4,-0.25,1.071565949254E-16));
#4760 = ORIENTED_EDGE('',*,*,#4761,.F.);
#4761 = EDGE_CURVE('',#4692,#4743,#4762,.T.);
#4762 = LINE('',#4763,#4764);
#4763 = CARTESIAN_POINT('',(-0.65,-0.25,7.654043025935E-17));
#4764 = VECTOR('',#4765,1.);
#4765 = DIRECTION('',(1.,0.,0.));
#4766 = ORIENTED_EDGE('',*,*,#4691,.T.);
#4767 = CYLINDRICAL_SURFACE('',#4768,0.75);
#4768 = AXIS2_PLACEMENT_3D('',#4769,#4770,#4771);
#4769 = CARTESIAN_POINT('',(-0.65,0.5,3.061616997868E-17));
#4770 = DIRECTION('',(-1.,-0.,-0.));
#4771 = DIRECTION('',(0.,1.,0.));
#4772 = ADVANCED_FACE('',(#4773),#4784,.F.);
#4773 = FACE_BOUND('',#4774,.F.);
#4774 = EDGE_LOOP('',(#4775,#4781,#4782,#4783));
#4775 = ORIENTED_EDGE('',*,*,#4776,.T.);
#4776 = EDGE_CURVE('',#4381,#4474,#4777,.T.);
#4777 = LINE('',#4778,#4779);
#4778 = CARTESIAN_POINT('',(-0.65,1.74921,0.75));
#4779 = VECTOR('',#4780,1.);
#4780 = DIRECTION('',(1.,0.,0.));
#4781 = ORIENTED_EDGE('',*,*,#4482,.T.);
#4782 = ORIENTED_EDGE('',*,*,#4735,.F.);
#4783 = ORIENTED_EDGE('',*,*,#4389,.F.);
#4784 = PLANE('',#4785);
#4785 = AXIS2_PLACEMENT_3D('',#4786,#4787,#4788);
#4786 = CARTESIAN_POINT('',(-0.65,1.74921,0.75));
#4787 = DIRECTION('',(0.,0.,-1.));
#4788 = DIRECTION('',(0.,-1.,0.));
#4789 = ADVANCED_FACE('',(#4790),#4796,.F.);
#4790 = FACE_BOUND('',#4791,.T.);
#4791 = EDGE_LOOP('',(#4792,#4793,#4794,#4795));
#4792 = ORIENTED_EDGE('',*,*,#4776,.T.);
#4793 = ORIENTED_EDGE('',*,*,#4473,.T.);
#4794 = ORIENTED_EDGE('',*,*,#4574,.F.);
#4795 = ORIENTED_EDGE('',*,*,#4380,.F.);
#4796 = CYLINDRICAL_SURFACE('',#4797,0.25);
#4797 = AXIS2_PLACEMENT_3D('',#4798,#4799,#4800);
#4798 = CARTESIAN_POINT('',(-0.65,1.74921,1.));
#4799 = DIRECTION('',(-1.,-0.,-0.));
#4800 = DIRECTION('',(0.,1.,0.));
#4801 = ADVANCED_FACE('',(#4802),#4821,.F.);
#4802 = FACE_BOUND('',#4803,.F.);
#4803 = EDGE_LOOP('',(#4804,#4805,#4814,#4820));
#4804 = ORIENTED_EDGE('',*,*,#4499,.T.);
#4805 = ORIENTED_EDGE('',*,*,#4806,.F.);
#4806 = EDGE_CURVE('',#4807,#4500,#4809,.T.);
#4807 = VERTEX_POINT('',#4808);
#4808 = CARTESIAN_POINT('',(0.4,0.25,-2.489497861182E-17));
#4809 = ELLIPSE('',#4810,0.353553390593,0.25);
#4810 = AXIS2_PLACEMENT_3D('',#4811,#4812,#4813);
#4811 = CARTESIAN_POINT('',(0.65,0.5,3.061616997868E-17));
#4812 = DIRECTION('',(-0.707106781187,0.707106781187,-1.570092458684E-16
    ));
#4813 = DIRECTION('',(-0.707106781187,-0.707106781187,1.570092458684E-16
    ));
#4814 = ORIENTED_EDGE('',*,*,#4815,.F.);
#4815 = EDGE_CURVE('',#4743,#4807,#4816,.T.);
#4816 = LINE('',#4817,#4818);
#4817 = CARTESIAN_POINT('',(0.4,-2.75,5.857276822913E-16));
#4818 = VECTOR('',#4819,1.);
#4819 = DIRECTION('',(0.,1.,-2.22044604925E-16));
#4820 = ORIENTED_EDGE('',*,*,#4742,.F.);
#4821 = CYLINDRICAL_SURFACE('',#4822,0.25);
#4822 = AXIS2_PLACEMENT_3D('',#4823,#4824,#4825);
#4823 = CARTESIAN_POINT('',(0.65,-2.75,5.551115123126E-16));
#4824 = DIRECTION('',(0.,-1.,2.22044604925E-16));
#4825 = DIRECTION('',(1.,0.,0.));
#4826 = ADVANCED_FACE('',(#4827),#4844,.F.);
#4827 = FACE_BOUND('',#4828,.F.);
#4828 = EDGE_LOOP('',(#4829,#4830,#4838));
#4829 = ORIENTED_EDGE('',*,*,#4617,.T.);
#4830 = ORIENTED_EDGE('',*,*,#4831,.T.);
#4831 = EDGE_CURVE('',#4620,#4832,#4834,.T.);
#4832 = VERTEX_POINT('',#4833);
#4833 = CARTESIAN_POINT('',(-0.25,2.800653,1.53034));
#4834 = LINE('',#4835,#4836);
#4835 = CARTESIAN_POINT('',(-0.25,2.43649,1.53034));
#4836 = VECTOR('',#4837,1.);
#4837 = DIRECTION('',(0.,1.,0.));
#4838 = ORIENTED_EDGE('',*,*,#4839,.T.);
#4839 = EDGE_CURVE('',#4832,#4618,#4840,.T.);
#4840 = LINE('',#4841,#4842);
#4841 = CARTESIAN_POINT('',(-0.25,2.800653,1.53034));
#4842 = VECTOR('',#4843,1.);
#4843 = DIRECTION('',(0.,-0.325979841636,0.945376720068));
#4844 = PLANE('',#4845);
#4845 = AXIS2_PLACEMENT_3D('',#4846,#4847,#4848);
#4846 = CARTESIAN_POINT('',(-0.25,2.542786123914,1.982610623914));
#4847 = DIRECTION('',(1.,0.,0.));
#4848 = DIRECTION('',(0.,0.,1.));
#4849 = ADVANCED_FACE('',(#4850),#4868,.F.);
#4850 = FACE_BOUND('',#4851,.F.);
#4851 = EDGE_LOOP('',(#4852,#4853,#4861,#4867));
#4852 = ORIENTED_EDGE('',*,*,#4839,.F.);
#4853 = ORIENTED_EDGE('',*,*,#4854,.T.);
#4854 = EDGE_CURVE('',#4832,#4855,#4857,.T.);
#4855 = VERTEX_POINT('',#4856);
#4856 = CARTESIAN_POINT('',(0.25,2.800653,1.53034));
#4857 = LINE('',#4858,#4859);
#4858 = CARTESIAN_POINT('',(-0.25,2.800653,1.53034));
#4859 = VECTOR('',#4860,1.);
#4860 = DIRECTION('',(1.,0.,0.));
#4861 = ORIENTED_EDGE('',*,*,#4862,.T.);
#4862 = EDGE_CURVE('',#4855,#4636,#4863,.T.);
#4863 = LINE('',#4864,#4865);
#4864 = CARTESIAN_POINT('',(0.25,2.800653,1.53034));
#4865 = VECTOR('',#4866,1.);
#4866 = DIRECTION('',(0.,-0.325979841636,0.945376720068));
#4867 = ORIENTED_EDGE('',*,*,#4643,.T.);
#4868 = PLANE('',#4869);
#4869 = AXIS2_PLACEMENT_3D('',#4870,#4871,#4872);
#4870 = CARTESIAN_POINT('',(-0.25,2.800653,1.53034));
#4871 = DIRECTION('',(0.,-0.945376720068,-0.325979841636));
#4872 = DIRECTION('',(0.,-0.325979841636,0.945376720068));
#4873 = ADVANCED_FACE('',(#4874),#4884,.T.);
#4874 = FACE_BOUND('',#4875,.T.);
#4875 = EDGE_LOOP('',(#4876,#4877,#4883));
#4876 = ORIENTED_EDGE('',*,*,#4635,.T.);
#4877 = ORIENTED_EDGE('',*,*,#4878,.T.);
#4878 = EDGE_CURVE('',#4628,#4855,#4879,.T.);
#4879 = LINE('',#4880,#4881);
#4880 = CARTESIAN_POINT('',(0.25,2.43649,1.53034));
#4881 = VECTOR('',#4882,1.);
#4882 = DIRECTION('',(0.,1.,0.));
#4883 = ORIENTED_EDGE('',*,*,#4862,.T.);
#4884 = PLANE('',#4885);
#4885 = AXIS2_PLACEMENT_3D('',#4886,#4887,#4888);
#4886 = CARTESIAN_POINT('',(0.25,2.542786123914,1.982610623914));
#4887 = DIRECTION('',(1.,0.,0.));
#4888 = DIRECTION('',(0.,0.,1.));
#4889 = ADVANCED_FACE('',(#4890),#4896,.F.);
#4890 = FACE_BOUND('',#4891,.F.);
#4891 = EDGE_LOOP('',(#4892,#4893,#4894,#4895));
#4892 = ORIENTED_EDGE('',*,*,#4831,.F.);
#4893 = ORIENTED_EDGE('',*,*,#4627,.T.);
#4894 = ORIENTED_EDGE('',*,*,#4878,.T.);
#4895 = ORIENTED_EDGE('',*,*,#4854,.F.);
#4896 = PLANE('',#4897);
#4897 = AXIS2_PLACEMENT_3D('',#4898,#4899,#4900);
#4898 = CARTESIAN_POINT('',(-0.25,2.43649,1.53034));
#4899 = DIRECTION('',(0.,0.,1.));
#4900 = DIRECTION('',(0.,1.,0.));
#4901 = ADVANCED_FACE('',(#4902),#4913,.F.);
#4902 = FACE_BOUND('',#4903,.T.);
#4903 = EDGE_LOOP('',(#4904,#4905,#4906,#4907));
#4904 = ORIENTED_EDGE('',*,*,#4718,.T.);
#4905 = ORIENTED_EDGE('',*,*,#4674,.T.);
#4906 = ORIENTED_EDGE('',*,*,#4806,.F.);
#4907 = ORIENTED_EDGE('',*,*,#4908,.F.);
#4908 = EDGE_CURVE('',#4711,#4807,#4909,.T.);
#4909 = LINE('',#4910,#4911);
#4910 = CARTESIAN_POINT('',(-0.65,0.25,3.061617526018E-17));
#4911 = VECTOR('',#4912,1.);
#4912 = DIRECTION('',(1.,0.,0.));
#4913 = CYLINDRICAL_SURFACE('',#4914,0.25);
#4914 = AXIS2_PLACEMENT_3D('',#4915,#4916,#4917);
#4915 = CARTESIAN_POINT('',(-0.65,0.5,3.061616997868E-17));
#4916 = DIRECTION('',(-1.,-0.,-0.));
#4917 = DIRECTION('',(0.,1.,0.));
#4918 = ADVANCED_FACE('',(#4919),#4944,.F.);
#4919 = FACE_BOUND('',#4920,.F.);
#4920 = EDGE_LOOP('',(#4921,#4929,#4937,#4943));
#4921 = ORIENTED_EDGE('',*,*,#4922,.T.);
#4922 = EDGE_CURVE('',#4692,#4923,#4925,.T.);
#4923 = VERTEX_POINT('',#4924);
#4924 = CARTESIAN_POINT('',(-0.4,-0.25,-2.72602));
#4925 = LINE('',#4926,#4927);
#4926 = CARTESIAN_POINT('',(-0.4,-0.25,-1.36301));
#4927 = VECTOR('',#4928,1.);
#4928 = DIRECTION('',(0.,0.,-1.));
#4929 = ORIENTED_EDGE('',*,*,#4930,.T.);
#4930 = EDGE_CURVE('',#4923,#4931,#4933,.T.);
#4931 = VERTEX_POINT('',#4932);
#4932 = CARTESIAN_POINT('',(-0.4,0.25,-2.72602));
#4933 = LINE('',#4934,#4935);
#4934 = CARTESIAN_POINT('',(-0.4,-2.75,-2.72602));
#4935 = VECTOR('',#4936,1.);
#4936 = DIRECTION('',(0.,1.,-2.22044604925E-16));
#4937 = ORIENTED_EDGE('',*,*,#4938,.T.);
#4938 = EDGE_CURVE('',#4931,#4711,#4939,.T.);
#4939 = LINE('',#4940,#4941);
#4940 = CARTESIAN_POINT('',(-0.4,0.25,-3.11301));
#4941 = VECTOR('',#4942,1.);
#4942 = DIRECTION('',(0.,0.,1.));
#4943 = ORIENTED_EDGE('',*,*,#4710,.F.);
#4944 = PLANE('',#4945);
#4945 = AXIS2_PLACEMENT_3D('',#4946,#4947,#4948);
#4946 = CARTESIAN_POINT('',(-0.4,-2.75,-2.72602));
#4947 = DIRECTION('',(1.,0.,0.));
#4948 = DIRECTION('',(0.,2.22044604925E-16,1.));
#4949 = ADVANCED_FACE('',(#4950),#4968,.F.);
#4950 = FACE_BOUND('',#4951,.F.);
#4951 = EDGE_LOOP('',(#4952,#4953,#4954,#4962));
#4952 = ORIENTED_EDGE('',*,*,#4922,.F.);
#4953 = ORIENTED_EDGE('',*,*,#4761,.T.);
#4954 = ORIENTED_EDGE('',*,*,#4955,.F.);
#4955 = EDGE_CURVE('',#4956,#4743,#4958,.T.);
#4956 = VERTEX_POINT('',#4957);
#4957 = CARTESIAN_POINT('',(0.4,-0.25,-2.72602));
#4958 = LINE('',#4959,#4960);
#4959 = CARTESIAN_POINT('',(0.4,-0.25,3.08171926135E-16));
#4960 = VECTOR('',#4961,1.);
#4961 = DIRECTION('',(0.,0.,1.));
#4962 = ORIENTED_EDGE('',*,*,#4963,.T.);
#4963 = EDGE_CURVE('',#4956,#4923,#4964,.T.);
#4964 = LINE('',#4965,#4966);
#4965 = CARTESIAN_POINT('',(0.5,-0.25,-2.72602));
#4966 = VECTOR('',#4967,1.);
#4967 = DIRECTION('',(-1.,-0.,-0.));
#4968 = PLANE('',#4969);
#4969 = AXIS2_PLACEMENT_3D('',#4970,#4971,#4972);
#4970 = CARTESIAN_POINT('',(-0.65,-0.25,3.061616997868E-17));
#4971 = DIRECTION('',(0.,1.,0.));
#4972 = DIRECTION('',(0.,0.,-1.));
#4973 = ADVANCED_FACE('',(#4974),#4992,.F.);
#4974 = FACE_BOUND('',#4975,.F.);
#4975 = EDGE_LOOP('',(#4976,#4977,#4978,#4986));
#4976 = ORIENTED_EDGE('',*,*,#4955,.T.);
#4977 = ORIENTED_EDGE('',*,*,#4815,.T.);
#4978 = ORIENTED_EDGE('',*,*,#4979,.T.);
#4979 = EDGE_CURVE('',#4807,#4980,#4982,.T.);
#4980 = VERTEX_POINT('',#4981);
#4981 = CARTESIAN_POINT('',(0.4,0.25,-2.72602));
#4982 = LINE('',#4983,#4984);
#4983 = CARTESIAN_POINT('',(0.4,0.25,-1.75));
#4984 = VECTOR('',#4985,1.);
#4985 = DIRECTION('',(0.,0.,-1.));
#4986 = ORIENTED_EDGE('',*,*,#4987,.F.);
#4987 = EDGE_CURVE('',#4956,#4980,#4988,.T.);
#4988 = LINE('',#4989,#4990);
#4989 = CARTESIAN_POINT('',(0.4,-2.75,-2.72602));
#4990 = VECTOR('',#4991,1.);
#4991 = DIRECTION('',(0.,1.,-2.22044604925E-16));
#4992 = PLANE('',#4993);
#4993 = AXIS2_PLACEMENT_3D('',#4994,#4995,#4996);
#4994 = CARTESIAN_POINT('',(0.4,-2.75,5.857276822913E-16));
#4995 = DIRECTION('',(-1.,0.,0.));
#4996 = DIRECTION('',(0.,-2.22044604925E-16,-1.));
#4997 = ADVANCED_FACE('',(#4998),#5009,.F.);
#4998 = FACE_BOUND('',#4999,.F.);
#4999 = EDGE_LOOP('',(#5000,#5001,#5007,#5008));
#5000 = ORIENTED_EDGE('',*,*,#4938,.F.);
#5001 = ORIENTED_EDGE('',*,*,#5002,.F.);
#5002 = EDGE_CURVE('',#4980,#4931,#5003,.T.);
#5003 = LINE('',#5004,#5005);
#5004 = CARTESIAN_POINT('',(0.5,0.25,-2.72602));
#5005 = VECTOR('',#5006,1.);
#5006 = DIRECTION('',(-1.,-0.,-0.));
#5007 = ORIENTED_EDGE('',*,*,#4979,.F.);
#5008 = ORIENTED_EDGE('',*,*,#4908,.F.);
#5009 = PLANE('',#5010);
#5010 = AXIS2_PLACEMENT_3D('',#5011,#5012,#5013);
#5011 = CARTESIAN_POINT('',(-0.65,0.25,-3.5));
#5012 = DIRECTION('',(0.,-1.,0.));
#5013 = DIRECTION('',(0.,0.,1.));
#5014 = ADVANCED_FACE('',(#5015),#5040,.T.);
#5015 = FACE_BOUND('',#5016,.T.);
#5016 = EDGE_LOOP('',(#5017,#5025,#5026,#5034));
#5017 = ORIENTED_EDGE('',*,*,#5018,.T.);
#5018 = EDGE_CURVE('',#5019,#4923,#5021,.T.);
#5019 = VERTEX_POINT('',#5020);
#5020 = CARTESIAN_POINT('',(-0.177283,-0.11989063807,-3.5));
#5021 = LINE('',#5022,#5023);
#5022 = CARTESIAN_POINT('',(-0.420885162974,-0.26220093315,
    -2.653440455382));
#5023 = VECTOR('',#5024,1.);
#5024 = DIRECTION('',(-0.272994833281,-0.159481241074,0.948704145004));
#5025 = ORIENTED_EDGE('',*,*,#4930,.T.);
#5026 = ORIENTED_EDGE('',*,*,#5027,.T.);
#5027 = EDGE_CURVE('',#4931,#5028,#5030,.T.);
#5028 = VERTEX_POINT('',#5029);
#5029 = CARTESIAN_POINT('',(-0.177283,0.11989063807,-3.5));
#5030 = LINE('',#5031,#5032);
#5031 = CARTESIAN_POINT('',(-0.103132365837,7.657247332453E-02,
    -3.757686246804));
#5032 = VECTOR('',#5033,1.);
#5033 = DIRECTION('',(0.272994833281,-0.159481241074,-0.948704145004));
#5034 = ORIENTED_EDGE('',*,*,#5035,.F.);
#5035 = EDGE_CURVE('',#5019,#5028,#5036,.T.);
#5036 = LINE('',#5037,#5038);
#5037 = CARTESIAN_POINT('',(-0.177283,-2.75,-3.5));
#5038 = VECTOR('',#5039,1.);
#5039 = DIRECTION('',(0.,1.,-2.22044604925E-16));
#5040 = PLANE('',#5041);
#5041 = AXIS2_PLACEMENT_3D('',#5042,#5043,#5044);
#5042 = CARTESIAN_POINT('',(-0.4,-2.75,-2.72602));
#5043 = DIRECTION('',(-0.961004075423,-6.140292849257E-17,
    -0.276534205879));
#5044 = DIRECTION('',(0.276534205879,-2.133857702586E-16,-0.961004075423
    ));
#5045 = ADVANCED_FACE('',(#5046),#5064,.T.);
#5046 = FACE_BOUND('',#5047,.T.);
#5047 = EDGE_LOOP('',(#5048,#5056,#5057,#5058));
#5048 = ORIENTED_EDGE('',*,*,#5049,.T.);
#5049 = EDGE_CURVE('',#5050,#4956,#5052,.T.);
#5050 = VERTEX_POINT('',#5051);
#5051 = CARTESIAN_POINT('',(0.177283,-0.11989063807,-3.5));
#5052 = LINE('',#5053,#5054);
#5053 = CARTESIAN_POINT('',(0.458148252473,-0.283969710559,
    -2.523944790433));
#5054 = VECTOR('',#5055,1.);
#5055 = DIRECTION('',(0.272994833281,-0.159481241074,0.948704145004));
#5056 = ORIENTED_EDGE('',*,*,#4963,.T.);
#5057 = ORIENTED_EDGE('',*,*,#5018,.F.);
#5058 = ORIENTED_EDGE('',*,*,#5059,.T.);
#5059 = EDGE_CURVE('',#5019,#5050,#5060,.T.);
#5060 = LINE('',#5061,#5062);
#5061 = CARTESIAN_POINT('',(-7.5E-02,-0.11989063807,-3.5));
#5062 = VECTOR('',#5063,1.);
#5063 = DIRECTION('',(1.,0.,0.));
#5064 = PLANE('',#5065);
#5065 = AXIS2_PLACEMENT_3D('',#5066,#5067,#5068);
#5066 = CARTESIAN_POINT('',(0.5,-0.25,-2.72602));
#5067 = DIRECTION('',(0.,-0.986163056249,-0.165778244925));
#5068 = DIRECTION('',(0.,0.165778244925,-0.986163056249));
#5069 = ADVANCED_FACE('',(#5070),#5088,.F.);
#5070 = FACE_BOUND('',#5071,.F.);
#5071 = EDGE_LOOP('',(#5072,#5073,#5074,#5082));
#5072 = ORIENTED_EDGE('',*,*,#5049,.T.);
#5073 = ORIENTED_EDGE('',*,*,#4987,.T.);
#5074 = ORIENTED_EDGE('',*,*,#5075,.T.);
#5075 = EDGE_CURVE('',#4980,#5076,#5078,.T.);
#5076 = VERTEX_POINT('',#5077);
#5077 = CARTESIAN_POINT('',(0.177283,0.11989063807,-3.5));
#5078 = LINE('',#5079,#5080);
#5079 = CARTESIAN_POINT('',(0.140395455336,9.834125073379E-02,
    -3.628190581855));
#5080 = VECTOR('',#5081,1.);
#5081 = DIRECTION('',(-0.272994833281,-0.159481241074,-0.948704145004));
#5082 = ORIENTED_EDGE('',*,*,#5083,.F.);
#5083 = EDGE_CURVE('',#5050,#5076,#5084,.T.);
#5084 = LINE('',#5085,#5086);
#5085 = CARTESIAN_POINT('',(0.177283,-2.75,-3.5));
#5086 = VECTOR('',#5087,1.);
#5087 = DIRECTION('',(0.,1.,-2.22044604925E-16));
#5088 = PLANE('',#5089);
#5089 = AXIS2_PLACEMENT_3D('',#5090,#5091,#5092);
#5090 = CARTESIAN_POINT('',(0.4,-2.75,-2.72602));
#5091 = DIRECTION('',(-0.961004075423,6.140292849257E-17,0.276534205879)
  );
#5092 = DIRECTION('',(-0.276534205879,-2.133857702586E-16,
    -0.961004075423));
#5093 = ADVANCED_FACE('',(#5094),#5105,.T.);
#5094 = FACE_BOUND('',#5095,.T.);
#5095 = EDGE_LOOP('',(#5096,#5097,#5098,#5104));
#5096 = ORIENTED_EDGE('',*,*,#5002,.F.);
#5097 = ORIENTED_EDGE('',*,*,#5075,.T.);
#5098 = ORIENTED_EDGE('',*,*,#5099,.T.);
#5099 = EDGE_CURVE('',#5076,#5028,#5100,.T.);
#5100 = LINE('',#5101,#5102);
#5101 = CARTESIAN_POINT('',(-7.5E-02,0.11989063807,-3.5));
#5102 = VECTOR('',#5103,1.);
#5103 = DIRECTION('',(-1.,0.,0.));
#5104 = ORIENTED_EDGE('',*,*,#5027,.F.);
#5105 = PLANE('',#5106);
#5106 = AXIS2_PLACEMENT_3D('',#5107,#5108,#5109);
#5107 = CARTESIAN_POINT('',(0.5,0.,-4.213192));
#5108 = DIRECTION('',(0.,0.986163056249,-0.165778244925));
#5109 = DIRECTION('',(0.,0.165778244925,0.986163056249));
#5110 = ADVANCED_FACE('',(#5111),#5117,.F.);
#5111 = FACE_BOUND('',#5112,.F.);
#5112 = EDGE_LOOP('',(#5113,#5114,#5115,#5116));
#5113 = ORIENTED_EDGE('',*,*,#5035,.F.);
#5114 = ORIENTED_EDGE('',*,*,#5059,.T.);
#5115 = ORIENTED_EDGE('',*,*,#5083,.T.);
#5116 = ORIENTED_EDGE('',*,*,#5099,.T.);
#5117 = PLANE('',#5118);
#5118 = AXIS2_PLACEMENT_3D('',#5119,#5120,#5121);
#5119 = CARTESIAN_POINT('',(-0.65,-0.25,-3.5));
#5120 = DIRECTION('',(0.,0.,1.));
#5121 = DIRECTION('',(0.,1.,0.));
#5122 = MANIFOLD_SOLID_BREP('',#5123);
#5123 = CLOSED_SHELL('',(#5124,#5164,#5229,#5260,#5291,#5322,#5360,#5372
    ,#5384,#5396));
#5124 = ADVANCED_FACE('',(#5125),#5159,.F.);
#5125 = FACE_BOUND('',#5126,.F.);
#5126 = EDGE_LOOP('',(#5127,#5137,#5145,#5153));
#5127 = ORIENTED_EDGE('',*,*,#5128,.T.);
#5128 = EDGE_CURVE('',#5129,#5131,#5133,.T.);
#5129 = VERTEX_POINT('',#5130);
#5130 = CARTESIAN_POINT('',(-1.06,-1.6,1.03111));
#5131 = VERTEX_POINT('',#5132);
#5132 = CARTESIAN_POINT('',(-1.06,1.6,1.03111));
#5133 = LINE('',#5134,#5135);
#5134 = CARTESIAN_POINT('',(-1.06,-1.6,1.03111));
#5135 = VECTOR('',#5136,1.);
#5136 = DIRECTION('',(0.,1.,-2.22044604925E-16));
#5137 = ORIENTED_EDGE('',*,*,#5138,.T.);
#5138 = EDGE_CURVE('',#5131,#5139,#5141,.T.);
#5139 = VERTEX_POINT('',#5140);
#5140 = CARTESIAN_POINT('',(-1.06,1.6,4.16602));
#5141 = LINE('',#5142,#5143);
#5142 = CARTESIAN_POINT('',(-1.06,1.6,1.03111));
#5143 = VECTOR('',#5144,1.);
#5144 = DIRECTION('',(0.,2.22044604925E-16,1.));
#5145 = ORIENTED_EDGE('',*,*,#5146,.F.);
#5146 = EDGE_CURVE('',#5147,#5139,#5149,.T.);
#5147 = VERTEX_POINT('',#5148);
#5148 = CARTESIAN_POINT('',(-1.06,-1.6,4.16602));
#5149 = LINE('',#5150,#5151);
#5150 = CARTESIAN_POINT('',(-1.06,-1.6,4.16602));
#5151 = VECTOR('',#5152,1.);
#5152 = DIRECTION('',(0.,1.,-2.22044604925E-16));
#5153 = ORIENTED_EDGE('',*,*,#5154,.F.);
#5154 = EDGE_CURVE('',#5129,#5147,#5155,.T.);
#5155 = LINE('',#5156,#5157);
#5156 = CARTESIAN_POINT('',(-1.06,-1.6,1.03111));
#5157 = VECTOR('',#5158,1.);
#5158 = DIRECTION('',(0.,2.22044604925E-16,1.));
#5159 = PLANE('',#5160);
#5160 = AXIS2_PLACEMENT_3D('',#5161,#5162,#5163);
#5161 = CARTESIAN_POINT('',(-1.06,-1.6,1.03111));
#5162 = DIRECTION('',(1.,0.,0.));
#5163 = DIRECTION('',(0.,2.22044604925E-16,1.));
#5164 = ADVANCED_FACE('',(#5165,#5190),#5224,.F.);
#5165 = FACE_BOUND('',#5166,.F.);
#5166 = EDGE_LOOP('',(#5167,#5175,#5176,#5184));
#5167 = ORIENTED_EDGE('',*,*,#5168,.T.);
#5168 = EDGE_CURVE('',#5169,#5129,#5171,.T.);
#5169 = VERTEX_POINT('',#5170);
#5170 = CARTESIAN_POINT('',(1.06,-1.6,1.03111));
#5171 = LINE('',#5172,#5173);
#5172 = CARTESIAN_POINT('',(0.,-1.6,1.03111));
#5173 = VECTOR('',#5174,1.);
#5174 = DIRECTION('',(-1.,0.,0.));
#5175 = ORIENTED_EDGE('',*,*,#5154,.T.);
#5176 = ORIENTED_EDGE('',*,*,#5177,.F.);
#5177 = EDGE_CURVE('',#5178,#5147,#5180,.T.);
#5178 = VERTEX_POINT('',#5179);
#5179 = CARTESIAN_POINT('',(1.06,-1.6,4.16602));
#5180 = LINE('',#5181,#5182);
#5181 = CARTESIAN_POINT('',(1.06,-1.6,4.16602));
#5182 = VECTOR('',#5183,1.);
#5183 = DIRECTION('',(-1.,0.,0.));
#5184 = ORIENTED_EDGE('',*,*,#5185,.F.);
#5185 = EDGE_CURVE('',#5169,#5178,#5186,.T.);
#5186 = LINE('',#5187,#5188);
#5187 = CARTESIAN_POINT('',(1.06,-1.6,1.03111));
#5188 = VECTOR('',#5189,1.);
#5189 = DIRECTION('',(0.,2.22044604925E-16,1.));
#5190 = FACE_BOUND('',#5191,.F.);
#5191 = EDGE_LOOP('',(#5192,#5202,#5210,#5218));
#5192 = ORIENTED_EDGE('',*,*,#5193,.T.);
#5193 = EDGE_CURVE('',#5194,#5196,#5198,.T.);
#5194 = VERTEX_POINT('',#5195);
#5195 = CARTESIAN_POINT('',(0.66,-1.6,3.76602));
#5196 = VERTEX_POINT('',#5197);
#5197 = CARTESIAN_POINT('',(-0.66,-1.6,3.76602));
#5198 = LINE('',#5199,#5200);
#5199 = CARTESIAN_POINT('',(0.,-1.6,3.76602));
#5200 = VECTOR('',#5201,1.);
#5201 = DIRECTION('',(-1.,0.,0.));
#5202 = ORIENTED_EDGE('',*,*,#5203,.T.);
#5203 = EDGE_CURVE('',#5196,#5204,#5206,.T.);
#5204 = VERTEX_POINT('',#5205);
#5205 = CARTESIAN_POINT('',(-0.66,-1.6,1.43111));
#5206 = LINE('',#5207,#5208);
#5207 = CARTESIAN_POINT('',(-0.66,-1.6,3.76602));
#5208 = VECTOR('',#5209,1.);
#5209 = DIRECTION('',(0.,-2.22044604925E-16,-1.));
#5210 = ORIENTED_EDGE('',*,*,#5211,.F.);
#5211 = EDGE_CURVE('',#5212,#5204,#5214,.T.);
#5212 = VERTEX_POINT('',#5213);
#5213 = CARTESIAN_POINT('',(0.66,-1.6,1.43111));
#5214 = LINE('',#5215,#5216);
#5215 = CARTESIAN_POINT('',(0.66,-1.6,1.43111));
#5216 = VECTOR('',#5217,1.);
#5217 = DIRECTION('',(-1.,0.,0.));
#5218 = ORIENTED_EDGE('',*,*,#5219,.F.);
#5219 = EDGE_CURVE('',#5194,#5212,#5220,.T.);
#5220 = LINE('',#5221,#5222);
#5221 = CARTESIAN_POINT('',(0.66,-1.6,3.76602));
#5222 = VECTOR('',#5223,1.);
#5223 = DIRECTION('',(0.,-2.22044604925E-16,-1.));
#5224 = PLANE('',#5225);
#5225 = AXIS2_PLACEMENT_3D('',#5226,#5227,#5228);
#5226 = CARTESIAN_POINT('',(1.246066727078E-17,-1.6,2.598565));
#5227 = DIRECTION('',(0.,1.,0.));
#5228 = DIRECTION('',(0.,0.,1.));
#5229 = ADVANCED_FACE('',(#5230),#5255,.T.);
#5230 = FACE_BOUND('',#5231,.T.);
#5231 = EDGE_LOOP('',(#5232,#5240,#5248,#5254));
#5232 = ORIENTED_EDGE('',*,*,#5233,.T.);
#5233 = EDGE_CURVE('',#5169,#5234,#5236,.T.);
#5234 = VERTEX_POINT('',#5235);
#5235 = CARTESIAN_POINT('',(1.06,1.6,1.03111));
#5236 = LINE('',#5237,#5238);
#5237 = CARTESIAN_POINT('',(1.06,-1.6,1.03111));
#5238 = VECTOR('',#5239,1.);
#5239 = DIRECTION('',(0.,1.,-2.22044604925E-16));
#5240 = ORIENTED_EDGE('',*,*,#5241,.T.);
#5241 = EDGE_CURVE('',#5234,#5242,#5244,.T.);
#5242 = VERTEX_POINT('',#5243);
#5243 = CARTESIAN_POINT('',(1.06,1.6,4.16602));
#5244 = LINE('',#5245,#5246);
#5245 = CARTESIAN_POINT('',(1.06,1.6,1.03111));
#5246 = VECTOR('',#5247,1.);
#5247 = DIRECTION('',(0.,2.22044604925E-16,1.));
#5248 = ORIENTED_EDGE('',*,*,#5249,.F.);
#5249 = EDGE_CURVE('',#5178,#5242,#5250,.T.);
#5250 = LINE('',#5251,#5252);
#5251 = CARTESIAN_POINT('',(1.06,-1.6,4.16602));
#5252 = VECTOR('',#5253,1.);
#5253 = DIRECTION('',(0.,1.,-2.22044604925E-16));
#5254 = ORIENTED_EDGE('',*,*,#5185,.F.);
#5255 = PLANE('',#5256);
#5256 = AXIS2_PLACEMENT_3D('',#5257,#5258,#5259);
#5257 = CARTESIAN_POINT('',(1.06,-1.6,1.03111));
#5258 = DIRECTION('',(1.,0.,0.));
#5259 = DIRECTION('',(0.,2.22044604925E-16,1.));
#5260 = ADVANCED_FACE('',(#5261),#5286,.F.);
#5261 = FACE_BOUND('',#5262,.F.);
#5262 = EDGE_LOOP('',(#5263,#5271,#5279,#5285));
#5263 = ORIENTED_EDGE('',*,*,#5264,.T.);
#5264 = EDGE_CURVE('',#5196,#5265,#5267,.T.);
#5265 = VERTEX_POINT('',#5266);
#5266 = CARTESIAN_POINT('',(-0.66,1.6,3.76602));
#5267 = LINE('',#5268,#5269);
#5268 = CARTESIAN_POINT('',(-0.66,-1.6,3.76602));
#5269 = VECTOR('',#5270,1.);
#5270 = DIRECTION('',(0.,1.,-2.22044604925E-16));
#5271 = ORIENTED_EDGE('',*,*,#5272,.T.);
#5272 = EDGE_CURVE('',#5265,#5273,#5275,.T.);
#5273 = VERTEX_POINT('',#5274);
#5274 = CARTESIAN_POINT('',(-0.66,1.6,1.43111));
#5275 = LINE('',#5276,#5277);
#5276 = CARTESIAN_POINT('',(-0.66,1.6,3.76602));
#5277 = VECTOR('',#5278,1.);
#5278 = DIRECTION('',(0.,-2.22044604925E-16,-1.));
#5279 = ORIENTED_EDGE('',*,*,#5280,.F.);
#5280 = EDGE_CURVE('',#5204,#5273,#5281,.T.);
#5281 = LINE('',#5282,#5283);
#5282 = CARTESIAN_POINT('',(-0.66,-1.6,1.43111));
#5283 = VECTOR('',#5284,1.);
#5284 = DIRECTION('',(0.,1.,-2.22044604925E-16));
#5285 = ORIENTED_EDGE('',*,*,#5203,.F.);
#5286 = PLANE('',#5287);
#5287 = AXIS2_PLACEMENT_3D('',#5288,#5289,#5290);
#5288 = CARTESIAN_POINT('',(-0.66,-1.6,3.76602));
#5289 = DIRECTION('',(-1.,0.,0.));
#5290 = DIRECTION('',(0.,-2.22044604925E-16,-1.));
#5291 = ADVANCED_FACE('',(#5292),#5317,.T.);
#5292 = FACE_BOUND('',#5293,.T.);
#5293 = EDGE_LOOP('',(#5294,#5302,#5310,#5316));
#5294 = ORIENTED_EDGE('',*,*,#5295,.T.);
#5295 = EDGE_CURVE('',#5194,#5296,#5298,.T.);
#5296 = VERTEX_POINT('',#5297);
#5297 = CARTESIAN_POINT('',(0.66,1.6,3.76602));
#5298 = LINE('',#5299,#5300);
#5299 = CARTESIAN_POINT('',(0.66,-1.6,3.76602));
#5300 = VECTOR('',#5301,1.);
#5301 = DIRECTION('',(0.,1.,-2.22044604925E-16));
#5302 = ORIENTED_EDGE('',*,*,#5303,.T.);
#5303 = EDGE_CURVE('',#5296,#5304,#5306,.T.);
#5304 = VERTEX_POINT('',#5305);
#5305 = CARTESIAN_POINT('',(0.66,1.6,1.43111));
#5306 = LINE('',#5307,#5308);
#5307 = CARTESIAN_POINT('',(0.66,1.6,3.76602));
#5308 = VECTOR('',#5309,1.);
#5309 = DIRECTION('',(0.,-2.22044604925E-16,-1.));
#5310 = ORIENTED_EDGE('',*,*,#5311,.F.);
#5311 = EDGE_CURVE('',#5212,#5304,#5312,.T.);
#5312 = LINE('',#5313,#5314);
#5313 = CARTESIAN_POINT('',(0.66,-1.6,1.43111));
#5314 = VECTOR('',#5315,1.);
#5315 = DIRECTION('',(0.,1.,-2.22044604925E-16));
#5316 = ORIENTED_EDGE('',*,*,#5219,.F.);
#5317 = PLANE('',#5318);
#5318 = AXIS2_PLACEMENT_3D('',#5319,#5320,#5321);
#5319 = CARTESIAN_POINT('',(0.66,-1.6,3.76602));
#5320 = DIRECTION('',(-1.,0.,0.));
#5321 = DIRECTION('',(0.,-2.22044604925E-16,-1.));
#5322 = ADVANCED_FACE('',(#5323,#5339),#5355,.T.);
#5323 = FACE_BOUND('',#5324,.T.);
#5324 = EDGE_LOOP('',(#5325,#5326,#5332,#5333));
#5325 = ORIENTED_EDGE('',*,*,#5138,.T.);
#5326 = ORIENTED_EDGE('',*,*,#5327,.T.);
#5327 = EDGE_CURVE('',#5139,#5242,#5328,.T.);
#5328 = LINE('',#5329,#5330);
#5329 = CARTESIAN_POINT('',(-1.06,1.6,4.16602));
#5330 = VECTOR('',#5331,1.);
#5331 = DIRECTION('',(1.,0.,0.));
#5332 = ORIENTED_EDGE('',*,*,#5241,.F.);
#5333 = ORIENTED_EDGE('',*,*,#5334,.F.);
#5334 = EDGE_CURVE('',#5131,#5234,#5335,.T.);
#5335 = LINE('',#5336,#5337);
#5336 = CARTESIAN_POINT('',(0.,1.6,1.03111));
#5337 = VECTOR('',#5338,1.);
#5338 = DIRECTION('',(1.,0.,0.));
#5339 = FACE_BOUND('',#5340,.T.);
#5340 = EDGE_LOOP('',(#5341,#5347,#5348,#5354));
#5341 = ORIENTED_EDGE('',*,*,#5342,.F.);
#5342 = EDGE_CURVE('',#5265,#5296,#5343,.T.);
#5343 = LINE('',#5344,#5345);
#5344 = CARTESIAN_POINT('',(0.,1.6,3.76602));
#5345 = VECTOR('',#5346,1.);
#5346 = DIRECTION('',(1.,0.,0.));
#5347 = ORIENTED_EDGE('',*,*,#5272,.T.);
#5348 = ORIENTED_EDGE('',*,*,#5349,.T.);
#5349 = EDGE_CURVE('',#5273,#5304,#5350,.T.);
#5350 = LINE('',#5351,#5352);
#5351 = CARTESIAN_POINT('',(-0.66,1.6,1.43111));
#5352 = VECTOR('',#5353,1.);
#5353 = DIRECTION('',(1.,0.,0.));
#5354 = ORIENTED_EDGE('',*,*,#5303,.F.);
#5355 = PLANE('',#5356);
#5356 = AXIS2_PLACEMENT_3D('',#5357,#5358,#5359);
#5357 = CARTESIAN_POINT('',(1.246066727078E-17,1.6,2.598565));
#5358 = DIRECTION('',(0.,1.,0.));
#5359 = DIRECTION('',(0.,0.,1.));
#5360 = ADVANCED_FACE('',(#5361),#5367,.T.);
#5361 = FACE_BOUND('',#5362,.T.);
#5362 = EDGE_LOOP('',(#5363,#5364,#5365,#5366));
#5363 = ORIENTED_EDGE('',*,*,#5128,.T.);
#5364 = ORIENTED_EDGE('',*,*,#5334,.T.);
#5365 = ORIENTED_EDGE('',*,*,#5233,.F.);
#5366 = ORIENTED_EDGE('',*,*,#5168,.T.);
#5367 = PLANE('',#5368);
#5368 = AXIS2_PLACEMENT_3D('',#5369,#5370,#5371);
#5369 = CARTESIAN_POINT('',(0.,1.87819684617E-16,1.03111));
#5370 = DIRECTION('',(-0.,-2.358180484636E-16,-1.));
#5371 = DIRECTION('',(0.,-1.,2.358180484636E-16));
#5372 = ADVANCED_FACE('',(#5373),#5379,.T.);
#5373 = FACE_BOUND('',#5374,.T.);
#5374 = EDGE_LOOP('',(#5375,#5376,#5377,#5378));
#5375 = ORIENTED_EDGE('',*,*,#5146,.F.);
#5376 = ORIENTED_EDGE('',*,*,#5177,.F.);
#5377 = ORIENTED_EDGE('',*,*,#5249,.T.);
#5378 = ORIENTED_EDGE('',*,*,#5327,.F.);
#5379 = PLANE('',#5380);
#5380 = AXIS2_PLACEMENT_3D('',#5381,#5382,#5383);
#5381 = CARTESIAN_POINT('',(0.,8.556230076998E-16,4.16602));
#5382 = DIRECTION('',(0.,0.,1.));
#5383 = DIRECTION('',(1.,0.,0.));
#5384 = ADVANCED_FACE('',(#5385),#5391,.T.);
#5385 = FACE_BOUND('',#5386,.T.);
#5386 = EDGE_LOOP('',(#5387,#5388,#5389,#5390));
#5387 = ORIENTED_EDGE('',*,*,#5295,.F.);
#5388 = ORIENTED_EDGE('',*,*,#5193,.T.);
#5389 = ORIENTED_EDGE('',*,*,#5264,.T.);
#5390 = ORIENTED_EDGE('',*,*,#5342,.T.);
#5391 = PLANE('',#5392);
#5392 = AXIS2_PLACEMENT_3D('',#5393,#5394,#5395);
#5393 = CARTESIAN_POINT('',(0.,9.088108829896E-16,3.76602));
#5394 = DIRECTION('',(-0.,-2.775557561563E-16,-1.));
#5395 = DIRECTION('',(0.,-1.,2.775557561563E-16));
#5396 = ADVANCED_FACE('',(#5397),#5403,.T.);
#5397 = FACE_BOUND('',#5398,.T.);
#5398 = EDGE_LOOP('',(#5399,#5400,#5401,#5402));
#5399 = ORIENTED_EDGE('',*,*,#5280,.F.);
#5400 = ORIENTED_EDGE('',*,*,#5211,.F.);
#5401 = ORIENTED_EDGE('',*,*,#5311,.T.);
#5402 = ORIENTED_EDGE('',*,*,#5349,.F.);
#5403 = PLANE('',#5404);
#5404 = AXIS2_PLACEMENT_3D('',#5405,#5406,#5407);
#5405 = CARTESIAN_POINT('',(0.,1.228122814851E-16,1.43111));
#5406 = DIRECTION('',(0.,2.284308435623E-16,1.));
#5407 = DIRECTION('',(0.,1.,-2.284308435623E-16));
#5408 = MANIFOLD_SOLID_BREP('',#5409);
#5409 = CLOSED_SHELL('',(#5410,#5435,#5526,#5543,#5561,#5581,#5598,#5608
    ,#5633));
#5410 = ADVANCED_FACE('',(#5411),#5430,.F.);
#5411 = FACE_BOUND('',#5412,.T.);
#5412 = EDGE_LOOP('',(#5413,#5424));
#5413 = ORIENTED_EDGE('',*,*,#5414,.F.);
#5414 = EDGE_CURVE('',#5415,#5417,#5419,.T.);
#5415 = VERTEX_POINT('',#5416);
#5416 = CARTESIAN_POINT('',(1.019716596842,-0.306105,7.78762));
#5417 = VERTEX_POINT('',#5418);
#5418 = CARTESIAN_POINT('',(-1.019716596842,-0.306105,7.78762));
#5419 = CIRCLE('',#5420,1.06467);
#5420 = AXIS2_PLACEMENT_3D('',#5421,#5422,#5423);
#5421 = CARTESIAN_POINT('',(0.,1.729199006206E-15,7.78762));
#5422 = DIRECTION('',(0.,-2.22044604925E-16,-1.));
#5423 = DIRECTION('',(1.,0.,0.));
#5424 = ORIENTED_EDGE('',*,*,#5425,.F.);
#5425 = EDGE_CURVE('',#5417,#5415,#5426,.T.);
#5426 = LINE('',#5427,#5428);
#5427 = CARTESIAN_POINT('',(-1.37341,-0.306105,7.78762));
#5428 = VECTOR('',#5429,1.);
#5429 = DIRECTION('',(1.,0.,0.));
#5430 = PLANE('',#5431);
#5431 = AXIS2_PLACEMENT_3D('',#5432,#5433,#5434);
#5432 = CARTESIAN_POINT('',(0.,1.729199006206E-15,7.78762));
#5433 = DIRECTION('',(-0.,-2.22044604925E-16,-1.));
#5434 = DIRECTION('',(1.,0.,0.));
#5435 = ADVANCED_FACE('',(#5436),#5521,.T.);
#5436 = FACE_BOUND('',#5437,.T.);
#5437 = EDGE_LOOP('',(#5438,#5446,#5447,#5455,#5464,#5472,#5481,#5489,
    #5498,#5506,#5513,#5514));
#5438 = ORIENTED_EDGE('',*,*,#5439,.F.);
#5439 = EDGE_CURVE('',#5415,#5440,#5442,.T.);
#5440 = VERTEX_POINT('',#5441);
#5441 = CARTESIAN_POINT('',(1.019716596842,-0.306105,7.28762));
#5442 = LINE('',#5443,#5444);
#5443 = CARTESIAN_POINT('',(1.019716596842,-0.306105,7.78762));
#5444 = VECTOR('',#5445,1.);
#5445 = DIRECTION('',(-0.,-2.22044604925E-16,-1.));
#5446 = ORIENTED_EDGE('',*,*,#5414,.T.);
#5447 = ORIENTED_EDGE('',*,*,#5448,.T.);
#5448 = EDGE_CURVE('',#5417,#5449,#5451,.T.);
#5449 = VERTEX_POINT('',#5450);
#5450 = CARTESIAN_POINT('',(-1.019716596842,-0.306105,7.28762));
#5451 = LINE('',#5452,#5453);
#5452 = CARTESIAN_POINT('',(-1.019716596842,-0.306105,7.78762));
#5453 = VECTOR('',#5454,1.);
#5454 = DIRECTION('',(-0.,-2.22044604925E-16,-1.));
#5455 = ORIENTED_EDGE('',*,*,#5456,.T.);
#5456 = EDGE_CURVE('',#5449,#5457,#5459,.T.);
#5457 = VERTEX_POINT('',#5458);
#5458 = CARTESIAN_POINT('',(-1.019716596842,0.306105,7.28762));
#5459 = CIRCLE('',#5460,1.06467);
#5460 = AXIS2_PLACEMENT_3D('',#5461,#5462,#5463);
#5461 = CARTESIAN_POINT('',(0.,1.618176703744E-15,7.28762));
#5462 = DIRECTION('',(0.,-2.22044604925E-16,-1.));
#5463 = DIRECTION('',(1.,0.,0.));
#5464 = ORIENTED_EDGE('',*,*,#5465,.F.);
#5465 = EDGE_CURVE('',#5466,#5457,#5468,.T.);
#5466 = VERTEX_POINT('',#5467);
#5467 = CARTESIAN_POINT('',(-1.019716596842,0.306105,7.78762));
#5468 = LINE('',#5469,#5470);
#5469 = CARTESIAN_POINT('',(-1.019716596842,0.306105,7.78762));
#5470 = VECTOR('',#5471,1.);
#5471 = DIRECTION('',(-0.,-2.22044604925E-16,-1.));
#5472 = ORIENTED_EDGE('',*,*,#5473,.T.);
#5473 = EDGE_CURVE('',#5466,#5474,#5476,.T.);
#5474 = VERTEX_POINT('',#5475);
#5475 = CARTESIAN_POINT('',(1.019716596842,0.306105,7.78762));
#5476 = CIRCLE('',#5477,1.06467);
#5477 = AXIS2_PLACEMENT_3D('',#5478,#5479,#5480);
#5478 = CARTESIAN_POINT('',(0.,1.729199006206E-15,7.78762));
#5479 = DIRECTION('',(0.,-2.22044604925E-16,-1.));
#5480 = DIRECTION('',(1.,0.,0.));
#5481 = ORIENTED_EDGE('',*,*,#5482,.T.);
#5482 = EDGE_CURVE('',#5474,#5483,#5485,.T.);
#5483 = VERTEX_POINT('',#5484);
#5484 = CARTESIAN_POINT('',(1.019716596842,0.306105,7.28762));
#5485 = LINE('',#5486,#5487);
#5486 = CARTESIAN_POINT('',(1.019716596842,0.306105,7.78762));
#5487 = VECTOR('',#5488,1.);
#5488 = DIRECTION('',(-0.,-2.22044604925E-16,-1.));
#5489 = ORIENTED_EDGE('',*,*,#5490,.T.);
#5490 = EDGE_CURVE('',#5483,#5491,#5493,.T.);
#5491 = VERTEX_POINT('',#5492);
#5492 = CARTESIAN_POINT('',(1.06467,1.618176703744E-15,7.28762));
#5493 = CIRCLE('',#5494,1.06467);
#5494 = AXIS2_PLACEMENT_3D('',#5495,#5496,#5497);
#5495 = CARTESIAN_POINT('',(0.,1.618176703744E-15,7.28762));
#5496 = DIRECTION('',(0.,-2.22044604925E-16,-1.));
#5497 = DIRECTION('',(1.,0.,0.));
#5498 = ORIENTED_EDGE('',*,*,#5499,.T.);
#5499 = EDGE_CURVE('',#5491,#5500,#5502,.T.);
#5500 = VERTEX_POINT('',#5501);
#5501 = CARTESIAN_POINT('',(1.06467,1.543098981927E-15,6.9495));
#5502 = LINE('',#5503,#5504);
#5503 = CARTESIAN_POINT('',(1.06467,1.729199006206E-15,7.78762));
#5504 = VECTOR('',#5505,1.);
#5505 = DIRECTION('',(0.,-2.22044604925E-16,-1.));
#5506 = ORIENTED_EDGE('',*,*,#5507,.F.);
#5507 = EDGE_CURVE('',#5500,#5500,#5508,.T.);
#5508 = CIRCLE('',#5509,1.06467);
#5509 = AXIS2_PLACEMENT_3D('',#5510,#5511,#5512);
#5510 = CARTESIAN_POINT('',(0.,1.543098981927E-15,6.9495));
#5511 = DIRECTION('',(0.,-2.22044604925E-16,-1.));
#5512 = DIRECTION('',(1.,0.,0.));
#5513 = ORIENTED_EDGE('',*,*,#5499,.F.);
#5514 = ORIENTED_EDGE('',*,*,#5515,.T.);
#5515 = EDGE_CURVE('',#5491,#5440,#5516,.T.);
#5516 = CIRCLE('',#5517,1.06467);
#5517 = AXIS2_PLACEMENT_3D('',#5518,#5519,#5520);
#5518 = CARTESIAN_POINT('',(0.,1.618176703744E-15,7.28762));
#5519 = DIRECTION('',(0.,-2.22044604925E-16,-1.));
#5520 = DIRECTION('',(1.,0.,0.));
#5521 = CYLINDRICAL_SURFACE('',#5522,1.06467);
#5522 = AXIS2_PLACEMENT_3D('',#5523,#5524,#5525);
#5523 = CARTESIAN_POINT('',(0.,1.729199006206E-15,7.78762));
#5524 = DIRECTION('',(-0.,-2.22044604925E-16,-1.));
#5525 = DIRECTION('',(1.,0.,0.));
#5526 = ADVANCED_FACE('',(#5527),#5538,.F.);
#5527 = FACE_BOUND('',#5528,.F.);
#5528 = EDGE_LOOP('',(#5529,#5530,#5531,#5537));
#5529 = ORIENTED_EDGE('',*,*,#5425,.F.);
#5530 = ORIENTED_EDGE('',*,*,#5448,.T.);
#5531 = ORIENTED_EDGE('',*,*,#5532,.T.);
#5532 = EDGE_CURVE('',#5449,#5440,#5533,.T.);
#5533 = LINE('',#5534,#5535);
#5534 = CARTESIAN_POINT('',(-1.37341,-0.306105,7.28762));
#5535 = VECTOR('',#5536,1.);
#5536 = DIRECTION('',(1.,0.,0.));
#5537 = ORIENTED_EDGE('',*,*,#5439,.F.);
#5538 = PLANE('',#5539);
#5539 = AXIS2_PLACEMENT_3D('',#5540,#5541,#5542);
#5540 = CARTESIAN_POINT('',(-1.37341,-0.306105,7.78762));
#5541 = DIRECTION('',(0.,-1.,0.));
#5542 = DIRECTION('',(1.,0.,0.));
#5543 = ADVANCED_FACE('',(#5544),#5556,.T.);
#5544 = FACE_BOUND('',#5545,.T.);
#5545 = EDGE_LOOP('',(#5546,#5552,#5553,#5554,#5555));
#5546 = ORIENTED_EDGE('',*,*,#5547,.T.);
#5547 = EDGE_CURVE('',#5483,#5457,#5548,.T.);
#5548 = LINE('',#5549,#5550);
#5549 = CARTESIAN_POINT('',(1.37341,0.306105,7.28762));
#5550 = VECTOR('',#5551,1.);
#5551 = DIRECTION('',(-1.,0.,0.));
#5552 = ORIENTED_EDGE('',*,*,#5456,.F.);
#5553 = ORIENTED_EDGE('',*,*,#5532,.T.);
#5554 = ORIENTED_EDGE('',*,*,#5515,.F.);
#5555 = ORIENTED_EDGE('',*,*,#5490,.F.);
#5556 = PLANE('',#5557);
#5557 = AXIS2_PLACEMENT_3D('',#5558,#5559,#5560);
#5558 = CARTESIAN_POINT('',(-3.30518936903E-17,1.718698471895E-15,
    7.28762));
#5559 = DIRECTION('',(0.,0.,1.));
#5560 = DIRECTION('',(1.,0.,0.));
#5561 = ADVANCED_FACE('',(#5562,#5565),#5576,.T.);
#5562 = FACE_BOUND('',#5563,.T.);
#5563 = EDGE_LOOP('',(#5564));
#5564 = ORIENTED_EDGE('',*,*,#5507,.T.);
#5565 = FACE_BOUND('',#5566,.T.);
#5566 = EDGE_LOOP('',(#5567));
#5567 = ORIENTED_EDGE('',*,*,#5568,.F.);
#5568 = EDGE_CURVE('',#5569,#5569,#5571,.T.);
#5569 = VERTEX_POINT('',#5570);
#5570 = CARTESIAN_POINT('',(0.8,1.543098981927E-15,6.9495));
#5571 = CIRCLE('',#5572,0.8);
#5572 = AXIS2_PLACEMENT_3D('',#5573,#5574,#5575);
#5573 = CARTESIAN_POINT('',(0.,1.543098981927E-15,6.9495));
#5574 = DIRECTION('',(0.,-2.22044604925E-16,-1.));
#5575 = DIRECTION('',(1.,0.,0.));
#5576 = PLANE('',#5577);
#5577 = AXIS2_PLACEMENT_3D('',#5578,#5579,#5580);
#5578 = CARTESIAN_POINT('',(0.,1.543098981927E-15,6.9495));
#5579 = DIRECTION('',(-0.,-2.22044604925E-16,-1.));
#5580 = DIRECTION('',(1.,0.,0.));
#5581 = ADVANCED_FACE('',(#5582),#5593,.F.);
#5582 = FACE_BOUND('',#5583,.F.);
#5583 = EDGE_LOOP('',(#5584,#5590,#5591,#5592));
#5584 = ORIENTED_EDGE('',*,*,#5585,.F.);
#5585 = EDGE_CURVE('',#5474,#5466,#5586,.T.);
#5586 = LINE('',#5587,#5588);
#5587 = CARTESIAN_POINT('',(1.37341,0.306105,7.78762));
#5588 = VECTOR('',#5589,1.);
#5589 = DIRECTION('',(-1.,0.,0.));
#5590 = ORIENTED_EDGE('',*,*,#5482,.T.);
#5591 = ORIENTED_EDGE('',*,*,#5547,.T.);
#5592 = ORIENTED_EDGE('',*,*,#5465,.F.);
#5593 = PLANE('',#5594);
#5594 = AXIS2_PLACEMENT_3D('',#5595,#5596,#5597);
#5595 = CARTESIAN_POINT('',(1.37341,0.306105,7.78762));
#5596 = DIRECTION('',(0.,1.,0.));
#5597 = DIRECTION('',(-1.,0.,0.));
#5598 = ADVANCED_FACE('',(#5599),#5603,.F.);
#5599 = FACE_BOUND('',#5600,.T.);
#5600 = EDGE_LOOP('',(#5601,#5602));
#5601 = ORIENTED_EDGE('',*,*,#5585,.F.);
#5602 = ORIENTED_EDGE('',*,*,#5473,.F.);
#5603 = PLANE('',#5604);
#5604 = AXIS2_PLACEMENT_3D('',#5605,#5606,#5607);
#5605 = CARTESIAN_POINT('',(0.,1.729199006206E-15,7.78762));
#5606 = DIRECTION('',(-0.,-2.22044604925E-16,-1.));
#5607 = DIRECTION('',(1.,0.,0.));
#5608 = ADVANCED_FACE('',(#5609),#5628,.T.);
#5609 = FACE_BOUND('',#5610,.T.);
#5610 = EDGE_LOOP('',(#5611,#5612,#5620,#5627));
#5611 = ORIENTED_EDGE('',*,*,#5568,.T.);
#5612 = ORIENTED_EDGE('',*,*,#5613,.T.);
#5613 = EDGE_CURVE('',#5569,#5614,#5616,.T.);
#5614 = VERTEX_POINT('',#5615);
#5615 = CARTESIAN_POINT('',(0.8,8.525713468543E-16,3.83964));
#5616 = LINE('',#5617,#5618);
#5617 = CARTESIAN_POINT('',(0.8,1.543098981927E-15,6.9495));
#5618 = VECTOR('',#5619,1.);
#5619 = DIRECTION('',(0.,-2.22044604925E-16,-1.));
#5620 = ORIENTED_EDGE('',*,*,#5621,.F.);
#5621 = EDGE_CURVE('',#5614,#5614,#5622,.T.);
#5622 = CIRCLE('',#5623,0.8);
#5623 = AXIS2_PLACEMENT_3D('',#5624,#5625,#5626);
#5624 = CARTESIAN_POINT('',(0.,8.525713468543E-16,3.83964));
#5625 = DIRECTION('',(0.,-2.22044604925E-16,-1.));
#5626 = DIRECTION('',(1.,0.,0.));
#5627 = ORIENTED_EDGE('',*,*,#5613,.F.);
#5628 = CYLINDRICAL_SURFACE('',#5629,0.8);
#5629 = AXIS2_PLACEMENT_3D('',#5630,#5631,#5632);
#5630 = CARTESIAN_POINT('',(0.,1.543098981927E-15,6.9495));
#5631 = DIRECTION('',(-0.,-2.22044604925E-16,-1.));
#5632 = DIRECTION('',(1.,0.,0.));
#5633 = ADVANCED_FACE('',(#5634),#5637,.T.);
#5634 = FACE_BOUND('',#5635,.T.);
#5635 = EDGE_LOOP('',(#5636));
#5636 = ORIENTED_EDGE('',*,*,#5621,.T.);
#5637 = PLANE('',#5638);
#5638 = AXIS2_PLACEMENT_3D('',#5639,#5640,#5641);
#5639 = CARTESIAN_POINT('',(0.,8.525713468543E-16,3.83964));
#5640 = DIRECTION('',(-0.,-2.22044604925E-16,-1.));
#5641 = DIRECTION('',(1.,0.,0.));
#5642 = ( GEOMETRIC_REPRESENTATION_CONTEXT(3) 
GLOBAL_UNCERTAINTY_ASSIGNED_CONTEXT((#5646)) 
GLOBAL_UNIT_ASSIGNED_CONTEXT((#5643,#5644,#5645)) REPRESENTATION_CONTEXT
('Context #1','3D Context with UNIT and UNCERTAINTY') );
#5643 = ( LENGTH_UNIT() NAMED_UNIT(*) SI_UNIT(.MILLI.,.METRE.) );
#5644 = ( NAMED_UNIT(*) PLANE_ANGLE_UNIT() SI_UNIT($,.RADIAN.) );
#5645 = ( NAMED_UNIT(*) SI_UNIT($,.STERADIAN.) SOLID_ANGLE_UNIT() );
#5646 = UNCERTAINTY_MEASURE_WITH_UNIT(LENGTH_MEASURE(1.E-06),#5643,
  'distance_accuracy_value','confusion accuracy');
#5647 = CONTEXT_DEPENDENT_SHAPE_REPRESENTATION(#5648,#5650);
#5648 = ( REPRESENTATION_RELATIONSHIP('','',#4258,#4223) 
REPRESENTATION_RELATIONSHIP_WITH_TRANSFORMATION(#5649) 
SHAPE_REPRESENTATION_RELATIONSHIP() );
#5649 = ITEM_DEFINED_TRANSFORMATION('','',#11,#4224);
#5650 = PRODUCT_DEFINITION_SHAPE('Placement','Placement of an item',
  #5651);
#5651 = NEXT_ASSEMBLY_USAGE_OCCURRENCE('31','0','',#4218,#4253,$);
#5652 = PRODUCT_RELATED_PRODUCT_CATEGORY('part',$,(#4255));
#5653 = CONTEXT_DEPENDENT_SHAPE_REPRESENTATION(#5654,#5656);
#5654 = ( REPRESENTATION_RELATIONSHIP('','',#4258,#4223) 
REPRESENTATION_RELATIONSHIP_WITH_TRANSFORMATION(#5655) 
SHAPE_REPRESENTATION_RELATIONSHIP() );
#5655 = ITEM_DEFINED_TRANSFORMATION('','',#11,#4228);
#5656 = PRODUCT_DEFINITION_SHAPE('Placement','Placement of an item',
  #5657);
#5657 = NEXT_ASSEMBLY_USAGE_OCCURRENCE('32','1','',#4218,#4253,$);
#5658 = CONTEXT_DEPENDENT_SHAPE_REPRESENTATION(#5659,#5661);
#5659 = ( REPRESENTATION_RELATIONSHIP('','',#4258,#4223) 
REPRESENTATION_RELATIONSHIP_WITH_TRANSFORMATION(#5660) 
SHAPE_REPRESENTATION_RELATIONSHIP() );
#5660 = ITEM_DEFINED_TRANSFORMATION('','',#11,#4232);
#5661 = PRODUCT_DEFINITION_SHAPE('Placement','Placement of an item',
  #5662);
#5662 = NEXT_ASSEMBLY_USAGE_OCCURRENCE('33','2','',#4218,#4253,$);
#5663 = CONTEXT_DEPENDENT_SHAPE_REPRESENTATION(#5664,#5666);
#5664 = ( REPRESENTATION_RELATIONSHIP('','',#4258,#4223) 
REPRESENTATION_RELATIONSHIP_WITH_TRANSFORMATION(#5665) 
SHAPE_REPRESENTATION_RELATIONSHIP() );
#5665 = ITEM_DEFINED_TRANSFORMATION('','',#11,#4236);
#5666 = PRODUCT_DEFINITION_SHAPE('Placement','Placement of an item',
  #5667);
#5667 = NEXT_ASSEMBLY_USAGE_OCCURRENCE('34','3','',#4218,#4253,$);
#5668 = MECHANICAL_DESIGN_GEOMETRIC_PRESENTATION_REPRESENTATION('',(
    #5669,#5680,#5689),#5642);
#5669 = STYLED_ITEM('color',(#5670),#4259);
#5670 = PRESENTATION_STYLE_ASSIGNMENT((#5671,#5677));
#5671 = SURFACE_STYLE_USAGE(.BOTH.,#5672);
#5672 = SURFACE_SIDE_STYLE('',(#5673));
#5673 = SURFACE_STYLE_FILL_AREA(#5674);
#5674 = FILL_AREA_STYLE('',(#5675));
#5675 = FILL_AREA_STYLE_COLOUR('',#5676);
#5676 = COLOUR_RGB('',0.917599985683,0.917599985683,0.917599985683);
#5677 = CURVE_STYLE('',#5678,POSITIVE_LENGTH_MEASURE(0.1),#5679);
#5678 = DRAUGHTING_PRE_DEFINED_CURVE_FONT('continuous');
#5679 = COLOUR_RGB('',9.803921802644E-02,9.803921802644E-02,
  9.803921802644E-02);
#5680 = STYLED_ITEM('color',(#5681),#5122);
#5681 = PRESENTATION_STYLE_ASSIGNMENT((#5682,#5687));
#5682 = SURFACE_STYLE_USAGE(.BOTH.,#5683);
#5683 = SURFACE_SIDE_STYLE('',(#5684));
#5684 = SURFACE_STYLE_FILL_AREA(#5685);
#5685 = FILL_AREA_STYLE('',(#5686));
#5686 = FILL_AREA_STYLE_COLOUR('',#5676);
#5687 = CURVE_STYLE('',#5688,POSITIVE_LENGTH_MEASURE(0.1),#5679);
#5688 = DRAUGHTING_PRE_DEFINED_CURVE_FONT('continuous');
#5689 = STYLED_ITEM('color',(#5690),#5408);
#5690 = PRESENTATION_STYLE_ASSIGNMENT((#5691,#5696));
#5691 = SURFACE_STYLE_USAGE(.BOTH.,#5692);
#5692 = SURFACE_SIDE_STYLE('',(#5693));
#5693 = SURFACE_STYLE_FILL_AREA(#5694);
#5694 = FILL_AREA_STYLE('',(#5695));
#5695 = FILL_AREA_STYLE_COLOUR('',#5676);
#5696 = CURVE_STYLE('',#5697,POSITIVE_LENGTH_MEASURE(0.1),#5679);
#5697 = DRAUGHTING_PRE_DEFINED_CURVE_FONT('continuous');
#5698 = MECHANICAL_DESIGN_GEOMETRIC_PRESENTATION_REPRESENTATION('',(
    #5699),#4205);
#5699 = STYLED_ITEM('color',(#5700),#37);
#5700 = PRESENTATION_STYLE_ASSIGNMENT((#5701,#5707));
#5701 = SURFACE_STYLE_USAGE(.BOTH.,#5702);
#5702 = SURFACE_SIDE_STYLE('',(#5703));
#5703 = SURFACE_STYLE_FILL_AREA(#5704);
#5704 = FILL_AREA_STYLE('',(#5705));
#5705 = FILL_AREA_STYLE_COLOUR('',#5706);
#5706 = COLOUR_RGB('',0.290196088226,0.725490202603,0.160784315601);
#5707 = CURVE_STYLE('',#5708,POSITIVE_LENGTH_MEASURE(0.1),#5679);
#5708 = DRAUGHTING_PRE_DEFINED_CURVE_FONT('continuous');
ENDSEC;
END-ISO-10303-21;
