ISO-10303-21;
HEADER;
FILE_DESCRIPTION(('FreeCAD Model'),'2;1');
FILE_NAME('Open CASCADE Shape Model','2026-06-20T22:50:00',(''),(''),
  'Open CASCADE STEP processor 7.8','FreeCAD','Unknown');
FILE_SCHEMA(('AUTOMOTIVE_DESIGN { 1 0 10303 214 1 1 1 1 }'));
ENDSEC;
DATA;
#1 = APPLICATION_PROTOCOL_DEFINITION('international standard',
  'automotive_design',2000,#2);
#2 = APPLICATION_CONTEXT(
  'core data for automotive mechanical design processes');
#3 = SHAPE_DEFINITION_REPRESENTATION(#4,#10);
#4 = PRODUCT_DEFINITION_SHAPE('','',#5);
#5 = PRODUCT_DEFINITION('design','',#6,#9);
#6 = PRODUCT_DEFINITION_FORMATION('','',#7);
#7 = PRODUCT('KF128_2_54','KF128_2_54','',(#8));
#8 = PRODUCT_CONTEXT('',#2,'mechanical');
#9 = PRODUCT_DEFINITION_CONTEXT('part definition',#2,'design');
#10 = SHAPE_REPRESENTATION('',(#11,#15,#19),#23);
#11 = AXIS2_PLACEMENT_3D('',#12,#13,#14);
#12 = CARTESIAN_POINT('',(0.,0.,0.));
#13 = DIRECTION('',(0.,0.,1.));
#14 = DIRECTION('',(1.,0.,-0.));
#15 = AXIS2_PLACEMENT_3D('',#16,#17,#18);
#16 = CARTESIAN_POINT('',(0.,0.,0.));
#17 = DIRECTION('',(0.,0.,1.));
#18 = DIRECTION('',(1.,0.,0.));
#19 = AXIS2_PLACEMENT_3D('',#20,#21,#22);
#20 = CARTESIAN_POINT('',(0.,0.,0.));
#21 = DIRECTION('',(0.,0.,1.));
#22 = DIRECTION('',(1.,0.,0.));
#23 = ( GEOMETRIC_REPRESENTATION_CONTEXT(3) 
GLOBAL_UNCERTAINTY_ASSIGNED_CONTEXT((#27)) GLOBAL_UNIT_ASSIGNED_CONTEXT(
(#24,#25,#26)) REPRESENTATION_CONTEXT('Context #1',
  '3D Context with UNIT and UNCERTAINTY') );
#24 = ( LENGTH_UNIT() NAMED_UNIT(*) SI_UNIT(.MILLI.,.METRE.) );
#25 = ( NAMED_UNIT(*) PLANE_ANGLE_UNIT() SI_UNIT($,.RADIAN.) );
#26 = ( NAMED_UNIT(*) SI_UNIT($,.STERADIAN.) SOLID_ANGLE_UNIT() );
#27 = UNCERTAINTY_MEASURE_WITH_UNIT(LENGTH_MEASURE(1.E-06),#24,
  'distance_accuracy_value','confusion accuracy');
#28 = PRODUCT_RELATED_PRODUCT_CATEGORY('part',$,(#7));
#29 = SHAPE_DEFINITION_REPRESENTATION(#30,#36);
#30 = PRODUCT_DEFINITION_SHAPE('','',#31);
#31 = PRODUCT_DEFINITION('design','',#32,#35);
#32 = PRODUCT_DEFINITION_FORMATION('','',#33);
#33 = PRODUCT('Connector_body','Connector_body','',(#34));
#34 = PRODUCT_CONTEXT('',#2,'mechanical');
#35 = PRODUCT_DEFINITION_CONTEXT('part definition',#2,'design');
#36 = ADVANCED_BREP_SHAPE_REPRESENTATION('',(#11,#37),#3234);
#37 = MANIFOLD_SOLID_BREP('',#38);
#38 = CLOSED_SHELL('',(#39,#79,#110,#150,#181,#323,#552,#609,#666,#683,
    #714,#738,#762,#779,#801,#830,#852,#881,#994,#1048,#1112,#1159,#1183
    ,#1207,#1264,#1304,#1358,#1405,#1429,#1469,#1533,#1557,#1614,#1668,
    #1715,#1739,#1779,#1843,#1867,#1924,#1941,#1958,#2008,#2047,#2078,
    #2102,#2126,#2143,#2172,#2189,#2218,#2235,#2247,#2259,#2271,#2288,
    #2305,#2328,#2345,#2362,#2390,#2402,#2414,#2431,#2448,#2460,#2483,
    #2500,#2517,#2545,#2557,#2574,#2591,#2603,#2626,#2643,#2660,#2688,
    #2700,#2725,#2750,#2775,#2800,#2825,#2850,#2875,#2900,#2925,#2945,
    #2965,#2985,#3010,#3035,#3060,#3085,#3110,#3135,#3152,#3169,#3186,
    #3198,#3210,#3222));
#39 = ADVANCED_FACE('',(#40),#74,.T.);
#40 = FACE_BOUND('',#41,.T.);
#41 = EDGE_LOOP('',(#42,#52,#60,#68));
#42 = ORIENTED_EDGE('',*,*,#43,.F.);
#43 = EDGE_CURVE('',#44,#46,#48,.T.);
#44 = VERTEX_POINT('',#45);
#45 = CARTESIAN_POINT('',(4.41,-2.016232,1.532840329046));
#46 = VERTEX_POINT('',#47);
#47 = CARTESIAN_POINT('',(5.75,-2.016232,1.532840329046));
#48 = LINE('',#49,#50);
#49 = CARTESIAN_POINT('',(5.28,-2.016232,1.532840329046));
#50 = VECTOR('',#51,1.);
#51 = DIRECTION('',(1.,0.,0.));
#52 = ORIENTED_EDGE('',*,*,#53,.T.);
#53 = EDGE_CURVE('',#44,#54,#56,.T.);
#54 = VERTEX_POINT('',#55);
#55 = CARTESIAN_POINT('',(4.41,-2.5,1.532840329046));
#56 = LINE('',#57,#58);
#57 = CARTESIAN_POINT('',(4.41,3.403589252763E-16,1.532840329046));
#58 = VECTOR('',#59,1.);
#59 = DIRECTION('',(0.,-1.,2.22044604925E-16));
#60 = ORIENTED_EDGE('',*,*,#61,.T.);
#61 = EDGE_CURVE('',#54,#62,#64,.T.);
#62 = VERTEX_POINT('',#63);
#63 = CARTESIAN_POINT('',(5.75,-2.5,1.532840329046));
#64 = LINE('',#65,#66);
#65 = CARTESIAN_POINT('',(4.41,-2.5,1.532840329046));
#66 = VECTOR('',#67,1.);
#67 = DIRECTION('',(1.,0.,0.));
#68 = ORIENTED_EDGE('',*,*,#69,.F.);
#69 = EDGE_CURVE('',#46,#62,#70,.T.);
#70 = LINE('',#71,#72);
#71 = CARTESIAN_POINT('',(5.75,3.403589252763E-16,1.532840329046));
#72 = VECTOR('',#73,1.);
#73 = DIRECTION('',(0.,-1.,2.22044604925E-16));
#74 = PLANE('',#75);
#75 = AXIS2_PLACEMENT_3D('',#76,#77,#78);
#76 = CARTESIAN_POINT('',(4.41,3.403589252763E-16,1.532840329046));
#77 = DIRECTION('',(0.,2.22044604925E-16,1.));
#78 = DIRECTION('',(1.,0.,0.));
#79 = ADVANCED_FACE('',(#80),#105,.T.);
#80 = FACE_BOUND('',#81,.T.);
#81 = EDGE_LOOP('',(#82,#90,#98,#104));
#82 = ORIENTED_EDGE('',*,*,#83,.F.);
#83 = EDGE_CURVE('',#84,#44,#86,.T.);
#84 = VERTEX_POINT('',#85);
#85 = CARTESIAN_POINT('',(4.41,-2.016232,3.132840329046));
#86 = LINE('',#87,#88);
#87 = CARTESIAN_POINT('',(4.41,-2.016232,2.231588664523));
#88 = VECTOR('',#89,1.);
#89 = DIRECTION('',(0.,0.,-1.));
#90 = ORIENTED_EDGE('',*,*,#91,.T.);
#91 = EDGE_CURVE('',#84,#92,#94,.T.);
#92 = VERTEX_POINT('',#93);
#93 = CARTESIAN_POINT('',(4.41,-2.5,3.132840329046));
#94 = LINE('',#95,#96);
#95 = CARTESIAN_POINT('',(4.41,6.956302931563E-16,3.132840329046));
#96 = VECTOR('',#97,1.);
#97 = DIRECTION('',(0.,-1.,2.22044604925E-16));
#98 = ORIENTED_EDGE('',*,*,#99,.T.);
#99 = EDGE_CURVE('',#92,#54,#100,.T.);
#100 = LINE('',#101,#102);
#101 = CARTESIAN_POINT('',(4.41,-2.5,3.132840329046));
#102 = VECTOR('',#103,1.);
#103 = DIRECTION('',(0.,-9.E-17,-1.));
#104 = ORIENTED_EDGE('',*,*,#53,.F.);
#105 = PLANE('',#106);
#106 = AXIS2_PLACEMENT_3D('',#107,#108,#109);
#107 = CARTESIAN_POINT('',(4.41,6.956302931563E-16,3.132840329046));
#108 = DIRECTION('',(1.,0.,0.));
#109 = DIRECTION('',(0.,-2.22044604925E-16,-1.));
#110 = ADVANCED_FACE('',(#111),#145,.T.);
#111 = FACE_BOUND('',#112,.T.);
#112 = EDGE_LOOP('',(#113,#123,#131,#139));
#113 = ORIENTED_EDGE('',*,*,#114,.F.);
#114 = EDGE_CURVE('',#115,#117,#119,.T.);
#115 = VERTEX_POINT('',#116);
#116 = CARTESIAN_POINT('',(1.87,-2.016232,1.532840329046));
#117 = VERTEX_POINT('',#118);
#118 = CARTESIAN_POINT('',(3.21,-2.016232,1.532840329046));
#119 = LINE('',#120,#121);
#120 = CARTESIAN_POINT('',(2.74,-2.016232,1.532840329046));
#121 = VECTOR('',#122,1.);
#122 = DIRECTION('',(1.,0.,0.));
#123 = ORIENTED_EDGE('',*,*,#124,.T.);
#124 = EDGE_CURVE('',#115,#125,#127,.T.);
#125 = VERTEX_POINT('',#126);
#126 = CARTESIAN_POINT('',(1.87,-2.5,1.532840329046));
#127 = LINE('',#128,#129);
#128 = CARTESIAN_POINT('',(1.87,3.403589252763E-16,1.532840329046));
#129 = VECTOR('',#130,1.);
#130 = DIRECTION('',(0.,-1.,2.22044604925E-16));
#131 = ORIENTED_EDGE('',*,*,#132,.T.);
#132 = EDGE_CURVE('',#125,#133,#135,.T.);
#133 = VERTEX_POINT('',#134);
#134 = CARTESIAN_POINT('',(3.21,-2.5,1.532840329046));
#135 = LINE('',#136,#137);
#136 = CARTESIAN_POINT('',(1.87,-2.5,1.532840329046));
#137 = VECTOR('',#138,1.);
#138 = DIRECTION('',(1.,0.,0.));
#139 = ORIENTED_EDGE('',*,*,#140,.F.);
#140 = EDGE_CURVE('',#117,#133,#141,.T.);
#141 = LINE('',#142,#143);
#142 = CARTESIAN_POINT('',(3.21,3.403589252763E-16,1.532840329046));
#143 = VECTOR('',#144,1.);
#144 = DIRECTION('',(0.,-1.,2.22044604925E-16));
#145 = PLANE('',#146);
#146 = AXIS2_PLACEMENT_3D('',#147,#148,#149);
#147 = CARTESIAN_POINT('',(1.87,3.403589252763E-16,1.532840329046));
#148 = DIRECTION('',(0.,2.22044604925E-16,1.));
#149 = DIRECTION('',(1.,0.,0.));
#150 = ADVANCED_FACE('',(#151),#176,.T.);
#151 = FACE_BOUND('',#152,.T.);
#152 = EDGE_LOOP('',(#153,#161,#169,#175));
#153 = ORIENTED_EDGE('',*,*,#154,.F.);
#154 = EDGE_CURVE('',#155,#115,#157,.T.);
#155 = VERTEX_POINT('',#156);
#156 = CARTESIAN_POINT('',(1.87,-2.016232,3.132840329046));
#157 = LINE('',#158,#159);
#158 = CARTESIAN_POINT('',(1.87,-2.016232,2.231588664523));
#159 = VECTOR('',#160,1.);
#160 = DIRECTION('',(0.,0.,-1.));
#161 = ORIENTED_EDGE('',*,*,#162,.T.);
#162 = EDGE_CURVE('',#155,#163,#165,.T.);
#163 = VERTEX_POINT('',#164);
#164 = CARTESIAN_POINT('',(1.87,-2.5,3.132840329046));
#165 = LINE('',#166,#167);
#166 = CARTESIAN_POINT('',(1.87,6.956302931563E-16,3.132840329046));
#167 = VECTOR('',#168,1.);
#168 = DIRECTION('',(0.,-1.,2.22044604925E-16));
#169 = ORIENTED_EDGE('',*,*,#170,.T.);
#170 = EDGE_CURVE('',#163,#125,#171,.T.);
#171 = LINE('',#172,#173);
#172 = CARTESIAN_POINT('',(1.87,-2.5,3.132840329046));
#173 = VECTOR('',#174,1.);
#174 = DIRECTION('',(0.,-9.E-17,-1.));
#175 = ORIENTED_EDGE('',*,*,#124,.F.);
#176 = PLANE('',#177);
#177 = AXIS2_PLACEMENT_3D('',#178,#179,#180);
#178 = CARTESIAN_POINT('',(1.87,6.956302931563E-16,3.132840329046));
#179 = DIRECTION('',(1.,0.,0.));
#180 = DIRECTION('',(0.,-2.22044604925E-16,-1.));
#181 = ADVANCED_FACE('',(#182,#216,#250,#284),#318,.F.);
#182 = FACE_BOUND('',#183,.F.);
#183 = EDGE_LOOP('',(#184,#194,#202,#210));
#184 = ORIENTED_EDGE('',*,*,#185,.T.);
#185 = EDGE_CURVE('',#186,#188,#190,.T.);
#186 = VERTEX_POINT('',#187);
#187 = CARTESIAN_POINT('',(6.55,-3.3,0.));
#188 = VERTEX_POINT('',#189);
#189 = CARTESIAN_POINT('',(-1.47,-3.3,0.));
#190 = LINE('',#191,#192);
#191 = CARTESIAN_POINT('',(6.55,-3.3,0.));
#192 = VECTOR('',#193,1.);
#193 = DIRECTION('',(-1.,-0.,-0.));
#194 = ORIENTED_EDGE('',*,*,#195,.T.);
#195 = EDGE_CURVE('',#188,#196,#198,.T.);
#196 = VERTEX_POINT('',#197);
#197 = CARTESIAN_POINT('',(-1.47,-3.3,4.95));
#198 = LINE('',#199,#200);
#199 = CARTESIAN_POINT('',(-1.47,-3.3,0.));
#200 = VECTOR('',#201,1.);
#201 = DIRECTION('',(0.,9.E-17,1.));
#202 = ORIENTED_EDGE('',*,*,#203,.F.);
#203 = EDGE_CURVE('',#204,#196,#206,.T.);
#204 = VERTEX_POINT('',#205);
#205 = CARTESIAN_POINT('',(6.55,-3.3,4.95));
#206 = LINE('',#207,#208);
#207 = CARTESIAN_POINT('',(6.55,-3.3,4.95));
#208 = VECTOR('',#209,1.);
#209 = DIRECTION('',(-1.,-0.,-0.));
#210 = ORIENTED_EDGE('',*,*,#211,.F.);
#211 = EDGE_CURVE('',#186,#204,#212,.T.);
#212 = LINE('',#213,#214);
#213 = CARTESIAN_POINT('',(6.55,-3.3,0.));
#214 = VECTOR('',#215,1.);
#215 = DIRECTION('',(0.,9.E-17,1.));
#216 = FACE_BOUND('',#217,.F.);
#217 = EDGE_LOOP('',(#218,#228,#236,#244));
#218 = ORIENTED_EDGE('',*,*,#219,.T.);
#219 = EDGE_CURVE('',#220,#222,#224,.T.);
#220 = VERTEX_POINT('',#221);
#221 = CARTESIAN_POINT('',(-1.07,-3.3,0.532840329046));
#222 = VERTEX_POINT('',#223);
#223 = CARTESIAN_POINT('',(1.07,-3.3,0.532840329046));
#224 = LINE('',#225,#226);
#225 = CARTESIAN_POINT('',(2.94,-3.3,0.532840329046));
#226 = VECTOR('',#227,1.);
#227 = DIRECTION('',(1.,0.,0.));
#228 = ORIENTED_EDGE('',*,*,#229,.T.);
#229 = EDGE_CURVE('',#222,#230,#232,.T.);
#230 = VERTEX_POINT('',#231);
#231 = CARTESIAN_POINT('',(1.07,-3.3,4.532840329046));
#232 = LINE('',#233,#234);
#233 = CARTESIAN_POINT('',(1.07,-3.3,0.532840329046));
#234 = VECTOR('',#235,1.);
#235 = DIRECTION('',(0.,9.E-17,1.));
#236 = ORIENTED_EDGE('',*,*,#237,.T.);
#237 = EDGE_CURVE('',#230,#238,#240,.T.);
#238 = VERTEX_POINT('',#239);
#239 = CARTESIAN_POINT('',(-1.07,-3.3,4.532840329046));
#240 = LINE('',#241,#242);
#241 = CARTESIAN_POINT('',(3.61,-3.3,4.532840329046));
#242 = VECTOR('',#243,1.);
#243 = DIRECTION('',(-1.,0.,0.));
#244 = ORIENTED_EDGE('',*,*,#245,.T.);
#245 = EDGE_CURVE('',#238,#220,#246,.T.);
#246 = LINE('',#247,#248);
#247 = CARTESIAN_POINT('',(-1.07,-3.3,1.532840329046));
#248 = VECTOR('',#249,1.);
#249 = DIRECTION('',(0.,-9.E-17,-1.));
#250 = FACE_BOUND('',#251,.F.);
#251 = EDGE_LOOP('',(#252,#262,#270,#278));
#252 = ORIENTED_EDGE('',*,*,#253,.T.);
#253 = EDGE_CURVE('',#254,#256,#258,.T.);
#254 = VERTEX_POINT('',#255);
#255 = CARTESIAN_POINT('',(1.47,-3.3,4.532840329046));
#256 = VERTEX_POINT('',#257);
#257 = CARTESIAN_POINT('',(1.47,-3.3,0.532840329046));
#258 = LINE('',#259,#260);
#259 = CARTESIAN_POINT('',(1.47,-3.3,1.532840329046));
#260 = VECTOR('',#261,1.);
#261 = DIRECTION('',(0.,-9.E-17,-1.));
#262 = ORIENTED_EDGE('',*,*,#263,.T.);
#263 = EDGE_CURVE('',#256,#264,#266,.T.);
#264 = VERTEX_POINT('',#265);
#265 = CARTESIAN_POINT('',(3.61,-3.3,0.532840329046));
#266 = LINE('',#267,#268);
#267 = CARTESIAN_POINT('',(5.48,-3.3,0.532840329046));
#268 = VECTOR('',#269,1.);
#269 = DIRECTION('',(1.,0.,0.));
#270 = ORIENTED_EDGE('',*,*,#271,.T.);
#271 = EDGE_CURVE('',#264,#272,#274,.T.);
#272 = VERTEX_POINT('',#273);
#273 = CARTESIAN_POINT('',(3.61,-3.3,4.532840329046));
#274 = LINE('',#275,#276);
#275 = CARTESIAN_POINT('',(3.61,-3.3,0.532840329046));
#276 = VECTOR('',#277,1.);
#277 = DIRECTION('',(0.,9.E-17,1.));
#278 = ORIENTED_EDGE('',*,*,#279,.T.);
#279 = EDGE_CURVE('',#272,#254,#280,.T.);
#280 = LINE('',#281,#282);
#281 = CARTESIAN_POINT('',(6.15,-3.3,4.532840329046));
#282 = VECTOR('',#283,1.);
#283 = DIRECTION('',(-1.,0.,0.));
#284 = FACE_BOUND('',#285,.F.);
#285 = EDGE_LOOP('',(#286,#296,#304,#312));
#286 = ORIENTED_EDGE('',*,*,#287,.T.);
#287 = EDGE_CURVE('',#288,#290,#292,.T.);
#288 = VERTEX_POINT('',#289);
#289 = CARTESIAN_POINT('',(4.01,-3.3,4.532840329046));
#290 = VERTEX_POINT('',#291);
#291 = CARTESIAN_POINT('',(4.01,-3.3,0.532840329046));
#292 = LINE('',#293,#294);
#293 = CARTESIAN_POINT('',(4.01,-3.3,1.532840329046));
#294 = VECTOR('',#295,1.);
#295 = DIRECTION('',(0.,-9.E-17,-1.));
#296 = ORIENTED_EDGE('',*,*,#297,.T.);
#297 = EDGE_CURVE('',#290,#298,#300,.T.);
#298 = VERTEX_POINT('',#299);
#299 = CARTESIAN_POINT('',(6.15,-3.3,0.532840329046));
#300 = LINE('',#301,#302);
#301 = CARTESIAN_POINT('',(8.02,-3.3,0.532840329046));
#302 = VECTOR('',#303,1.);
#303 = DIRECTION('',(1.,0.,0.));
#304 = ORIENTED_EDGE('',*,*,#305,.T.);
#305 = EDGE_CURVE('',#298,#306,#308,.T.);
#306 = VERTEX_POINT('',#307);
#307 = CARTESIAN_POINT('',(6.15,-3.3,4.532840329046));
#308 = LINE('',#309,#310);
#309 = CARTESIAN_POINT('',(6.15,-3.3,0.532840329046));
#310 = VECTOR('',#311,1.);
#311 = DIRECTION('',(0.,9.E-17,1.));
#312 = ORIENTED_EDGE('',*,*,#313,.T.);
#313 = EDGE_CURVE('',#306,#288,#314,.T.);
#314 = LINE('',#315,#316);
#315 = CARTESIAN_POINT('',(8.69,-3.3,4.532840329046));
#316 = VECTOR('',#317,1.);
#317 = DIRECTION('',(-1.,0.,0.));
#318 = PLANE('',#319);
#319 = AXIS2_PLACEMENT_3D('',#320,#321,#322);
#320 = CARTESIAN_POINT('',(6.55,-3.3,0.));
#321 = DIRECTION('',(0.,1.,-9.E-17));
#322 = DIRECTION('',(0.,9.E-17,1.));
#323 = ADVANCED_FACE('',(#324,#349,#415,#481),#547,.F.);
#324 = FACE_BOUND('',#325,.F.);
#325 = EDGE_LOOP('',(#326,#336,#342,#343));
#326 = ORIENTED_EDGE('',*,*,#327,.T.);
#327 = EDGE_CURVE('',#328,#330,#332,.T.);
#328 = VERTEX_POINT('',#329);
#329 = CARTESIAN_POINT('',(6.55,3.,0.));
#330 = VERTEX_POINT('',#331);
#331 = CARTESIAN_POINT('',(-1.47,3.,0.));
#332 = LINE('',#333,#334);
#333 = CARTESIAN_POINT('',(6.55,3.,0.));
#334 = VECTOR('',#335,1.);
#335 = DIRECTION('',(-1.,-0.,-0.));
#336 = ORIENTED_EDGE('',*,*,#337,.T.);
#337 = EDGE_CURVE('',#330,#188,#338,.T.);
#338 = LINE('',#339,#340);
#339 = CARTESIAN_POINT('',(-1.47,3.,4.4E-16));
#340 = VECTOR('',#341,1.);
#341 = DIRECTION('',(0.,-1.,-7.E-17));
#342 = ORIENTED_EDGE('',*,*,#185,.F.);
#343 = ORIENTED_EDGE('',*,*,#344,.F.);
#344 = EDGE_CURVE('',#328,#186,#345,.T.);
#345 = LINE('',#346,#347);
#346 = CARTESIAN_POINT('',(6.55,3.,4.4E-16));
#347 = VECTOR('',#348,1.);
#348 = DIRECTION('',(0.,-1.,-7.E-17));
#349 = FACE_BOUND('',#350,.F.);
#350 = EDGE_LOOP('',(#351,#361,#369,#377,#385,#393,#401,#409));
#351 = ORIENTED_EDGE('',*,*,#352,.F.);
#352 = EDGE_CURVE('',#353,#355,#357,.T.);
#353 = VERTEX_POINT('',#354);
#354 = CARTESIAN_POINT('',(1.07,2.085974,0.));
#355 = VERTEX_POINT('',#356);
#356 = CARTESIAN_POINT('',(0.7,2.085974,0.));
#357 = LINE('',#358,#359);
#358 = CARTESIAN_POINT('',(1.07,2.085974,0.));
#359 = VECTOR('',#360,1.);
#360 = DIRECTION('',(-1.,-0.,-0.));
#361 = ORIENTED_EDGE('',*,*,#362,.T.);
#362 = EDGE_CURVE('',#353,#363,#365,.T.);
#363 = VERTEX_POINT('',#364);
#364 = CARTESIAN_POINT('',(1.07,-2.225654,0.));
#365 = LINE('',#366,#367);
#366 = CARTESIAN_POINT('',(1.07,2.085974,0.));
#367 = VECTOR('',#368,1.);
#368 = DIRECTION('',(0.,-1.,0.));
#369 = ORIENTED_EDGE('',*,*,#370,.T.);
#370 = EDGE_CURVE('',#363,#371,#373,.T.);
#371 = VERTEX_POINT('',#372);
#372 = CARTESIAN_POINT('',(-1.07,-2.225654,0.));
#373 = LINE('',#374,#375);
#374 = CARTESIAN_POINT('',(1.07,-2.225654,0.));
#375 = VECTOR('',#376,1.);
#376 = DIRECTION('',(-1.,-0.,-0.));
#377 = ORIENTED_EDGE('',*,*,#378,.F.);
#378 = EDGE_CURVE('',#379,#371,#381,.T.);
#379 = VERTEX_POINT('',#380);
#380 = CARTESIAN_POINT('',(-1.07,2.085974,0.));
#381 = LINE('',#382,#383);
#382 = CARTESIAN_POINT('',(-1.07,2.085974,0.));
#383 = VECTOR('',#384,1.);
#384 = DIRECTION('',(0.,-1.,0.));
#385 = ORIENTED_EDGE('',*,*,#386,.F.);
#386 = EDGE_CURVE('',#387,#379,#389,.T.);
#387 = VERTEX_POINT('',#388);
#388 = CARTESIAN_POINT('',(-0.7,2.085974,0.));
#389 = LINE('',#390,#391);
#390 = CARTESIAN_POINT('',(1.07,2.085974,0.));
#391 = VECTOR('',#392,1.);
#392 = DIRECTION('',(-1.,-0.,-0.));
#393 = ORIENTED_EDGE('',*,*,#394,.T.);
#394 = EDGE_CURVE('',#387,#395,#397,.T.);
#395 = VERTEX_POINT('',#396);
#396 = CARTESIAN_POINT('',(-0.7,2.527085,0.));
#397 = LINE('',#398,#399);
#398 = CARTESIAN_POINT('',(-0.7,2.085974,0.));
#399 = VECTOR('',#400,1.);
#400 = DIRECTION('',(0.,1.,0.));
#401 = ORIENTED_EDGE('',*,*,#402,.F.);
#402 = EDGE_CURVE('',#403,#395,#405,.T.);
#403 = VERTEX_POINT('',#404);
#404 = CARTESIAN_POINT('',(0.7,2.527085,0.));
#405 = LINE('',#406,#407);
#406 = CARTESIAN_POINT('',(0.7,2.527085,0.));
#407 = VECTOR('',#408,1.);
#408 = DIRECTION('',(-1.,-0.,-0.));
#409 = ORIENTED_EDGE('',*,*,#410,.F.);
#410 = EDGE_CURVE('',#355,#403,#411,.T.);
#411 = LINE('',#412,#413);
#412 = CARTESIAN_POINT('',(0.7,2.085974,0.));
#413 = VECTOR('',#414,1.);
#414 = DIRECTION('',(0.,1.,0.));
#415 = FACE_BOUND('',#416,.F.);
#416 = EDGE_LOOP('',(#417,#427,#435,#443,#451,#459,#467,#475));
#417 = ORIENTED_EDGE('',*,*,#418,.F.);
#418 = EDGE_CURVE('',#419,#421,#423,.T.);
#419 = VERTEX_POINT('',#420);
#420 = CARTESIAN_POINT('',(3.61,2.085974,0.));
#421 = VERTEX_POINT('',#422);
#422 = CARTESIAN_POINT('',(3.24,2.085974,0.));
#423 = LINE('',#424,#425);
#424 = CARTESIAN_POINT('',(3.61,2.085974,0.));
#425 = VECTOR('',#426,1.);
#426 = DIRECTION('',(-1.,-0.,-0.));
#427 = ORIENTED_EDGE('',*,*,#428,.T.);
#428 = EDGE_CURVE('',#419,#429,#431,.T.);
#429 = VERTEX_POINT('',#430);
#430 = CARTESIAN_POINT('',(3.61,-2.225654,0.));
#431 = LINE('',#432,#433);
#432 = CARTESIAN_POINT('',(3.61,2.085974,0.));
#433 = VECTOR('',#434,1.);
#434 = DIRECTION('',(0.,-1.,0.));
#435 = ORIENTED_EDGE('',*,*,#436,.T.);
#436 = EDGE_CURVE('',#429,#437,#439,.T.);
#437 = VERTEX_POINT('',#438);
#438 = CARTESIAN_POINT('',(1.47,-2.225654,0.));
#439 = LINE('',#440,#441);
#440 = CARTESIAN_POINT('',(3.61,-2.225654,0.));
#441 = VECTOR('',#442,1.);
#442 = DIRECTION('',(-1.,-0.,-0.));
#443 = ORIENTED_EDGE('',*,*,#444,.F.);
#444 = EDGE_CURVE('',#445,#437,#447,.T.);
#445 = VERTEX_POINT('',#446);
#446 = CARTESIAN_POINT('',(1.47,2.085974,0.));
#447 = LINE('',#448,#449);
#448 = CARTESIAN_POINT('',(1.47,2.085974,0.));
#449 = VECTOR('',#450,1.);
#450 = DIRECTION('',(0.,-1.,0.));
#451 = ORIENTED_EDGE('',*,*,#452,.F.);
#452 = EDGE_CURVE('',#453,#445,#455,.T.);
#453 = VERTEX_POINT('',#454);
#454 = CARTESIAN_POINT('',(1.84,2.085974,0.));
#455 = LINE('',#456,#457);
#456 = CARTESIAN_POINT('',(3.61,2.085974,0.));
#457 = VECTOR('',#458,1.);
#458 = DIRECTION('',(-1.,-0.,-0.));
#459 = ORIENTED_EDGE('',*,*,#460,.T.);
#460 = EDGE_CURVE('',#453,#461,#463,.T.);
#461 = VERTEX_POINT('',#462);
#462 = CARTESIAN_POINT('',(1.84,2.527085,0.));
#463 = LINE('',#464,#465);
#464 = CARTESIAN_POINT('',(1.84,2.085974,0.));
#465 = VECTOR('',#466,1.);
#466 = DIRECTION('',(0.,1.,0.));
#467 = ORIENTED_EDGE('',*,*,#468,.F.);
#468 = EDGE_CURVE('',#469,#461,#471,.T.);
#469 = VERTEX_POINT('',#470);
#470 = CARTESIAN_POINT('',(3.24,2.527085,0.));
#471 = LINE('',#472,#473);
#472 = CARTESIAN_POINT('',(3.24,2.527085,0.));
#473 = VECTOR('',#474,1.);
#474 = DIRECTION('',(-1.,-0.,-0.));
#475 = ORIENTED_EDGE('',*,*,#476,.F.);
#476 = EDGE_CURVE('',#421,#469,#477,.T.);
#477 = LINE('',#478,#479);
#478 = CARTESIAN_POINT('',(3.24,2.085974,0.));
#479 = VECTOR('',#480,1.);
#480 = DIRECTION('',(0.,1.,0.));
#481 = FACE_BOUND('',#482,.F.);
#482 = EDGE_LOOP('',(#483,#493,#501,#509,#517,#525,#533,#541));
#483 = ORIENTED_EDGE('',*,*,#484,.F.);
#484 = EDGE_CURVE('',#485,#487,#489,.T.);
#485 = VERTEX_POINT('',#486);
#486 = CARTESIAN_POINT('',(6.15,2.085974,0.));
#487 = VERTEX_POINT('',#488);
#488 = CARTESIAN_POINT('',(5.78,2.085974,0.));
#489 = LINE('',#490,#491);
#490 = CARTESIAN_POINT('',(6.15,2.085974,0.));
#491 = VECTOR('',#492,1.);
#492 = DIRECTION('',(-1.,-0.,-0.));
#493 = ORIENTED_EDGE('',*,*,#494,.T.);
#494 = EDGE_CURVE('',#485,#495,#497,.T.);
#495 = VERTEX_POINT('',#496);
#496 = CARTESIAN_POINT('',(6.15,-2.225654,0.));
#497 = LINE('',#498,#499);
#498 = CARTESIAN_POINT('',(6.15,2.085974,0.));
#499 = VECTOR('',#500,1.);
#500 = DIRECTION('',(0.,-1.,0.));
#501 = ORIENTED_EDGE('',*,*,#502,.T.);
#502 = EDGE_CURVE('',#495,#503,#505,.T.);
#503 = VERTEX_POINT('',#504);
#504 = CARTESIAN_POINT('',(4.01,-2.225654,0.));
#505 = LINE('',#506,#507);
#506 = CARTESIAN_POINT('',(6.15,-2.225654,0.));
#507 = VECTOR('',#508,1.);
#508 = DIRECTION('',(-1.,-0.,-0.));
#509 = ORIENTED_EDGE('',*,*,#510,.F.);
#510 = EDGE_CURVE('',#511,#503,#513,.T.);
#511 = VERTEX_POINT('',#512);
#512 = CARTESIAN_POINT('',(4.01,2.085974,0.));
#513 = LINE('',#514,#515);
#514 = CARTESIAN_POINT('',(4.01,2.085974,0.));
#515 = VECTOR('',#516,1.);
#516 = DIRECTION('',(0.,-1.,0.));
#517 = ORIENTED_EDGE('',*,*,#518,.F.);
#518 = EDGE_CURVE('',#519,#511,#521,.T.);
#519 = VERTEX_POINT('',#520);
#520 = CARTESIAN_POINT('',(4.38,2.085974,0.));
#521 = LINE('',#522,#523);
#522 = CARTESIAN_POINT('',(6.15,2.085974,0.));
#523 = VECTOR('',#524,1.);
#524 = DIRECTION('',(-1.,-0.,-0.));
#525 = ORIENTED_EDGE('',*,*,#526,.T.);
#526 = EDGE_CURVE('',#519,#527,#529,.T.);
#527 = VERTEX_POINT('',#528);
#528 = CARTESIAN_POINT('',(4.38,2.527085,0.));
#529 = LINE('',#530,#531);
#530 = CARTESIAN_POINT('',(4.38,2.085974,0.));
#531 = VECTOR('',#532,1.);
#532 = DIRECTION('',(0.,1.,0.));
#533 = ORIENTED_EDGE('',*,*,#534,.F.);
#534 = EDGE_CURVE('',#535,#527,#537,.T.);
#535 = VERTEX_POINT('',#536);
#536 = CARTESIAN_POINT('',(5.78,2.527085,0.));
#537 = LINE('',#538,#539);
#538 = CARTESIAN_POINT('',(5.78,2.527085,0.));
#539 = VECTOR('',#540,1.);
#540 = DIRECTION('',(-1.,-0.,-0.));
#541 = ORIENTED_EDGE('',*,*,#542,.F.);
#542 = EDGE_CURVE('',#487,#535,#543,.T.);
#543 = LINE('',#544,#545);
#544 = CARTESIAN_POINT('',(5.78,2.085974,0.));
#545 = VECTOR('',#546,1.);
#546 = DIRECTION('',(0.,1.,0.));
#547 = PLANE('',#548);
#548 = AXIS2_PLACEMENT_3D('',#549,#550,#551);
#549 = CARTESIAN_POINT('',(6.55,3.,4.4E-16));
#550 = DIRECTION('',(0.,-7.E-17,1.));
#551 = DIRECTION('',(0.,-1.,-7.E-17));
#552 = ADVANCED_FACE('',(#553),#604,.T.);
#553 = FACE_BOUND('',#554,.F.);
#554 = EDGE_LOOP('',(#555,#565,#573,#581,#589,#595,#596,#597));
#555 = ORIENTED_EDGE('',*,*,#556,.T.);
#556 = EDGE_CURVE('',#557,#559,#561,.T.);
#557 = VERTEX_POINT('',#558);
#558 = CARTESIAN_POINT('',(6.55,-3.,5.25));
#559 = VERTEX_POINT('',#560);
#560 = CARTESIAN_POINT('',(6.55,-2.4,5.25));
#561 = LINE('',#562,#563);
#562 = CARTESIAN_POINT('',(6.55,-3.,5.25));
#563 = VECTOR('',#564,1.);
#564 = DIRECTION('',(0.,1.,0.));
#565 = ORIENTED_EDGE('',*,*,#566,.T.);
#566 = EDGE_CURVE('',#559,#567,#569,.T.);
#567 = VERTEX_POINT('',#568);
#568 = CARTESIAN_POINT('',(6.55,-1.5,8.5));
#569 = LINE('',#570,#571);
#570 = CARTESIAN_POINT('',(6.55,-2.4,5.25));
#571 = VECTOR('',#572,1.);
#572 = DIRECTION('',(0.,0.266879082981,0.963730021877));
#573 = ORIENTED_EDGE('',*,*,#574,.T.);
#574 = EDGE_CURVE('',#567,#575,#577,.T.);
#575 = VERTEX_POINT('',#576);
#576 = CARTESIAN_POINT('',(6.55,1.5,8.5));
#577 = LINE('',#578,#579);
#578 = CARTESIAN_POINT('',(6.55,-1.5,8.5));
#579 = VECTOR('',#580,1.);
#580 = DIRECTION('',(0.,1.,0.));
#581 = ORIENTED_EDGE('',*,*,#582,.T.);
#582 = EDGE_CURVE('',#575,#583,#585,.T.);
#583 = VERTEX_POINT('',#584);
#584 = CARTESIAN_POINT('',(6.55,3.,3.15));
#585 = LINE('',#586,#587);
#586 = CARTESIAN_POINT('',(6.55,1.5,8.5));
#587 = VECTOR('',#588,1.);
#588 = DIRECTION('',(0.,0.269963692325,-0.962870502626));
#589 = ORIENTED_EDGE('',*,*,#590,.T.);
#590 = EDGE_CURVE('',#583,#328,#591,.T.);
#591 = LINE('',#592,#593);
#592 = CARTESIAN_POINT('',(6.55,3.,3.15));
#593 = VECTOR('',#594,1.);
#594 = DIRECTION('',(0.,0.,-1.));
#595 = ORIENTED_EDGE('',*,*,#344,.T.);
#596 = ORIENTED_EDGE('',*,*,#211,.T.);
#597 = ORIENTED_EDGE('',*,*,#598,.F.);
#598 = EDGE_CURVE('',#557,#204,#599,.T.);
#599 = CIRCLE('',#600,0.3);
#600 = AXIS2_PLACEMENT_3D('',#601,#602,#603);
#601 = CARTESIAN_POINT('',(6.55,-3.,4.95));
#602 = DIRECTION('',(1.,0.,0.));
#603 = DIRECTION('',(0.,1.,0.));
#604 = PLANE('',#605);
#605 = AXIS2_PLACEMENT_3D('',#606,#607,#608);
#606 = CARTESIAN_POINT('',(6.55,-0.182842852606,3.789288595895));
#607 = DIRECTION('',(1.,0.,0.));
#608 = DIRECTION('',(0.,0.,1.));
#609 = ADVANCED_FACE('',(#610),#661,.F.);
#610 = FACE_BOUND('',#611,.T.);
#611 = EDGE_LOOP('',(#612,#622,#630,#638,#646,#652,#653,#654));
#612 = ORIENTED_EDGE('',*,*,#613,.T.);
#613 = EDGE_CURVE('',#614,#616,#618,.T.);
#614 = VERTEX_POINT('',#615);
#615 = CARTESIAN_POINT('',(-1.47,-3.,5.25));
#616 = VERTEX_POINT('',#617);
#617 = CARTESIAN_POINT('',(-1.47,-2.4,5.25));
#618 = LINE('',#619,#620);
#619 = CARTESIAN_POINT('',(-1.47,-3.,5.25));
#620 = VECTOR('',#621,1.);
#621 = DIRECTION('',(0.,1.,0.));
#622 = ORIENTED_EDGE('',*,*,#623,.T.);
#623 = EDGE_CURVE('',#616,#624,#626,.T.);
#624 = VERTEX_POINT('',#625);
#625 = CARTESIAN_POINT('',(-1.47,-1.5,8.5));
#626 = LINE('',#627,#628);
#627 = CARTESIAN_POINT('',(-1.47,-2.4,5.25));
#628 = VECTOR('',#629,1.);
#629 = DIRECTION('',(0.,0.266879082981,0.963730021877));
#630 = ORIENTED_EDGE('',*,*,#631,.T.);
#631 = EDGE_CURVE('',#624,#632,#634,.T.);
#632 = VERTEX_POINT('',#633);
#633 = CARTESIAN_POINT('',(-1.47,1.5,8.5));
#634 = LINE('',#635,#636);
#635 = CARTESIAN_POINT('',(-1.47,-1.5,8.5));
#636 = VECTOR('',#637,1.);
#637 = DIRECTION('',(0.,1.,0.));
#638 = ORIENTED_EDGE('',*,*,#639,.T.);
#639 = EDGE_CURVE('',#632,#640,#642,.T.);
#640 = VERTEX_POINT('',#641);
#641 = CARTESIAN_POINT('',(-1.47,3.,3.15));
#642 = LINE('',#643,#644);
#643 = CARTESIAN_POINT('',(-1.47,1.5,8.5));
#644 = VECTOR('',#645,1.);
#645 = DIRECTION('',(0.,0.269963692325,-0.962870502626));
#646 = ORIENTED_EDGE('',*,*,#647,.T.);
#647 = EDGE_CURVE('',#640,#330,#648,.T.);
#648 = LINE('',#649,#650);
#649 = CARTESIAN_POINT('',(-1.47,3.,3.15));
#650 = VECTOR('',#651,1.);
#651 = DIRECTION('',(0.,0.,-1.));
#652 = ORIENTED_EDGE('',*,*,#337,.T.);
#653 = ORIENTED_EDGE('',*,*,#195,.T.);
#654 = ORIENTED_EDGE('',*,*,#655,.F.);
#655 = EDGE_CURVE('',#614,#196,#656,.T.);
#656 = CIRCLE('',#657,0.3);
#657 = AXIS2_PLACEMENT_3D('',#658,#659,#660);
#658 = CARTESIAN_POINT('',(-1.47,-3.,4.95));
#659 = DIRECTION('',(1.,0.,0.));
#660 = DIRECTION('',(0.,1.,0.));
#661 = PLANE('',#662);
#662 = AXIS2_PLACEMENT_3D('',#663,#664,#665);
#663 = CARTESIAN_POINT('',(-1.47,-0.182842852606,3.789288595895));
#664 = DIRECTION('',(1.,0.,0.));
#665 = DIRECTION('',(0.,0.,1.));
#666 = ADVANCED_FACE('',(#667),#678,.T.);
#667 = FACE_BOUND('',#668,.T.);
#668 = EDGE_LOOP('',(#669,#675,#676,#677));
#669 = ORIENTED_EDGE('',*,*,#670,.T.);
#670 = EDGE_CURVE('',#557,#614,#671,.T.);
#671 = LINE('',#672,#673);
#672 = CARTESIAN_POINT('',(6.55,-3.,5.25));
#673 = VECTOR('',#674,1.);
#674 = DIRECTION('',(-1.,-0.,-0.));
#675 = ORIENTED_EDGE('',*,*,#655,.T.);
#676 = ORIENTED_EDGE('',*,*,#203,.F.);
#677 = ORIENTED_EDGE('',*,*,#598,.F.);
#678 = CYLINDRICAL_SURFACE('',#679,0.3);
#679 = AXIS2_PLACEMENT_3D('',#680,#681,#682);
#680 = CARTESIAN_POINT('',(6.55,-3.,4.95));
#681 = DIRECTION('',(1.,0.,0.));
#682 = DIRECTION('',(0.,1.,0.));
#683 = ADVANCED_FACE('',(#684),#709,.F.);
#684 = FACE_BOUND('',#685,.T.);
#685 = EDGE_LOOP('',(#686,#694,#702,#708));
#686 = ORIENTED_EDGE('',*,*,#687,.T.);
#687 = EDGE_CURVE('',#222,#688,#690,.T.);
#688 = VERTEX_POINT('',#689);
#689 = CARTESIAN_POINT('',(0.67,-2.5,1.532840329046));
#690 = LINE('',#691,#692);
#691 = CARTESIAN_POINT('',(0.857111111111,-2.874222222222,1.065062551269
    ));
#692 = VECTOR('',#693,1.);
#693 = DIRECTION('',(-0.298142397,0.596284794,0.7453559925));
#694 = ORIENTED_EDGE('',*,*,#695,.F.);
#695 = EDGE_CURVE('',#696,#688,#698,.T.);
#696 = VERTEX_POINT('',#697);
#697 = CARTESIAN_POINT('',(-0.67,-2.5,1.532840329046));
#698 = LINE('',#699,#700);
#699 = CARTESIAN_POINT('',(-0.67,-2.5,1.532840329046));
#700 = VECTOR('',#701,1.);
#701 = DIRECTION('',(1.,0.,0.));
#702 = ORIENTED_EDGE('',*,*,#703,.F.);
#703 = EDGE_CURVE('',#220,#696,#704,.T.);
#704 = LINE('',#705,#706);
#705 = CARTESIAN_POINT('',(-0.805555555556,-2.771111111111,
    1.193951440157));
#706 = VECTOR('',#707,1.);
#707 = DIRECTION('',(0.298142397,0.596284794,0.7453559925));
#708 = ORIENTED_EDGE('',*,*,#219,.T.);
#709 = PLANE('',#710);
#710 = AXIS2_PLACEMENT_3D('',#711,#712,#713);
#711 = CARTESIAN_POINT('',(-0.67,-2.9,1.032840329046));
#712 = DIRECTION('',(0.,0.780868809443,-0.624695047554));
#713 = DIRECTION('',(-1.,-0.,-0.));
#714 = ADVANCED_FACE('',(#715),#733,.F.);
#715 = FACE_BOUND('',#716,.T.);
#716 = EDGE_LOOP('',(#717,#718,#719,#727));
#717 = ORIENTED_EDGE('',*,*,#687,.F.);
#718 = ORIENTED_EDGE('',*,*,#229,.T.);
#719 = ORIENTED_EDGE('',*,*,#720,.T.);
#720 = EDGE_CURVE('',#230,#721,#723,.T.);
#721 = VERTEX_POINT('',#722);
#722 = CARTESIAN_POINT('',(0.67,-2.5,3.132840329046));
#723 = LINE('',#724,#725);
#724 = CARTESIAN_POINT('',(0.529420289855,-2.21884057971,2.640811343539)
  );
#725 = VECTOR('',#726,1.);
#726 = DIRECTION('',(-0.240771706172,0.481543412343,-0.8427009716));
#727 = ORIENTED_EDGE('',*,*,#728,.F.);
#728 = EDGE_CURVE('',#688,#721,#729,.T.);
#729 = LINE('',#730,#731);
#730 = CARTESIAN_POINT('',(0.67,-2.5,0.532840329046));
#731 = VECTOR('',#732,1.);
#732 = DIRECTION('',(0.,9.E-17,1.));
#733 = PLANE('',#734);
#734 = AXIS2_PLACEMENT_3D('',#735,#736,#737);
#735 = CARTESIAN_POINT('',(0.87,-2.9,0.532840329046));
#736 = DIRECTION('',(0.894427191,0.4472135955,-4.179956513587E-17));
#737 = DIRECTION('',(-1.386667629497E-18,-9.069333381475E-17,-1.));
#738 = ADVANCED_FACE('',(#739),#757,.T.);
#739 = FACE_BOUND('',#740,.T.);
#740 = EDGE_LOOP('',(#741,#749,#750,#751));
#741 = ORIENTED_EDGE('',*,*,#742,.F.);
#742 = EDGE_CURVE('',#238,#743,#745,.T.);
#743 = VERTEX_POINT('',#744);
#744 = CARTESIAN_POINT('',(-0.67,-2.5,3.132840329046));
#745 = LINE('',#746,#747);
#746 = CARTESIAN_POINT('',(-0.896376811594,-2.952753623188,
    3.925159169626));
#747 = VECTOR('',#748,1.);
#748 = DIRECTION('',(0.240771706172,0.481543412343,-0.8427009716));
#749 = ORIENTED_EDGE('',*,*,#245,.T.);
#750 = ORIENTED_EDGE('',*,*,#703,.T.);
#751 = ORIENTED_EDGE('',*,*,#752,.F.);
#752 = EDGE_CURVE('',#743,#696,#753,.T.);
#753 = LINE('',#754,#755);
#754 = CARTESIAN_POINT('',(-0.67,-2.5,3.132840329046));
#755 = VECTOR('',#756,1.);
#756 = DIRECTION('',(0.,-9.E-17,-1.));
#757 = PLANE('',#758);
#758 = AXIS2_PLACEMENT_3D('',#759,#760,#761);
#759 = CARTESIAN_POINT('',(-0.92579471366,-3.011589427321,2.512761325567
    ));
#760 = DIRECTION('',(0.894427191,-0.4472135955,0.));
#761 = DIRECTION('',(0.4472135955,0.894427191,0.));
#762 = ADVANCED_FACE('',(#763),#774,.F.);
#763 = FACE_BOUND('',#764,.T.);
#764 = EDGE_LOOP('',(#765,#766,#767,#768));
#765 = ORIENTED_EDGE('',*,*,#720,.F.);
#766 = ORIENTED_EDGE('',*,*,#237,.T.);
#767 = ORIENTED_EDGE('',*,*,#742,.T.);
#768 = ORIENTED_EDGE('',*,*,#769,.F.);
#769 = EDGE_CURVE('',#721,#743,#770,.T.);
#770 = LINE('',#771,#772);
#771 = CARTESIAN_POINT('',(0.67,-2.5,3.132840329046));
#772 = VECTOR('',#773,1.);
#773 = DIRECTION('',(-1.,0.,0.));
#774 = PLANE('',#775);
#775 = AXIS2_PLACEMENT_3D('',#776,#777,#778);
#776 = CARTESIAN_POINT('',(0.67,-2.9,3.832840329046));
#777 = DIRECTION('',(0.,0.868243142124,0.496138938357));
#778 = DIRECTION('',(1.,0.,0.));
#779 = ADVANCED_FACE('',(#780),#796,.T.);
#780 = FACE_BOUND('',#781,.T.);
#781 = EDGE_LOOP('',(#782,#788,#789,#795));
#782 = ORIENTED_EDGE('',*,*,#783,.F.);
#783 = EDGE_CURVE('',#254,#163,#784,.T.);
#784 = LINE('',#785,#786);
#785 = CARTESIAN_POINT('',(1.643623188406,-2.952753623188,3.925159169626
    ));
#786 = VECTOR('',#787,1.);
#787 = DIRECTION('',(0.240771706172,0.481543412343,-0.8427009716));
#788 = ORIENTED_EDGE('',*,*,#253,.T.);
#789 = ORIENTED_EDGE('',*,*,#790,.T.);
#790 = EDGE_CURVE('',#256,#125,#791,.T.);
#791 = LINE('',#792,#793);
#792 = CARTESIAN_POINT('',(1.734444444444,-2.771111111111,1.193951440157
    ));
#793 = VECTOR('',#794,1.);
#794 = DIRECTION('',(0.298142397,0.596284794,0.7453559925));
#795 = ORIENTED_EDGE('',*,*,#170,.F.);
#796 = PLANE('',#797);
#797 = AXIS2_PLACEMENT_3D('',#798,#799,#800);
#798 = CARTESIAN_POINT('',(1.61420528634,-3.011589427321,2.512761325567)
  );
#799 = DIRECTION('',(0.894427191,-0.4472135955,0.));
#800 = DIRECTION('',(0.4472135955,0.894427191,0.));
#801 = ADVANCED_FACE('',(#802),#825,.F.);
#802 = FACE_BOUND('',#803,.T.);
#803 = EDGE_LOOP('',(#804,#810,#811,#819));
#804 = ORIENTED_EDGE('',*,*,#805,.F.);
#805 = EDGE_CURVE('',#264,#133,#806,.T.);
#806 = LINE('',#807,#808);
#807 = CARTESIAN_POINT('',(3.397111111111,-2.874222222222,1.065062551269
    ));
#808 = VECTOR('',#809,1.);
#809 = DIRECTION('',(-0.298142397,0.596284794,0.7453559925));
#810 = ORIENTED_EDGE('',*,*,#271,.T.);
#811 = ORIENTED_EDGE('',*,*,#812,.T.);
#812 = EDGE_CURVE('',#272,#813,#815,.T.);
#813 = VERTEX_POINT('',#814);
#814 = CARTESIAN_POINT('',(3.21,-2.5,3.132840329046));
#815 = LINE('',#816,#817);
#816 = CARTESIAN_POINT('',(3.069420289855,-2.21884057971,2.640811343539)
  );
#817 = VECTOR('',#818,1.);
#818 = DIRECTION('',(-0.240771706172,0.481543412343,-0.8427009716));
#819 = ORIENTED_EDGE('',*,*,#820,.F.);
#820 = EDGE_CURVE('',#133,#813,#821,.T.);
#821 = LINE('',#822,#823);
#822 = CARTESIAN_POINT('',(3.21,-2.5,0.532840329046));
#823 = VECTOR('',#824,1.);
#824 = DIRECTION('',(0.,9.E-17,1.));
#825 = PLANE('',#826);
#826 = AXIS2_PLACEMENT_3D('',#827,#828,#829);
#827 = CARTESIAN_POINT('',(3.41,-2.9,0.532840329046));
#828 = DIRECTION('',(0.894427191,0.4472135955,-4.179956513587E-17));
#829 = DIRECTION('',(-1.386667629497E-18,-9.069333381475E-17,-1.));
#830 = ADVANCED_FACE('',(#831),#847,.T.);
#831 = FACE_BOUND('',#832,.T.);
#832 = EDGE_LOOP('',(#833,#839,#840,#846));
#833 = ORIENTED_EDGE('',*,*,#834,.F.);
#834 = EDGE_CURVE('',#288,#92,#835,.T.);
#835 = LINE('',#836,#837);
#836 = CARTESIAN_POINT('',(4.183623188406,-2.952753623188,3.925159169626
    ));
#837 = VECTOR('',#838,1.);
#838 = DIRECTION('',(0.240771706172,0.481543412343,-0.8427009716));
#839 = ORIENTED_EDGE('',*,*,#287,.T.);
#840 = ORIENTED_EDGE('',*,*,#841,.T.);
#841 = EDGE_CURVE('',#290,#54,#842,.T.);
#842 = LINE('',#843,#844);
#843 = CARTESIAN_POINT('',(4.274444444444,-2.771111111111,1.193951440157
    ));
#844 = VECTOR('',#845,1.);
#845 = DIRECTION('',(0.298142397,0.596284794,0.7453559925));
#846 = ORIENTED_EDGE('',*,*,#99,.F.);
#847 = PLANE('',#848);
#848 = AXIS2_PLACEMENT_3D('',#849,#850,#851);
#849 = CARTESIAN_POINT('',(4.15420528634,-3.011589427321,2.512761325567)
  );
#850 = DIRECTION('',(0.894427191,-0.4472135955,0.));
#851 = DIRECTION('',(0.4472135955,0.894427191,0.));
#852 = ADVANCED_FACE('',(#853),#876,.F.);
#853 = FACE_BOUND('',#854,.T.);
#854 = EDGE_LOOP('',(#855,#861,#862,#870));
#855 = ORIENTED_EDGE('',*,*,#856,.F.);
#856 = EDGE_CURVE('',#298,#62,#857,.T.);
#857 = LINE('',#858,#859);
#858 = CARTESIAN_POINT('',(5.937111111111,-2.874222222222,1.065062551269
    ));
#859 = VECTOR('',#860,1.);
#860 = DIRECTION('',(-0.298142397,0.596284794,0.7453559925));
#861 = ORIENTED_EDGE('',*,*,#305,.T.);
#862 = ORIENTED_EDGE('',*,*,#863,.T.);
#863 = EDGE_CURVE('',#306,#864,#866,.T.);
#864 = VERTEX_POINT('',#865);
#865 = CARTESIAN_POINT('',(5.75,-2.5,3.132840329046));
#866 = LINE('',#867,#868);
#867 = CARTESIAN_POINT('',(5.609420289855,-2.21884057971,2.640811343539)
  );
#868 = VECTOR('',#869,1.);
#869 = DIRECTION('',(-0.240771706172,0.481543412343,-0.8427009716));
#870 = ORIENTED_EDGE('',*,*,#871,.F.);
#871 = EDGE_CURVE('',#62,#864,#872,.T.);
#872 = LINE('',#873,#874);
#873 = CARTESIAN_POINT('',(5.75,-2.5,0.532840329046));
#874 = VECTOR('',#875,1.);
#875 = DIRECTION('',(0.,9.E-17,1.));
#876 = PLANE('',#877);
#877 = AXIS2_PLACEMENT_3D('',#878,#879,#880);
#878 = CARTESIAN_POINT('',(5.95,-2.9,0.532840329046));
#879 = DIRECTION('',(0.894427191,0.4472135955,-4.179956513587E-17));
#880 = DIRECTION('',(-1.386667629497E-18,-9.069333381475E-17,-1.));
#881 = ADVANCED_FACE('',(#882),#989,.F.);
#882 = FACE_BOUND('',#883,.F.);
#883 = EDGE_LOOP('',(#884,#885,#893,#901,#909,#917,#925,#933,#941,#949,
    #957,#965,#973,#981,#987,#988));
#884 = ORIENTED_EDGE('',*,*,#590,.F.);
#885 = ORIENTED_EDGE('',*,*,#886,.T.);
#886 = EDGE_CURVE('',#583,#887,#889,.T.);
#887 = VERTEX_POINT('',#888);
#888 = CARTESIAN_POINT('',(5.78,3.,3.15));
#889 = LINE('',#890,#891);
#890 = CARTESIAN_POINT('',(6.55,3.,3.15));
#891 = VECTOR('',#892,1.);
#892 = DIRECTION('',(-1.,-0.,-0.));
#893 = ORIENTED_EDGE('',*,*,#894,.F.);
#894 = EDGE_CURVE('',#895,#887,#897,.T.);
#895 = VERTEX_POINT('',#896);
#896 = CARTESIAN_POINT('',(5.78,3.,1.5091518));
#897 = LINE('',#898,#899);
#898 = CARTESIAN_POINT('',(5.78,3.,2.823773498156));
#899 = VECTOR('',#900,1.);
#900 = DIRECTION('',(0.,0.,1.));
#901 = ORIENTED_EDGE('',*,*,#902,.F.);
#902 = EDGE_CURVE('',#903,#895,#905,.T.);
#903 = VERTEX_POINT('',#904);
#904 = CARTESIAN_POINT('',(4.38,3.,1.5091518));
#905 = LINE('',#906,#907);
#906 = CARTESIAN_POINT('',(6.165,3.,1.5091518));
#907 = VECTOR('',#908,1.);
#908 = DIRECTION('',(1.,0.,0.));
#909 = ORIENTED_EDGE('',*,*,#910,.T.);
#910 = EDGE_CURVE('',#903,#911,#913,.T.);
#911 = VERTEX_POINT('',#912);
#912 = CARTESIAN_POINT('',(4.38,3.,3.15));
#913 = LINE('',#914,#915);
#914 = CARTESIAN_POINT('',(4.38,3.,2.823773498156));
#915 = VECTOR('',#916,1.);
#916 = DIRECTION('',(0.,0.,1.));
#917 = ORIENTED_EDGE('',*,*,#918,.T.);
#918 = EDGE_CURVE('',#911,#919,#921,.T.);
#919 = VERTEX_POINT('',#920);
#920 = CARTESIAN_POINT('',(3.24,3.,3.15));
#921 = LINE('',#922,#923);
#922 = CARTESIAN_POINT('',(6.55,3.,3.15));
#923 = VECTOR('',#924,1.);
#924 = DIRECTION('',(-1.,-0.,-0.));
#925 = ORIENTED_EDGE('',*,*,#926,.F.);
#926 = EDGE_CURVE('',#927,#919,#929,.T.);
#927 = VERTEX_POINT('',#928);
#928 = CARTESIAN_POINT('',(3.24,3.,1.5091518));
#929 = LINE('',#930,#931);
#930 = CARTESIAN_POINT('',(3.24,3.,2.823773498156));
#931 = VECTOR('',#932,1.);
#932 = DIRECTION('',(0.,0.,1.));
#933 = ORIENTED_EDGE('',*,*,#934,.F.);
#934 = EDGE_CURVE('',#935,#927,#937,.T.);
#935 = VERTEX_POINT('',#936);
#936 = CARTESIAN_POINT('',(1.84,3.,1.5091518));
#937 = LINE('',#938,#939);
#938 = CARTESIAN_POINT('',(4.895,3.,1.5091518));
#939 = VECTOR('',#940,1.);
#940 = DIRECTION('',(1.,0.,0.));
#941 = ORIENTED_EDGE('',*,*,#942,.T.);
#942 = EDGE_CURVE('',#935,#943,#945,.T.);
#943 = VERTEX_POINT('',#944);
#944 = CARTESIAN_POINT('',(1.84,3.,3.15));
#945 = LINE('',#946,#947);
#946 = CARTESIAN_POINT('',(1.84,3.,2.823773498156));
#947 = VECTOR('',#948,1.);
#948 = DIRECTION('',(0.,0.,1.));
#949 = ORIENTED_EDGE('',*,*,#950,.T.);
#950 = EDGE_CURVE('',#943,#951,#953,.T.);
#951 = VERTEX_POINT('',#952);
#952 = CARTESIAN_POINT('',(0.7,3.,3.15));
#953 = LINE('',#954,#955);
#954 = CARTESIAN_POINT('',(6.55,3.,3.15));
#955 = VECTOR('',#956,1.);
#956 = DIRECTION('',(-1.,-0.,-0.));
#957 = ORIENTED_EDGE('',*,*,#958,.F.);
#958 = EDGE_CURVE('',#959,#951,#961,.T.);
#959 = VERTEX_POINT('',#960);
#960 = CARTESIAN_POINT('',(0.7,3.,1.5091518));
#961 = LINE('',#962,#963);
#962 = CARTESIAN_POINT('',(0.7,3.,2.823773498156));
#963 = VECTOR('',#964,1.);
#964 = DIRECTION('',(0.,0.,1.));
#965 = ORIENTED_EDGE('',*,*,#966,.F.);
#966 = EDGE_CURVE('',#967,#959,#969,.T.);
#967 = VERTEX_POINT('',#968);
#968 = CARTESIAN_POINT('',(-0.7,3.,1.5091518));
#969 = LINE('',#970,#971);
#970 = CARTESIAN_POINT('',(3.625,3.,1.5091518));
#971 = VECTOR('',#972,1.);
#972 = DIRECTION('',(1.,0.,0.));
#973 = ORIENTED_EDGE('',*,*,#974,.T.);
#974 = EDGE_CURVE('',#967,#975,#977,.T.);
#975 = VERTEX_POINT('',#976);
#976 = CARTESIAN_POINT('',(-0.7,3.,3.15));
#977 = LINE('',#978,#979);
#978 = CARTESIAN_POINT('',(-0.7,3.,2.823773498156));
#979 = VECTOR('',#980,1.);
#980 = DIRECTION('',(0.,0.,1.));
#981 = ORIENTED_EDGE('',*,*,#982,.T.);
#982 = EDGE_CURVE('',#975,#640,#983,.T.);
#983 = LINE('',#984,#985);
#984 = CARTESIAN_POINT('',(6.55,3.,3.15));
#985 = VECTOR('',#986,1.);
#986 = DIRECTION('',(-1.,-0.,-0.));
#987 = ORIENTED_EDGE('',*,*,#647,.T.);
#988 = ORIENTED_EDGE('',*,*,#327,.F.);
#989 = PLANE('',#990);
#990 = AXIS2_PLACEMENT_3D('',#991,#992,#993);
#991 = CARTESIAN_POINT('',(6.55,3.,3.15));
#992 = DIRECTION('',(0.,-1.,0.));
#993 = DIRECTION('',(0.,0.,-1.));
#994 = ADVANCED_FACE('',(#995),#1043,.T.);
#995 = FACE_BOUND('',#996,.T.);
#996 = EDGE_LOOP('',(#997,#1005,#1013,#1019,#1020,#1028,#1036,#1042));
#997 = ORIENTED_EDGE('',*,*,#998,.F.);
#998 = EDGE_CURVE('',#999,#353,#1001,.T.);
#999 = VERTEX_POINT('',#1000);
#1000 = CARTESIAN_POINT('',(1.07,2.085974,4.594855));
#1001 = LINE('',#1002,#1003);
#1002 = CARTESIAN_POINT('',(1.07,2.085974,4.594855));
#1003 = VECTOR('',#1004,1.);
#1004 = DIRECTION('',(0.,0.,-1.));
#1005 = ORIENTED_EDGE('',*,*,#1006,.T.);
#1006 = EDGE_CURVE('',#999,#1007,#1009,.T.);
#1007 = VERTEX_POINT('',#1008);
#1008 = CARTESIAN_POINT('',(-1.07,2.085974,4.594855));
#1009 = LINE('',#1010,#1011);
#1010 = CARTESIAN_POINT('',(1.07,2.085974,4.594855));
#1011 = VECTOR('',#1012,1.);
#1012 = DIRECTION('',(-1.,-0.,-0.));
#1013 = ORIENTED_EDGE('',*,*,#1014,.T.);
#1014 = EDGE_CURVE('',#1007,#379,#1015,.T.);
#1015 = LINE('',#1016,#1017);
#1016 = CARTESIAN_POINT('',(-1.07,2.085974,4.594855));
#1017 = VECTOR('',#1018,1.);
#1018 = DIRECTION('',(0.,0.,-1.));
#1019 = ORIENTED_EDGE('',*,*,#386,.F.);
#1020 = ORIENTED_EDGE('',*,*,#1021,.F.);
#1021 = EDGE_CURVE('',#1022,#387,#1024,.T.);
#1022 = VERTEX_POINT('',#1023);
#1023 = CARTESIAN_POINT('',(-0.7,2.085974,3.7725668));
#1024 = LINE('',#1025,#1026);
#1025 = CARTESIAN_POINT('',(-0.7,2.085974,3.7725668));
#1026 = VECTOR('',#1027,1.);
#1027 = DIRECTION('',(0.,0.,-1.));
#1028 = ORIENTED_EDGE('',*,*,#1029,.F.);
#1029 = EDGE_CURVE('',#1030,#1022,#1032,.T.);
#1030 = VERTEX_POINT('',#1031);
#1031 = CARTESIAN_POINT('',(0.7,2.085974,3.7725668));
#1032 = LINE('',#1033,#1034);
#1033 = CARTESIAN_POINT('',(0.7,2.085974,3.7725668));
#1034 = VECTOR('',#1035,1.);
#1035 = DIRECTION('',(-1.,-0.,-0.));
#1036 = ORIENTED_EDGE('',*,*,#1037,.T.);
#1037 = EDGE_CURVE('',#1030,#355,#1038,.T.);
#1038 = LINE('',#1039,#1040);
#1039 = CARTESIAN_POINT('',(0.7,2.085974,3.7725668));
#1040 = VECTOR('',#1041,1.);
#1041 = DIRECTION('',(0.,0.,-1.));
#1042 = ORIENTED_EDGE('',*,*,#352,.F.);
#1043 = PLANE('',#1044);
#1044 = AXIS2_PLACEMENT_3D('',#1045,#1046,#1047);
#1045 = CARTESIAN_POINT('',(1.07,2.085974,4.594855));
#1046 = DIRECTION('',(0.,-1.,0.));
#1047 = DIRECTION('',(0.,0.,-1.));
#1048 = ADVANCED_FACE('',(#1049),#1107,.F.);
#1049 = FACE_BOUND('',#1050,.T.);
#1050 = EDGE_LOOP('',(#1051,#1059,#1067,#1075,#1083,#1091,#1099,#1105,
    #1106));
#1051 = ORIENTED_EDGE('',*,*,#1052,.T.);
#1052 = EDGE_CURVE('',#363,#1053,#1055,.T.);
#1053 = VERTEX_POINT('',#1054);
#1054 = CARTESIAN_POINT('',(1.07,-2.016232,1.330337));
#1055 = LINE('',#1056,#1057);
#1056 = CARTESIAN_POINT('',(1.07,-2.225654,0.));
#1057 = VECTOR('',#1058,1.);
#1058 = DIRECTION('',(0.,0.155505255414,0.987835064947));
#1059 = ORIENTED_EDGE('',*,*,#1060,.T.);
#1060 = EDGE_CURVE('',#1053,#1061,#1063,.T.);
#1061 = VERTEX_POINT('',#1062);
#1062 = CARTESIAN_POINT('',(1.07,-2.016232,3.7725));
#1063 = LINE('',#1064,#1065);
#1064 = CARTESIAN_POINT('',(1.07,-2.016232,1.330337));
#1065 = VECTOR('',#1066,1.);
#1066 = DIRECTION('',(0.,0.,1.));
#1067 = ORIENTED_EDGE('',*,*,#1068,.T.);
#1068 = EDGE_CURVE('',#1061,#1069,#1071,.T.);
#1069 = VERTEX_POINT('',#1070);
#1070 = CARTESIAN_POINT('',(1.07,-1.64713,3.7725));
#1071 = LINE('',#1072,#1073);
#1072 = CARTESIAN_POINT('',(1.07,-2.016232,3.7725));
#1073 = VECTOR('',#1074,1.);
#1074 = DIRECTION('',(0.,1.,0.));
#1075 = ORIENTED_EDGE('',*,*,#1076,.T.);
#1076 = EDGE_CURVE('',#1069,#1077,#1079,.T.);
#1077 = VERTEX_POINT('',#1078);
#1078 = CARTESIAN_POINT('',(1.07,-1.64713,6.504291));
#1079 = LINE('',#1080,#1081);
#1080 = CARTESIAN_POINT('',(1.07,-1.64713,3.7725));
#1081 = VECTOR('',#1082,1.);
#1082 = DIRECTION('',(0.,0.,1.));
#1083 = ORIENTED_EDGE('',*,*,#1084,.T.);
#1084 = EDGE_CURVE('',#1077,#1085,#1087,.T.);
#1085 = VERTEX_POINT('',#1086);
#1086 = CARTESIAN_POINT('',(1.07,1.630173,6.504291));
#1087 = LINE('',#1088,#1089);
#1088 = CARTESIAN_POINT('',(1.07,-1.64713,6.504291));
#1089 = VECTOR('',#1090,1.);
#1090 = DIRECTION('',(0.,1.,0.));
#1091 = ORIENTED_EDGE('',*,*,#1092,.T.);
#1092 = EDGE_CURVE('',#1085,#1093,#1095,.T.);
#1093 = VERTEX_POINT('',#1094);
#1094 = CARTESIAN_POINT('',(1.07,1.630173,6.011533));
#1095 = LINE('',#1096,#1097);
#1096 = CARTESIAN_POINT('',(1.07,1.630173,6.504291));
#1097 = VECTOR('',#1098,1.);
#1098 = DIRECTION('',(0.,0.,-1.));
#1099 = ORIENTED_EDGE('',*,*,#1100,.T.);
#1100 = EDGE_CURVE('',#1093,#999,#1101,.T.);
#1101 = LINE('',#1102,#1103);
#1102 = CARTESIAN_POINT('',(1.07,1.630173,6.011533));
#1103 = VECTOR('',#1104,1.);
#1104 = DIRECTION('',(0.,0.306277272459,-0.951942347191));
#1105 = ORIENTED_EDGE('',*,*,#998,.T.);
#1106 = ORIENTED_EDGE('',*,*,#362,.T.);
#1107 = PLANE('',#1108);
#1108 = AXIS2_PLACEMENT_3D('',#1109,#1110,#1111);
#1109 = CARTESIAN_POINT('',(1.07,-6.254098390486E-03,3.106456865277));
#1110 = DIRECTION('',(1.,0.,0.));
#1111 = DIRECTION('',(0.,0.,1.));
#1112 = ADVANCED_FACE('',(#1113),#1154,.F.);
#1113 = FACE_BOUND('',#1114,.F.);
#1114 = EDGE_LOOP('',(#1115,#1123,#1131,#1137,#1138,#1139,#1147,#1153));
#1115 = ORIENTED_EDGE('',*,*,#1116,.T.);
#1116 = EDGE_CURVE('',#951,#1117,#1119,.T.);
#1117 = VERTEX_POINT('',#1118);
#1118 = CARTESIAN_POINT('',(0.7,2.523512383178,4.8494725));
#1119 = LINE('',#1120,#1121);
#1120 = CARTESIAN_POINT('',(0.7,2.323466850359,5.562968233721));
#1121 = VECTOR('',#1122,1.);
#1122 = DIRECTION('',(0.,-0.269963692325,0.962870502626));
#1123 = ORIENTED_EDGE('',*,*,#1124,.T.);
#1124 = EDGE_CURVE('',#1117,#1125,#1127,.T.);
#1125 = VERTEX_POINT('',#1126);
#1126 = CARTESIAN_POINT('',(0.7,2.523512383178,3.7725668));
#1127 = LINE('',#1128,#1129);
#1128 = CARTESIAN_POINT('',(0.7,2.523512383178,4.8494725));
#1129 = VECTOR('',#1130,1.);
#1130 = DIRECTION('',(0.,0.,-1.));
#1131 = ORIENTED_EDGE('',*,*,#1132,.T.);
#1132 = EDGE_CURVE('',#1125,#1030,#1133,.T.);
#1133 = LINE('',#1134,#1135);
#1134 = CARTESIAN_POINT('',(0.7,2.523512383178,3.7725668));
#1135 = VECTOR('',#1136,1.);
#1136 = DIRECTION('',(0.,-1.,0.));
#1137 = ORIENTED_EDGE('',*,*,#1037,.T.);
#1138 = ORIENTED_EDGE('',*,*,#410,.T.);
#1139 = ORIENTED_EDGE('',*,*,#1140,.T.);
#1140 = EDGE_CURVE('',#403,#1141,#1143,.T.);
#1141 = VERTEX_POINT('',#1142);
#1142 = CARTESIAN_POINT('',(0.7,2.527085,1.5091518));
#1143 = LINE('',#1144,#1145);
#1144 = CARTESIAN_POINT('',(0.7,2.527085,0.));
#1145 = VECTOR('',#1146,1.);
#1146 = DIRECTION('',(0.,0.,1.));
#1147 = ORIENTED_EDGE('',*,*,#1148,.T.);
#1148 = EDGE_CURVE('',#1141,#959,#1149,.T.);
#1149 = LINE('',#1150,#1151);
#1150 = CARTESIAN_POINT('',(0.7,2.527085,1.5091518));
#1151 = VECTOR('',#1152,1.);
#1152 = DIRECTION('',(0.,1.,0.));
#1153 = ORIENTED_EDGE('',*,*,#958,.T.);
#1154 = PLANE('',#1155);
#1155 = AXIS2_PLACEMENT_3D('',#1156,#1157,#1158);
#1156 = CARTESIAN_POINT('',(0.7,2.689011253687,2.497546996313));
#1157 = DIRECTION('',(1.,0.,0.));
#1158 = DIRECTION('',(0.,0.,1.));
#1159 = ADVANCED_FACE('',(#1160),#1178,.T.);
#1160 = FACE_BOUND('',#1161,.T.);
#1161 = EDGE_LOOP('',(#1162,#1163,#1171,#1177));
#1162 = ORIENTED_EDGE('',*,*,#370,.T.);
#1163 = ORIENTED_EDGE('',*,*,#1164,.T.);
#1164 = EDGE_CURVE('',#371,#1165,#1167,.T.);
#1165 = VERTEX_POINT('',#1166);
#1166 = CARTESIAN_POINT('',(-1.07,-2.016232,1.330337));
#1167 = LINE('',#1168,#1169);
#1168 = CARTESIAN_POINT('',(-1.07,-2.225654,0.));
#1169 = VECTOR('',#1170,1.);
#1170 = DIRECTION('',(0.,0.155505255414,0.987835064947));
#1171 = ORIENTED_EDGE('',*,*,#1172,.F.);
#1172 = EDGE_CURVE('',#1053,#1165,#1173,.T.);
#1173 = LINE('',#1174,#1175);
#1174 = CARTESIAN_POINT('',(1.07,-2.016232,1.330337));
#1175 = VECTOR('',#1176,1.);
#1176 = DIRECTION('',(-1.,-0.,-0.));
#1177 = ORIENTED_EDGE('',*,*,#1052,.F.);
#1178 = PLANE('',#1179);
#1179 = AXIS2_PLACEMENT_3D('',#1180,#1181,#1182);
#1180 = CARTESIAN_POINT('',(1.07,-2.225654,0.));
#1181 = DIRECTION('',(0.,0.987835064947,-0.155505255414));
#1182 = DIRECTION('',(0.,0.155505255414,0.987835064947));
#1183 = ADVANCED_FACE('',(#1184),#1202,.F.);
#1184 = FACE_BOUND('',#1185,.F.);
#1185 = EDGE_LOOP('',(#1186,#1187,#1195,#1201));
#1186 = ORIENTED_EDGE('',*,*,#402,.T.);
#1187 = ORIENTED_EDGE('',*,*,#1188,.T.);
#1188 = EDGE_CURVE('',#395,#1189,#1191,.T.);
#1189 = VERTEX_POINT('',#1190);
#1190 = CARTESIAN_POINT('',(-0.7,2.527085,1.5091518));
#1191 = LINE('',#1192,#1193);
#1192 = CARTESIAN_POINT('',(-0.7,2.527085,0.));
#1193 = VECTOR('',#1194,1.);
#1194 = DIRECTION('',(0.,0.,1.));
#1195 = ORIENTED_EDGE('',*,*,#1196,.F.);
#1196 = EDGE_CURVE('',#1141,#1189,#1197,.T.);
#1197 = LINE('',#1198,#1199);
#1198 = CARTESIAN_POINT('',(0.7,2.527085,1.5091518));
#1199 = VECTOR('',#1200,1.);
#1200 = DIRECTION('',(-1.,-0.,-0.));
#1201 = ORIENTED_EDGE('',*,*,#1140,.F.);
#1202 = PLANE('',#1203);
#1203 = AXIS2_PLACEMENT_3D('',#1204,#1205,#1206);
#1204 = CARTESIAN_POINT('',(0.7,2.527085,0.));
#1205 = DIRECTION('',(0.,1.,0.));
#1206 = DIRECTION('',(0.,0.,1.));
#1207 = ADVANCED_FACE('',(#1208),#1259,.T.);
#1208 = FACE_BOUND('',#1209,.F.);
#1209 = EDGE_LOOP('',(#1210,#1211,#1219,#1227,#1235,#1243,#1251,#1257,
    #1258));
#1210 = ORIENTED_EDGE('',*,*,#1164,.T.);
#1211 = ORIENTED_EDGE('',*,*,#1212,.T.);
#1212 = EDGE_CURVE('',#1165,#1213,#1215,.T.);
#1213 = VERTEX_POINT('',#1214);
#1214 = CARTESIAN_POINT('',(-1.07,-2.016232,3.7725));
#1215 = LINE('',#1216,#1217);
#1216 = CARTESIAN_POINT('',(-1.07,-2.016232,1.330337));
#1217 = VECTOR('',#1218,1.);
#1218 = DIRECTION('',(0.,0.,1.));
#1219 = ORIENTED_EDGE('',*,*,#1220,.T.);
#1220 = EDGE_CURVE('',#1213,#1221,#1223,.T.);
#1221 = VERTEX_POINT('',#1222);
#1222 = CARTESIAN_POINT('',(-1.07,-1.64713,3.7725));
#1223 = LINE('',#1224,#1225);
#1224 = CARTESIAN_POINT('',(-1.07,-2.016232,3.7725));
#1225 = VECTOR('',#1226,1.);
#1226 = DIRECTION('',(0.,1.,0.));
#1227 = ORIENTED_EDGE('',*,*,#1228,.T.);
#1228 = EDGE_CURVE('',#1221,#1229,#1231,.T.);
#1229 = VERTEX_POINT('',#1230);
#1230 = CARTESIAN_POINT('',(-1.07,-1.64713,6.504291));
#1231 = LINE('',#1232,#1233);
#1232 = CARTESIAN_POINT('',(-1.07,-1.64713,3.7725));
#1233 = VECTOR('',#1234,1.);
#1234 = DIRECTION('',(0.,0.,1.));
#1235 = ORIENTED_EDGE('',*,*,#1236,.T.);
#1236 = EDGE_CURVE('',#1229,#1237,#1239,.T.);
#1237 = VERTEX_POINT('',#1238);
#1238 = CARTESIAN_POINT('',(-1.07,1.630173,6.504291));
#1239 = LINE('',#1240,#1241);
#1240 = CARTESIAN_POINT('',(-1.07,-1.64713,6.504291));
#1241 = VECTOR('',#1242,1.);
#1242 = DIRECTION('',(0.,1.,0.));
#1243 = ORIENTED_EDGE('',*,*,#1244,.T.);
#1244 = EDGE_CURVE('',#1237,#1245,#1247,.T.);
#1245 = VERTEX_POINT('',#1246);
#1246 = CARTESIAN_POINT('',(-1.07,1.630173,6.011533));
#1247 = LINE('',#1248,#1249);
#1248 = CARTESIAN_POINT('',(-1.07,1.630173,6.504291));
#1249 = VECTOR('',#1250,1.);
#1250 = DIRECTION('',(0.,0.,-1.));
#1251 = ORIENTED_EDGE('',*,*,#1252,.T.);
#1252 = EDGE_CURVE('',#1245,#1007,#1253,.T.);
#1253 = LINE('',#1254,#1255);
#1254 = CARTESIAN_POINT('',(-1.07,1.630173,6.011533));
#1255 = VECTOR('',#1256,1.);
#1256 = DIRECTION('',(0.,0.306277272459,-0.951942347191));
#1257 = ORIENTED_EDGE('',*,*,#1014,.T.);
#1258 = ORIENTED_EDGE('',*,*,#378,.T.);
#1259 = PLANE('',#1260);
#1260 = AXIS2_PLACEMENT_3D('',#1261,#1262,#1263);
#1261 = CARTESIAN_POINT('',(-1.07,-6.254098390486E-03,3.106456865277));
#1262 = DIRECTION('',(1.,0.,0.));
#1263 = DIRECTION('',(0.,0.,1.));
#1264 = ADVANCED_FACE('',(#1265),#1299,.T.);
#1265 = FACE_BOUND('',#1266,.T.);
#1266 = EDGE_LOOP('',(#1267,#1275,#1283,#1289,#1290,#1291,#1292,#1298));
#1267 = ORIENTED_EDGE('',*,*,#1268,.T.);
#1268 = EDGE_CURVE('',#975,#1269,#1271,.T.);
#1269 = VERTEX_POINT('',#1270);
#1270 = CARTESIAN_POINT('',(-0.7,2.523512383178,4.8494725));
#1271 = LINE('',#1272,#1273);
#1272 = CARTESIAN_POINT('',(-0.7,2.323466850359,5.562968233721));
#1273 = VECTOR('',#1274,1.);
#1274 = DIRECTION('',(0.,-0.269963692325,0.962870502626));
#1275 = ORIENTED_EDGE('',*,*,#1276,.T.);
#1276 = EDGE_CURVE('',#1269,#1277,#1279,.T.);
#1277 = VERTEX_POINT('',#1278);
#1278 = CARTESIAN_POINT('',(-0.7,2.523512383178,3.7725668));
#1279 = LINE('',#1280,#1281);
#1280 = CARTESIAN_POINT('',(-0.7,2.523512383178,4.8494725));
#1281 = VECTOR('',#1282,1.);
#1282 = DIRECTION('',(0.,0.,-1.));
#1283 = ORIENTED_EDGE('',*,*,#1284,.T.);
#1284 = EDGE_CURVE('',#1277,#1022,#1285,.T.);
#1285 = LINE('',#1286,#1287);
#1286 = CARTESIAN_POINT('',(-0.7,2.523512383178,3.7725668));
#1287 = VECTOR('',#1288,1.);
#1288 = DIRECTION('',(0.,-1.,0.));
#1289 = ORIENTED_EDGE('',*,*,#1021,.T.);
#1290 = ORIENTED_EDGE('',*,*,#394,.T.);
#1291 = ORIENTED_EDGE('',*,*,#1188,.T.);
#1292 = ORIENTED_EDGE('',*,*,#1293,.T.);
#1293 = EDGE_CURVE('',#1189,#967,#1294,.T.);
#1294 = LINE('',#1295,#1296);
#1295 = CARTESIAN_POINT('',(-0.7,2.527085,1.5091518));
#1296 = VECTOR('',#1297,1.);
#1297 = DIRECTION('',(0.,1.,0.));
#1298 = ORIENTED_EDGE('',*,*,#974,.T.);
#1299 = PLANE('',#1300);
#1300 = AXIS2_PLACEMENT_3D('',#1301,#1302,#1303);
#1301 = CARTESIAN_POINT('',(-0.7,2.689011253687,2.497546996313));
#1302 = DIRECTION('',(1.,0.,0.));
#1303 = DIRECTION('',(0.,0.,1.));
#1304 = ADVANCED_FACE('',(#1305),#1353,.T.);
#1305 = FACE_BOUND('',#1306,.T.);
#1306 = EDGE_LOOP('',(#1307,#1315,#1323,#1329,#1330,#1338,#1346,#1352));
#1307 = ORIENTED_EDGE('',*,*,#1308,.F.);
#1308 = EDGE_CURVE('',#1309,#419,#1311,.T.);
#1309 = VERTEX_POINT('',#1310);
#1310 = CARTESIAN_POINT('',(3.61,2.085974,4.594855));
#1311 = LINE('',#1312,#1313);
#1312 = CARTESIAN_POINT('',(3.61,2.085974,4.594855));
#1313 = VECTOR('',#1314,1.);
#1314 = DIRECTION('',(0.,0.,-1.));
#1315 = ORIENTED_EDGE('',*,*,#1316,.T.);
#1316 = EDGE_CURVE('',#1309,#1317,#1319,.T.);
#1317 = VERTEX_POINT('',#1318);
#1318 = CARTESIAN_POINT('',(1.47,2.085974,4.594855));
#1319 = LINE('',#1320,#1321);
#1320 = CARTESIAN_POINT('',(3.61,2.085974,4.594855));
#1321 = VECTOR('',#1322,1.);
#1322 = DIRECTION('',(-1.,-0.,-0.));
#1323 = ORIENTED_EDGE('',*,*,#1324,.T.);
#1324 = EDGE_CURVE('',#1317,#445,#1325,.T.);
#1325 = LINE('',#1326,#1327);
#1326 = CARTESIAN_POINT('',(1.47,2.085974,4.594855));
#1327 = VECTOR('',#1328,1.);
#1328 = DIRECTION('',(0.,0.,-1.));
#1329 = ORIENTED_EDGE('',*,*,#452,.F.);
#1330 = ORIENTED_EDGE('',*,*,#1331,.F.);
#1331 = EDGE_CURVE('',#1332,#453,#1334,.T.);
#1332 = VERTEX_POINT('',#1333);
#1333 = CARTESIAN_POINT('',(1.84,2.085974,3.7725668));
#1334 = LINE('',#1335,#1336);
#1335 = CARTESIAN_POINT('',(1.84,2.085974,3.7725668));
#1336 = VECTOR('',#1337,1.);
#1337 = DIRECTION('',(0.,0.,-1.));
#1338 = ORIENTED_EDGE('',*,*,#1339,.F.);
#1339 = EDGE_CURVE('',#1340,#1332,#1342,.T.);
#1340 = VERTEX_POINT('',#1341);
#1341 = CARTESIAN_POINT('',(3.24,2.085974,3.7725668));
#1342 = LINE('',#1343,#1344);
#1343 = CARTESIAN_POINT('',(3.24,2.085974,3.7725668));
#1344 = VECTOR('',#1345,1.);
#1345 = DIRECTION('',(-1.,-0.,-0.));
#1346 = ORIENTED_EDGE('',*,*,#1347,.T.);
#1347 = EDGE_CURVE('',#1340,#421,#1348,.T.);
#1348 = LINE('',#1349,#1350);
#1349 = CARTESIAN_POINT('',(3.24,2.085974,3.7725668));
#1350 = VECTOR('',#1351,1.);
#1351 = DIRECTION('',(0.,0.,-1.));
#1352 = ORIENTED_EDGE('',*,*,#418,.F.);
#1353 = PLANE('',#1354);
#1354 = AXIS2_PLACEMENT_3D('',#1355,#1356,#1357);
#1355 = CARTESIAN_POINT('',(3.61,2.085974,4.594855));
#1356 = DIRECTION('',(0.,-1.,0.));
#1357 = DIRECTION('',(0.,0.,-1.));
#1358 = ADVANCED_FACE('',(#1359),#1400,.F.);
#1359 = FACE_BOUND('',#1360,.F.);
#1360 = EDGE_LOOP('',(#1361,#1369,#1377,#1383,#1384,#1385,#1393,#1399));
#1361 = ORIENTED_EDGE('',*,*,#1362,.T.);
#1362 = EDGE_CURVE('',#919,#1363,#1365,.T.);
#1363 = VERTEX_POINT('',#1364);
#1364 = CARTESIAN_POINT('',(3.24,2.523512383178,4.8494725));
#1365 = LINE('',#1366,#1367);
#1366 = CARTESIAN_POINT('',(3.24,2.323466850359,5.562968233721));
#1367 = VECTOR('',#1368,1.);
#1368 = DIRECTION('',(0.,-0.269963692325,0.962870502626));
#1369 = ORIENTED_EDGE('',*,*,#1370,.T.);
#1370 = EDGE_CURVE('',#1363,#1371,#1373,.T.);
#1371 = VERTEX_POINT('',#1372);
#1372 = CARTESIAN_POINT('',(3.24,2.523512383178,3.7725668));
#1373 = LINE('',#1374,#1375);
#1374 = CARTESIAN_POINT('',(3.24,2.523512383178,4.8494725));
#1375 = VECTOR('',#1376,1.);
#1376 = DIRECTION('',(0.,0.,-1.));
#1377 = ORIENTED_EDGE('',*,*,#1378,.T.);
#1378 = EDGE_CURVE('',#1371,#1340,#1379,.T.);
#1379 = LINE('',#1380,#1381);
#1380 = CARTESIAN_POINT('',(3.24,2.523512383178,3.7725668));
#1381 = VECTOR('',#1382,1.);
#1382 = DIRECTION('',(0.,-1.,0.));
#1383 = ORIENTED_EDGE('',*,*,#1347,.T.);
#1384 = ORIENTED_EDGE('',*,*,#476,.T.);
#1385 = ORIENTED_EDGE('',*,*,#1386,.T.);
#1386 = EDGE_CURVE('',#469,#1387,#1389,.T.);
#1387 = VERTEX_POINT('',#1388);
#1388 = CARTESIAN_POINT('',(3.24,2.527085,1.5091518));
#1389 = LINE('',#1390,#1391);
#1390 = CARTESIAN_POINT('',(3.24,2.527085,0.));
#1391 = VECTOR('',#1392,1.);
#1392 = DIRECTION('',(0.,0.,1.));
#1393 = ORIENTED_EDGE('',*,*,#1394,.T.);
#1394 = EDGE_CURVE('',#1387,#927,#1395,.T.);
#1395 = LINE('',#1396,#1397);
#1396 = CARTESIAN_POINT('',(3.24,2.527085,1.5091518));
#1397 = VECTOR('',#1398,1.);
#1398 = DIRECTION('',(0.,1.,0.));
#1399 = ORIENTED_EDGE('',*,*,#926,.T.);
#1400 = PLANE('',#1401);
#1401 = AXIS2_PLACEMENT_3D('',#1402,#1403,#1404);
#1402 = CARTESIAN_POINT('',(3.24,2.689011253687,2.497546996313));
#1403 = DIRECTION('',(1.,0.,0.));
#1404 = DIRECTION('',(0.,0.,1.));
#1405 = ADVANCED_FACE('',(#1406),#1424,.F.);
#1406 = FACE_BOUND('',#1407,.F.);
#1407 = EDGE_LOOP('',(#1408,#1409,#1417,#1423));
#1408 = ORIENTED_EDGE('',*,*,#468,.T.);
#1409 = ORIENTED_EDGE('',*,*,#1410,.T.);
#1410 = EDGE_CURVE('',#461,#1411,#1413,.T.);
#1411 = VERTEX_POINT('',#1412);
#1412 = CARTESIAN_POINT('',(1.84,2.527085,1.5091518));
#1413 = LINE('',#1414,#1415);
#1414 = CARTESIAN_POINT('',(1.84,2.527085,0.));
#1415 = VECTOR('',#1416,1.);
#1416 = DIRECTION('',(0.,0.,1.));
#1417 = ORIENTED_EDGE('',*,*,#1418,.F.);
#1418 = EDGE_CURVE('',#1387,#1411,#1419,.T.);
#1419 = LINE('',#1420,#1421);
#1420 = CARTESIAN_POINT('',(3.24,2.527085,1.5091518));
#1421 = VECTOR('',#1422,1.);
#1422 = DIRECTION('',(-1.,-0.,-0.));
#1423 = ORIENTED_EDGE('',*,*,#1386,.F.);
#1424 = PLANE('',#1425);
#1425 = AXIS2_PLACEMENT_3D('',#1426,#1427,#1428);
#1426 = CARTESIAN_POINT('',(3.24,2.527085,0.));
#1427 = DIRECTION('',(0.,1.,0.));
#1428 = DIRECTION('',(0.,0.,1.));
#1429 = ADVANCED_FACE('',(#1430),#1464,.T.);
#1430 = FACE_BOUND('',#1431,.T.);
#1431 = EDGE_LOOP('',(#1432,#1440,#1448,#1454,#1455,#1456,#1457,#1463));
#1432 = ORIENTED_EDGE('',*,*,#1433,.T.);
#1433 = EDGE_CURVE('',#943,#1434,#1436,.T.);
#1434 = VERTEX_POINT('',#1435);
#1435 = CARTESIAN_POINT('',(1.84,2.523512383178,4.8494725));
#1436 = LINE('',#1437,#1438);
#1437 = CARTESIAN_POINT('',(1.84,2.323466850359,5.562968233721));
#1438 = VECTOR('',#1439,1.);
#1439 = DIRECTION('',(0.,-0.269963692325,0.962870502626));
#1440 = ORIENTED_EDGE('',*,*,#1441,.T.);
#1441 = EDGE_CURVE('',#1434,#1442,#1444,.T.);
#1442 = VERTEX_POINT('',#1443);
#1443 = CARTESIAN_POINT('',(1.84,2.523512383178,3.7725668));
#1444 = LINE('',#1445,#1446);
#1445 = CARTESIAN_POINT('',(1.84,2.523512383178,4.8494725));
#1446 = VECTOR('',#1447,1.);
#1447 = DIRECTION('',(0.,0.,-1.));
#1448 = ORIENTED_EDGE('',*,*,#1449,.T.);
#1449 = EDGE_CURVE('',#1442,#1332,#1450,.T.);
#1450 = LINE('',#1451,#1452);
#1451 = CARTESIAN_POINT('',(1.84,2.523512383178,3.7725668));
#1452 = VECTOR('',#1453,1.);
#1453 = DIRECTION('',(0.,-1.,0.));
#1454 = ORIENTED_EDGE('',*,*,#1331,.T.);
#1455 = ORIENTED_EDGE('',*,*,#460,.T.);
#1456 = ORIENTED_EDGE('',*,*,#1410,.T.);
#1457 = ORIENTED_EDGE('',*,*,#1458,.T.);
#1458 = EDGE_CURVE('',#1411,#935,#1459,.T.);
#1459 = LINE('',#1460,#1461);
#1460 = CARTESIAN_POINT('',(1.84,2.527085,1.5091518));
#1461 = VECTOR('',#1462,1.);
#1462 = DIRECTION('',(0.,1.,0.));
#1463 = ORIENTED_EDGE('',*,*,#942,.T.);
#1464 = PLANE('',#1465);
#1465 = AXIS2_PLACEMENT_3D('',#1466,#1467,#1468);
#1466 = CARTESIAN_POINT('',(1.84,2.689011253687,2.497546996313));
#1467 = DIRECTION('',(1.,0.,0.));
#1468 = DIRECTION('',(0.,0.,1.));
#1469 = ADVANCED_FACE('',(#1470),#1528,.T.);
#1470 = FACE_BOUND('',#1471,.F.);
#1471 = EDGE_LOOP('',(#1472,#1480,#1488,#1496,#1504,#1512,#1520,#1526,
    #1527));
#1472 = ORIENTED_EDGE('',*,*,#1473,.T.);
#1473 = EDGE_CURVE('',#437,#1474,#1476,.T.);
#1474 = VERTEX_POINT('',#1475);
#1475 = CARTESIAN_POINT('',(1.47,-2.016232,1.330337));
#1476 = LINE('',#1477,#1478);
#1477 = CARTESIAN_POINT('',(1.47,-2.225654,0.));
#1478 = VECTOR('',#1479,1.);
#1479 = DIRECTION('',(0.,0.155505255414,0.987835064947));
#1480 = ORIENTED_EDGE('',*,*,#1481,.T.);
#1481 = EDGE_CURVE('',#1474,#1482,#1484,.T.);
#1482 = VERTEX_POINT('',#1483);
#1483 = CARTESIAN_POINT('',(1.47,-2.016232,3.7725));
#1484 = LINE('',#1485,#1486);
#1485 = CARTESIAN_POINT('',(1.47,-2.016232,1.330337));
#1486 = VECTOR('',#1487,1.);
#1487 = DIRECTION('',(0.,0.,1.));
#1488 = ORIENTED_EDGE('',*,*,#1489,.T.);
#1489 = EDGE_CURVE('',#1482,#1490,#1492,.T.);
#1490 = VERTEX_POINT('',#1491);
#1491 = CARTESIAN_POINT('',(1.47,-1.64713,3.7725));
#1492 = LINE('',#1493,#1494);
#1493 = CARTESIAN_POINT('',(1.47,-2.016232,3.7725));
#1494 = VECTOR('',#1495,1.);
#1495 = DIRECTION('',(0.,1.,0.));
#1496 = ORIENTED_EDGE('',*,*,#1497,.T.);
#1497 = EDGE_CURVE('',#1490,#1498,#1500,.T.);
#1498 = VERTEX_POINT('',#1499);
#1499 = CARTESIAN_POINT('',(1.47,-1.64713,6.504291));
#1500 = LINE('',#1501,#1502);
#1501 = CARTESIAN_POINT('',(1.47,-1.64713,3.7725));
#1502 = VECTOR('',#1503,1.);
#1503 = DIRECTION('',(0.,0.,1.));
#1504 = ORIENTED_EDGE('',*,*,#1505,.T.);
#1505 = EDGE_CURVE('',#1498,#1506,#1508,.T.);
#1506 = VERTEX_POINT('',#1507);
#1507 = CARTESIAN_POINT('',(1.47,1.630173,6.504291));
#1508 = LINE('',#1509,#1510);
#1509 = CARTESIAN_POINT('',(1.47,-1.64713,6.504291));
#1510 = VECTOR('',#1511,1.);
#1511 = DIRECTION('',(0.,1.,0.));
#1512 = ORIENTED_EDGE('',*,*,#1513,.T.);
#1513 = EDGE_CURVE('',#1506,#1514,#1516,.T.);
#1514 = VERTEX_POINT('',#1515);
#1515 = CARTESIAN_POINT('',(1.47,1.630173,6.011533));
#1516 = LINE('',#1517,#1518);
#1517 = CARTESIAN_POINT('',(1.47,1.630173,6.504291));
#1518 = VECTOR('',#1519,1.);
#1519 = DIRECTION('',(0.,0.,-1.));
#1520 = ORIENTED_EDGE('',*,*,#1521,.T.);
#1521 = EDGE_CURVE('',#1514,#1317,#1522,.T.);
#1522 = LINE('',#1523,#1524);
#1523 = CARTESIAN_POINT('',(1.47,1.630173,6.011533));
#1524 = VECTOR('',#1525,1.);
#1525 = DIRECTION('',(0.,0.306277272459,-0.951942347191));
#1526 = ORIENTED_EDGE('',*,*,#1324,.T.);
#1527 = ORIENTED_EDGE('',*,*,#444,.T.);
#1528 = PLANE('',#1529);
#1529 = AXIS2_PLACEMENT_3D('',#1530,#1531,#1532);
#1530 = CARTESIAN_POINT('',(1.47,-6.254098390486E-03,3.106456865277));
#1531 = DIRECTION('',(1.,0.,0.));
#1532 = DIRECTION('',(0.,0.,1.));
#1533 = ADVANCED_FACE('',(#1534),#1552,.T.);
#1534 = FACE_BOUND('',#1535,.T.);
#1535 = EDGE_LOOP('',(#1536,#1537,#1538,#1546));
#1536 = ORIENTED_EDGE('',*,*,#436,.T.);
#1537 = ORIENTED_EDGE('',*,*,#1473,.T.);
#1538 = ORIENTED_EDGE('',*,*,#1539,.F.);
#1539 = EDGE_CURVE('',#1540,#1474,#1542,.T.);
#1540 = VERTEX_POINT('',#1541);
#1541 = CARTESIAN_POINT('',(3.61,-2.016232,1.330337));
#1542 = LINE('',#1543,#1544);
#1543 = CARTESIAN_POINT('',(3.61,-2.016232,1.330337));
#1544 = VECTOR('',#1545,1.);
#1545 = DIRECTION('',(-1.,-0.,-0.));
#1546 = ORIENTED_EDGE('',*,*,#1547,.F.);
#1547 = EDGE_CURVE('',#429,#1540,#1548,.T.);
#1548 = LINE('',#1549,#1550);
#1549 = CARTESIAN_POINT('',(3.61,-2.225654,0.));
#1550 = VECTOR('',#1551,1.);
#1551 = DIRECTION('',(0.,0.155505255414,0.987835064947));
#1552 = PLANE('',#1553);
#1553 = AXIS2_PLACEMENT_3D('',#1554,#1555,#1556);
#1554 = CARTESIAN_POINT('',(3.61,-2.225654,0.));
#1555 = DIRECTION('',(0.,0.987835064947,-0.155505255414));
#1556 = DIRECTION('',(0.,0.155505255414,0.987835064947));
#1557 = ADVANCED_FACE('',(#1558),#1609,.F.);
#1558 = FACE_BOUND('',#1559,.T.);
#1559 = EDGE_LOOP('',(#1560,#1561,#1569,#1577,#1585,#1593,#1601,#1607,
    #1608));
#1560 = ORIENTED_EDGE('',*,*,#1547,.T.);
#1561 = ORIENTED_EDGE('',*,*,#1562,.T.);
#1562 = EDGE_CURVE('',#1540,#1563,#1565,.T.);
#1563 = VERTEX_POINT('',#1564);
#1564 = CARTESIAN_POINT('',(3.61,-2.016232,3.7725));
#1565 = LINE('',#1566,#1567);
#1566 = CARTESIAN_POINT('',(3.61,-2.016232,1.330337));
#1567 = VECTOR('',#1568,1.);
#1568 = DIRECTION('',(0.,0.,1.));
#1569 = ORIENTED_EDGE('',*,*,#1570,.T.);
#1570 = EDGE_CURVE('',#1563,#1571,#1573,.T.);
#1571 = VERTEX_POINT('',#1572);
#1572 = CARTESIAN_POINT('',(3.61,-1.64713,3.7725));
#1573 = LINE('',#1574,#1575);
#1574 = CARTESIAN_POINT('',(3.61,-2.016232,3.7725));
#1575 = VECTOR('',#1576,1.);
#1576 = DIRECTION('',(0.,1.,0.));
#1577 = ORIENTED_EDGE('',*,*,#1578,.T.);
#1578 = EDGE_CURVE('',#1571,#1579,#1581,.T.);
#1579 = VERTEX_POINT('',#1580);
#1580 = CARTESIAN_POINT('',(3.61,-1.64713,6.504291));
#1581 = LINE('',#1582,#1583);
#1582 = CARTESIAN_POINT('',(3.61,-1.64713,3.7725));
#1583 = VECTOR('',#1584,1.);
#1584 = DIRECTION('',(0.,0.,1.));
#1585 = ORIENTED_EDGE('',*,*,#1586,.T.);
#1586 = EDGE_CURVE('',#1579,#1587,#1589,.T.);
#1587 = VERTEX_POINT('',#1588);
#1588 = CARTESIAN_POINT('',(3.61,1.630173,6.504291));
#1589 = LINE('',#1590,#1591);
#1590 = CARTESIAN_POINT('',(3.61,-1.64713,6.504291));
#1591 = VECTOR('',#1592,1.);
#1592 = DIRECTION('',(0.,1.,0.));
#1593 = ORIENTED_EDGE('',*,*,#1594,.T.);
#1594 = EDGE_CURVE('',#1587,#1595,#1597,.T.);
#1595 = VERTEX_POINT('',#1596);
#1596 = CARTESIAN_POINT('',(3.61,1.630173,6.011533));
#1597 = LINE('',#1598,#1599);
#1598 = CARTESIAN_POINT('',(3.61,1.630173,6.504291));
#1599 = VECTOR('',#1600,1.);
#1600 = DIRECTION('',(0.,0.,-1.));
#1601 = ORIENTED_EDGE('',*,*,#1602,.T.);
#1602 = EDGE_CURVE('',#1595,#1309,#1603,.T.);
#1603 = LINE('',#1604,#1605);
#1604 = CARTESIAN_POINT('',(3.61,1.630173,6.011533));
#1605 = VECTOR('',#1606,1.);
#1606 = DIRECTION('',(0.,0.306277272459,-0.951942347191));
#1607 = ORIENTED_EDGE('',*,*,#1308,.T.);
#1608 = ORIENTED_EDGE('',*,*,#428,.T.);
#1609 = PLANE('',#1610);
#1610 = AXIS2_PLACEMENT_3D('',#1611,#1612,#1613);
#1611 = CARTESIAN_POINT('',(3.61,-6.254098390486E-03,3.106456865277));
#1612 = DIRECTION('',(1.,0.,0.));
#1613 = DIRECTION('',(0.,0.,1.));
#1614 = ADVANCED_FACE('',(#1615),#1663,.T.);
#1615 = FACE_BOUND('',#1616,.T.);
#1616 = EDGE_LOOP('',(#1617,#1625,#1633,#1639,#1640,#1648,#1656,#1662));
#1617 = ORIENTED_EDGE('',*,*,#1618,.F.);
#1618 = EDGE_CURVE('',#1619,#485,#1621,.T.);
#1619 = VERTEX_POINT('',#1620);
#1620 = CARTESIAN_POINT('',(6.15,2.085974,4.594855));
#1621 = LINE('',#1622,#1623);
#1622 = CARTESIAN_POINT('',(6.15,2.085974,4.594855));
#1623 = VECTOR('',#1624,1.);
#1624 = DIRECTION('',(0.,0.,-1.));
#1625 = ORIENTED_EDGE('',*,*,#1626,.T.);
#1626 = EDGE_CURVE('',#1619,#1627,#1629,.T.);
#1627 = VERTEX_POINT('',#1628);
#1628 = CARTESIAN_POINT('',(4.01,2.085974,4.594855));
#1629 = LINE('',#1630,#1631);
#1630 = CARTESIAN_POINT('',(6.15,2.085974,4.594855));
#1631 = VECTOR('',#1632,1.);
#1632 = DIRECTION('',(-1.,-0.,-0.));
#1633 = ORIENTED_EDGE('',*,*,#1634,.T.);
#1634 = EDGE_CURVE('',#1627,#511,#1635,.T.);
#1635 = LINE('',#1636,#1637);
#1636 = CARTESIAN_POINT('',(4.01,2.085974,4.594855));
#1637 = VECTOR('',#1638,1.);
#1638 = DIRECTION('',(0.,0.,-1.));
#1639 = ORIENTED_EDGE('',*,*,#518,.F.);
#1640 = ORIENTED_EDGE('',*,*,#1641,.F.);
#1641 = EDGE_CURVE('',#1642,#519,#1644,.T.);
#1642 = VERTEX_POINT('',#1643);
#1643 = CARTESIAN_POINT('',(4.38,2.085974,3.7725668));
#1644 = LINE('',#1645,#1646);
#1645 = CARTESIAN_POINT('',(4.38,2.085974,3.7725668));
#1646 = VECTOR('',#1647,1.);
#1647 = DIRECTION('',(0.,0.,-1.));
#1648 = ORIENTED_EDGE('',*,*,#1649,.F.);
#1649 = EDGE_CURVE('',#1650,#1642,#1652,.T.);
#1650 = VERTEX_POINT('',#1651);
#1651 = CARTESIAN_POINT('',(5.78,2.085974,3.7725668));
#1652 = LINE('',#1653,#1654);
#1653 = CARTESIAN_POINT('',(5.78,2.085974,3.7725668));
#1654 = VECTOR('',#1655,1.);
#1655 = DIRECTION('',(-1.,-0.,-0.));
#1656 = ORIENTED_EDGE('',*,*,#1657,.T.);
#1657 = EDGE_CURVE('',#1650,#487,#1658,.T.);
#1658 = LINE('',#1659,#1660);
#1659 = CARTESIAN_POINT('',(5.78,2.085974,3.7725668));
#1660 = VECTOR('',#1661,1.);
#1661 = DIRECTION('',(0.,0.,-1.));
#1662 = ORIENTED_EDGE('',*,*,#484,.F.);
#1663 = PLANE('',#1664);
#1664 = AXIS2_PLACEMENT_3D('',#1665,#1666,#1667);
#1665 = CARTESIAN_POINT('',(6.15,2.085974,4.594855));
#1666 = DIRECTION('',(0.,-1.,0.));
#1667 = DIRECTION('',(0.,0.,-1.));
#1668 = ADVANCED_FACE('',(#1669),#1710,.F.);
#1669 = FACE_BOUND('',#1670,.F.);
#1670 = EDGE_LOOP('',(#1671,#1679,#1687,#1693,#1694,#1695,#1703,#1709));
#1671 = ORIENTED_EDGE('',*,*,#1672,.T.);
#1672 = EDGE_CURVE('',#887,#1673,#1675,.T.);
#1673 = VERTEX_POINT('',#1674);
#1674 = CARTESIAN_POINT('',(5.78,2.523512383178,4.8494725));
#1675 = LINE('',#1676,#1677);
#1676 = CARTESIAN_POINT('',(5.78,2.323466850359,5.562968233721));
#1677 = VECTOR('',#1678,1.);
#1678 = DIRECTION('',(0.,-0.269963692325,0.962870502626));
#1679 = ORIENTED_EDGE('',*,*,#1680,.T.);
#1680 = EDGE_CURVE('',#1673,#1681,#1683,.T.);
#1681 = VERTEX_POINT('',#1682);
#1682 = CARTESIAN_POINT('',(5.78,2.523512383178,3.7725668));
#1683 = LINE('',#1684,#1685);
#1684 = CARTESIAN_POINT('',(5.78,2.523512383178,4.8494725));
#1685 = VECTOR('',#1686,1.);
#1686 = DIRECTION('',(0.,0.,-1.));
#1687 = ORIENTED_EDGE('',*,*,#1688,.T.);
#1688 = EDGE_CURVE('',#1681,#1650,#1689,.T.);
#1689 = LINE('',#1690,#1691);
#1690 = CARTESIAN_POINT('',(5.78,2.523512383178,3.7725668));
#1691 = VECTOR('',#1692,1.);
#1692 = DIRECTION('',(0.,-1.,0.));
#1693 = ORIENTED_EDGE('',*,*,#1657,.T.);
#1694 = ORIENTED_EDGE('',*,*,#542,.T.);
#1695 = ORIENTED_EDGE('',*,*,#1696,.T.);
#1696 = EDGE_CURVE('',#535,#1697,#1699,.T.);
#1697 = VERTEX_POINT('',#1698);
#1698 = CARTESIAN_POINT('',(5.78,2.527085,1.5091518));
#1699 = LINE('',#1700,#1701);
#1700 = CARTESIAN_POINT('',(5.78,2.527085,0.));
#1701 = VECTOR('',#1702,1.);
#1702 = DIRECTION('',(0.,0.,1.));
#1703 = ORIENTED_EDGE('',*,*,#1704,.T.);
#1704 = EDGE_CURVE('',#1697,#895,#1705,.T.);
#1705 = LINE('',#1706,#1707);
#1706 = CARTESIAN_POINT('',(5.78,2.527085,1.5091518));
#1707 = VECTOR('',#1708,1.);
#1708 = DIRECTION('',(0.,1.,0.));
#1709 = ORIENTED_EDGE('',*,*,#894,.T.);
#1710 = PLANE('',#1711);
#1711 = AXIS2_PLACEMENT_3D('',#1712,#1713,#1714);
#1712 = CARTESIAN_POINT('',(5.78,2.689011253687,2.497546996313));
#1713 = DIRECTION('',(1.,0.,0.));
#1714 = DIRECTION('',(0.,0.,1.));
#1715 = ADVANCED_FACE('',(#1716),#1734,.F.);
#1716 = FACE_BOUND('',#1717,.F.);
#1717 = EDGE_LOOP('',(#1718,#1719,#1727,#1733));
#1718 = ORIENTED_EDGE('',*,*,#534,.T.);
#1719 = ORIENTED_EDGE('',*,*,#1720,.T.);
#1720 = EDGE_CURVE('',#527,#1721,#1723,.T.);
#1721 = VERTEX_POINT('',#1722);
#1722 = CARTESIAN_POINT('',(4.38,2.527085,1.5091518));
#1723 = LINE('',#1724,#1725);
#1724 = CARTESIAN_POINT('',(4.38,2.527085,0.));
#1725 = VECTOR('',#1726,1.);
#1726 = DIRECTION('',(0.,0.,1.));
#1727 = ORIENTED_EDGE('',*,*,#1728,.F.);
#1728 = EDGE_CURVE('',#1697,#1721,#1729,.T.);
#1729 = LINE('',#1730,#1731);
#1730 = CARTESIAN_POINT('',(5.78,2.527085,1.5091518));
#1731 = VECTOR('',#1732,1.);
#1732 = DIRECTION('',(-1.,-0.,-0.));
#1733 = ORIENTED_EDGE('',*,*,#1696,.F.);
#1734 = PLANE('',#1735);
#1735 = AXIS2_PLACEMENT_3D('',#1736,#1737,#1738);
#1736 = CARTESIAN_POINT('',(5.78,2.527085,0.));
#1737 = DIRECTION('',(0.,1.,0.));
#1738 = DIRECTION('',(0.,0.,1.));
#1739 = ADVANCED_FACE('',(#1740),#1774,.T.);
#1740 = FACE_BOUND('',#1741,.T.);
#1741 = EDGE_LOOP('',(#1742,#1750,#1758,#1764,#1765,#1766,#1767,#1773));
#1742 = ORIENTED_EDGE('',*,*,#1743,.T.);
#1743 = EDGE_CURVE('',#911,#1744,#1746,.T.);
#1744 = VERTEX_POINT('',#1745);
#1745 = CARTESIAN_POINT('',(4.38,2.523512383178,4.8494725));
#1746 = LINE('',#1747,#1748);
#1747 = CARTESIAN_POINT('',(4.38,2.323466850359,5.562968233721));
#1748 = VECTOR('',#1749,1.);
#1749 = DIRECTION('',(0.,-0.269963692325,0.962870502626));
#1750 = ORIENTED_EDGE('',*,*,#1751,.T.);
#1751 = EDGE_CURVE('',#1744,#1752,#1754,.T.);
#1752 = VERTEX_POINT('',#1753);
#1753 = CARTESIAN_POINT('',(4.38,2.523512383178,3.7725668));
#1754 = LINE('',#1755,#1756);
#1755 = CARTESIAN_POINT('',(4.38,2.523512383178,4.8494725));
#1756 = VECTOR('',#1757,1.);
#1757 = DIRECTION('',(0.,0.,-1.));
#1758 = ORIENTED_EDGE('',*,*,#1759,.T.);
#1759 = EDGE_CURVE('',#1752,#1642,#1760,.T.);
#1760 = LINE('',#1761,#1762);
#1761 = CARTESIAN_POINT('',(4.38,2.523512383178,3.7725668));
#1762 = VECTOR('',#1763,1.);
#1763 = DIRECTION('',(0.,-1.,0.));
#1764 = ORIENTED_EDGE('',*,*,#1641,.T.);
#1765 = ORIENTED_EDGE('',*,*,#526,.T.);
#1766 = ORIENTED_EDGE('',*,*,#1720,.T.);
#1767 = ORIENTED_EDGE('',*,*,#1768,.T.);
#1768 = EDGE_CURVE('',#1721,#903,#1769,.T.);
#1769 = LINE('',#1770,#1771);
#1770 = CARTESIAN_POINT('',(4.38,2.527085,1.5091518));
#1771 = VECTOR('',#1772,1.);
#1772 = DIRECTION('',(0.,1.,0.));
#1773 = ORIENTED_EDGE('',*,*,#910,.T.);
#1774 = PLANE('',#1775);
#1775 = AXIS2_PLACEMENT_3D('',#1776,#1777,#1778);
#1776 = CARTESIAN_POINT('',(4.38,2.689011253687,2.497546996313));
#1777 = DIRECTION('',(1.,0.,0.));
#1778 = DIRECTION('',(0.,0.,1.));
#1779 = ADVANCED_FACE('',(#1780),#1838,.T.);
#1780 = FACE_BOUND('',#1781,.F.);
#1781 = EDGE_LOOP('',(#1782,#1790,#1798,#1806,#1814,#1822,#1830,#1836,
    #1837));
#1782 = ORIENTED_EDGE('',*,*,#1783,.T.);
#1783 = EDGE_CURVE('',#503,#1784,#1786,.T.);
#1784 = VERTEX_POINT('',#1785);
#1785 = CARTESIAN_POINT('',(4.01,-2.016232,1.330337));
#1786 = LINE('',#1787,#1788);
#1787 = CARTESIAN_POINT('',(4.01,-2.225654,0.));
#1788 = VECTOR('',#1789,1.);
#1789 = DIRECTION('',(0.,0.155505255414,0.987835064947));
#1790 = ORIENTED_EDGE('',*,*,#1791,.T.);
#1791 = EDGE_CURVE('',#1784,#1792,#1794,.T.);
#1792 = VERTEX_POINT('',#1793);
#1793 = CARTESIAN_POINT('',(4.01,-2.016232,3.7725));
#1794 = LINE('',#1795,#1796);
#1795 = CARTESIAN_POINT('',(4.01,-2.016232,1.330337));
#1796 = VECTOR('',#1797,1.);
#1797 = DIRECTION('',(0.,0.,1.));
#1798 = ORIENTED_EDGE('',*,*,#1799,.T.);
#1799 = EDGE_CURVE('',#1792,#1800,#1802,.T.);
#1800 = VERTEX_POINT('',#1801);
#1801 = CARTESIAN_POINT('',(4.01,-1.64713,3.7725));
#1802 = LINE('',#1803,#1804);
#1803 = CARTESIAN_POINT('',(4.01,-2.016232,3.7725));
#1804 = VECTOR('',#1805,1.);
#1805 = DIRECTION('',(0.,1.,0.));
#1806 = ORIENTED_EDGE('',*,*,#1807,.T.);
#1807 = EDGE_CURVE('',#1800,#1808,#1810,.T.);
#1808 = VERTEX_POINT('',#1809);
#1809 = CARTESIAN_POINT('',(4.01,-1.64713,6.504291));
#1810 = LINE('',#1811,#1812);
#1811 = CARTESIAN_POINT('',(4.01,-1.64713,3.7725));
#1812 = VECTOR('',#1813,1.);
#1813 = DIRECTION('',(0.,0.,1.));
#1814 = ORIENTED_EDGE('',*,*,#1815,.T.);
#1815 = EDGE_CURVE('',#1808,#1816,#1818,.T.);
#1816 = VERTEX_POINT('',#1817);
#1817 = CARTESIAN_POINT('',(4.01,1.630173,6.504291));
#1818 = LINE('',#1819,#1820);
#1819 = CARTESIAN_POINT('',(4.01,-1.64713,6.504291));
#1820 = VECTOR('',#1821,1.);
#1821 = DIRECTION('',(0.,1.,0.));
#1822 = ORIENTED_EDGE('',*,*,#1823,.T.);
#1823 = EDGE_CURVE('',#1816,#1824,#1826,.T.);
#1824 = VERTEX_POINT('',#1825);
#1825 = CARTESIAN_POINT('',(4.01,1.630173,6.011533));
#1826 = LINE('',#1827,#1828);
#1827 = CARTESIAN_POINT('',(4.01,1.630173,6.504291));
#1828 = VECTOR('',#1829,1.);
#1829 = DIRECTION('',(0.,0.,-1.));
#1830 = ORIENTED_EDGE('',*,*,#1831,.T.);
#1831 = EDGE_CURVE('',#1824,#1627,#1832,.T.);
#1832 = LINE('',#1833,#1834);
#1833 = CARTESIAN_POINT('',(4.01,1.630173,6.011533));
#1834 = VECTOR('',#1835,1.);
#1835 = DIRECTION('',(0.,0.306277272459,-0.951942347191));
#1836 = ORIENTED_EDGE('',*,*,#1634,.T.);
#1837 = ORIENTED_EDGE('',*,*,#510,.T.);
#1838 = PLANE('',#1839);
#1839 = AXIS2_PLACEMENT_3D('',#1840,#1841,#1842);
#1840 = CARTESIAN_POINT('',(4.01,-6.254098390486E-03,3.106456865277));
#1841 = DIRECTION('',(1.,0.,0.));
#1842 = DIRECTION('',(0.,0.,1.));
#1843 = ADVANCED_FACE('',(#1844),#1862,.T.);
#1844 = FACE_BOUND('',#1845,.T.);
#1845 = EDGE_LOOP('',(#1846,#1847,#1848,#1856));
#1846 = ORIENTED_EDGE('',*,*,#502,.T.);
#1847 = ORIENTED_EDGE('',*,*,#1783,.T.);
#1848 = ORIENTED_EDGE('',*,*,#1849,.F.);
#1849 = EDGE_CURVE('',#1850,#1784,#1852,.T.);
#1850 = VERTEX_POINT('',#1851);
#1851 = CARTESIAN_POINT('',(6.15,-2.016232,1.330337));
#1852 = LINE('',#1853,#1854);
#1853 = CARTESIAN_POINT('',(6.15,-2.016232,1.330337));
#1854 = VECTOR('',#1855,1.);
#1855 = DIRECTION('',(-1.,-0.,-0.));
#1856 = ORIENTED_EDGE('',*,*,#1857,.F.);
#1857 = EDGE_CURVE('',#495,#1850,#1858,.T.);
#1858 = LINE('',#1859,#1860);
#1859 = CARTESIAN_POINT('',(6.15,-2.225654,0.));
#1860 = VECTOR('',#1861,1.);
#1861 = DIRECTION('',(0.,0.155505255414,0.987835064947));
#1862 = PLANE('',#1863);
#1863 = AXIS2_PLACEMENT_3D('',#1864,#1865,#1866);
#1864 = CARTESIAN_POINT('',(6.15,-2.225654,0.));
#1865 = DIRECTION('',(0.,0.987835064947,-0.155505255414));
#1866 = DIRECTION('',(0.,0.155505255414,0.987835064947));
#1867 = ADVANCED_FACE('',(#1868),#1919,.F.);
#1868 = FACE_BOUND('',#1869,.T.);
#1869 = EDGE_LOOP('',(#1870,#1871,#1879,#1887,#1895,#1903,#1911,#1917,
    #1918));
#1870 = ORIENTED_EDGE('',*,*,#1857,.T.);
#1871 = ORIENTED_EDGE('',*,*,#1872,.T.);
#1872 = EDGE_CURVE('',#1850,#1873,#1875,.T.);
#1873 = VERTEX_POINT('',#1874);
#1874 = CARTESIAN_POINT('',(6.15,-2.016232,3.7725));
#1875 = LINE('',#1876,#1877);
#1876 = CARTESIAN_POINT('',(6.15,-2.016232,1.330337));
#1877 = VECTOR('',#1878,1.);
#1878 = DIRECTION('',(0.,0.,1.));
#1879 = ORIENTED_EDGE('',*,*,#1880,.T.);
#1880 = EDGE_CURVE('',#1873,#1881,#1883,.T.);
#1881 = VERTEX_POINT('',#1882);
#1882 = CARTESIAN_POINT('',(6.15,-1.64713,3.7725));
#1883 = LINE('',#1884,#1885);
#1884 = CARTESIAN_POINT('',(6.15,-2.016232,3.7725));
#1885 = VECTOR('',#1886,1.);
#1886 = DIRECTION('',(0.,1.,0.));
#1887 = ORIENTED_EDGE('',*,*,#1888,.T.);
#1888 = EDGE_CURVE('',#1881,#1889,#1891,.T.);
#1889 = VERTEX_POINT('',#1890);
#1890 = CARTESIAN_POINT('',(6.15,-1.64713,6.504291));
#1891 = LINE('',#1892,#1893);
#1892 = CARTESIAN_POINT('',(6.15,-1.64713,3.7725));
#1893 = VECTOR('',#1894,1.);
#1894 = DIRECTION('',(0.,0.,1.));
#1895 = ORIENTED_EDGE('',*,*,#1896,.T.);
#1896 = EDGE_CURVE('',#1889,#1897,#1899,.T.);
#1897 = VERTEX_POINT('',#1898);
#1898 = CARTESIAN_POINT('',(6.15,1.630173,6.504291));
#1899 = LINE('',#1900,#1901);
#1900 = CARTESIAN_POINT('',(6.15,-1.64713,6.504291));
#1901 = VECTOR('',#1902,1.);
#1902 = DIRECTION('',(0.,1.,0.));
#1903 = ORIENTED_EDGE('',*,*,#1904,.T.);
#1904 = EDGE_CURVE('',#1897,#1905,#1907,.T.);
#1905 = VERTEX_POINT('',#1906);
#1906 = CARTESIAN_POINT('',(6.15,1.630173,6.011533));
#1907 = LINE('',#1908,#1909);
#1908 = CARTESIAN_POINT('',(6.15,1.630173,6.504291));
#1909 = VECTOR('',#1910,1.);
#1910 = DIRECTION('',(0.,0.,-1.));
#1911 = ORIENTED_EDGE('',*,*,#1912,.T.);
#1912 = EDGE_CURVE('',#1905,#1619,#1913,.T.);
#1913 = LINE('',#1914,#1915);
#1914 = CARTESIAN_POINT('',(6.15,1.630173,6.011533));
#1915 = VECTOR('',#1916,1.);
#1916 = DIRECTION('',(0.,0.306277272459,-0.951942347191));
#1917 = ORIENTED_EDGE('',*,*,#1618,.T.);
#1918 = ORIENTED_EDGE('',*,*,#494,.T.);
#1919 = PLANE('',#1920);
#1920 = AXIS2_PLACEMENT_3D('',#1921,#1922,#1923);
#1921 = CARTESIAN_POINT('',(6.15,-6.254098390486E-03,3.106456865277));
#1922 = DIRECTION('',(1.,0.,0.));
#1923 = DIRECTION('',(0.,0.,1.));
#1924 = ADVANCED_FACE('',(#1925),#1936,.F.);
#1925 = FACE_BOUND('',#1926,.F.);
#1926 = EDGE_LOOP('',(#1927,#1928,#1929,#1935));
#1927 = ORIENTED_EDGE('',*,*,#670,.T.);
#1928 = ORIENTED_EDGE('',*,*,#613,.T.);
#1929 = ORIENTED_EDGE('',*,*,#1930,.F.);
#1930 = EDGE_CURVE('',#559,#616,#1931,.T.);
#1931 = LINE('',#1932,#1933);
#1932 = CARTESIAN_POINT('',(6.55,-2.4,5.25));
#1933 = VECTOR('',#1934,1.);
#1934 = DIRECTION('',(-1.,-0.,-0.));
#1935 = ORIENTED_EDGE('',*,*,#556,.F.);
#1936 = PLANE('',#1937);
#1937 = AXIS2_PLACEMENT_3D('',#1938,#1939,#1940);
#1938 = CARTESIAN_POINT('',(6.55,-3.,5.25));
#1939 = DIRECTION('',(0.,0.,-1.));
#1940 = DIRECTION('',(0.,1.,0.));
#1941 = ADVANCED_FACE('',(#1942),#1953,.F.);
#1942 = FACE_BOUND('',#1943,.F.);
#1943 = EDGE_LOOP('',(#1944,#1945,#1946,#1952));
#1944 = ORIENTED_EDGE('',*,*,#1930,.T.);
#1945 = ORIENTED_EDGE('',*,*,#623,.T.);
#1946 = ORIENTED_EDGE('',*,*,#1947,.F.);
#1947 = EDGE_CURVE('',#567,#624,#1948,.T.);
#1948 = LINE('',#1949,#1950);
#1949 = CARTESIAN_POINT('',(6.55,-1.5,8.5));
#1950 = VECTOR('',#1951,1.);
#1951 = DIRECTION('',(-1.,-0.,-0.));
#1952 = ORIENTED_EDGE('',*,*,#566,.F.);
#1953 = PLANE('',#1954);
#1954 = AXIS2_PLACEMENT_3D('',#1955,#1956,#1957);
#1955 = CARTESIAN_POINT('',(6.55,-2.4,5.25));
#1956 = DIRECTION('',(0.,0.963730021877,-0.266879082981));
#1957 = DIRECTION('',(0.,0.266879082981,0.963730021877));
#1958 = ADVANCED_FACE('',(#1959,#1970,#1981,#1992),#2003,.F.);
#1959 = FACE_BOUND('',#1960,.F.);
#1960 = EDGE_LOOP('',(#1961,#1962,#1963,#1969));
#1961 = ORIENTED_EDGE('',*,*,#1947,.T.);
#1962 = ORIENTED_EDGE('',*,*,#631,.T.);
#1963 = ORIENTED_EDGE('',*,*,#1964,.F.);
#1964 = EDGE_CURVE('',#575,#632,#1965,.T.);
#1965 = LINE('',#1966,#1967);
#1966 = CARTESIAN_POINT('',(6.55,1.5,8.5));
#1967 = VECTOR('',#1968,1.);
#1968 = DIRECTION('',(-1.,-0.,-0.));
#1969 = ORIENTED_EDGE('',*,*,#574,.F.);
#1970 = FACE_BOUND('',#1971,.F.);
#1971 = EDGE_LOOP('',(#1972));
#1972 = ORIENTED_EDGE('',*,*,#1973,.T.);
#1973 = EDGE_CURVE('',#1974,#1974,#1976,.T.);
#1974 = VERTEX_POINT('',#1975);
#1975 = CARTESIAN_POINT('',(0.,1.04036,8.5));
#1976 = CIRCLE('',#1977,1.04036);
#1977 = AXIS2_PLACEMENT_3D('',#1978,#1979,#1980);
#1978 = CARTESIAN_POINT('',(0.,0.,8.5));
#1979 = DIRECTION('',(0.,-0.,1.));
#1980 = DIRECTION('',(0.,1.,0.));
#1981 = FACE_BOUND('',#1982,.F.);
#1982 = EDGE_LOOP('',(#1983));
#1983 = ORIENTED_EDGE('',*,*,#1984,.T.);
#1984 = EDGE_CURVE('',#1985,#1985,#1987,.T.);
#1985 = VERTEX_POINT('',#1986);
#1986 = CARTESIAN_POINT('',(2.54,1.04036,8.5));
#1987 = CIRCLE('',#1988,1.04036);
#1988 = AXIS2_PLACEMENT_3D('',#1989,#1990,#1991);
#1989 = CARTESIAN_POINT('',(2.54,0.,8.5));
#1990 = DIRECTION('',(0.,-0.,1.));
#1991 = DIRECTION('',(0.,1.,0.));
#1992 = FACE_BOUND('',#1993,.F.);
#1993 = EDGE_LOOP('',(#1994));
#1994 = ORIENTED_EDGE('',*,*,#1995,.T.);
#1995 = EDGE_CURVE('',#1996,#1996,#1998,.T.);
#1996 = VERTEX_POINT('',#1997);
#1997 = CARTESIAN_POINT('',(5.08,1.04036,8.5));
#1998 = CIRCLE('',#1999,1.04036);
#1999 = AXIS2_PLACEMENT_3D('',#2000,#2001,#2002);
#2000 = CARTESIAN_POINT('',(5.08,0.,8.5));
#2001 = DIRECTION('',(0.,-0.,1.));
#2002 = DIRECTION('',(0.,1.,0.));
#2003 = PLANE('',#2004);
#2004 = AXIS2_PLACEMENT_3D('',#2005,#2006,#2007);
#2005 = CARTESIAN_POINT('',(6.55,-1.5,8.5));
#2006 = DIRECTION('',(0.,0.,-1.));
#2007 = DIRECTION('',(0.,1.,0.));
#2008 = ADVANCED_FACE('',(#2009),#2042,.F.);
#2009 = FACE_BOUND('',#2010,.F.);
#2010 = EDGE_LOOP('',(#2011,#2012,#2013,#2014,#2015,#2016,#2022,#2023,
    #2024,#2025,#2031,#2032,#2033,#2034,#2040,#2041));
#2011 = ORIENTED_EDGE('',*,*,#582,.F.);
#2012 = ORIENTED_EDGE('',*,*,#1964,.T.);
#2013 = ORIENTED_EDGE('',*,*,#639,.T.);
#2014 = ORIENTED_EDGE('',*,*,#982,.F.);
#2015 = ORIENTED_EDGE('',*,*,#1268,.T.);
#2016 = ORIENTED_EDGE('',*,*,#2017,.F.);
#2017 = EDGE_CURVE('',#1117,#1269,#2018,.T.);
#2018 = LINE('',#2019,#2020);
#2019 = CARTESIAN_POINT('',(0.7,2.523512383178,4.8494725));
#2020 = VECTOR('',#2021,1.);
#2021 = DIRECTION('',(-1.,-0.,-0.));
#2022 = ORIENTED_EDGE('',*,*,#1116,.F.);
#2023 = ORIENTED_EDGE('',*,*,#950,.F.);
#2024 = ORIENTED_EDGE('',*,*,#1433,.T.);
#2025 = ORIENTED_EDGE('',*,*,#2026,.F.);
#2026 = EDGE_CURVE('',#1363,#1434,#2027,.T.);
#2027 = LINE('',#2028,#2029);
#2028 = CARTESIAN_POINT('',(3.24,2.523512383178,4.8494725));
#2029 = VECTOR('',#2030,1.);
#2030 = DIRECTION('',(-1.,-0.,-0.));
#2031 = ORIENTED_EDGE('',*,*,#1362,.F.);
#2032 = ORIENTED_EDGE('',*,*,#918,.F.);
#2033 = ORIENTED_EDGE('',*,*,#1743,.T.);
#2034 = ORIENTED_EDGE('',*,*,#2035,.F.);
#2035 = EDGE_CURVE('',#1673,#1744,#2036,.T.);
#2036 = LINE('',#2037,#2038);
#2037 = CARTESIAN_POINT('',(5.78,2.523512383178,4.8494725));
#2038 = VECTOR('',#2039,1.);
#2039 = DIRECTION('',(-1.,-0.,-0.));
#2040 = ORIENTED_EDGE('',*,*,#1672,.F.);
#2041 = ORIENTED_EDGE('',*,*,#886,.F.);
#2042 = PLANE('',#2043);
#2043 = AXIS2_PLACEMENT_3D('',#2044,#2045,#2046);
#2044 = CARTESIAN_POINT('',(6.55,1.5,8.5));
#2045 = DIRECTION('',(0.,-0.962870502626,-0.269963692325));
#2046 = DIRECTION('',(0.,0.269963692325,-0.962870502626));
#2047 = ADVANCED_FACE('',(#2048),#2073,.T.);
#2048 = FACE_BOUND('',#2049,.T.);
#2049 = EDGE_LOOP('',(#2050,#2058,#2066,#2072));
#2050 = ORIENTED_EDGE('',*,*,#2051,.F.);
#2051 = EDGE_CURVE('',#2052,#688,#2054,.T.);
#2052 = VERTEX_POINT('',#2053);
#2053 = CARTESIAN_POINT('',(0.67,-2.016232,1.532840329046));
#2054 = LINE('',#2055,#2056);
#2055 = CARTESIAN_POINT('',(0.67,3.403589252763E-16,1.532840329046));
#2056 = VECTOR('',#2057,1.);
#2057 = DIRECTION('',(0.,-1.,2.22044604925E-16));
#2058 = ORIENTED_EDGE('',*,*,#2059,.F.);
#2059 = EDGE_CURVE('',#2060,#2052,#2062,.T.);
#2060 = VERTEX_POINT('',#2061);
#2061 = CARTESIAN_POINT('',(-0.67,-2.016232,1.532840329046));
#2062 = LINE('',#2063,#2064);
#2063 = CARTESIAN_POINT('',(0.2,-2.016232,1.532840329046));
#2064 = VECTOR('',#2065,1.);
#2065 = DIRECTION('',(1.,0.,0.));
#2066 = ORIENTED_EDGE('',*,*,#2067,.T.);
#2067 = EDGE_CURVE('',#2060,#696,#2068,.T.);
#2068 = LINE('',#2069,#2070);
#2069 = CARTESIAN_POINT('',(-0.67,3.403589252763E-16,1.532840329046));
#2070 = VECTOR('',#2071,1.);
#2071 = DIRECTION('',(0.,-1.,2.22044604925E-16));
#2072 = ORIENTED_EDGE('',*,*,#695,.T.);
#2073 = PLANE('',#2074);
#2074 = AXIS2_PLACEMENT_3D('',#2075,#2076,#2077);
#2075 = CARTESIAN_POINT('',(-0.67,3.403589252763E-16,1.532840329046));
#2076 = DIRECTION('',(0.,2.22044604925E-16,1.));
#2077 = DIRECTION('',(1.,0.,0.));
#2078 = ADVANCED_FACE('',(#2079),#2097,.T.);
#2079 = FACE_BOUND('',#2080,.T.);
#2080 = EDGE_LOOP('',(#2081,#2082,#2090,#2096));
#2081 = ORIENTED_EDGE('',*,*,#728,.T.);
#2082 = ORIENTED_EDGE('',*,*,#2083,.F.);
#2083 = EDGE_CURVE('',#2084,#721,#2086,.T.);
#2084 = VERTEX_POINT('',#2085);
#2085 = CARTESIAN_POINT('',(0.67,-2.016232,3.132840329046));
#2086 = LINE('',#2087,#2088);
#2087 = CARTESIAN_POINT('',(0.67,6.956302931563E-16,3.132840329046));
#2088 = VECTOR('',#2089,1.);
#2089 = DIRECTION('',(0.,-1.,2.22044604925E-16));
#2090 = ORIENTED_EDGE('',*,*,#2091,.F.);
#2091 = EDGE_CURVE('',#2052,#2084,#2092,.T.);
#2092 = LINE('',#2093,#2094);
#2093 = CARTESIAN_POINT('',(0.67,-2.016232,1.431588664523));
#2094 = VECTOR('',#2095,1.);
#2095 = DIRECTION('',(0.,0.,1.));
#2096 = ORIENTED_EDGE('',*,*,#2051,.T.);
#2097 = PLANE('',#2098);
#2098 = AXIS2_PLACEMENT_3D('',#2099,#2100,#2101);
#2099 = CARTESIAN_POINT('',(0.67,3.403589252763E-16,1.532840329046));
#2100 = DIRECTION('',(-1.,0.,0.));
#2101 = DIRECTION('',(0.,2.22044604925E-16,1.));
#2102 = ADVANCED_FACE('',(#2103),#2121,.T.);
#2103 = FACE_BOUND('',#2104,.T.);
#2104 = EDGE_LOOP('',(#2105,#2106,#2107,#2115));
#2105 = ORIENTED_EDGE('',*,*,#752,.T.);
#2106 = ORIENTED_EDGE('',*,*,#2067,.F.);
#2107 = ORIENTED_EDGE('',*,*,#2108,.F.);
#2108 = EDGE_CURVE('',#2109,#2060,#2111,.T.);
#2109 = VERTEX_POINT('',#2110);
#2110 = CARTESIAN_POINT('',(-0.67,-2.016232,3.132840329046));
#2111 = LINE('',#2112,#2113);
#2112 = CARTESIAN_POINT('',(-0.67,-2.016232,2.231588664523));
#2113 = VECTOR('',#2114,1.);
#2114 = DIRECTION('',(0.,0.,-1.));
#2115 = ORIENTED_EDGE('',*,*,#2116,.T.);
#2116 = EDGE_CURVE('',#2109,#743,#2117,.T.);
#2117 = LINE('',#2118,#2119);
#2118 = CARTESIAN_POINT('',(-0.67,6.956302931563E-16,3.132840329046));
#2119 = VECTOR('',#2120,1.);
#2120 = DIRECTION('',(0.,-1.,2.22044604925E-16));
#2121 = PLANE('',#2122);
#2122 = AXIS2_PLACEMENT_3D('',#2123,#2124,#2125);
#2123 = CARTESIAN_POINT('',(-0.67,6.956302931563E-16,3.132840329046));
#2124 = DIRECTION('',(1.,0.,0.));
#2125 = DIRECTION('',(0.,-2.22044604925E-16,-1.));
#2126 = ADVANCED_FACE('',(#2127),#2138,.T.);
#2127 = FACE_BOUND('',#2128,.T.);
#2128 = EDGE_LOOP('',(#2129,#2130,#2136,#2137));
#2129 = ORIENTED_EDGE('',*,*,#2116,.F.);
#2130 = ORIENTED_EDGE('',*,*,#2131,.F.);
#2131 = EDGE_CURVE('',#2084,#2109,#2132,.T.);
#2132 = LINE('',#2133,#2134);
#2133 = CARTESIAN_POINT('',(0.87,-2.016232,3.132840329046));
#2134 = VECTOR('',#2135,1.);
#2135 = DIRECTION('',(-1.,0.,0.));
#2136 = ORIENTED_EDGE('',*,*,#2083,.T.);
#2137 = ORIENTED_EDGE('',*,*,#769,.T.);
#2138 = PLANE('',#2139);
#2139 = AXIS2_PLACEMENT_3D('',#2140,#2141,#2142);
#2140 = CARTESIAN_POINT('',(0.67,6.956302931563E-16,3.132840329046));
#2141 = DIRECTION('',(-0.,-2.22044604925E-16,-1.));
#2142 = DIRECTION('',(-1.,0.,0.));
#2143 = ADVANCED_FACE('',(#2144),#2167,.T.);
#2144 = FACE_BOUND('',#2145,.T.);
#2145 = EDGE_LOOP('',(#2146,#2154,#2160,#2166));
#2146 = ORIENTED_EDGE('',*,*,#2147,.F.);
#2147 = EDGE_CURVE('',#2148,#155,#2150,.T.);
#2148 = VERTEX_POINT('',#2149);
#2149 = CARTESIAN_POINT('',(3.21,-2.016232,3.132840329046));
#2150 = LINE('',#2151,#2152);
#2151 = CARTESIAN_POINT('',(3.41,-2.016232,3.132840329046));
#2152 = VECTOR('',#2153,1.);
#2153 = DIRECTION('',(-1.,0.,0.));
#2154 = ORIENTED_EDGE('',*,*,#2155,.T.);
#2155 = EDGE_CURVE('',#2148,#813,#2156,.T.);
#2156 = LINE('',#2157,#2158);
#2157 = CARTESIAN_POINT('',(3.21,6.956302931563E-16,3.132840329046));
#2158 = VECTOR('',#2159,1.);
#2159 = DIRECTION('',(0.,-1.,2.22044604925E-16));
#2160 = ORIENTED_EDGE('',*,*,#2161,.T.);
#2161 = EDGE_CURVE('',#813,#163,#2162,.T.);
#2162 = LINE('',#2163,#2164);
#2163 = CARTESIAN_POINT('',(3.21,-2.5,3.132840329046));
#2164 = VECTOR('',#2165,1.);
#2165 = DIRECTION('',(-1.,0.,0.));
#2166 = ORIENTED_EDGE('',*,*,#162,.F.);
#2167 = PLANE('',#2168);
#2168 = AXIS2_PLACEMENT_3D('',#2169,#2170,#2171);
#2169 = CARTESIAN_POINT('',(3.21,6.956302931563E-16,3.132840329046));
#2170 = DIRECTION('',(-0.,-2.22044604925E-16,-1.));
#2171 = DIRECTION('',(-1.,0.,0.));
#2172 = ADVANCED_FACE('',(#2173),#2184,.T.);
#2173 = FACE_BOUND('',#2174,.T.);
#2174 = EDGE_LOOP('',(#2175,#2181,#2182,#2183));
#2175 = ORIENTED_EDGE('',*,*,#2176,.F.);
#2176 = EDGE_CURVE('',#117,#2148,#2177,.T.);
#2177 = LINE('',#2178,#2179);
#2178 = CARTESIAN_POINT('',(3.21,-2.016232,1.431588664523));
#2179 = VECTOR('',#2180,1.);
#2180 = DIRECTION('',(0.,0.,1.));
#2181 = ORIENTED_EDGE('',*,*,#140,.T.);
#2182 = ORIENTED_EDGE('',*,*,#820,.T.);
#2183 = ORIENTED_EDGE('',*,*,#2155,.F.);
#2184 = PLANE('',#2185);
#2185 = AXIS2_PLACEMENT_3D('',#2186,#2187,#2188);
#2186 = CARTESIAN_POINT('',(3.21,3.403589252763E-16,1.532840329046));
#2187 = DIRECTION('',(-1.,0.,0.));
#2188 = DIRECTION('',(0.,2.22044604925E-16,1.));
#2189 = ADVANCED_FACE('',(#2190),#2213,.T.);
#2190 = FACE_BOUND('',#2191,.T.);
#2191 = EDGE_LOOP('',(#2192,#2200,#2206,#2212));
#2192 = ORIENTED_EDGE('',*,*,#2193,.F.);
#2193 = EDGE_CURVE('',#2194,#84,#2196,.T.);
#2194 = VERTEX_POINT('',#2195);
#2195 = CARTESIAN_POINT('',(5.75,-2.016232,3.132840329046));
#2196 = LINE('',#2197,#2198);
#2197 = CARTESIAN_POINT('',(5.95,-2.016232,3.132840329046));
#2198 = VECTOR('',#2199,1.);
#2199 = DIRECTION('',(-1.,0.,0.));
#2200 = ORIENTED_EDGE('',*,*,#2201,.T.);
#2201 = EDGE_CURVE('',#2194,#864,#2202,.T.);
#2202 = LINE('',#2203,#2204);
#2203 = CARTESIAN_POINT('',(5.75,6.956302931563E-16,3.132840329046));
#2204 = VECTOR('',#2205,1.);
#2205 = DIRECTION('',(0.,-1.,2.22044604925E-16));
#2206 = ORIENTED_EDGE('',*,*,#2207,.T.);
#2207 = EDGE_CURVE('',#864,#92,#2208,.T.);
#2208 = LINE('',#2209,#2210);
#2209 = CARTESIAN_POINT('',(5.75,-2.5,3.132840329046));
#2210 = VECTOR('',#2211,1.);
#2211 = DIRECTION('',(-1.,0.,0.));
#2212 = ORIENTED_EDGE('',*,*,#91,.F.);
#2213 = PLANE('',#2214);
#2214 = AXIS2_PLACEMENT_3D('',#2215,#2216,#2217);
#2215 = CARTESIAN_POINT('',(5.75,6.956302931563E-16,3.132840329046));
#2216 = DIRECTION('',(-0.,-2.22044604925E-16,-1.));
#2217 = DIRECTION('',(-1.,0.,0.));
#2218 = ADVANCED_FACE('',(#2219),#2230,.T.);
#2219 = FACE_BOUND('',#2220,.T.);
#2220 = EDGE_LOOP('',(#2221,#2227,#2228,#2229));
#2221 = ORIENTED_EDGE('',*,*,#2222,.F.);
#2222 = EDGE_CURVE('',#46,#2194,#2223,.T.);
#2223 = LINE('',#2224,#2225);
#2224 = CARTESIAN_POINT('',(5.75,-2.016232,1.431588664523));
#2225 = VECTOR('',#2226,1.);
#2226 = DIRECTION('',(0.,0.,1.));
#2227 = ORIENTED_EDGE('',*,*,#69,.T.);
#2228 = ORIENTED_EDGE('',*,*,#871,.T.);
#2229 = ORIENTED_EDGE('',*,*,#2201,.F.);
#2230 = PLANE('',#2231);
#2231 = AXIS2_PLACEMENT_3D('',#2232,#2233,#2234);
#2232 = CARTESIAN_POINT('',(5.75,3.403589252763E-16,1.532840329046));
#2233 = DIRECTION('',(-1.,0.,0.));
#2234 = DIRECTION('',(0.,2.22044604925E-16,1.));
#2235 = ADVANCED_FACE('',(#2236),#2242,.F.);
#2236 = FACE_BOUND('',#2237,.F.);
#2237 = EDGE_LOOP('',(#2238,#2239,#2240,#2241));
#2238 = ORIENTED_EDGE('',*,*,#1148,.F.);
#2239 = ORIENTED_EDGE('',*,*,#1196,.T.);
#2240 = ORIENTED_EDGE('',*,*,#1293,.T.);
#2241 = ORIENTED_EDGE('',*,*,#966,.T.);
#2242 = PLANE('',#2243);
#2243 = AXIS2_PLACEMENT_3D('',#2244,#2245,#2246);
#2244 = CARTESIAN_POINT('',(0.7,2.527085,1.5091518));
#2245 = DIRECTION('',(0.,0.,-1.));
#2246 = DIRECTION('',(0.,1.,0.));
#2247 = ADVANCED_FACE('',(#2248),#2254,.F.);
#2248 = FACE_BOUND('',#2249,.F.);
#2249 = EDGE_LOOP('',(#2250,#2251,#2252,#2253));
#2250 = ORIENTED_EDGE('',*,*,#1394,.F.);
#2251 = ORIENTED_EDGE('',*,*,#1418,.T.);
#2252 = ORIENTED_EDGE('',*,*,#1458,.T.);
#2253 = ORIENTED_EDGE('',*,*,#934,.T.);
#2254 = PLANE('',#2255);
#2255 = AXIS2_PLACEMENT_3D('',#2256,#2257,#2258);
#2256 = CARTESIAN_POINT('',(3.24,2.527085,1.5091518));
#2257 = DIRECTION('',(0.,0.,-1.));
#2258 = DIRECTION('',(0.,1.,0.));
#2259 = ADVANCED_FACE('',(#2260),#2266,.F.);
#2260 = FACE_BOUND('',#2261,.F.);
#2261 = EDGE_LOOP('',(#2262,#2263,#2264,#2265));
#2262 = ORIENTED_EDGE('',*,*,#1704,.F.);
#2263 = ORIENTED_EDGE('',*,*,#1728,.T.);
#2264 = ORIENTED_EDGE('',*,*,#1768,.T.);
#2265 = ORIENTED_EDGE('',*,*,#902,.T.);
#2266 = PLANE('',#2267);
#2267 = AXIS2_PLACEMENT_3D('',#2268,#2269,#2270);
#2268 = CARTESIAN_POINT('',(5.78,2.527085,1.5091518));
#2269 = DIRECTION('',(0.,0.,-1.));
#2270 = DIRECTION('',(0.,1.,0.));
#2271 = ADVANCED_FACE('',(#2272),#2283,.F.);
#2272 = FACE_BOUND('',#2273,.F.);
#2273 = EDGE_LOOP('',(#2274,#2280,#2281,#2282));
#2274 = ORIENTED_EDGE('',*,*,#2275,.T.);
#2275 = EDGE_CURVE('',#1125,#1277,#2276,.T.);
#2276 = LINE('',#2277,#2278);
#2277 = CARTESIAN_POINT('',(0.7,2.523512383178,3.7725668));
#2278 = VECTOR('',#2279,1.);
#2279 = DIRECTION('',(-1.,-0.,-0.));
#2280 = ORIENTED_EDGE('',*,*,#1284,.T.);
#2281 = ORIENTED_EDGE('',*,*,#1029,.F.);
#2282 = ORIENTED_EDGE('',*,*,#1132,.F.);
#2283 = PLANE('',#2284);
#2284 = AXIS2_PLACEMENT_3D('',#2285,#2286,#2287);
#2285 = CARTESIAN_POINT('',(0.7,2.523512383178,3.7725668));
#2286 = DIRECTION('',(0.,0.,1.));
#2287 = DIRECTION('',(0.,-1.,0.));
#2288 = ADVANCED_FACE('',(#2289),#2300,.T.);
#2289 = FACE_BOUND('',#2290,.T.);
#2290 = EDGE_LOOP('',(#2291,#2297,#2298,#2299));
#2291 = ORIENTED_EDGE('',*,*,#2292,.T.);
#2292 = EDGE_CURVE('',#1093,#1245,#2293,.T.);
#2293 = LINE('',#2294,#2295);
#2294 = CARTESIAN_POINT('',(1.07,1.630173,6.011533));
#2295 = VECTOR('',#2296,1.);
#2296 = DIRECTION('',(-1.,-0.,-0.));
#2297 = ORIENTED_EDGE('',*,*,#1252,.T.);
#2298 = ORIENTED_EDGE('',*,*,#1006,.F.);
#2299 = ORIENTED_EDGE('',*,*,#1100,.F.);
#2300 = PLANE('',#2301);
#2301 = AXIS2_PLACEMENT_3D('',#2302,#2303,#2304);
#2302 = CARTESIAN_POINT('',(1.07,1.630173,6.011533));
#2303 = DIRECTION('',(0.,-0.951942347191,-0.306277272459));
#2304 = DIRECTION('',(0.,0.306277272459,-0.951942347191));
#2305 = ADVANCED_FACE('',(#2306,#2317),#2323,.T.);
#2306 = FACE_BOUND('',#2307,.T.);
#2307 = EDGE_LOOP('',(#2308,#2309,#2310,#2316));
#2308 = ORIENTED_EDGE('',*,*,#1172,.T.);
#2309 = ORIENTED_EDGE('',*,*,#1212,.T.);
#2310 = ORIENTED_EDGE('',*,*,#2311,.F.);
#2311 = EDGE_CURVE('',#1061,#1213,#2312,.T.);
#2312 = LINE('',#2313,#2314);
#2313 = CARTESIAN_POINT('',(1.07,-2.016232,3.7725));
#2314 = VECTOR('',#2315,1.);
#2315 = DIRECTION('',(-1.,-0.,-0.));
#2316 = ORIENTED_EDGE('',*,*,#1060,.F.);
#2317 = FACE_BOUND('',#2318,.T.);
#2318 = EDGE_LOOP('',(#2319,#2320,#2321,#2322));
#2319 = ORIENTED_EDGE('',*,*,#2131,.T.);
#2320 = ORIENTED_EDGE('',*,*,#2108,.T.);
#2321 = ORIENTED_EDGE('',*,*,#2059,.T.);
#2322 = ORIENTED_EDGE('',*,*,#2091,.T.);
#2323 = PLANE('',#2324);
#2324 = AXIS2_PLACEMENT_3D('',#2325,#2326,#2327);
#2325 = CARTESIAN_POINT('',(1.07,-2.016232,1.330337));
#2326 = DIRECTION('',(0.,1.,0.));
#2327 = DIRECTION('',(0.,0.,1.));
#2328 = ADVANCED_FACE('',(#2329),#2340,.T.);
#2329 = FACE_BOUND('',#2330,.T.);
#2330 = EDGE_LOOP('',(#2331,#2332,#2333,#2339));
#2331 = ORIENTED_EDGE('',*,*,#2311,.T.);
#2332 = ORIENTED_EDGE('',*,*,#1220,.T.);
#2333 = ORIENTED_EDGE('',*,*,#2334,.F.);
#2334 = EDGE_CURVE('',#1069,#1221,#2335,.T.);
#2335 = LINE('',#2336,#2337);
#2336 = CARTESIAN_POINT('',(1.07,-1.64713,3.7725));
#2337 = VECTOR('',#2338,1.);
#2338 = DIRECTION('',(-1.,-0.,-0.));
#2339 = ORIENTED_EDGE('',*,*,#1068,.F.);
#2340 = PLANE('',#2341);
#2341 = AXIS2_PLACEMENT_3D('',#2342,#2343,#2344);
#2342 = CARTESIAN_POINT('',(1.07,-2.016232,3.7725));
#2343 = DIRECTION('',(0.,0.,-1.));
#2344 = DIRECTION('',(0.,1.,0.));
#2345 = ADVANCED_FACE('',(#2346),#2357,.T.);
#2346 = FACE_BOUND('',#2347,.T.);
#2347 = EDGE_LOOP('',(#2348,#2349,#2350,#2356));
#2348 = ORIENTED_EDGE('',*,*,#2334,.T.);
#2349 = ORIENTED_EDGE('',*,*,#1228,.T.);
#2350 = ORIENTED_EDGE('',*,*,#2351,.F.);
#2351 = EDGE_CURVE('',#1077,#1229,#2352,.T.);
#2352 = LINE('',#2353,#2354);
#2353 = CARTESIAN_POINT('',(1.07,-1.64713,6.504291));
#2354 = VECTOR('',#2355,1.);
#2355 = DIRECTION('',(-1.,-0.,-0.));
#2356 = ORIENTED_EDGE('',*,*,#1076,.F.);
#2357 = PLANE('',#2358);
#2358 = AXIS2_PLACEMENT_3D('',#2359,#2360,#2361);
#2359 = CARTESIAN_POINT('',(1.07,-1.64713,3.7725));
#2360 = DIRECTION('',(0.,1.,0.));
#2361 = DIRECTION('',(0.,0.,1.));
#2362 = ADVANCED_FACE('',(#2363,#2374),#2385,.T.);
#2363 = FACE_BOUND('',#2364,.T.);
#2364 = EDGE_LOOP('',(#2365,#2366,#2367,#2373));
#2365 = ORIENTED_EDGE('',*,*,#2351,.T.);
#2366 = ORIENTED_EDGE('',*,*,#1236,.T.);
#2367 = ORIENTED_EDGE('',*,*,#2368,.F.);
#2368 = EDGE_CURVE('',#1085,#1237,#2369,.T.);
#2369 = LINE('',#2370,#2371);
#2370 = CARTESIAN_POINT('',(1.07,1.630173,6.504291));
#2371 = VECTOR('',#2372,1.);
#2372 = DIRECTION('',(-1.,-0.,-0.));
#2373 = ORIENTED_EDGE('',*,*,#1084,.F.);
#2374 = FACE_BOUND('',#2375,.T.);
#2375 = EDGE_LOOP('',(#2376));
#2376 = ORIENTED_EDGE('',*,*,#2377,.T.);
#2377 = EDGE_CURVE('',#2378,#2378,#2380,.T.);
#2378 = VERTEX_POINT('',#2379);
#2379 = CARTESIAN_POINT('',(0.,0.702324,6.504291));
#2380 = CIRCLE('',#2381,0.702324);
#2381 = AXIS2_PLACEMENT_3D('',#2382,#2383,#2384);
#2382 = CARTESIAN_POINT('',(0.,0.,6.504291));
#2383 = DIRECTION('',(0.,-0.,1.));
#2384 = DIRECTION('',(0.,1.,0.));
#2385 = PLANE('',#2386);
#2386 = AXIS2_PLACEMENT_3D('',#2387,#2388,#2389);
#2387 = CARTESIAN_POINT('',(1.07,-1.64713,6.504291));
#2388 = DIRECTION('',(0.,0.,-1.));
#2389 = DIRECTION('',(0.,1.,0.));
#2390 = ADVANCED_FACE('',(#2391),#2397,.T.);
#2391 = FACE_BOUND('',#2392,.T.);
#2392 = EDGE_LOOP('',(#2393,#2394,#2395,#2396));
#2393 = ORIENTED_EDGE('',*,*,#2368,.T.);
#2394 = ORIENTED_EDGE('',*,*,#1244,.T.);
#2395 = ORIENTED_EDGE('',*,*,#2292,.F.);
#2396 = ORIENTED_EDGE('',*,*,#1092,.F.);
#2397 = PLANE('',#2398);
#2398 = AXIS2_PLACEMENT_3D('',#2399,#2400,#2401);
#2399 = CARTESIAN_POINT('',(1.07,1.630173,6.504291));
#2400 = DIRECTION('',(0.,-1.,0.));
#2401 = DIRECTION('',(0.,0.,-1.));
#2402 = ADVANCED_FACE('',(#2403),#2409,.F.);
#2403 = FACE_BOUND('',#2404,.F.);
#2404 = EDGE_LOOP('',(#2405,#2406,#2407,#2408));
#2405 = ORIENTED_EDGE('',*,*,#2017,.T.);
#2406 = ORIENTED_EDGE('',*,*,#1276,.T.);
#2407 = ORIENTED_EDGE('',*,*,#2275,.F.);
#2408 = ORIENTED_EDGE('',*,*,#1124,.F.);
#2409 = PLANE('',#2410);
#2410 = AXIS2_PLACEMENT_3D('',#2411,#2412,#2413);
#2411 = CARTESIAN_POINT('',(0.7,2.523512383178,4.8494725));
#2412 = DIRECTION('',(0.,-1.,0.));
#2413 = DIRECTION('',(0.,0.,-1.));
#2414 = ADVANCED_FACE('',(#2415),#2426,.F.);
#2415 = FACE_BOUND('',#2416,.F.);
#2416 = EDGE_LOOP('',(#2417,#2423,#2424,#2425));
#2417 = ORIENTED_EDGE('',*,*,#2418,.T.);
#2418 = EDGE_CURVE('',#1371,#1442,#2419,.T.);
#2419 = LINE('',#2420,#2421);
#2420 = CARTESIAN_POINT('',(3.24,2.523512383178,3.7725668));
#2421 = VECTOR('',#2422,1.);
#2422 = DIRECTION('',(-1.,-0.,-0.));
#2423 = ORIENTED_EDGE('',*,*,#1449,.T.);
#2424 = ORIENTED_EDGE('',*,*,#1339,.F.);
#2425 = ORIENTED_EDGE('',*,*,#1378,.F.);
#2426 = PLANE('',#2427);
#2427 = AXIS2_PLACEMENT_3D('',#2428,#2429,#2430);
#2428 = CARTESIAN_POINT('',(3.24,2.523512383178,3.7725668));
#2429 = DIRECTION('',(0.,0.,1.));
#2430 = DIRECTION('',(0.,-1.,0.));
#2431 = ADVANCED_FACE('',(#2432),#2443,.T.);
#2432 = FACE_BOUND('',#2433,.T.);
#2433 = EDGE_LOOP('',(#2434,#2440,#2441,#2442));
#2434 = ORIENTED_EDGE('',*,*,#2435,.T.);
#2435 = EDGE_CURVE('',#1595,#1514,#2436,.T.);
#2436 = LINE('',#2437,#2438);
#2437 = CARTESIAN_POINT('',(3.61,1.630173,6.011533));
#2438 = VECTOR('',#2439,1.);
#2439 = DIRECTION('',(-1.,-0.,-0.));
#2440 = ORIENTED_EDGE('',*,*,#1521,.T.);
#2441 = ORIENTED_EDGE('',*,*,#1316,.F.);
#2442 = ORIENTED_EDGE('',*,*,#1602,.F.);
#2443 = PLANE('',#2444);
#2444 = AXIS2_PLACEMENT_3D('',#2445,#2446,#2447);
#2445 = CARTESIAN_POINT('',(3.61,1.630173,6.011533));
#2446 = DIRECTION('',(0.,-0.951942347191,-0.306277272459));
#2447 = DIRECTION('',(0.,0.306277272459,-0.951942347191));
#2448 = ADVANCED_FACE('',(#2449),#2455,.F.);
#2449 = FACE_BOUND('',#2450,.F.);
#2450 = EDGE_LOOP('',(#2451,#2452,#2453,#2454));
#2451 = ORIENTED_EDGE('',*,*,#2026,.T.);
#2452 = ORIENTED_EDGE('',*,*,#1441,.T.);
#2453 = ORIENTED_EDGE('',*,*,#2418,.F.);
#2454 = ORIENTED_EDGE('',*,*,#1370,.F.);
#2455 = PLANE('',#2456);
#2456 = AXIS2_PLACEMENT_3D('',#2457,#2458,#2459);
#2457 = CARTESIAN_POINT('',(3.24,2.523512383178,4.8494725));
#2458 = DIRECTION('',(0.,-1.,0.));
#2459 = DIRECTION('',(0.,0.,-1.));
#2460 = ADVANCED_FACE('',(#2461,#2472),#2478,.T.);
#2461 = FACE_BOUND('',#2462,.T.);
#2462 = EDGE_LOOP('',(#2463,#2464,#2465,#2471));
#2463 = ORIENTED_EDGE('',*,*,#1539,.T.);
#2464 = ORIENTED_EDGE('',*,*,#1481,.T.);
#2465 = ORIENTED_EDGE('',*,*,#2466,.F.);
#2466 = EDGE_CURVE('',#1563,#1482,#2467,.T.);
#2467 = LINE('',#2468,#2469);
#2468 = CARTESIAN_POINT('',(3.61,-2.016232,3.7725));
#2469 = VECTOR('',#2470,1.);
#2470 = DIRECTION('',(-1.,-0.,-0.));
#2471 = ORIENTED_EDGE('',*,*,#1562,.F.);
#2472 = FACE_BOUND('',#2473,.T.);
#2473 = EDGE_LOOP('',(#2474,#2475,#2476,#2477));
#2474 = ORIENTED_EDGE('',*,*,#2147,.T.);
#2475 = ORIENTED_EDGE('',*,*,#154,.T.);
#2476 = ORIENTED_EDGE('',*,*,#114,.T.);
#2477 = ORIENTED_EDGE('',*,*,#2176,.T.);
#2478 = PLANE('',#2479);
#2479 = AXIS2_PLACEMENT_3D('',#2480,#2481,#2482);
#2480 = CARTESIAN_POINT('',(3.61,-2.016232,1.330337));
#2481 = DIRECTION('',(0.,1.,0.));
#2482 = DIRECTION('',(0.,0.,1.));
#2483 = ADVANCED_FACE('',(#2484),#2495,.T.);
#2484 = FACE_BOUND('',#2485,.T.);
#2485 = EDGE_LOOP('',(#2486,#2487,#2488,#2494));
#2486 = ORIENTED_EDGE('',*,*,#2466,.T.);
#2487 = ORIENTED_EDGE('',*,*,#1489,.T.);
#2488 = ORIENTED_EDGE('',*,*,#2489,.F.);
#2489 = EDGE_CURVE('',#1571,#1490,#2490,.T.);
#2490 = LINE('',#2491,#2492);
#2491 = CARTESIAN_POINT('',(3.61,-1.64713,3.7725));
#2492 = VECTOR('',#2493,1.);
#2493 = DIRECTION('',(-1.,-0.,-0.));
#2494 = ORIENTED_EDGE('',*,*,#1570,.F.);
#2495 = PLANE('',#2496);
#2496 = AXIS2_PLACEMENT_3D('',#2497,#2498,#2499);
#2497 = CARTESIAN_POINT('',(3.61,-2.016232,3.7725));
#2498 = DIRECTION('',(0.,0.,-1.));
#2499 = DIRECTION('',(0.,1.,0.));
#2500 = ADVANCED_FACE('',(#2501),#2512,.T.);
#2501 = FACE_BOUND('',#2502,.T.);
#2502 = EDGE_LOOP('',(#2503,#2504,#2505,#2511));
#2503 = ORIENTED_EDGE('',*,*,#2489,.T.);
#2504 = ORIENTED_EDGE('',*,*,#1497,.T.);
#2505 = ORIENTED_EDGE('',*,*,#2506,.F.);
#2506 = EDGE_CURVE('',#1579,#1498,#2507,.T.);
#2507 = LINE('',#2508,#2509);
#2508 = CARTESIAN_POINT('',(3.61,-1.64713,6.504291));
#2509 = VECTOR('',#2510,1.);
#2510 = DIRECTION('',(-1.,-0.,-0.));
#2511 = ORIENTED_EDGE('',*,*,#1578,.F.);
#2512 = PLANE('',#2513);
#2513 = AXIS2_PLACEMENT_3D('',#2514,#2515,#2516);
#2514 = CARTESIAN_POINT('',(3.61,-1.64713,3.7725));
#2515 = DIRECTION('',(0.,1.,0.));
#2516 = DIRECTION('',(0.,0.,1.));
#2517 = ADVANCED_FACE('',(#2518,#2529),#2540,.T.);
#2518 = FACE_BOUND('',#2519,.T.);
#2519 = EDGE_LOOP('',(#2520,#2521,#2522,#2528));
#2520 = ORIENTED_EDGE('',*,*,#2506,.T.);
#2521 = ORIENTED_EDGE('',*,*,#1505,.T.);
#2522 = ORIENTED_EDGE('',*,*,#2523,.F.);
#2523 = EDGE_CURVE('',#1587,#1506,#2524,.T.);
#2524 = LINE('',#2525,#2526);
#2525 = CARTESIAN_POINT('',(3.61,1.630173,6.504291));
#2526 = VECTOR('',#2527,1.);
#2527 = DIRECTION('',(-1.,-0.,-0.));
#2528 = ORIENTED_EDGE('',*,*,#1586,.F.);
#2529 = FACE_BOUND('',#2530,.T.);
#2530 = EDGE_LOOP('',(#2531));
#2531 = ORIENTED_EDGE('',*,*,#2532,.T.);
#2532 = EDGE_CURVE('',#2533,#2533,#2535,.T.);
#2533 = VERTEX_POINT('',#2534);
#2534 = CARTESIAN_POINT('',(2.54,0.702324,6.504291));
#2535 = CIRCLE('',#2536,0.702324);
#2536 = AXIS2_PLACEMENT_3D('',#2537,#2538,#2539);
#2537 = CARTESIAN_POINT('',(2.54,0.,6.504291));
#2538 = DIRECTION('',(0.,-0.,1.));
#2539 = DIRECTION('',(0.,1.,0.));
#2540 = PLANE('',#2541);
#2541 = AXIS2_PLACEMENT_3D('',#2542,#2543,#2544);
#2542 = CARTESIAN_POINT('',(3.61,-1.64713,6.504291));
#2543 = DIRECTION('',(0.,0.,-1.));
#2544 = DIRECTION('',(0.,1.,0.));
#2545 = ADVANCED_FACE('',(#2546),#2552,.T.);
#2546 = FACE_BOUND('',#2547,.T.);
#2547 = EDGE_LOOP('',(#2548,#2549,#2550,#2551));
#2548 = ORIENTED_EDGE('',*,*,#2523,.T.);
#2549 = ORIENTED_EDGE('',*,*,#1513,.T.);
#2550 = ORIENTED_EDGE('',*,*,#2435,.F.);
#2551 = ORIENTED_EDGE('',*,*,#1594,.F.);
#2552 = PLANE('',#2553);
#2553 = AXIS2_PLACEMENT_3D('',#2554,#2555,#2556);
#2554 = CARTESIAN_POINT('',(3.61,1.630173,6.504291));
#2555 = DIRECTION('',(0.,-1.,0.));
#2556 = DIRECTION('',(0.,0.,-1.));
#2557 = ADVANCED_FACE('',(#2558),#2569,.F.);
#2558 = FACE_BOUND('',#2559,.F.);
#2559 = EDGE_LOOP('',(#2560,#2566,#2567,#2568));
#2560 = ORIENTED_EDGE('',*,*,#2561,.T.);
#2561 = EDGE_CURVE('',#1681,#1752,#2562,.T.);
#2562 = LINE('',#2563,#2564);
#2563 = CARTESIAN_POINT('',(5.78,2.523512383178,3.7725668));
#2564 = VECTOR('',#2565,1.);
#2565 = DIRECTION('',(-1.,-0.,-0.));
#2566 = ORIENTED_EDGE('',*,*,#1759,.T.);
#2567 = ORIENTED_EDGE('',*,*,#1649,.F.);
#2568 = ORIENTED_EDGE('',*,*,#1688,.F.);
#2569 = PLANE('',#2570);
#2570 = AXIS2_PLACEMENT_3D('',#2571,#2572,#2573);
#2571 = CARTESIAN_POINT('',(5.78,2.523512383178,3.7725668));
#2572 = DIRECTION('',(0.,0.,1.));
#2573 = DIRECTION('',(0.,-1.,0.));
#2574 = ADVANCED_FACE('',(#2575),#2586,.T.);
#2575 = FACE_BOUND('',#2576,.T.);
#2576 = EDGE_LOOP('',(#2577,#2583,#2584,#2585));
#2577 = ORIENTED_EDGE('',*,*,#2578,.T.);
#2578 = EDGE_CURVE('',#1905,#1824,#2579,.T.);
#2579 = LINE('',#2580,#2581);
#2580 = CARTESIAN_POINT('',(6.15,1.630173,6.011533));
#2581 = VECTOR('',#2582,1.);
#2582 = DIRECTION('',(-1.,-0.,-0.));
#2583 = ORIENTED_EDGE('',*,*,#1831,.T.);
#2584 = ORIENTED_EDGE('',*,*,#1626,.F.);
#2585 = ORIENTED_EDGE('',*,*,#1912,.F.);
#2586 = PLANE('',#2587);
#2587 = AXIS2_PLACEMENT_3D('',#2588,#2589,#2590);
#2588 = CARTESIAN_POINT('',(6.15,1.630173,6.011533));
#2589 = DIRECTION('',(0.,-0.951942347191,-0.306277272459));
#2590 = DIRECTION('',(0.,0.306277272459,-0.951942347191));
#2591 = ADVANCED_FACE('',(#2592),#2598,.F.);
#2592 = FACE_BOUND('',#2593,.F.);
#2593 = EDGE_LOOP('',(#2594,#2595,#2596,#2597));
#2594 = ORIENTED_EDGE('',*,*,#2035,.T.);
#2595 = ORIENTED_EDGE('',*,*,#1751,.T.);
#2596 = ORIENTED_EDGE('',*,*,#2561,.F.);
#2597 = ORIENTED_EDGE('',*,*,#1680,.F.);
#2598 = PLANE('',#2599);
#2599 = AXIS2_PLACEMENT_3D('',#2600,#2601,#2602);
#2600 = CARTESIAN_POINT('',(5.78,2.523512383178,4.8494725));
#2601 = DIRECTION('',(0.,-1.,0.));
#2602 = DIRECTION('',(0.,0.,-1.));
#2603 = ADVANCED_FACE('',(#2604,#2615),#2621,.T.);
#2604 = FACE_BOUND('',#2605,.T.);
#2605 = EDGE_LOOP('',(#2606,#2607,#2608,#2614));
#2606 = ORIENTED_EDGE('',*,*,#1849,.T.);
#2607 = ORIENTED_EDGE('',*,*,#1791,.T.);
#2608 = ORIENTED_EDGE('',*,*,#2609,.F.);
#2609 = EDGE_CURVE('',#1873,#1792,#2610,.T.);
#2610 = LINE('',#2611,#2612);
#2611 = CARTESIAN_POINT('',(6.15,-2.016232,3.7725));
#2612 = VECTOR('',#2613,1.);
#2613 = DIRECTION('',(-1.,-0.,-0.));
#2614 = ORIENTED_EDGE('',*,*,#1872,.F.);
#2615 = FACE_BOUND('',#2616,.T.);
#2616 = EDGE_LOOP('',(#2617,#2618,#2619,#2620));
#2617 = ORIENTED_EDGE('',*,*,#2193,.T.);
#2618 = ORIENTED_EDGE('',*,*,#83,.T.);
#2619 = ORIENTED_EDGE('',*,*,#43,.T.);
#2620 = ORIENTED_EDGE('',*,*,#2222,.T.);
#2621 = PLANE('',#2622);
#2622 = AXIS2_PLACEMENT_3D('',#2623,#2624,#2625);
#2623 = CARTESIAN_POINT('',(6.15,-2.016232,1.330337));
#2624 = DIRECTION('',(0.,1.,0.));
#2625 = DIRECTION('',(0.,0.,1.));
#2626 = ADVANCED_FACE('',(#2627),#2638,.T.);
#2627 = FACE_BOUND('',#2628,.T.);
#2628 = EDGE_LOOP('',(#2629,#2630,#2631,#2637));
#2629 = ORIENTED_EDGE('',*,*,#2609,.T.);
#2630 = ORIENTED_EDGE('',*,*,#1799,.T.);
#2631 = ORIENTED_EDGE('',*,*,#2632,.F.);
#2632 = EDGE_CURVE('',#1881,#1800,#2633,.T.);
#2633 = LINE('',#2634,#2635);
#2634 = CARTESIAN_POINT('',(6.15,-1.64713,3.7725));
#2635 = VECTOR('',#2636,1.);
#2636 = DIRECTION('',(-1.,-0.,-0.));
#2637 = ORIENTED_EDGE('',*,*,#1880,.F.);
#2638 = PLANE('',#2639);
#2639 = AXIS2_PLACEMENT_3D('',#2640,#2641,#2642);
#2640 = CARTESIAN_POINT('',(6.15,-2.016232,3.7725));
#2641 = DIRECTION('',(0.,0.,-1.));
#2642 = DIRECTION('',(0.,1.,0.));
#2643 = ADVANCED_FACE('',(#2644),#2655,.T.);
#2644 = FACE_BOUND('',#2645,.T.);
#2645 = EDGE_LOOP('',(#2646,#2647,#2648,#2654));
#2646 = ORIENTED_EDGE('',*,*,#2632,.T.);
#2647 = ORIENTED_EDGE('',*,*,#1807,.T.);
#2648 = ORIENTED_EDGE('',*,*,#2649,.F.);
#2649 = EDGE_CURVE('',#1889,#1808,#2650,.T.);
#2650 = LINE('',#2651,#2652);
#2651 = CARTESIAN_POINT('',(6.15,-1.64713,6.504291));
#2652 = VECTOR('',#2653,1.);
#2653 = DIRECTION('',(-1.,-0.,-0.));
#2654 = ORIENTED_EDGE('',*,*,#1888,.F.);
#2655 = PLANE('',#2656);
#2656 = AXIS2_PLACEMENT_3D('',#2657,#2658,#2659);
#2657 = CARTESIAN_POINT('',(6.15,-1.64713,3.7725));
#2658 = DIRECTION('',(0.,1.,0.));
#2659 = DIRECTION('',(0.,0.,1.));
#2660 = ADVANCED_FACE('',(#2661,#2672),#2683,.T.);
#2661 = FACE_BOUND('',#2662,.T.);
#2662 = EDGE_LOOP('',(#2663,#2664,#2665,#2671));
#2663 = ORIENTED_EDGE('',*,*,#2649,.T.);
#2664 = ORIENTED_EDGE('',*,*,#1815,.T.);
#2665 = ORIENTED_EDGE('',*,*,#2666,.F.);
#2666 = EDGE_CURVE('',#1897,#1816,#2667,.T.);
#2667 = LINE('',#2668,#2669);
#2668 = CARTESIAN_POINT('',(6.15,1.630173,6.504291));
#2669 = VECTOR('',#2670,1.);
#2670 = DIRECTION('',(-1.,-0.,-0.));
#2671 = ORIENTED_EDGE('',*,*,#1896,.F.);
#2672 = FACE_BOUND('',#2673,.T.);
#2673 = EDGE_LOOP('',(#2674));
#2674 = ORIENTED_EDGE('',*,*,#2675,.T.);
#2675 = EDGE_CURVE('',#2676,#2676,#2678,.T.);
#2676 = VERTEX_POINT('',#2677);
#2677 = CARTESIAN_POINT('',(5.08,0.702324,6.504291));
#2678 = CIRCLE('',#2679,0.702324);
#2679 = AXIS2_PLACEMENT_3D('',#2680,#2681,#2682);
#2680 = CARTESIAN_POINT('',(5.08,0.,6.504291));
#2681 = DIRECTION('',(0.,-0.,1.));
#2682 = DIRECTION('',(0.,1.,0.));
#2683 = PLANE('',#2684);
#2684 = AXIS2_PLACEMENT_3D('',#2685,#2686,#2687);
#2685 = CARTESIAN_POINT('',(6.15,-1.64713,6.504291));
#2686 = DIRECTION('',(0.,0.,-1.));
#2687 = DIRECTION('',(0.,1.,0.));
#2688 = ADVANCED_FACE('',(#2689),#2695,.T.);
#2689 = FACE_BOUND('',#2690,.T.);
#2690 = EDGE_LOOP('',(#2691,#2692,#2693,#2694));
#2691 = ORIENTED_EDGE('',*,*,#2666,.T.);
#2692 = ORIENTED_EDGE('',*,*,#1823,.T.);
#2693 = ORIENTED_EDGE('',*,*,#2578,.F.);
#2694 = ORIENTED_EDGE('',*,*,#1904,.F.);
#2695 = PLANE('',#2696);
#2696 = AXIS2_PLACEMENT_3D('',#2697,#2698,#2699);
#2697 = CARTESIAN_POINT('',(6.15,1.630173,6.504291));
#2698 = DIRECTION('',(0.,-1.,0.));
#2699 = DIRECTION('',(0.,0.,-1.));
#2700 = ADVANCED_FACE('',(#2701),#2720,.F.);
#2701 = FACE_BOUND('',#2702,.T.);
#2702 = EDGE_LOOP('',(#2703,#2711,#2712,#2713));
#2703 = ORIENTED_EDGE('',*,*,#2704,.F.);
#2704 = EDGE_CURVE('',#1974,#2705,#2707,.T.);
#2705 = VERTEX_POINT('',#2706);
#2706 = CARTESIAN_POINT('',(0.,1.04036,8.297434));
#2707 = LINE('',#2708,#2709);
#2708 = CARTESIAN_POINT('',(0.,1.04036,8.5));
#2709 = VECTOR('',#2710,1.);
#2710 = DIRECTION('',(0.,0.,-1.));
#2711 = ORIENTED_EDGE('',*,*,#1973,.T.);
#2712 = ORIENTED_EDGE('',*,*,#2704,.T.);
#2713 = ORIENTED_EDGE('',*,*,#2714,.F.);
#2714 = EDGE_CURVE('',#2705,#2705,#2715,.T.);
#2715 = CIRCLE('',#2716,1.04036);
#2716 = AXIS2_PLACEMENT_3D('',#2717,#2718,#2719);
#2717 = CARTESIAN_POINT('',(0.,0.,8.297434));
#2718 = DIRECTION('',(0.,-0.,1.));
#2719 = DIRECTION('',(0.,1.,0.));
#2720 = CYLINDRICAL_SURFACE('',#2721,1.04036);
#2721 = AXIS2_PLACEMENT_3D('',#2722,#2723,#2724);
#2722 = CARTESIAN_POINT('',(0.,0.,8.5));
#2723 = DIRECTION('',(-0.,-0.,-1.));
#2724 = DIRECTION('',(0.,1.,0.));
#2725 = ADVANCED_FACE('',(#2726),#2745,.F.);
#2726 = FACE_BOUND('',#2727,.T.);
#2727 = EDGE_LOOP('',(#2728,#2736,#2737,#2738));
#2728 = ORIENTED_EDGE('',*,*,#2729,.F.);
#2729 = EDGE_CURVE('',#1985,#2730,#2732,.T.);
#2730 = VERTEX_POINT('',#2731);
#2731 = CARTESIAN_POINT('',(2.54,1.04036,8.297434));
#2732 = LINE('',#2733,#2734);
#2733 = CARTESIAN_POINT('',(2.54,1.04036,8.5));
#2734 = VECTOR('',#2735,1.);
#2735 = DIRECTION('',(0.,0.,-1.));
#2736 = ORIENTED_EDGE('',*,*,#1984,.T.);
#2737 = ORIENTED_EDGE('',*,*,#2729,.T.);
#2738 = ORIENTED_EDGE('',*,*,#2739,.F.);
#2739 = EDGE_CURVE('',#2730,#2730,#2740,.T.);
#2740 = CIRCLE('',#2741,1.04036);
#2741 = AXIS2_PLACEMENT_3D('',#2742,#2743,#2744);
#2742 = CARTESIAN_POINT('',(2.54,0.,8.297434));
#2743 = DIRECTION('',(0.,-0.,1.));
#2744 = DIRECTION('',(0.,1.,0.));
#2745 = CYLINDRICAL_SURFACE('',#2746,1.04036);
#2746 = AXIS2_PLACEMENT_3D('',#2747,#2748,#2749);
#2747 = CARTESIAN_POINT('',(2.54,0.,8.5));
#2748 = DIRECTION('',(-0.,-0.,-1.));
#2749 = DIRECTION('',(0.,1.,0.));
#2750 = ADVANCED_FACE('',(#2751),#2770,.F.);
#2751 = FACE_BOUND('',#2752,.T.);
#2752 = EDGE_LOOP('',(#2753,#2761,#2762,#2763));
#2753 = ORIENTED_EDGE('',*,*,#2754,.F.);
#2754 = EDGE_CURVE('',#1996,#2755,#2757,.T.);
#2755 = VERTEX_POINT('',#2756);
#2756 = CARTESIAN_POINT('',(5.08,1.04036,8.297434));
#2757 = LINE('',#2758,#2759);
#2758 = CARTESIAN_POINT('',(5.08,1.04036,8.5));
#2759 = VECTOR('',#2760,1.);
#2760 = DIRECTION('',(0.,0.,-1.));
#2761 = ORIENTED_EDGE('',*,*,#1995,.T.);
#2762 = ORIENTED_EDGE('',*,*,#2754,.T.);
#2763 = ORIENTED_EDGE('',*,*,#2764,.F.);
#2764 = EDGE_CURVE('',#2755,#2755,#2765,.T.);
#2765 = CIRCLE('',#2766,1.04036);
#2766 = AXIS2_PLACEMENT_3D('',#2767,#2768,#2769);
#2767 = CARTESIAN_POINT('',(5.08,0.,8.297434));
#2768 = DIRECTION('',(0.,-0.,1.));
#2769 = DIRECTION('',(0.,1.,0.));
#2770 = CYLINDRICAL_SURFACE('',#2771,1.04036);
#2771 = AXIS2_PLACEMENT_3D('',#2772,#2773,#2774);
#2772 = CARTESIAN_POINT('',(5.08,0.,8.5));
#2773 = DIRECTION('',(-0.,-0.,-1.));
#2774 = DIRECTION('',(0.,1.,0.));
#2775 = ADVANCED_FACE('',(#2776),#2795,.F.);
#2776 = FACE_BOUND('',#2777,.T.);
#2777 = EDGE_LOOP('',(#2778,#2786,#2793,#2794));
#2778 = ORIENTED_EDGE('',*,*,#2779,.F.);
#2779 = EDGE_CURVE('',#2780,#2378,#2782,.T.);
#2780 = VERTEX_POINT('',#2781);
#2781 = CARTESIAN_POINT('',(0.,0.702324,6.8033));
#2782 = LINE('',#2783,#2784);
#2783 = CARTESIAN_POINT('',(0.,0.702324,6.8033));
#2784 = VECTOR('',#2785,1.);
#2785 = DIRECTION('',(0.,0.,-1.));
#2786 = ORIENTED_EDGE('',*,*,#2787,.T.);
#2787 = EDGE_CURVE('',#2780,#2780,#2788,.T.);
#2788 = CIRCLE('',#2789,0.702324);
#2789 = AXIS2_PLACEMENT_3D('',#2790,#2791,#2792);
#2790 = CARTESIAN_POINT('',(0.,0.,6.8033));
#2791 = DIRECTION('',(0.,-0.,1.));
#2792 = DIRECTION('',(0.,1.,0.));
#2793 = ORIENTED_EDGE('',*,*,#2779,.T.);
#2794 = ORIENTED_EDGE('',*,*,#2377,.F.);
#2795 = CYLINDRICAL_SURFACE('',#2796,0.702324);
#2796 = AXIS2_PLACEMENT_3D('',#2797,#2798,#2799);
#2797 = CARTESIAN_POINT('',(0.,0.,6.8033));
#2798 = DIRECTION('',(-0.,-0.,-1.));
#2799 = DIRECTION('',(0.,1.,0.));
#2800 = ADVANCED_FACE('',(#2801),#2820,.F.);
#2801 = FACE_BOUND('',#2802,.T.);
#2802 = EDGE_LOOP('',(#2803,#2811,#2818,#2819));
#2803 = ORIENTED_EDGE('',*,*,#2804,.F.);
#2804 = EDGE_CURVE('',#2805,#2533,#2807,.T.);
#2805 = VERTEX_POINT('',#2806);
#2806 = CARTESIAN_POINT('',(2.54,0.702324,6.8033));
#2807 = LINE('',#2808,#2809);
#2808 = CARTESIAN_POINT('',(2.54,0.702324,6.8033));
#2809 = VECTOR('',#2810,1.);
#2810 = DIRECTION('',(0.,0.,-1.));
#2811 = ORIENTED_EDGE('',*,*,#2812,.T.);
#2812 = EDGE_CURVE('',#2805,#2805,#2813,.T.);
#2813 = CIRCLE('',#2814,0.702324);
#2814 = AXIS2_PLACEMENT_3D('',#2815,#2816,#2817);
#2815 = CARTESIAN_POINT('',(2.54,0.,6.8033));
#2816 = DIRECTION('',(0.,-0.,1.));
#2817 = DIRECTION('',(0.,1.,0.));
#2818 = ORIENTED_EDGE('',*,*,#2804,.T.);
#2819 = ORIENTED_EDGE('',*,*,#2532,.F.);
#2820 = CYLINDRICAL_SURFACE('',#2821,0.702324);
#2821 = AXIS2_PLACEMENT_3D('',#2822,#2823,#2824);
#2822 = CARTESIAN_POINT('',(2.54,0.,6.8033));
#2823 = DIRECTION('',(-0.,-0.,-1.));
#2824 = DIRECTION('',(0.,1.,0.));
#2825 = ADVANCED_FACE('',(#2826),#2845,.F.);
#2826 = FACE_BOUND('',#2827,.T.);
#2827 = EDGE_LOOP('',(#2828,#2836,#2843,#2844));
#2828 = ORIENTED_EDGE('',*,*,#2829,.F.);
#2829 = EDGE_CURVE('',#2830,#2676,#2832,.T.);
#2830 = VERTEX_POINT('',#2831);
#2831 = CARTESIAN_POINT('',(5.08,0.702324,6.8033));
#2832 = LINE('',#2833,#2834);
#2833 = CARTESIAN_POINT('',(5.08,0.702324,6.8033));
#2834 = VECTOR('',#2835,1.);
#2835 = DIRECTION('',(0.,0.,-1.));
#2836 = ORIENTED_EDGE('',*,*,#2837,.T.);
#2837 = EDGE_CURVE('',#2830,#2830,#2838,.T.);
#2838 = CIRCLE('',#2839,0.702324);
#2839 = AXIS2_PLACEMENT_3D('',#2840,#2841,#2842);
#2840 = CARTESIAN_POINT('',(5.08,0.,6.8033));
#2841 = DIRECTION('',(0.,-0.,1.));
#2842 = DIRECTION('',(0.,1.,0.));
#2843 = ORIENTED_EDGE('',*,*,#2829,.T.);
#2844 = ORIENTED_EDGE('',*,*,#2675,.F.);
#2845 = CYLINDRICAL_SURFACE('',#2846,0.702324);
#2846 = AXIS2_PLACEMENT_3D('',#2847,#2848,#2849);
#2847 = CARTESIAN_POINT('',(5.08,0.,6.8033));
#2848 = DIRECTION('',(-0.,-0.,-1.));
#2849 = DIRECTION('',(0.,1.,0.));
#2850 = ADVANCED_FACE('',(#2851),#2870,.F.);
#2851 = FACE_BOUND('',#2852,.T.);
#2852 = EDGE_LOOP('',(#2853,#2854,#2862,#2869));
#2853 = ORIENTED_EDGE('',*,*,#2714,.T.);
#2854 = ORIENTED_EDGE('',*,*,#2855,.T.);
#2855 = EDGE_CURVE('',#2705,#2856,#2858,.T.);
#2856 = VERTEX_POINT('',#2857);
#2857 = CARTESIAN_POINT('',(0.,0.952473,8.216305));
#2858 = LINE('',#2859,#2860);
#2859 = CARTESIAN_POINT('',(0.,1.04036,8.297434));
#2860 = VECTOR('',#2861,1.);
#2861 = DIRECTION('',(0.,-0.734792866841,-0.678291561823));
#2862 = ORIENTED_EDGE('',*,*,#2863,.F.);
#2863 = EDGE_CURVE('',#2856,#2856,#2864,.T.);
#2864 = CIRCLE('',#2865,0.952473);
#2865 = AXIS2_PLACEMENT_3D('',#2866,#2867,#2868);
#2866 = CARTESIAN_POINT('',(0.,0.,8.216305));
#2867 = DIRECTION('',(0.,-0.,1.));
#2868 = DIRECTION('',(0.,1.,0.));
#2869 = ORIENTED_EDGE('',*,*,#2855,.F.);
#2870 = CONICAL_SURFACE('',#2871,1.04036,0.82536125564);
#2871 = AXIS2_PLACEMENT_3D('',#2872,#2873,#2874);
#2872 = CARTESIAN_POINT('',(0.,0.,8.297434));
#2873 = DIRECTION('',(0.,0.,1.));
#2874 = DIRECTION('',(0.,1.,0.));
#2875 = ADVANCED_FACE('',(#2876),#2895,.F.);
#2876 = FACE_BOUND('',#2877,.T.);
#2877 = EDGE_LOOP('',(#2878,#2879,#2887,#2894));
#2878 = ORIENTED_EDGE('',*,*,#2739,.T.);
#2879 = ORIENTED_EDGE('',*,*,#2880,.T.);
#2880 = EDGE_CURVE('',#2730,#2881,#2883,.T.);
#2881 = VERTEX_POINT('',#2882);
#2882 = CARTESIAN_POINT('',(2.54,0.952473,8.216305));
#2883 = LINE('',#2884,#2885);
#2884 = CARTESIAN_POINT('',(2.54,1.04036,8.297434));
#2885 = VECTOR('',#2886,1.);
#2886 = DIRECTION('',(0.,-0.734792866841,-0.678291561823));
#2887 = ORIENTED_EDGE('',*,*,#2888,.F.);
#2888 = EDGE_CURVE('',#2881,#2881,#2889,.T.);
#2889 = CIRCLE('',#2890,0.952473);
#2890 = AXIS2_PLACEMENT_3D('',#2891,#2892,#2893);
#2891 = CARTESIAN_POINT('',(2.54,0.,8.216305));
#2892 = DIRECTION('',(0.,-0.,1.));
#2893 = DIRECTION('',(0.,1.,0.));
#2894 = ORIENTED_EDGE('',*,*,#2880,.F.);
#2895 = CONICAL_SURFACE('',#2896,1.04036,0.82536125564);
#2896 = AXIS2_PLACEMENT_3D('',#2897,#2898,#2899);
#2897 = CARTESIAN_POINT('',(2.54,0.,8.297434));
#2898 = DIRECTION('',(0.,0.,1.));
#2899 = DIRECTION('',(0.,1.,0.));
#2900 = ADVANCED_FACE('',(#2901),#2920,.F.);
#2901 = FACE_BOUND('',#2902,.T.);
#2902 = EDGE_LOOP('',(#2903,#2904,#2912,#2919));
#2903 = ORIENTED_EDGE('',*,*,#2764,.T.);
#2904 = ORIENTED_EDGE('',*,*,#2905,.T.);
#2905 = EDGE_CURVE('',#2755,#2906,#2908,.T.);
#2906 = VERTEX_POINT('',#2907);
#2907 = CARTESIAN_POINT('',(5.08,0.952473,8.216305));
#2908 = LINE('',#2909,#2910);
#2909 = CARTESIAN_POINT('',(5.08,1.04036,8.297434));
#2910 = VECTOR('',#2911,1.);
#2911 = DIRECTION('',(0.,-0.734792866841,-0.678291561823));
#2912 = ORIENTED_EDGE('',*,*,#2913,.F.);
#2913 = EDGE_CURVE('',#2906,#2906,#2914,.T.);
#2914 = CIRCLE('',#2915,0.952473);
#2915 = AXIS2_PLACEMENT_3D('',#2916,#2917,#2918);
#2916 = CARTESIAN_POINT('',(5.08,0.,8.216305));
#2917 = DIRECTION('',(0.,-0.,1.));
#2918 = DIRECTION('',(0.,1.,0.));
#2919 = ORIENTED_EDGE('',*,*,#2905,.F.);
#2920 = CONICAL_SURFACE('',#2921,1.04036,0.82536125564);
#2921 = AXIS2_PLACEMENT_3D('',#2922,#2923,#2924);
#2922 = CARTESIAN_POINT('',(5.08,0.,8.297434));
#2923 = DIRECTION('',(0.,0.,1.));
#2924 = DIRECTION('',(0.,1.,0.));
#2925 = ADVANCED_FACE('',(#2926,#2937),#2940,.T.);
#2926 = FACE_BOUND('',#2927,.T.);
#2927 = EDGE_LOOP('',(#2928));
#2928 = ORIENTED_EDGE('',*,*,#2929,.T.);
#2929 = EDGE_CURVE('',#2930,#2930,#2932,.T.);
#2930 = VERTEX_POINT('',#2931);
#2931 = CARTESIAN_POINT('',(0.,1.04036,6.8033));
#2932 = CIRCLE('',#2933,1.04036);
#2933 = AXIS2_PLACEMENT_3D('',#2934,#2935,#2936);
#2934 = CARTESIAN_POINT('',(0.,0.,6.8033));
#2935 = DIRECTION('',(0.,-0.,1.));
#2936 = DIRECTION('',(0.,1.,0.));
#2937 = FACE_BOUND('',#2938,.T.);
#2938 = EDGE_LOOP('',(#2939));
#2939 = ORIENTED_EDGE('',*,*,#2787,.F.);
#2940 = PLANE('',#2941);
#2941 = AXIS2_PLACEMENT_3D('',#2942,#2943,#2944);
#2942 = CARTESIAN_POINT('',(0.,0.,6.8033));
#2943 = DIRECTION('',(0.,0.,1.));
#2944 = DIRECTION('',(0.,1.,0.));
#2945 = ADVANCED_FACE('',(#2946,#2957),#2960,.T.);
#2946 = FACE_BOUND('',#2947,.T.);
#2947 = EDGE_LOOP('',(#2948));
#2948 = ORIENTED_EDGE('',*,*,#2949,.T.);
#2949 = EDGE_CURVE('',#2950,#2950,#2952,.T.);
#2950 = VERTEX_POINT('',#2951);
#2951 = CARTESIAN_POINT('',(2.54,1.04036,6.8033));
#2952 = CIRCLE('',#2953,1.04036);
#2953 = AXIS2_PLACEMENT_3D('',#2954,#2955,#2956);
#2954 = CARTESIAN_POINT('',(2.54,0.,6.8033));
#2955 = DIRECTION('',(0.,-0.,1.));
#2956 = DIRECTION('',(0.,1.,0.));
#2957 = FACE_BOUND('',#2958,.T.);
#2958 = EDGE_LOOP('',(#2959));
#2959 = ORIENTED_EDGE('',*,*,#2812,.F.);
#2960 = PLANE('',#2961);
#2961 = AXIS2_PLACEMENT_3D('',#2962,#2963,#2964);
#2962 = CARTESIAN_POINT('',(2.54,0.,6.8033));
#2963 = DIRECTION('',(0.,0.,1.));
#2964 = DIRECTION('',(0.,1.,0.));
#2965 = ADVANCED_FACE('',(#2966,#2977),#2980,.T.);
#2966 = FACE_BOUND('',#2967,.T.);
#2967 = EDGE_LOOP('',(#2968));
#2968 = ORIENTED_EDGE('',*,*,#2969,.T.);
#2969 = EDGE_CURVE('',#2970,#2970,#2972,.T.);
#2970 = VERTEX_POINT('',#2971);
#2971 = CARTESIAN_POINT('',(5.08,1.04036,6.8033));
#2972 = CIRCLE('',#2973,1.04036);
#2973 = AXIS2_PLACEMENT_3D('',#2974,#2975,#2976);
#2974 = CARTESIAN_POINT('',(5.08,0.,6.8033));
#2975 = DIRECTION('',(0.,-0.,1.));
#2976 = DIRECTION('',(0.,1.,0.));
#2977 = FACE_BOUND('',#2978,.T.);
#2978 = EDGE_LOOP('',(#2979));
#2979 = ORIENTED_EDGE('',*,*,#2837,.F.);
#2980 = PLANE('',#2981);
#2981 = AXIS2_PLACEMENT_3D('',#2982,#2983,#2984);
#2982 = CARTESIAN_POINT('',(5.08,0.,6.8033));
#2983 = DIRECTION('',(0.,0.,1.));
#2984 = DIRECTION('',(0.,1.,0.));
#2985 = ADVANCED_FACE('',(#2986),#3005,.F.);
#2986 = FACE_BOUND('',#2987,.T.);
#2987 = EDGE_LOOP('',(#2988,#2989,#2997,#3004));
#2988 = ORIENTED_EDGE('',*,*,#2863,.T.);
#2989 = ORIENTED_EDGE('',*,*,#2990,.T.);
#2990 = EDGE_CURVE('',#2856,#2991,#2993,.T.);
#2991 = VERTEX_POINT('',#2992);
#2992 = CARTESIAN_POINT('',(0.,0.952473,8.047285));
#2993 = LINE('',#2994,#2995);
#2994 = CARTESIAN_POINT('',(0.,0.952473,8.216305));
#2995 = VECTOR('',#2996,1.);
#2996 = DIRECTION('',(0.,0.,-1.));
#2997 = ORIENTED_EDGE('',*,*,#2998,.F.);
#2998 = EDGE_CURVE('',#2991,#2991,#2999,.T.);
#2999 = CIRCLE('',#3000,0.952473);
#3000 = AXIS2_PLACEMENT_3D('',#3001,#3002,#3003);
#3001 = CARTESIAN_POINT('',(0.,0.,8.047285));
#3002 = DIRECTION('',(0.,-0.,1.));
#3003 = DIRECTION('',(0.,1.,0.));
#3004 = ORIENTED_EDGE('',*,*,#2990,.F.);
#3005 = CYLINDRICAL_SURFACE('',#3006,0.952473);
#3006 = AXIS2_PLACEMENT_3D('',#3007,#3008,#3009);
#3007 = CARTESIAN_POINT('',(0.,0.,8.216305));
#3008 = DIRECTION('',(-0.,-0.,-1.));
#3009 = DIRECTION('',(0.,1.,0.));
#3010 = ADVANCED_FACE('',(#3011),#3030,.F.);
#3011 = FACE_BOUND('',#3012,.T.);
#3012 = EDGE_LOOP('',(#3013,#3014,#3022,#3029));
#3013 = ORIENTED_EDGE('',*,*,#2888,.T.);
#3014 = ORIENTED_EDGE('',*,*,#3015,.T.);
#3015 = EDGE_CURVE('',#2881,#3016,#3018,.T.);
#3016 = VERTEX_POINT('',#3017);
#3017 = CARTESIAN_POINT('',(2.54,0.952473,8.047285));
#3018 = LINE('',#3019,#3020);
#3019 = CARTESIAN_POINT('',(2.54,0.952473,8.216305));
#3020 = VECTOR('',#3021,1.);
#3021 = DIRECTION('',(0.,0.,-1.));
#3022 = ORIENTED_EDGE('',*,*,#3023,.F.);
#3023 = EDGE_CURVE('',#3016,#3016,#3024,.T.);
#3024 = CIRCLE('',#3025,0.952473);
#3025 = AXIS2_PLACEMENT_3D('',#3026,#3027,#3028);
#3026 = CARTESIAN_POINT('',(2.54,0.,8.047285));
#3027 = DIRECTION('',(0.,-0.,1.));
#3028 = DIRECTION('',(0.,1.,0.));
#3029 = ORIENTED_EDGE('',*,*,#3015,.F.);
#3030 = CYLINDRICAL_SURFACE('',#3031,0.952473);
#3031 = AXIS2_PLACEMENT_3D('',#3032,#3033,#3034);
#3032 = CARTESIAN_POINT('',(2.54,0.,8.216305));
#3033 = DIRECTION('',(-0.,-0.,-1.));
#3034 = DIRECTION('',(0.,1.,0.));
#3035 = ADVANCED_FACE('',(#3036),#3055,.F.);
#3036 = FACE_BOUND('',#3037,.T.);
#3037 = EDGE_LOOP('',(#3038,#3039,#3047,#3054));
#3038 = ORIENTED_EDGE('',*,*,#2913,.T.);
#3039 = ORIENTED_EDGE('',*,*,#3040,.T.);
#3040 = EDGE_CURVE('',#2906,#3041,#3043,.T.);
#3041 = VERTEX_POINT('',#3042);
#3042 = CARTESIAN_POINT('',(5.08,0.952473,8.047285));
#3043 = LINE('',#3044,#3045);
#3044 = CARTESIAN_POINT('',(5.08,0.952473,8.216305));
#3045 = VECTOR('',#3046,1.);
#3046 = DIRECTION('',(0.,0.,-1.));
#3047 = ORIENTED_EDGE('',*,*,#3048,.F.);
#3048 = EDGE_CURVE('',#3041,#3041,#3049,.T.);
#3049 = CIRCLE('',#3050,0.952473);
#3050 = AXIS2_PLACEMENT_3D('',#3051,#3052,#3053);
#3051 = CARTESIAN_POINT('',(5.08,0.,8.047285));
#3052 = DIRECTION('',(0.,-0.,1.));
#3053 = DIRECTION('',(0.,1.,0.));
#3054 = ORIENTED_EDGE('',*,*,#3040,.F.);
#3055 = CYLINDRICAL_SURFACE('',#3056,0.952473);
#3056 = AXIS2_PLACEMENT_3D('',#3057,#3058,#3059);
#3057 = CARTESIAN_POINT('',(5.08,0.,8.216305));
#3058 = DIRECTION('',(-0.,-0.,-1.));
#3059 = DIRECTION('',(0.,1.,0.));
#3060 = ADVANCED_FACE('',(#3061),#3080,.F.);
#3061 = FACE_BOUND('',#3062,.T.);
#3062 = EDGE_LOOP('',(#3063,#3072,#3078,#3079));
#3063 = ORIENTED_EDGE('',*,*,#3064,.T.);
#3064 = EDGE_CURVE('',#3065,#3065,#3067,.T.);
#3065 = VERTEX_POINT('',#3066);
#3066 = CARTESIAN_POINT('',(0.,1.04036,7.959395));
#3067 = CIRCLE('',#3068,1.04036);
#3068 = AXIS2_PLACEMENT_3D('',#3069,#3070,#3071);
#3069 = CARTESIAN_POINT('',(0.,0.,7.959395));
#3070 = DIRECTION('',(0.,-0.,1.));
#3071 = DIRECTION('',(0.,1.,0.));
#3072 = ORIENTED_EDGE('',*,*,#3073,.T.);
#3073 = EDGE_CURVE('',#3065,#2930,#3074,.T.);
#3074 = LINE('',#3075,#3076);
#3075 = CARTESIAN_POINT('',(0.,1.04036,7.959395));
#3076 = VECTOR('',#3077,1.);
#3077 = DIRECTION('',(0.,0.,-1.));
#3078 = ORIENTED_EDGE('',*,*,#2929,.F.);
#3079 = ORIENTED_EDGE('',*,*,#3073,.F.);
#3080 = CYLINDRICAL_SURFACE('',#3081,1.04036);
#3081 = AXIS2_PLACEMENT_3D('',#3082,#3083,#3084);
#3082 = CARTESIAN_POINT('',(0.,0.,7.959395));
#3083 = DIRECTION('',(-0.,-0.,-1.));
#3084 = DIRECTION('',(0.,1.,0.));
#3085 = ADVANCED_FACE('',(#3086),#3105,.F.);
#3086 = FACE_BOUND('',#3087,.T.);
#3087 = EDGE_LOOP('',(#3088,#3097,#3103,#3104));
#3088 = ORIENTED_EDGE('',*,*,#3089,.T.);
#3089 = EDGE_CURVE('',#3090,#3090,#3092,.T.);
#3090 = VERTEX_POINT('',#3091);
#3091 = CARTESIAN_POINT('',(2.54,1.04036,7.959395));
#3092 = CIRCLE('',#3093,1.04036);
#3093 = AXIS2_PLACEMENT_3D('',#3094,#3095,#3096);
#3094 = CARTESIAN_POINT('',(2.54,0.,7.959395));
#3095 = DIRECTION('',(0.,-0.,1.));
#3096 = DIRECTION('',(0.,1.,0.));
#3097 = ORIENTED_EDGE('',*,*,#3098,.T.);
#3098 = EDGE_CURVE('',#3090,#2950,#3099,.T.);
#3099 = LINE('',#3100,#3101);
#3100 = CARTESIAN_POINT('',(2.54,1.04036,7.959395));
#3101 = VECTOR('',#3102,1.);
#3102 = DIRECTION('',(0.,0.,-1.));
#3103 = ORIENTED_EDGE('',*,*,#2949,.F.);
#3104 = ORIENTED_EDGE('',*,*,#3098,.F.);
#3105 = CYLINDRICAL_SURFACE('',#3106,1.04036);
#3106 = AXIS2_PLACEMENT_3D('',#3107,#3108,#3109);
#3107 = CARTESIAN_POINT('',(2.54,0.,7.959395));
#3108 = DIRECTION('',(-0.,-0.,-1.));
#3109 = DIRECTION('',(0.,1.,0.));
#3110 = ADVANCED_FACE('',(#3111),#3130,.F.);
#3111 = FACE_BOUND('',#3112,.T.);
#3112 = EDGE_LOOP('',(#3113,#3122,#3128,#3129));
#3113 = ORIENTED_EDGE('',*,*,#3114,.T.);
#3114 = EDGE_CURVE('',#3115,#3115,#3117,.T.);
#3115 = VERTEX_POINT('',#3116);
#3116 = CARTESIAN_POINT('',(5.08,1.04036,7.959395));
#3117 = CIRCLE('',#3118,1.04036);
#3118 = AXIS2_PLACEMENT_3D('',#3119,#3120,#3121);
#3119 = CARTESIAN_POINT('',(5.08,0.,7.959395));
#3120 = DIRECTION('',(0.,-0.,1.));
#3121 = DIRECTION('',(0.,1.,0.));
#3122 = ORIENTED_EDGE('',*,*,#3123,.T.);
#3123 = EDGE_CURVE('',#3115,#2970,#3124,.T.);
#3124 = LINE('',#3125,#3126);
#3125 = CARTESIAN_POINT('',(5.08,1.04036,7.959395));
#3126 = VECTOR('',#3127,1.);
#3127 = DIRECTION('',(0.,0.,-1.));
#3128 = ORIENTED_EDGE('',*,*,#2969,.F.);
#3129 = ORIENTED_EDGE('',*,*,#3123,.F.);
#3130 = CYLINDRICAL_SURFACE('',#3131,1.04036);
#3131 = AXIS2_PLACEMENT_3D('',#3132,#3133,#3134);
#3132 = CARTESIAN_POINT('',(5.08,0.,7.959395));
#3133 = DIRECTION('',(-0.,-0.,-1.));
#3134 = DIRECTION('',(0.,1.,0.));
#3135 = ADVANCED_FACE('',(#3136),#3147,.F.);
#3136 = FACE_BOUND('',#3137,.T.);
#3137 = EDGE_LOOP('',(#3138,#3139,#3145,#3146));
#3138 = ORIENTED_EDGE('',*,*,#2998,.T.);
#3139 = ORIENTED_EDGE('',*,*,#3140,.T.);
#3140 = EDGE_CURVE('',#2991,#3065,#3141,.T.);
#3141 = LINE('',#3142,#3143);
#3142 = CARTESIAN_POINT('',(0.,0.952473,8.047285));
#3143 = VECTOR('',#3144,1.);
#3144 = DIRECTION('',(0.,0.707094712836,-0.707118849331));
#3145 = ORIENTED_EDGE('',*,*,#3064,.F.);
#3146 = ORIENTED_EDGE('',*,*,#3140,.F.);
#3147 = CONICAL_SURFACE('',#3148,0.952473,0.785381096318);
#3148 = AXIS2_PLACEMENT_3D('',#3149,#3150,#3151);
#3149 = CARTESIAN_POINT('',(0.,0.,8.047285));
#3150 = DIRECTION('',(-0.,-0.,-1.));
#3151 = DIRECTION('',(0.,1.,0.));
#3152 = ADVANCED_FACE('',(#3153),#3164,.F.);
#3153 = FACE_BOUND('',#3154,.T.);
#3154 = EDGE_LOOP('',(#3155,#3156,#3162,#3163));
#3155 = ORIENTED_EDGE('',*,*,#3023,.T.);
#3156 = ORIENTED_EDGE('',*,*,#3157,.T.);
#3157 = EDGE_CURVE('',#3016,#3090,#3158,.T.);
#3158 = LINE('',#3159,#3160);
#3159 = CARTESIAN_POINT('',(2.54,0.952473,8.047285));
#3160 = VECTOR('',#3161,1.);
#3161 = DIRECTION('',(0.,0.707094712836,-0.707118849331));
#3162 = ORIENTED_EDGE('',*,*,#3089,.F.);
#3163 = ORIENTED_EDGE('',*,*,#3157,.F.);
#3164 = CONICAL_SURFACE('',#3165,0.952473,0.785381096318);
#3165 = AXIS2_PLACEMENT_3D('',#3166,#3167,#3168);
#3166 = CARTESIAN_POINT('',(2.54,0.,8.047285));
#3167 = DIRECTION('',(-0.,-0.,-1.));
#3168 = DIRECTION('',(0.,1.,0.));
#3169 = ADVANCED_FACE('',(#3170),#3181,.F.);
#3170 = FACE_BOUND('',#3171,.T.);
#3171 = EDGE_LOOP('',(#3172,#3173,#3179,#3180));
#3172 = ORIENTED_EDGE('',*,*,#3048,.T.);
#3173 = ORIENTED_EDGE('',*,*,#3174,.T.);
#3174 = EDGE_CURVE('',#3041,#3115,#3175,.T.);
#3175 = LINE('',#3176,#3177);
#3176 = CARTESIAN_POINT('',(5.08,0.952473,8.047285));
#3177 = VECTOR('',#3178,1.);
#3178 = DIRECTION('',(0.,0.707094712836,-0.707118849331));
#3179 = ORIENTED_EDGE('',*,*,#3114,.F.);
#3180 = ORIENTED_EDGE('',*,*,#3174,.F.);
#3181 = CONICAL_SURFACE('',#3182,0.952473,0.785381096318);
#3182 = AXIS2_PLACEMENT_3D('',#3183,#3184,#3185);
#3183 = CARTESIAN_POINT('',(5.08,0.,8.047285));
#3184 = DIRECTION('',(-0.,-0.,-1.));
#3185 = DIRECTION('',(0.,1.,0.));
#3186 = ADVANCED_FACE('',(#3187),#3193,.T.);
#3187 = FACE_BOUND('',#3188,.T.);
#3188 = EDGE_LOOP('',(#3189,#3190,#3191,#3192));
#3189 = ORIENTED_EDGE('',*,*,#263,.T.);
#3190 = ORIENTED_EDGE('',*,*,#805,.T.);
#3191 = ORIENTED_EDGE('',*,*,#132,.F.);
#3192 = ORIENTED_EDGE('',*,*,#790,.F.);
#3193 = PLANE('',#3194);
#3194 = AXIS2_PLACEMENT_3D('',#3195,#3196,#3197);
#3195 = CARTESIAN_POINT('',(2.54,-2.951920392766,0.967939838088));
#3196 = DIRECTION('',(-1.494504192918E-16,-0.780868809443,0.624695047554
    ));
#3197 = DIRECTION('',(-1.232595164408E-32,-0.624695047554,
    -0.780868809443));
#3198 = ADVANCED_FACE('',(#3199),#3205,.T.);
#3199 = FACE_BOUND('',#3200,.T.);
#3200 = EDGE_LOOP('',(#3201,#3202,#3203,#3204));
#3201 = ORIENTED_EDGE('',*,*,#297,.T.);
#3202 = ORIENTED_EDGE('',*,*,#856,.T.);
#3203 = ORIENTED_EDGE('',*,*,#61,.F.);
#3204 = ORIENTED_EDGE('',*,*,#841,.F.);
#3205 = PLANE('',#3206);
#3206 = AXIS2_PLACEMENT_3D('',#3207,#3208,#3209);
#3207 = CARTESIAN_POINT('',(5.08,-2.951920392766,0.967939838088));
#3208 = DIRECTION('',(-1.505466326362E-16,-0.780868809443,0.624695047554
    ));
#3209 = DIRECTION('',(1.232595164408E-32,-0.624695047554,-0.780868809443
    ));
#3210 = ADVANCED_FACE('',(#3211),#3217,.T.);
#3211 = FACE_BOUND('',#3212,.T.);
#3212 = EDGE_LOOP('',(#3213,#3214,#3215,#3216));
#3213 = ORIENTED_EDGE('',*,*,#279,.T.);
#3214 = ORIENTED_EDGE('',*,*,#783,.T.);
#3215 = ORIENTED_EDGE('',*,*,#2161,.F.);
#3216 = ORIENTED_EDGE('',*,*,#812,.F.);
#3217 = PLANE('',#3218);
#3218 = AXIS2_PLACEMENT_3D('',#3219,#3220,#3221);
#3219 = CARTESIAN_POINT('',(2.54,-2.947040494718,3.915161194803));
#3220 = DIRECTION('',(-0.,-0.868243142124,-0.496138938357));
#3221 = DIRECTION('',(0.,0.496138938357,-0.868243142124));
#3222 = ADVANCED_FACE('',(#3223),#3229,.T.);
#3223 = FACE_BOUND('',#3224,.T.);
#3224 = EDGE_LOOP('',(#3225,#3226,#3227,#3228));
#3225 = ORIENTED_EDGE('',*,*,#313,.T.);
#3226 = ORIENTED_EDGE('',*,*,#834,.T.);
#3227 = ORIENTED_EDGE('',*,*,#2207,.F.);
#3228 = ORIENTED_EDGE('',*,*,#863,.F.);
#3229 = PLANE('',#3230);
#3230 = AXIS2_PLACEMENT_3D('',#3231,#3232,#3233);
#3231 = CARTESIAN_POINT('',(5.08,-2.947040494718,3.915161194803));
#3232 = DIRECTION('',(-0.,-0.868243142124,-0.496138938357));
#3233 = DIRECTION('',(0.,0.496138938357,-0.868243142124));
#3234 = ( GEOMETRIC_REPRESENTATION_CONTEXT(3) 
GLOBAL_UNCERTAINTY_ASSIGNED_CONTEXT((#3238)) 
GLOBAL_UNIT_ASSIGNED_CONTEXT((#3235,#3236,#3237)) REPRESENTATION_CONTEXT
('Context #1','3D Context with UNIT and UNCERTAINTY') );
#3235 = ( LENGTH_UNIT() NAMED_UNIT(*) SI_UNIT(.MILLI.,.METRE.) );
#3236 = ( NAMED_UNIT(*) PLANE_ANGLE_UNIT() SI_UNIT($,.RADIAN.) );
#3237 = ( NAMED_UNIT(*) SI_UNIT($,.STERADIAN.) SOLID_ANGLE_UNIT() );
#3238 = UNCERTAINTY_MEASURE_WITH_UNIT(LENGTH_MEASURE(1.E-06),#3235,
  'distance_accuracy_value','confusion accuracy');
#3239 = CONTEXT_DEPENDENT_SHAPE_REPRESENTATION(#3240,#3242);
#3240 = ( REPRESENTATION_RELATIONSHIP('','',#36,#10) 
REPRESENTATION_RELATIONSHIP_WITH_TRANSFORMATION(#3241) 
SHAPE_REPRESENTATION_RELATIONSHIP() );
#3241 = ITEM_DEFINED_TRANSFORMATION('','',#11,#15);
#3242 = PRODUCT_DEFINITION_SHAPE('Placement','Placement of an item',
  #3243);
#3243 = NEXT_ASSEMBLY_USAGE_OCCURRENCE('25','Connector_body','',#5,#31,$
  );
#3244 = PRODUCT_RELATED_PRODUCT_CATEGORY('part',$,(#33));
#3245 = SHAPE_DEFINITION_REPRESENTATION(#3246,#3252);
#3246 = PRODUCT_DEFINITION_SHAPE('','',#3247);
#3247 = PRODUCT_DEFINITION('design','',#3248,#3251);
#3248 = PRODUCT_DEFINITION_FORMATION('','',#3249);
#3249 = PRODUCT('Array_of_pins','Array_of_pins','',(#3250));
#3250 = PRODUCT_CONTEXT('',#2,'mechanical');
#3251 = PRODUCT_DEFINITION_CONTEXT('part definition',#2,'design');
#3252 = SHAPE_REPRESENTATION('',(#11,#3253,#3257,#3261),#3265);
#3253 = AXIS2_PLACEMENT_3D('',#3254,#3255,#3256);
#3254 = CARTESIAN_POINT('',(0.,0.,0.));
#3255 = DIRECTION('',(0.,0.,1.));
#3256 = DIRECTION('',(1.,0.,0.));
#3257 = AXIS2_PLACEMENT_3D('',#3258,#3259,#3260);
#3258 = CARTESIAN_POINT('',(2.54,0.,0.));
#3259 = DIRECTION('',(0.,0.,1.));
#3260 = DIRECTION('',(1.,0.,0.));
#3261 = AXIS2_PLACEMENT_3D('',#3262,#3263,#3264);
#3262 = CARTESIAN_POINT('',(5.08,0.,0.));
#3263 = DIRECTION('',(0.,0.,1.));
#3264 = DIRECTION('',(1.,0.,0.));
#3265 = ( GEOMETRIC_REPRESENTATION_CONTEXT(3) 
GLOBAL_UNCERTAINTY_ASSIGNED_CONTEXT((#3269)) 
GLOBAL_UNIT_ASSIGNED_CONTEXT((#3266,#3267,#3268)) REPRESENTATION_CONTEXT
('Context #1','3D Context with UNIT and UNCERTAINTY') );
#3266 = ( LENGTH_UNIT() NAMED_UNIT(*) SI_UNIT(.MILLI.,.METRE.) );
#3267 = ( NAMED_UNIT(*) PLANE_ANGLE_UNIT() SI_UNIT($,.RADIAN.) );
#3268 = ( NAMED_UNIT(*) SI_UNIT($,.STERADIAN.) SOLID_ANGLE_UNIT() );
#3269 = UNCERTAINTY_MEASURE_WITH_UNIT(LENGTH_MEASURE(1.E-06),#3266,
  'distance_accuracy_value','confusion accuracy');
#3270 = CONTEXT_DEPENDENT_SHAPE_REPRESENTATION(#3271,#3273);
#3271 = ( REPRESENTATION_RELATIONSHIP('','',#3252,#10) 
REPRESENTATION_RELATIONSHIP_WITH_TRANSFORMATION(#3272) 
SHAPE_REPRESENTATION_RELATIONSHIP() );
#3272 = ITEM_DEFINED_TRANSFORMATION('','',#11,#19);
#3273 = PRODUCT_DEFINITION_SHAPE('Placement','Placement of an item',
  #3274);
#3274 = NEXT_ASSEMBLY_USAGE_OCCURRENCE('29','Array_of_pins','',#5,#3247,
  $);
#3275 = PRODUCT_RELATED_PRODUCT_CATEGORY('part',$,(#3249));
#3276 = SHAPE_DEFINITION_REPRESENTATION(#3277,#3283);
#3277 = PRODUCT_DEFINITION_SHAPE('','',#3278);
#3278 = PRODUCT_DEFINITION('design','',#3279,#3282);
#3279 = PRODUCT_DEFINITION_FORMATION('','',#3280);
#3280 = PRODUCT('Compound','Compound','',(#3281));
#3281 = PRODUCT_CONTEXT('',#2,'mechanical');
#3282 = PRODUCT_DEFINITION_CONTEXT('part definition',#2,'design');
#3283 = SHAPE_REPRESENTATION('',(#11,#3284,#4147,#4433),#4667);
#3284 = MANIFOLD_SOLID_BREP('',#3285);
#3285 = CLOSED_SHELL('',(#3286,#3326,#3357,#3390,#3483,#3576,#3593,#3610
    ,#3627,#3678,#3695,#3712,#3755,#3797,#3814,#3826,#3851,#3874,#3898,
    #3914,#3926,#3943,#3974,#3998,#4022,#4039,#4070,#4094,#4118,#4135));
#3286 = ADVANCED_FACE('',(#3287),#3321,.F.);
#3287 = FACE_BOUND('',#3288,.F.);
#3288 = EDGE_LOOP('',(#3289,#3299,#3307,#3315));
#3289 = ORIENTED_EDGE('',*,*,#3290,.T.);
#3290 = EDGE_CURVE('',#3291,#3293,#3295,.T.);
#3291 = VERTEX_POINT('',#3292);
#3292 = CARTESIAN_POINT('',(-0.65,-1.88372,3.205269811708));
#3293 = VERTEX_POINT('',#3294);
#3294 = CARTESIAN_POINT('',(0.65,-1.88372,3.205269811708));
#3295 = LINE('',#3296,#3297);
#3296 = CARTESIAN_POINT('',(-0.65,-1.88372,3.205269811708));
#3297 = VECTOR('',#3298,1.);
#3298 = DIRECTION('',(1.,0.,0.));
#3299 = ORIENTED_EDGE('',*,*,#3300,.T.);
#3300 = EDGE_CURVE('',#3293,#3301,#3303,.T.);
#3301 = VERTEX_POINT('',#3302);
#3302 = CARTESIAN_POINT('',(0.65,1.74921,3.205269811708));
#3303 = LINE('',#3304,#3305);
#3304 = CARTESIAN_POINT('',(0.65,-1.88372,3.205269811708));
#3305 = VECTOR('',#3306,1.);
#3306 = DIRECTION('',(0.,1.,0.));
#3307 = ORIENTED_EDGE('',*,*,#3308,.F.);
#3308 = EDGE_CURVE('',#3309,#3301,#3311,.T.);
#3309 = VERTEX_POINT('',#3310);
#3310 = CARTESIAN_POINT('',(-0.65,1.74921,3.205269811708));
#3311 = LINE('',#3312,#3313);
#3312 = CARTESIAN_POINT('',(-0.65,1.74921,3.205269811708));
#3313 = VECTOR('',#3314,1.);
#3314 = DIRECTION('',(1.,0.,0.));
#3315 = ORIENTED_EDGE('',*,*,#3316,.F.);
#3316 = EDGE_CURVE('',#3291,#3309,#3317,.T.);
#3317 = LINE('',#3318,#3319);
#3318 = CARTESIAN_POINT('',(-0.65,-1.88372,3.205269811708));
#3319 = VECTOR('',#3320,1.);
#3320 = DIRECTION('',(0.,1.,0.));
#3321 = PLANE('',#3322);
#3322 = AXIS2_PLACEMENT_3D('',#3323,#3324,#3325);
#3323 = CARTESIAN_POINT('',(-0.65,-1.88372,3.205269811708));
#3324 = DIRECTION('',(0.,0.,1.));
#3325 = DIRECTION('',(0.,1.,0.));
#3326 = ADVANCED_FACE('',(#3327),#3352,.T.);
#3327 = FACE_BOUND('',#3328,.T.);
#3328 = EDGE_LOOP('',(#3329,#3330,#3338,#3346));
#3329 = ORIENTED_EDGE('',*,*,#3290,.T.);
#3330 = ORIENTED_EDGE('',*,*,#3331,.T.);
#3331 = EDGE_CURVE('',#3293,#3332,#3334,.T.);
#3332 = VERTEX_POINT('',#3333);
#3333 = CARTESIAN_POINT('',(0.65,-1.88372,3.705353));
#3334 = LINE('',#3335,#3336);
#3335 = CARTESIAN_POINT('',(0.65,-1.88372,3.205269811708));
#3336 = VECTOR('',#3337,1.);
#3337 = DIRECTION('',(0.,0.,1.));
#3338 = ORIENTED_EDGE('',*,*,#3339,.F.);
#3339 = EDGE_CURVE('',#3340,#3332,#3342,.T.);
#3340 = VERTEX_POINT('',#3341);
#3341 = CARTESIAN_POINT('',(-0.65,-1.88372,3.705353));
#3342 = LINE('',#3343,#3344);
#3343 = CARTESIAN_POINT('',(-0.65,-1.88372,3.705353));
#3344 = VECTOR('',#3345,1.);
#3345 = DIRECTION('',(1.,0.,0.));
#3346 = ORIENTED_EDGE('',*,*,#3347,.F.);
#3347 = EDGE_CURVE('',#3291,#3340,#3348,.T.);
#3348 = LINE('',#3349,#3350);
#3349 = CARTESIAN_POINT('',(-0.65,-1.88372,3.205269811708));
#3350 = VECTOR('',#3351,1.);
#3351 = DIRECTION('',(0.,0.,1.));
#3352 = PLANE('',#3353);
#3353 = AXIS2_PLACEMENT_3D('',#3354,#3355,#3356);
#3354 = CARTESIAN_POINT('',(-0.65,-1.88372,3.205269811708));
#3355 = DIRECTION('',(0.,-1.,0.));
#3356 = DIRECTION('',(0.,0.,1.));
#3357 = ADVANCED_FACE('',(#3358),#3385,.F.);
#3358 = FACE_BOUND('',#3359,.T.);
#3359 = EDGE_LOOP('',(#3360,#3370,#3377,#3378));
#3360 = ORIENTED_EDGE('',*,*,#3361,.T.);
#3361 = EDGE_CURVE('',#3362,#3364,#3366,.T.);
#3362 = VERTEX_POINT('',#3363);
#3363 = CARTESIAN_POINT('',(-0.65,1.99921,2.955269811708));
#3364 = VERTEX_POINT('',#3365);
#3365 = CARTESIAN_POINT('',(0.65,1.99921,2.955269811708));
#3366 = LINE('',#3367,#3368);
#3367 = CARTESIAN_POINT('',(-0.65,1.99921,2.955269811708));
#3368 = VECTOR('',#3369,1.);
#3369 = DIRECTION('',(1.,0.,0.));
#3370 = ORIENTED_EDGE('',*,*,#3371,.T.);
#3371 = EDGE_CURVE('',#3364,#3301,#3372,.T.);
#3372 = CIRCLE('',#3373,0.25);
#3373 = AXIS2_PLACEMENT_3D('',#3374,#3375,#3376);
#3374 = CARTESIAN_POINT('',(0.65,1.74921,2.955269811708));
#3375 = DIRECTION('',(1.,0.,0.));
#3376 = DIRECTION('',(0.,1.,0.));
#3377 = ORIENTED_EDGE('',*,*,#3308,.F.);
#3378 = ORIENTED_EDGE('',*,*,#3379,.F.);
#3379 = EDGE_CURVE('',#3362,#3309,#3380,.T.);
#3380 = CIRCLE('',#3381,0.25);
#3381 = AXIS2_PLACEMENT_3D('',#3382,#3383,#3384);
#3382 = CARTESIAN_POINT('',(-0.65,1.74921,2.955269811708));
#3383 = DIRECTION('',(1.,0.,0.));
#3384 = DIRECTION('',(0.,1.,0.));
#3385 = CYLINDRICAL_SURFACE('',#3386,0.25);
#3386 = AXIS2_PLACEMENT_3D('',#3387,#3388,#3389);
#3387 = CARTESIAN_POINT('',(-0.65,1.74921,2.955269811708));
#3388 = DIRECTION('',(-1.,-0.,-0.));
#3389 = DIRECTION('',(0.,1.,0.));
#3390 = ADVANCED_FACE('',(#3391),#3478,.F.);
#3391 = FACE_BOUND('',#3392,.F.);
#3392 = EDGE_LOOP('',(#3393,#3394,#3395,#3396,#3404,#3413,#3421,#3430,
    #3438,#3446,#3455,#3463,#3472));
#3393 = ORIENTED_EDGE('',*,*,#3347,.F.);
#3394 = ORIENTED_EDGE('',*,*,#3316,.T.);
#3395 = ORIENTED_EDGE('',*,*,#3379,.F.);
#3396 = ORIENTED_EDGE('',*,*,#3397,.T.);
#3397 = EDGE_CURVE('',#3362,#3398,#3400,.T.);
#3398 = VERTEX_POINT('',#3399);
#3399 = CARTESIAN_POINT('',(-0.65,1.99921,1.));
#3400 = LINE('',#3401,#3402);
#3401 = CARTESIAN_POINT('',(-0.65,1.99921,2.955269811708));
#3402 = VECTOR('',#3403,1.);
#3403 = DIRECTION('',(0.,0.,-1.));
#3404 = ORIENTED_EDGE('',*,*,#3405,.F.);
#3405 = EDGE_CURVE('',#3406,#3398,#3408,.T.);
#3406 = VERTEX_POINT('',#3407);
#3407 = CARTESIAN_POINT('',(-0.65,1.74921,0.75));
#3408 = CIRCLE('',#3409,0.25);
#3409 = AXIS2_PLACEMENT_3D('',#3410,#3411,#3412);
#3410 = CARTESIAN_POINT('',(-0.65,1.74921,1.));
#3411 = DIRECTION('',(1.,0.,0.));
#3412 = DIRECTION('',(0.,1.,0.));
#3413 = ORIENTED_EDGE('',*,*,#3414,.T.);
#3414 = EDGE_CURVE('',#3406,#3415,#3417,.T.);
#3415 = VERTEX_POINT('',#3416);
#3416 = CARTESIAN_POINT('',(-0.65,0.5,0.75));
#3417 = LINE('',#3418,#3419);
#3418 = CARTESIAN_POINT('',(-0.65,1.74921,0.75));
#3419 = VECTOR('',#3420,1.);
#3420 = DIRECTION('',(0.,-1.,0.));
#3421 = ORIENTED_EDGE('',*,*,#3422,.T.);
#3422 = EDGE_CURVE('',#3415,#3423,#3425,.T.);
#3423 = VERTEX_POINT('',#3424);
#3424 = CARTESIAN_POINT('',(-0.65,-0.207106781187,0.25));
#3425 = CIRCLE('',#3426,0.75);
#3426 = AXIS2_PLACEMENT_3D('',#3427,#3428,#3429);
#3427 = CARTESIAN_POINT('',(-0.65,0.5,3.061616997868E-17));
#3428 = DIRECTION('',(1.,0.,0.));
#3429 = DIRECTION('',(0.,1.,0.));
#3430 = ORIENTED_EDGE('',*,*,#3431,.T.);
#3431 = EDGE_CURVE('',#3423,#3432,#3434,.T.);
#3432 = VERTEX_POINT('',#3433);
#3433 = CARTESIAN_POINT('',(-0.65,0.5,0.25));
#3434 = LINE('',#3435,#3436);
#3435 = CARTESIAN_POINT('',(-0.65,-2.75,0.25));
#3436 = VECTOR('',#3437,1.);
#3437 = DIRECTION('',(0.,1.,-2.22044604925E-16));
#3438 = ORIENTED_EDGE('',*,*,#3439,.T.);
#3439 = EDGE_CURVE('',#3432,#3440,#3442,.T.);
#3440 = VERTEX_POINT('',#3441);
#3441 = CARTESIAN_POINT('',(-0.65,1.74921,0.25));
#3442 = LINE('',#3443,#3444);
#3443 = CARTESIAN_POINT('',(-0.65,0.5,0.25));
#3444 = VECTOR('',#3445,1.);
#3445 = DIRECTION('',(0.,1.,0.));
#3446 = ORIENTED_EDGE('',*,*,#3447,.T.);
#3447 = EDGE_CURVE('',#3440,#3448,#3450,.T.);
#3448 = VERTEX_POINT('',#3449);
#3449 = CARTESIAN_POINT('',(-0.65,2.49921,1.));
#3450 = CIRCLE('',#3451,0.75);
#3451 = AXIS2_PLACEMENT_3D('',#3452,#3453,#3454);
#3452 = CARTESIAN_POINT('',(-0.65,1.74921,1.));
#3453 = DIRECTION('',(1.,0.,0.));
#3454 = DIRECTION('',(0.,1.,0.));
#3455 = ORIENTED_EDGE('',*,*,#3456,.F.);
#3456 = EDGE_CURVE('',#3457,#3448,#3459,.T.);
#3457 = VERTEX_POINT('',#3458);
#3458 = CARTESIAN_POINT('',(-0.65,2.49921,2.966440727436));
#3459 = LINE('',#3460,#3461);
#3460 = CARTESIAN_POINT('',(-0.65,2.49921,2.966440727436));
#3461 = VECTOR('',#3462,1.);
#3462 = DIRECTION('',(0.,0.,-1.));
#3463 = ORIENTED_EDGE('',*,*,#3464,.T.);
#3464 = EDGE_CURVE('',#3457,#3465,#3467,.T.);
#3465 = VERTEX_POINT('',#3466);
#3466 = CARTESIAN_POINT('',(-0.65,1.74921,3.705353));
#3467 = CIRCLE('',#3468,0.750083188292);
#3468 = AXIS2_PLACEMENT_3D('',#3469,#3470,#3471);
#3469 = CARTESIAN_POINT('',(-0.65,1.74921,2.955269811708));
#3470 = DIRECTION('',(1.,0.,0.));
#3471 = DIRECTION('',(0.,1.,0.));
#3472 = ORIENTED_EDGE('',*,*,#3473,.F.);
#3473 = EDGE_CURVE('',#3340,#3465,#3474,.T.);
#3474 = LINE('',#3475,#3476);
#3475 = CARTESIAN_POINT('',(-0.65,-1.88372,3.705353));
#3476 = VECTOR('',#3477,1.);
#3477 = DIRECTION('',(0.,1.,0.));
#3478 = PLANE('',#3479);
#3479 = AXIS2_PLACEMENT_3D('',#3480,#3481,#3482);
#3480 = CARTESIAN_POINT('',(-0.65,0.645140582949,1.084692539421));
#3481 = DIRECTION('',(1.,0.,0.));
#3482 = DIRECTION('',(0.,0.,1.));
#3483 = ADVANCED_FACE('',(#3484),#3571,.T.);
#3484 = FACE_BOUND('',#3485,.T.);
#3485 = EDGE_LOOP('',(#3486,#3487,#3488,#3489,#3497,#3506,#3514,#3523,
    #3531,#3539,#3548,#3556,#3565));
#3486 = ORIENTED_EDGE('',*,*,#3331,.F.);
#3487 = ORIENTED_EDGE('',*,*,#3300,.T.);
#3488 = ORIENTED_EDGE('',*,*,#3371,.F.);
#3489 = ORIENTED_EDGE('',*,*,#3490,.T.);
#3490 = EDGE_CURVE('',#3364,#3491,#3493,.T.);
#3491 = VERTEX_POINT('',#3492);
#3492 = CARTESIAN_POINT('',(0.65,1.99921,1.));
#3493 = LINE('',#3494,#3495);
#3494 = CARTESIAN_POINT('',(0.65,1.99921,2.955269811708));
#3495 = VECTOR('',#3496,1.);
#3496 = DIRECTION('',(0.,0.,-1.));
#3497 = ORIENTED_EDGE('',*,*,#3498,.F.);
#3498 = EDGE_CURVE('',#3499,#3491,#3501,.T.);
#3499 = VERTEX_POINT('',#3500);
#3500 = CARTESIAN_POINT('',(0.65,1.74921,0.75));
#3501 = CIRCLE('',#3502,0.25);
#3502 = AXIS2_PLACEMENT_3D('',#3503,#3504,#3505);
#3503 = CARTESIAN_POINT('',(0.65,1.74921,1.));
#3504 = DIRECTION('',(1.,0.,0.));
#3505 = DIRECTION('',(0.,1.,0.));
#3506 = ORIENTED_EDGE('',*,*,#3507,.T.);
#3507 = EDGE_CURVE('',#3499,#3508,#3510,.T.);
#3508 = VERTEX_POINT('',#3509);
#3509 = CARTESIAN_POINT('',(0.65,0.5,0.75));
#3510 = LINE('',#3511,#3512);
#3511 = CARTESIAN_POINT('',(0.65,1.74921,0.75));
#3512 = VECTOR('',#3513,1.);
#3513 = DIRECTION('',(0.,-1.,0.));
#3514 = ORIENTED_EDGE('',*,*,#3515,.T.);
#3515 = EDGE_CURVE('',#3508,#3516,#3518,.T.);
#3516 = VERTEX_POINT('',#3517);
#3517 = CARTESIAN_POINT('',(0.65,-0.207106781187,0.25));
#3518 = CIRCLE('',#3519,0.75);
#3519 = AXIS2_PLACEMENT_3D('',#3520,#3521,#3522);
#3520 = CARTESIAN_POINT('',(0.65,0.5,3.061616997868E-17));
#3521 = DIRECTION('',(1.,0.,0.));
#3522 = DIRECTION('',(0.,1.,0.));
#3523 = ORIENTED_EDGE('',*,*,#3524,.T.);
#3524 = EDGE_CURVE('',#3516,#3525,#3527,.T.);
#3525 = VERTEX_POINT('',#3526);
#3526 = CARTESIAN_POINT('',(0.65,0.5,0.25));
#3527 = LINE('',#3528,#3529);
#3528 = CARTESIAN_POINT('',(0.65,-2.75,0.25));
#3529 = VECTOR('',#3530,1.);
#3530 = DIRECTION('',(0.,1.,-2.22044604925E-16));
#3531 = ORIENTED_EDGE('',*,*,#3532,.T.);
#3532 = EDGE_CURVE('',#3525,#3533,#3535,.T.);
#3533 = VERTEX_POINT('',#3534);
#3534 = CARTESIAN_POINT('',(0.65,1.74921,0.25));
#3535 = LINE('',#3536,#3537);
#3536 = CARTESIAN_POINT('',(0.65,0.5,0.25));
#3537 = VECTOR('',#3538,1.);
#3538 = DIRECTION('',(0.,1.,0.));
#3539 = ORIENTED_EDGE('',*,*,#3540,.T.);
#3540 = EDGE_CURVE('',#3533,#3541,#3543,.T.);
#3541 = VERTEX_POINT('',#3542);
#3542 = CARTESIAN_POINT('',(0.65,2.49921,1.));
#3543 = CIRCLE('',#3544,0.75);
#3544 = AXIS2_PLACEMENT_3D('',#3545,#3546,#3547);
#3545 = CARTESIAN_POINT('',(0.65,1.74921,1.));
#3546 = DIRECTION('',(1.,0.,0.));
#3547 = DIRECTION('',(0.,1.,0.));
#3548 = ORIENTED_EDGE('',*,*,#3549,.F.);
#3549 = EDGE_CURVE('',#3550,#3541,#3552,.T.);
#3550 = VERTEX_POINT('',#3551);
#3551 = CARTESIAN_POINT('',(0.65,2.49921,2.966440727436));
#3552 = LINE('',#3553,#3554);
#3553 = CARTESIAN_POINT('',(0.65,2.49921,2.966440727436));
#3554 = VECTOR('',#3555,1.);
#3555 = DIRECTION('',(0.,0.,-1.));
#3556 = ORIENTED_EDGE('',*,*,#3557,.T.);
#3557 = EDGE_CURVE('',#3550,#3558,#3560,.T.);
#3558 = VERTEX_POINT('',#3559);
#3559 = CARTESIAN_POINT('',(0.65,1.74921,3.705353));
#3560 = CIRCLE('',#3561,0.750083188292);
#3561 = AXIS2_PLACEMENT_3D('',#3562,#3563,#3564);
#3562 = CARTESIAN_POINT('',(0.65,1.74921,2.955269811708));
#3563 = DIRECTION('',(1.,0.,0.));
#3564 = DIRECTION('',(0.,1.,0.));
#3565 = ORIENTED_EDGE('',*,*,#3566,.F.);
#3566 = EDGE_CURVE('',#3332,#3558,#3567,.T.);
#3567 = LINE('',#3568,#3569);
#3568 = CARTESIAN_POINT('',(0.65,-1.88372,3.705353));
#3569 = VECTOR('',#3570,1.);
#3570 = DIRECTION('',(0.,1.,0.));
#3571 = PLANE('',#3572);
#3572 = AXIS2_PLACEMENT_3D('',#3573,#3574,#3575);
#3573 = CARTESIAN_POINT('',(0.65,0.645140582949,1.084692539421));
#3574 = DIRECTION('',(1.,0.,0.));
#3575 = DIRECTION('',(0.,0.,1.));
#3576 = ADVANCED_FACE('',(#3577),#3588,.T.);
#3577 = FACE_BOUND('',#3578,.T.);
#3578 = EDGE_LOOP('',(#3579,#3580,#3581,#3587));
#3579 = ORIENTED_EDGE('',*,*,#3339,.T.);
#3580 = ORIENTED_EDGE('',*,*,#3566,.T.);
#3581 = ORIENTED_EDGE('',*,*,#3582,.F.);
#3582 = EDGE_CURVE('',#3465,#3558,#3583,.T.);
#3583 = LINE('',#3584,#3585);
#3584 = CARTESIAN_POINT('',(-0.65,1.74921,3.705353));
#3585 = VECTOR('',#3586,1.);
#3586 = DIRECTION('',(1.,0.,0.));
#3587 = ORIENTED_EDGE('',*,*,#3473,.F.);
#3588 = PLANE('',#3589);
#3589 = AXIS2_PLACEMENT_3D('',#3590,#3591,#3592);
#3590 = CARTESIAN_POINT('',(-0.65,-1.88372,3.705353));
#3591 = DIRECTION('',(0.,0.,1.));
#3592 = DIRECTION('',(0.,1.,0.));
#3593 = ADVANCED_FACE('',(#3594),#3605,.F.);
#3594 = FACE_BOUND('',#3595,.F.);
#3595 = EDGE_LOOP('',(#3596,#3597,#3598,#3604));
#3596 = ORIENTED_EDGE('',*,*,#3361,.T.);
#3597 = ORIENTED_EDGE('',*,*,#3490,.T.);
#3598 = ORIENTED_EDGE('',*,*,#3599,.F.);
#3599 = EDGE_CURVE('',#3398,#3491,#3600,.T.);
#3600 = LINE('',#3601,#3602);
#3601 = CARTESIAN_POINT('',(-0.65,1.99921,1.));
#3602 = VECTOR('',#3603,1.);
#3603 = DIRECTION('',(1.,0.,0.));
#3604 = ORIENTED_EDGE('',*,*,#3397,.F.);
#3605 = PLANE('',#3606);
#3606 = AXIS2_PLACEMENT_3D('',#3607,#3608,#3609);
#3607 = CARTESIAN_POINT('',(-0.65,1.99921,2.955269811708));
#3608 = DIRECTION('',(0.,1.,0.));
#3609 = DIRECTION('',(0.,0.,-1.));
#3610 = ADVANCED_FACE('',(#3611),#3622,.T.);
#3611 = FACE_BOUND('',#3612,.F.);
#3612 = EDGE_LOOP('',(#3613,#3619,#3620,#3621));
#3613 = ORIENTED_EDGE('',*,*,#3614,.T.);
#3614 = EDGE_CURVE('',#3457,#3550,#3615,.T.);
#3615 = LINE('',#3616,#3617);
#3616 = CARTESIAN_POINT('',(-0.65,2.49921,2.966440727436));
#3617 = VECTOR('',#3618,1.);
#3618 = DIRECTION('',(1.,0.,0.));
#3619 = ORIENTED_EDGE('',*,*,#3557,.T.);
#3620 = ORIENTED_EDGE('',*,*,#3582,.F.);
#3621 = ORIENTED_EDGE('',*,*,#3464,.F.);
#3622 = CYLINDRICAL_SURFACE('',#3623,0.750083188292);
#3623 = AXIS2_PLACEMENT_3D('',#3624,#3625,#3626);
#3624 = CARTESIAN_POINT('',(-0.65,1.74921,2.955269811708));
#3625 = DIRECTION('',(-1.,-0.,-0.));
#3626 = DIRECTION('',(0.,1.,0.));
#3627 = ADVANCED_FACE('',(#3628,#3639),#3673,.T.);
#3628 = FACE_BOUND('',#3629,.T.);
#3629 = EDGE_LOOP('',(#3630,#3631,#3632,#3638));
#3630 = ORIENTED_EDGE('',*,*,#3614,.T.);
#3631 = ORIENTED_EDGE('',*,*,#3549,.T.);
#3632 = ORIENTED_EDGE('',*,*,#3633,.F.);
#3633 = EDGE_CURVE('',#3448,#3541,#3634,.T.);
#3634 = LINE('',#3635,#3636);
#3635 = CARTESIAN_POINT('',(-0.65,2.49921,1.));
#3636 = VECTOR('',#3637,1.);
#3637 = DIRECTION('',(1.,0.,0.));
#3638 = ORIENTED_EDGE('',*,*,#3456,.F.);
#3639 = FACE_BOUND('',#3640,.T.);
#3640 = EDGE_LOOP('',(#3641,#3651,#3659,#3667));
#3641 = ORIENTED_EDGE('',*,*,#3642,.T.);
#3642 = EDGE_CURVE('',#3643,#3645,#3647,.T.);
#3643 = VERTEX_POINT('',#3644);
#3644 = CARTESIAN_POINT('',(-0.25,2.49921,2.404557231339));
#3645 = VERTEX_POINT('',#3646);
#3646 = CARTESIAN_POINT('',(-0.25,2.49921,1.53034));
#3647 = LINE('',#3648,#3649);
#3648 = CARTESIAN_POINT('',(-0.25,2.49921,2.474525675675));
#3649 = VECTOR('',#3650,1.);
#3650 = DIRECTION('',(0.,0.,-1.));
#3651 = ORIENTED_EDGE('',*,*,#3652,.T.);
#3652 = EDGE_CURVE('',#3645,#3653,#3655,.T.);
#3653 = VERTEX_POINT('',#3654);
#3654 = CARTESIAN_POINT('',(0.25,2.49921,1.53034));
#3655 = LINE('',#3656,#3657);
#3656 = CARTESIAN_POINT('',(-0.45,2.49921,1.53034));
#3657 = VECTOR('',#3658,1.);
#3658 = DIRECTION('',(1.,0.,0.));
#3659 = ORIENTED_EDGE('',*,*,#3660,.F.);
#3660 = EDGE_CURVE('',#3661,#3653,#3663,.T.);
#3661 = VERTEX_POINT('',#3662);
#3662 = CARTESIAN_POINT('',(0.25,2.49921,2.404557231339));
#3663 = LINE('',#3664,#3665);
#3664 = CARTESIAN_POINT('',(0.25,2.49921,2.474525675675));
#3665 = VECTOR('',#3666,1.);
#3666 = DIRECTION('',(0.,0.,-1.));
#3667 = ORIENTED_EDGE('',*,*,#3668,.T.);
#3668 = EDGE_CURVE('',#3661,#3643,#3669,.T.);
#3669 = LINE('',#3670,#3671);
#3670 = CARTESIAN_POINT('',(-0.45,2.49921,2.404557231339));
#3671 = VECTOR('',#3672,1.);
#3672 = DIRECTION('',(-1.,0.,0.));
#3673 = PLANE('',#3674);
#3674 = AXIS2_PLACEMENT_3D('',#3675,#3676,#3677);
#3675 = CARTESIAN_POINT('',(-0.65,2.49921,2.966440727436));
#3676 = DIRECTION('',(0.,1.,0.));
#3677 = DIRECTION('',(0.,0.,-1.));
#3678 = ADVANCED_FACE('',(#3679),#3690,.T.);
#3679 = FACE_BOUND('',#3680,.F.);
#3680 = EDGE_LOOP('',(#3681,#3687,#3688,#3689));
#3681 = ORIENTED_EDGE('',*,*,#3682,.T.);
#3682 = EDGE_CURVE('',#3440,#3533,#3683,.T.);
#3683 = LINE('',#3684,#3685);
#3684 = CARTESIAN_POINT('',(-0.65,1.74921,0.25));
#3685 = VECTOR('',#3686,1.);
#3686 = DIRECTION('',(1.,0.,0.));
#3687 = ORIENTED_EDGE('',*,*,#3540,.T.);
#3688 = ORIENTED_EDGE('',*,*,#3633,.F.);
#3689 = ORIENTED_EDGE('',*,*,#3447,.F.);
#3690 = CYLINDRICAL_SURFACE('',#3691,0.75);
#3691 = AXIS2_PLACEMENT_3D('',#3692,#3693,#3694);
#3692 = CARTESIAN_POINT('',(-0.65,1.74921,1.));
#3693 = DIRECTION('',(-1.,-0.,-0.));
#3694 = DIRECTION('',(0.,1.,0.));
#3695 = ADVANCED_FACE('',(#3696),#3707,.F.);
#3696 = FACE_BOUND('',#3697,.F.);
#3697 = EDGE_LOOP('',(#3698,#3704,#3705,#3706));
#3698 = ORIENTED_EDGE('',*,*,#3699,.T.);
#3699 = EDGE_CURVE('',#3432,#3525,#3700,.T.);
#3700 = LINE('',#3701,#3702);
#3701 = CARTESIAN_POINT('',(-0.65,0.5,0.25));
#3702 = VECTOR('',#3703,1.);
#3703 = DIRECTION('',(1.,0.,0.));
#3704 = ORIENTED_EDGE('',*,*,#3532,.T.);
#3705 = ORIENTED_EDGE('',*,*,#3682,.F.);
#3706 = ORIENTED_EDGE('',*,*,#3439,.F.);
#3707 = PLANE('',#3708);
#3708 = AXIS2_PLACEMENT_3D('',#3709,#3710,#3711);
#3709 = CARTESIAN_POINT('',(-0.65,0.5,0.25));
#3710 = DIRECTION('',(0.,0.,1.));
#3711 = DIRECTION('',(0.,1.,0.));
#3712 = ADVANCED_FACE('',(#3713),#3750,.F.);
#3713 = FACE_BOUND('',#3714,.F.);
#3714 = EDGE_LOOP('',(#3715,#3734,#3742,#3749));
#3715 = ORIENTED_EDGE('',*,*,#3716,.F.);
#3716 = EDGE_CURVE('',#3717,#3423,#3719,.T.);
#3717 = VERTEX_POINT('',#3718);
#3718 = CARTESIAN_POINT('',(-0.4,-0.25,3.827021512968E-17));
#3719 = B_SPLINE_CURVE_WITH_KNOTS('',7,(#3720,#3721,#3722,#3723,#3724,
    #3725,#3726,#3727,#3728,#3729,#3730,#3731,#3732,#3733),
  .UNSPECIFIED.,.F.,.F.,(8,6,8),(0.,0.240274066386,1.),.UNSPECIFIED.);
#3720 = CARTESIAN_POINT('',(-0.4,-0.25,3.061616997868E-17));
#3721 = CARTESIAN_POINT('',(-0.4,-0.25,1.331788247215E-02));
#3722 = CARTESIAN_POINT('',(-0.400827704037,-0.249724126779,
    2.663507985867E-02));
#3723 = CARTESIAN_POINT('',(-0.402482974733,-0.24917231913,
    3.989165371389E-02));
#3724 = CARTESIAN_POINT('',(-0.404960549556,-0.24835157349,
    5.302746930501E-02));
#3725 = CARTESIAN_POINT('',(-0.408249977495,-0.247275607689,
    6.598274561741E-02));
#3726 = CARTESIAN_POINT('',(-0.412335555731,-0.245964524699,
    7.869860535986E-02));
#3727 = CARTESIAN_POINT('',(-0.432565415127,-0.239638214344,
    0.130385496903));
#3728 = CARTESIAN_POINT('',(-0.455816690811,-0.232701072876,
    0.167025987369));
#3729 = CARTESIAN_POINT('',(-0.486415645808,-0.22442564172,
    0.198831985394));
#3730 = CARTESIAN_POINT('',(-0.522938987383,-0.21632837172,
    0.223911118312));
#3731 = CARTESIAN_POINT('',(-0.563563489901,-0.210223673102,
    0.241185327442));
#3732 = CARTESIAN_POINT('',(-0.606539173519,-0.207106781187,0.25));
#3733 = CARTESIAN_POINT('',(-0.65,-0.207106781187,0.25));
#3734 = ORIENTED_EDGE('',*,*,#3735,.T.);
#3735 = EDGE_CURVE('',#3717,#3736,#3738,.T.);
#3736 = VERTEX_POINT('',#3737);
#3737 = CARTESIAN_POINT('',(-0.4,0.25,-4.020306360117E-17));
#3738 = LINE('',#3739,#3740);
#3739 = CARTESIAN_POINT('',(-0.4,-2.75,5.551115123126E-16));
#3740 = VECTOR('',#3741,1.);
#3741 = DIRECTION('',(0.,1.,-2.22044604925E-16));
#3742 = ORIENTED_EDGE('',*,*,#3743,.T.);
#3743 = EDGE_CURVE('',#3736,#3432,#3744,.T.);
#3744 = ELLIPSE('',#3745,0.353553390593,0.25);
#3745 = AXIS2_PLACEMENT_3D('',#3746,#3747,#3748);
#3746 = CARTESIAN_POINT('',(-0.65,0.5,3.061616997868E-17));
#3747 = DIRECTION('',(-0.707106781187,-0.707106781187,1.570092458684E-16
    ));
#3748 = DIRECTION('',(-0.707106781187,0.707106781187,-1.570092458684E-16
    ));
#3749 = ORIENTED_EDGE('',*,*,#3431,.F.);
#3750 = CYLINDRICAL_SURFACE('',#3751,0.25);
#3751 = AXIS2_PLACEMENT_3D('',#3752,#3753,#3754);
#3752 = CARTESIAN_POINT('',(-0.65,-2.75,5.551115123126E-16));
#3753 = DIRECTION('',(0.,-1.,2.22044604925E-16));
#3754 = DIRECTION('',(1.,0.,0.));
#3755 = ADVANCED_FACE('',(#3756),#3792,.T.);
#3756 = FACE_BOUND('',#3757,.F.);
#3757 = EDGE_LOOP('',(#3758,#3759,#3765,#3766,#3785,#3791));
#3758 = ORIENTED_EDGE('',*,*,#3422,.F.);
#3759 = ORIENTED_EDGE('',*,*,#3760,.T.);
#3760 = EDGE_CURVE('',#3415,#3508,#3761,.T.);
#3761 = LINE('',#3762,#3763);
#3762 = CARTESIAN_POINT('',(-0.65,0.5,0.75));
#3763 = VECTOR('',#3764,1.);
#3764 = DIRECTION('',(1.,0.,0.));
#3765 = ORIENTED_EDGE('',*,*,#3515,.T.);
#3766 = ORIENTED_EDGE('',*,*,#3767,.T.);
#3767 = EDGE_CURVE('',#3516,#3768,#3770,.T.);
#3768 = VERTEX_POINT('',#3769);
#3769 = CARTESIAN_POINT('',(0.4,-0.25,5.357830011902E-17));
#3770 = B_SPLINE_CURVE_WITH_KNOTS('',7,(#3771,#3772,#3773,#3774,#3775,
    #3776,#3777,#3778,#3779,#3780,#3781,#3782,#3783,#3784),
  .UNSPECIFIED.,.F.,.F.,(8,6,8),(0.,0.759719010818,1.),.UNSPECIFIED.);
#3771 = CARTESIAN_POINT('',(0.65,-0.207106781187,0.25));
#3772 = CARTESIAN_POINT('',(0.60653990983,-0.207106781187,0.25));
#3773 = CARTESIAN_POINT('',(0.563564683593,-0.210223569351,
    0.241185625538));
#3774 = CARTESIAN_POINT('',(0.52294032499,-0.216328122152,0.223911808182
    ));
#3775 = CARTESIAN_POINT('',(0.486416858491,-0.224425353704,
    0.198832985507));
#3776 = CARTESIAN_POINT('',(0.455817774107,-0.232700781859,
    0.167027180562));
#3777 = CARTESIAN_POINT('',(0.432566427604,-0.239637913494,
    0.130387008535));
#3778 = CARTESIAN_POINT('',(0.412336165778,-0.245964328936,
    7.870050404773E-02));
#3779 = CARTESIAN_POINT('',(0.408250386794,-0.247275473805,
    6.598435761632E-02));
#3780 = CARTESIAN_POINT('',(0.404960796184,-0.248351491786,
    5.302877687436E-02));
#3781 = CARTESIAN_POINT('',(0.402483098318,-0.249172277932,
    3.989264342659E-02));
#3782 = CARTESIAN_POINT('',(0.400827745239,-0.24972411305,
    2.6635742714E-02));
#3783 = CARTESIAN_POINT('',(0.4,-0.25,1.331821394056E-02));
#3784 = CARTESIAN_POINT('',(0.4,-0.25,1.071565949254E-16));
#3785 = ORIENTED_EDGE('',*,*,#3786,.F.);
#3786 = EDGE_CURVE('',#3717,#3768,#3787,.T.);
#3787 = LINE('',#3788,#3789);
#3788 = CARTESIAN_POINT('',(-0.65,-0.25,7.654043025935E-17));
#3789 = VECTOR('',#3790,1.);
#3790 = DIRECTION('',(1.,0.,0.));
#3791 = ORIENTED_EDGE('',*,*,#3716,.T.);
#3792 = CYLINDRICAL_SURFACE('',#3793,0.75);
#3793 = AXIS2_PLACEMENT_3D('',#3794,#3795,#3796);
#3794 = CARTESIAN_POINT('',(-0.65,0.5,3.061616997868E-17));
#3795 = DIRECTION('',(-1.,-0.,-0.));
#3796 = DIRECTION('',(0.,1.,0.));
#3797 = ADVANCED_FACE('',(#3798),#3809,.F.);
#3798 = FACE_BOUND('',#3799,.F.);
#3799 = EDGE_LOOP('',(#3800,#3806,#3807,#3808));
#3800 = ORIENTED_EDGE('',*,*,#3801,.T.);
#3801 = EDGE_CURVE('',#3406,#3499,#3802,.T.);
#3802 = LINE('',#3803,#3804);
#3803 = CARTESIAN_POINT('',(-0.65,1.74921,0.75));
#3804 = VECTOR('',#3805,1.);
#3805 = DIRECTION('',(1.,0.,0.));
#3806 = ORIENTED_EDGE('',*,*,#3507,.T.);
#3807 = ORIENTED_EDGE('',*,*,#3760,.F.);
#3808 = ORIENTED_EDGE('',*,*,#3414,.F.);
#3809 = PLANE('',#3810);
#3810 = AXIS2_PLACEMENT_3D('',#3811,#3812,#3813);
#3811 = CARTESIAN_POINT('',(-0.65,1.74921,0.75));
#3812 = DIRECTION('',(0.,0.,-1.));
#3813 = DIRECTION('',(0.,-1.,0.));
#3814 = ADVANCED_FACE('',(#3815),#3821,.F.);
#3815 = FACE_BOUND('',#3816,.T.);
#3816 = EDGE_LOOP('',(#3817,#3818,#3819,#3820));
#3817 = ORIENTED_EDGE('',*,*,#3801,.T.);
#3818 = ORIENTED_EDGE('',*,*,#3498,.T.);
#3819 = ORIENTED_EDGE('',*,*,#3599,.F.);
#3820 = ORIENTED_EDGE('',*,*,#3405,.F.);
#3821 = CYLINDRICAL_SURFACE('',#3822,0.25);
#3822 = AXIS2_PLACEMENT_3D('',#3823,#3824,#3825);
#3823 = CARTESIAN_POINT('',(-0.65,1.74921,1.));
#3824 = DIRECTION('',(-1.,-0.,-0.));
#3825 = DIRECTION('',(0.,1.,0.));
#3826 = ADVANCED_FACE('',(#3827),#3846,.F.);
#3827 = FACE_BOUND('',#3828,.F.);
#3828 = EDGE_LOOP('',(#3829,#3830,#3839,#3845));
#3829 = ORIENTED_EDGE('',*,*,#3524,.T.);
#3830 = ORIENTED_EDGE('',*,*,#3831,.F.);
#3831 = EDGE_CURVE('',#3832,#3525,#3834,.T.);
#3832 = VERTEX_POINT('',#3833);
#3833 = CARTESIAN_POINT('',(0.4,0.25,-2.489497861182E-17));
#3834 = ELLIPSE('',#3835,0.353553390593,0.25);
#3835 = AXIS2_PLACEMENT_3D('',#3836,#3837,#3838);
#3836 = CARTESIAN_POINT('',(0.65,0.5,3.061616997868E-17));
#3837 = DIRECTION('',(-0.707106781187,0.707106781187,-1.570092458684E-16
    ));
#3838 = DIRECTION('',(-0.707106781187,-0.707106781187,1.570092458684E-16
    ));
#3839 = ORIENTED_EDGE('',*,*,#3840,.F.);
#3840 = EDGE_CURVE('',#3768,#3832,#3841,.T.);
#3841 = LINE('',#3842,#3843);
#3842 = CARTESIAN_POINT('',(0.4,-2.75,5.857276822913E-16));
#3843 = VECTOR('',#3844,1.);
#3844 = DIRECTION('',(0.,1.,-2.22044604925E-16));
#3845 = ORIENTED_EDGE('',*,*,#3767,.F.);
#3846 = CYLINDRICAL_SURFACE('',#3847,0.25);
#3847 = AXIS2_PLACEMENT_3D('',#3848,#3849,#3850);
#3848 = CARTESIAN_POINT('',(0.65,-2.75,5.551115123126E-16));
#3849 = DIRECTION('',(0.,-1.,2.22044604925E-16));
#3850 = DIRECTION('',(1.,0.,0.));
#3851 = ADVANCED_FACE('',(#3852),#3869,.F.);
#3852 = FACE_BOUND('',#3853,.F.);
#3853 = EDGE_LOOP('',(#3854,#3855,#3863));
#3854 = ORIENTED_EDGE('',*,*,#3642,.T.);
#3855 = ORIENTED_EDGE('',*,*,#3856,.T.);
#3856 = EDGE_CURVE('',#3645,#3857,#3859,.T.);
#3857 = VERTEX_POINT('',#3858);
#3858 = CARTESIAN_POINT('',(-0.25,2.800653,1.53034));
#3859 = LINE('',#3860,#3861);
#3860 = CARTESIAN_POINT('',(-0.25,2.43649,1.53034));
#3861 = VECTOR('',#3862,1.);
#3862 = DIRECTION('',(0.,1.,0.));
#3863 = ORIENTED_EDGE('',*,*,#3864,.T.);
#3864 = EDGE_CURVE('',#3857,#3643,#3865,.T.);
#3865 = LINE('',#3866,#3867);
#3866 = CARTESIAN_POINT('',(-0.25,2.800653,1.53034));
#3867 = VECTOR('',#3868,1.);
#3868 = DIRECTION('',(0.,-0.325979841636,0.945376720068));
#3869 = PLANE('',#3870);
#3870 = AXIS2_PLACEMENT_3D('',#3871,#3872,#3873);
#3871 = CARTESIAN_POINT('',(-0.25,2.542786123914,1.982610623914));
#3872 = DIRECTION('',(1.,0.,0.));
#3873 = DIRECTION('',(0.,0.,1.));
#3874 = ADVANCED_FACE('',(#3875),#3893,.F.);
#3875 = FACE_BOUND('',#3876,.F.);
#3876 = EDGE_LOOP('',(#3877,#3878,#3886,#3892));
#3877 = ORIENTED_EDGE('',*,*,#3864,.F.);
#3878 = ORIENTED_EDGE('',*,*,#3879,.T.);
#3879 = EDGE_CURVE('',#3857,#3880,#3882,.T.);
#3880 = VERTEX_POINT('',#3881);
#3881 = CARTESIAN_POINT('',(0.25,2.800653,1.53034));
#3882 = LINE('',#3883,#3884);
#3883 = CARTESIAN_POINT('',(-0.25,2.800653,1.53034));
#3884 = VECTOR('',#3885,1.);
#3885 = DIRECTION('',(1.,0.,0.));
#3886 = ORIENTED_EDGE('',*,*,#3887,.T.);
#3887 = EDGE_CURVE('',#3880,#3661,#3888,.T.);
#3888 = LINE('',#3889,#3890);
#3889 = CARTESIAN_POINT('',(0.25,2.800653,1.53034));
#3890 = VECTOR('',#3891,1.);
#3891 = DIRECTION('',(0.,-0.325979841636,0.945376720068));
#3892 = ORIENTED_EDGE('',*,*,#3668,.T.);
#3893 = PLANE('',#3894);
#3894 = AXIS2_PLACEMENT_3D('',#3895,#3896,#3897);
#3895 = CARTESIAN_POINT('',(-0.25,2.800653,1.53034));
#3896 = DIRECTION('',(0.,-0.945376720068,-0.325979841636));
#3897 = DIRECTION('',(0.,-0.325979841636,0.945376720068));
#3898 = ADVANCED_FACE('',(#3899),#3909,.T.);
#3899 = FACE_BOUND('',#3900,.T.);
#3900 = EDGE_LOOP('',(#3901,#3902,#3908));
#3901 = ORIENTED_EDGE('',*,*,#3660,.T.);
#3902 = ORIENTED_EDGE('',*,*,#3903,.T.);
#3903 = EDGE_CURVE('',#3653,#3880,#3904,.T.);
#3904 = LINE('',#3905,#3906);
#3905 = CARTESIAN_POINT('',(0.25,2.43649,1.53034));
#3906 = VECTOR('',#3907,1.);
#3907 = DIRECTION('',(0.,1.,0.));
#3908 = ORIENTED_EDGE('',*,*,#3887,.T.);
#3909 = PLANE('',#3910);
#3910 = AXIS2_PLACEMENT_3D('',#3911,#3912,#3913);
#3911 = CARTESIAN_POINT('',(0.25,2.542786123914,1.982610623914));
#3912 = DIRECTION('',(1.,0.,0.));
#3913 = DIRECTION('',(0.,0.,1.));
#3914 = ADVANCED_FACE('',(#3915),#3921,.F.);
#3915 = FACE_BOUND('',#3916,.F.);
#3916 = EDGE_LOOP('',(#3917,#3918,#3919,#3920));
#3917 = ORIENTED_EDGE('',*,*,#3856,.F.);
#3918 = ORIENTED_EDGE('',*,*,#3652,.T.);
#3919 = ORIENTED_EDGE('',*,*,#3903,.T.);
#3920 = ORIENTED_EDGE('',*,*,#3879,.F.);
#3921 = PLANE('',#3922);
#3922 = AXIS2_PLACEMENT_3D('',#3923,#3924,#3925);
#3923 = CARTESIAN_POINT('',(-0.25,2.43649,1.53034));
#3924 = DIRECTION('',(0.,0.,1.));
#3925 = DIRECTION('',(0.,1.,0.));
#3926 = ADVANCED_FACE('',(#3927),#3938,.F.);
#3927 = FACE_BOUND('',#3928,.T.);
#3928 = EDGE_LOOP('',(#3929,#3930,#3931,#3932));
#3929 = ORIENTED_EDGE('',*,*,#3743,.T.);
#3930 = ORIENTED_EDGE('',*,*,#3699,.T.);
#3931 = ORIENTED_EDGE('',*,*,#3831,.F.);
#3932 = ORIENTED_EDGE('',*,*,#3933,.F.);
#3933 = EDGE_CURVE('',#3736,#3832,#3934,.T.);
#3934 = LINE('',#3935,#3936);
#3935 = CARTESIAN_POINT('',(-0.65,0.25,3.061617526018E-17));
#3936 = VECTOR('',#3937,1.);
#3937 = DIRECTION('',(1.,0.,0.));
#3938 = CYLINDRICAL_SURFACE('',#3939,0.25);
#3939 = AXIS2_PLACEMENT_3D('',#3940,#3941,#3942);
#3940 = CARTESIAN_POINT('',(-0.65,0.5,3.061616997868E-17));
#3941 = DIRECTION('',(-1.,-0.,-0.));
#3942 = DIRECTION('',(0.,1.,0.));
#3943 = ADVANCED_FACE('',(#3944),#3969,.F.);
#3944 = FACE_BOUND('',#3945,.F.);
#3945 = EDGE_LOOP('',(#3946,#3954,#3962,#3968));
#3946 = ORIENTED_EDGE('',*,*,#3947,.T.);
#3947 = EDGE_CURVE('',#3717,#3948,#3950,.T.);
#3948 = VERTEX_POINT('',#3949);
#3949 = CARTESIAN_POINT('',(-0.4,-0.25,-2.72602));
#3950 = LINE('',#3951,#3952);
#3951 = CARTESIAN_POINT('',(-0.4,-0.25,-1.36301));
#3952 = VECTOR('',#3953,1.);
#3953 = DIRECTION('',(0.,0.,-1.));
#3954 = ORIENTED_EDGE('',*,*,#3955,.T.);
#3955 = EDGE_CURVE('',#3948,#3956,#3958,.T.);
#3956 = VERTEX_POINT('',#3957);
#3957 = CARTESIAN_POINT('',(-0.4,0.25,-2.72602));
#3958 = LINE('',#3959,#3960);
#3959 = CARTESIAN_POINT('',(-0.4,-2.75,-2.72602));
#3960 = VECTOR('',#3961,1.);
#3961 = DIRECTION('',(0.,1.,-2.22044604925E-16));
#3962 = ORIENTED_EDGE('',*,*,#3963,.T.);
#3963 = EDGE_CURVE('',#3956,#3736,#3964,.T.);
#3964 = LINE('',#3965,#3966);
#3965 = CARTESIAN_POINT('',(-0.4,0.25,-3.11301));
#3966 = VECTOR('',#3967,1.);
#3967 = DIRECTION('',(0.,0.,1.));
#3968 = ORIENTED_EDGE('',*,*,#3735,.F.);
#3969 = PLANE('',#3970);
#3970 = AXIS2_PLACEMENT_3D('',#3971,#3972,#3973);
#3971 = CARTESIAN_POINT('',(-0.4,-2.75,-2.72602));
#3972 = DIRECTION('',(1.,0.,0.));
#3973 = DIRECTION('',(0.,2.22044604925E-16,1.));
#3974 = ADVANCED_FACE('',(#3975),#3993,.F.);
#3975 = FACE_BOUND('',#3976,.F.);
#3976 = EDGE_LOOP('',(#3977,#3978,#3979,#3987));
#3977 = ORIENTED_EDGE('',*,*,#3947,.F.);
#3978 = ORIENTED_EDGE('',*,*,#3786,.T.);
#3979 = ORIENTED_EDGE('',*,*,#3980,.F.);
#3980 = EDGE_CURVE('',#3981,#3768,#3983,.T.);
#3981 = VERTEX_POINT('',#3982);
#3982 = CARTESIAN_POINT('',(0.4,-0.25,-2.72602));
#3983 = LINE('',#3984,#3985);
#3984 = CARTESIAN_POINT('',(0.4,-0.25,3.08171926135E-16));
#3985 = VECTOR('',#3986,1.);
#3986 = DIRECTION('',(0.,0.,1.));
#3987 = ORIENTED_EDGE('',*,*,#3988,.T.);
#3988 = EDGE_CURVE('',#3981,#3948,#3989,.T.);
#3989 = LINE('',#3990,#3991);
#3990 = CARTESIAN_POINT('',(0.5,-0.25,-2.72602));
#3991 = VECTOR('',#3992,1.);
#3992 = DIRECTION('',(-1.,-0.,-0.));
#3993 = PLANE('',#3994);
#3994 = AXIS2_PLACEMENT_3D('',#3995,#3996,#3997);
#3995 = CARTESIAN_POINT('',(-0.65,-0.25,3.061616997868E-17));
#3996 = DIRECTION('',(0.,1.,0.));
#3997 = DIRECTION('',(0.,0.,-1.));
#3998 = ADVANCED_FACE('',(#3999),#4017,.F.);
#3999 = FACE_BOUND('',#4000,.F.);
#4000 = EDGE_LOOP('',(#4001,#4002,#4003,#4011));
#4001 = ORIENTED_EDGE('',*,*,#3980,.T.);
#4002 = ORIENTED_EDGE('',*,*,#3840,.T.);
#4003 = ORIENTED_EDGE('',*,*,#4004,.T.);
#4004 = EDGE_CURVE('',#3832,#4005,#4007,.T.);
#4005 = VERTEX_POINT('',#4006);
#4006 = CARTESIAN_POINT('',(0.4,0.25,-2.72602));
#4007 = LINE('',#4008,#4009);
#4008 = CARTESIAN_POINT('',(0.4,0.25,-1.75));
#4009 = VECTOR('',#4010,1.);
#4010 = DIRECTION('',(0.,0.,-1.));
#4011 = ORIENTED_EDGE('',*,*,#4012,.F.);
#4012 = EDGE_CURVE('',#3981,#4005,#4013,.T.);
#4013 = LINE('',#4014,#4015);
#4014 = CARTESIAN_POINT('',(0.4,-2.75,-2.72602));
#4015 = VECTOR('',#4016,1.);
#4016 = DIRECTION('',(0.,1.,-2.22044604925E-16));
#4017 = PLANE('',#4018);
#4018 = AXIS2_PLACEMENT_3D('',#4019,#4020,#4021);
#4019 = CARTESIAN_POINT('',(0.4,-2.75,5.857276822913E-16));
#4020 = DIRECTION('',(-1.,0.,0.));
#4021 = DIRECTION('',(0.,-2.22044604925E-16,-1.));
#4022 = ADVANCED_FACE('',(#4023),#4034,.F.);
#4023 = FACE_BOUND('',#4024,.F.);
#4024 = EDGE_LOOP('',(#4025,#4026,#4032,#4033));
#4025 = ORIENTED_EDGE('',*,*,#3963,.F.);
#4026 = ORIENTED_EDGE('',*,*,#4027,.F.);
#4027 = EDGE_CURVE('',#4005,#3956,#4028,.T.);
#4028 = LINE('',#4029,#4030);
#4029 = CARTESIAN_POINT('',(0.5,0.25,-2.72602));
#4030 = VECTOR('',#4031,1.);
#4031 = DIRECTION('',(-1.,-0.,-0.));
#4032 = ORIENTED_EDGE('',*,*,#4004,.F.);
#4033 = ORIENTED_EDGE('',*,*,#3933,.F.);
#4034 = PLANE('',#4035);
#4035 = AXIS2_PLACEMENT_3D('',#4036,#4037,#4038);
#4036 = CARTESIAN_POINT('',(-0.65,0.25,-3.5));
#4037 = DIRECTION('',(0.,-1.,0.));
#4038 = DIRECTION('',(0.,0.,1.));
#4039 = ADVANCED_FACE('',(#4040),#4065,.T.);
#4040 = FACE_BOUND('',#4041,.T.);
#4041 = EDGE_LOOP('',(#4042,#4050,#4051,#4059));
#4042 = ORIENTED_EDGE('',*,*,#4043,.T.);
#4043 = EDGE_CURVE('',#4044,#3948,#4046,.T.);
#4044 = VERTEX_POINT('',#4045);
#4045 = CARTESIAN_POINT('',(-0.177283,-0.11989063807,-3.5));
#4046 = LINE('',#4047,#4048);
#4047 = CARTESIAN_POINT('',(-0.420885162974,-0.26220093315,
    -2.653440455382));
#4048 = VECTOR('',#4049,1.);
#4049 = DIRECTION('',(-0.272994833281,-0.159481241074,0.948704145004));
#4050 = ORIENTED_EDGE('',*,*,#3955,.T.);
#4051 = ORIENTED_EDGE('',*,*,#4052,.T.);
#4052 = EDGE_CURVE('',#3956,#4053,#4055,.T.);
#4053 = VERTEX_POINT('',#4054);
#4054 = CARTESIAN_POINT('',(-0.177283,0.11989063807,-3.5));
#4055 = LINE('',#4056,#4057);
#4056 = CARTESIAN_POINT('',(-0.103132365837,7.657247332453E-02,
    -3.757686246804));
#4057 = VECTOR('',#4058,1.);
#4058 = DIRECTION('',(0.272994833281,-0.159481241074,-0.948704145004));
#4059 = ORIENTED_EDGE('',*,*,#4060,.F.);
#4060 = EDGE_CURVE('',#4044,#4053,#4061,.T.);
#4061 = LINE('',#4062,#4063);
#4062 = CARTESIAN_POINT('',(-0.177283,-2.75,-3.5));
#4063 = VECTOR('',#4064,1.);
#4064 = DIRECTION('',(0.,1.,-2.22044604925E-16));
#4065 = PLANE('',#4066);
#4066 = AXIS2_PLACEMENT_3D('',#4067,#4068,#4069);
#4067 = CARTESIAN_POINT('',(-0.4,-2.75,-2.72602));
#4068 = DIRECTION('',(-0.961004075423,-6.140292849257E-17,
    -0.276534205879));
#4069 = DIRECTION('',(0.276534205879,-2.133857702586E-16,-0.961004075423
    ));
#4070 = ADVANCED_FACE('',(#4071),#4089,.T.);
#4071 = FACE_BOUND('',#4072,.T.);
#4072 = EDGE_LOOP('',(#4073,#4081,#4082,#4083));
#4073 = ORIENTED_EDGE('',*,*,#4074,.T.);
#4074 = EDGE_CURVE('',#4075,#3981,#4077,.T.);
#4075 = VERTEX_POINT('',#4076);
#4076 = CARTESIAN_POINT('',(0.177283,-0.11989063807,-3.5));
#4077 = LINE('',#4078,#4079);
#4078 = CARTESIAN_POINT('',(0.458148252473,-0.283969710559,
    -2.523944790433));
#4079 = VECTOR('',#4080,1.);
#4080 = DIRECTION('',(0.272994833281,-0.159481241074,0.948704145004));
#4081 = ORIENTED_EDGE('',*,*,#3988,.T.);
#4082 = ORIENTED_EDGE('',*,*,#4043,.F.);
#4083 = ORIENTED_EDGE('',*,*,#4084,.T.);
#4084 = EDGE_CURVE('',#4044,#4075,#4085,.T.);
#4085 = LINE('',#4086,#4087);
#4086 = CARTESIAN_POINT('',(-7.5E-02,-0.11989063807,-3.5));
#4087 = VECTOR('',#4088,1.);
#4088 = DIRECTION('',(1.,0.,0.));
#4089 = PLANE('',#4090);
#4090 = AXIS2_PLACEMENT_3D('',#4091,#4092,#4093);
#4091 = CARTESIAN_POINT('',(0.5,-0.25,-2.72602));
#4092 = DIRECTION('',(0.,-0.986163056249,-0.165778244925));
#4093 = DIRECTION('',(0.,0.165778244925,-0.986163056249));
#4094 = ADVANCED_FACE('',(#4095),#4113,.F.);
#4095 = FACE_BOUND('',#4096,.F.);
#4096 = EDGE_LOOP('',(#4097,#4098,#4099,#4107));
#4097 = ORIENTED_EDGE('',*,*,#4074,.T.);
#4098 = ORIENTED_EDGE('',*,*,#4012,.T.);
#4099 = ORIENTED_EDGE('',*,*,#4100,.T.);
#4100 = EDGE_CURVE('',#4005,#4101,#4103,.T.);
#4101 = VERTEX_POINT('',#4102);
#4102 = CARTESIAN_POINT('',(0.177283,0.11989063807,-3.5));
#4103 = LINE('',#4104,#4105);
#4104 = CARTESIAN_POINT('',(0.140395455336,9.834125073379E-02,
    -3.628190581855));
#4105 = VECTOR('',#4106,1.);
#4106 = DIRECTION('',(-0.272994833281,-0.159481241074,-0.948704145004));
#4107 = ORIENTED_EDGE('',*,*,#4108,.F.);
#4108 = EDGE_CURVE('',#4075,#4101,#4109,.T.);
#4109 = LINE('',#4110,#4111);
#4110 = CARTESIAN_POINT('',(0.177283,-2.75,-3.5));
#4111 = VECTOR('',#4112,1.);
#4112 = DIRECTION('',(0.,1.,-2.22044604925E-16));
#4113 = PLANE('',#4114);
#4114 = AXIS2_PLACEMENT_3D('',#4115,#4116,#4117);
#4115 = CARTESIAN_POINT('',(0.4,-2.75,-2.72602));
#4116 = DIRECTION('',(-0.961004075423,6.140292849257E-17,0.276534205879)
  );
#4117 = DIRECTION('',(-0.276534205879,-2.133857702586E-16,
    -0.961004075423));
#4118 = ADVANCED_FACE('',(#4119),#4130,.T.);
#4119 = FACE_BOUND('',#4120,.T.);
#4120 = EDGE_LOOP('',(#4121,#4122,#4123,#4129));
#4121 = ORIENTED_EDGE('',*,*,#4027,.F.);
#4122 = ORIENTED_EDGE('',*,*,#4100,.T.);
#4123 = ORIENTED_EDGE('',*,*,#4124,.T.);
#4124 = EDGE_CURVE('',#4101,#4053,#4125,.T.);
#4125 = LINE('',#4126,#4127);
#4126 = CARTESIAN_POINT('',(-7.5E-02,0.11989063807,-3.5));
#4127 = VECTOR('',#4128,1.);
#4128 = DIRECTION('',(-1.,0.,0.));
#4129 = ORIENTED_EDGE('',*,*,#4052,.F.);
#4130 = PLANE('',#4131);
#4131 = AXIS2_PLACEMENT_3D('',#4132,#4133,#4134);
#4132 = CARTESIAN_POINT('',(0.5,0.,-4.213192));
#4133 = DIRECTION('',(0.,0.986163056249,-0.165778244925));
#4134 = DIRECTION('',(0.,0.165778244925,0.986163056249));
#4135 = ADVANCED_FACE('',(#4136),#4142,.F.);
#4136 = FACE_BOUND('',#4137,.F.);
#4137 = EDGE_LOOP('',(#4138,#4139,#4140,#4141));
#4138 = ORIENTED_EDGE('',*,*,#4060,.F.);
#4139 = ORIENTED_EDGE('',*,*,#4084,.T.);
#4140 = ORIENTED_EDGE('',*,*,#4108,.T.);
#4141 = ORIENTED_EDGE('',*,*,#4124,.T.);
#4142 = PLANE('',#4143);
#4143 = AXIS2_PLACEMENT_3D('',#4144,#4145,#4146);
#4144 = CARTESIAN_POINT('',(-0.65,-0.25,-3.5));
#4145 = DIRECTION('',(0.,0.,1.));
#4146 = DIRECTION('',(0.,1.,0.));
#4147 = MANIFOLD_SOLID_BREP('',#4148);
#4148 = CLOSED_SHELL('',(#4149,#4189,#4254,#4285,#4316,#4347,#4385,#4397
    ,#4409,#4421));
#4149 = ADVANCED_FACE('',(#4150),#4184,.F.);
#4150 = FACE_BOUND('',#4151,.F.);
#4151 = EDGE_LOOP('',(#4152,#4162,#4170,#4178));
#4152 = ORIENTED_EDGE('',*,*,#4153,.T.);
#4153 = EDGE_CURVE('',#4154,#4156,#4158,.T.);
#4154 = VERTEX_POINT('',#4155);
#4155 = CARTESIAN_POINT('',(-1.06,-1.6,1.03111));
#4156 = VERTEX_POINT('',#4157);
#4157 = CARTESIAN_POINT('',(-1.06,1.6,1.03111));
#4158 = LINE('',#4159,#4160);
#4159 = CARTESIAN_POINT('',(-1.06,-1.6,1.03111));
#4160 = VECTOR('',#4161,1.);
#4161 = DIRECTION('',(0.,1.,-2.22044604925E-16));
#4162 = ORIENTED_EDGE('',*,*,#4163,.T.);
#4163 = EDGE_CURVE('',#4156,#4164,#4166,.T.);
#4164 = VERTEX_POINT('',#4165);
#4165 = CARTESIAN_POINT('',(-1.06,1.6,4.16602));
#4166 = LINE('',#4167,#4168);
#4167 = CARTESIAN_POINT('',(-1.06,1.6,1.03111));
#4168 = VECTOR('',#4169,1.);
#4169 = DIRECTION('',(0.,2.22044604925E-16,1.));
#4170 = ORIENTED_EDGE('',*,*,#4171,.F.);
#4171 = EDGE_CURVE('',#4172,#4164,#4174,.T.);
#4172 = VERTEX_POINT('',#4173);
#4173 = CARTESIAN_POINT('',(-1.06,-1.6,4.16602));
#4174 = LINE('',#4175,#4176);
#4175 = CARTESIAN_POINT('',(-1.06,-1.6,4.16602));
#4176 = VECTOR('',#4177,1.);
#4177 = DIRECTION('',(0.,1.,-2.22044604925E-16));
#4178 = ORIENTED_EDGE('',*,*,#4179,.F.);
#4179 = EDGE_CURVE('',#4154,#4172,#4180,.T.);
#4180 = LINE('',#4181,#4182);
#4181 = CARTESIAN_POINT('',(-1.06,-1.6,1.03111));
#4182 = VECTOR('',#4183,1.);
#4183 = DIRECTION('',(0.,2.22044604925E-16,1.));
#4184 = PLANE('',#4185);
#4185 = AXIS2_PLACEMENT_3D('',#4186,#4187,#4188);
#4186 = CARTESIAN_POINT('',(-1.06,-1.6,1.03111));
#4187 = DIRECTION('',(1.,0.,0.));
#4188 = DIRECTION('',(0.,2.22044604925E-16,1.));
#4189 = ADVANCED_FACE('',(#4190,#4215),#4249,.F.);
#4190 = FACE_BOUND('',#4191,.F.);
#4191 = EDGE_LOOP('',(#4192,#4200,#4201,#4209));
#4192 = ORIENTED_EDGE('',*,*,#4193,.T.);
#4193 = EDGE_CURVE('',#4194,#4154,#4196,.T.);
#4194 = VERTEX_POINT('',#4195);
#4195 = CARTESIAN_POINT('',(1.06,-1.6,1.03111));
#4196 = LINE('',#4197,#4198);
#4197 = CARTESIAN_POINT('',(0.,-1.6,1.03111));
#4198 = VECTOR('',#4199,1.);
#4199 = DIRECTION('',(-1.,0.,0.));
#4200 = ORIENTED_EDGE('',*,*,#4179,.T.);
#4201 = ORIENTED_EDGE('',*,*,#4202,.F.);
#4202 = EDGE_CURVE('',#4203,#4172,#4205,.T.);
#4203 = VERTEX_POINT('',#4204);
#4204 = CARTESIAN_POINT('',(1.06,-1.6,4.16602));
#4205 = LINE('',#4206,#4207);
#4206 = CARTESIAN_POINT('',(1.06,-1.6,4.16602));
#4207 = VECTOR('',#4208,1.);
#4208 = DIRECTION('',(-1.,0.,0.));
#4209 = ORIENTED_EDGE('',*,*,#4210,.F.);
#4210 = EDGE_CURVE('',#4194,#4203,#4211,.T.);
#4211 = LINE('',#4212,#4213);
#4212 = CARTESIAN_POINT('',(1.06,-1.6,1.03111));
#4213 = VECTOR('',#4214,1.);
#4214 = DIRECTION('',(0.,2.22044604925E-16,1.));
#4215 = FACE_BOUND('',#4216,.F.);
#4216 = EDGE_LOOP('',(#4217,#4227,#4235,#4243));
#4217 = ORIENTED_EDGE('',*,*,#4218,.T.);
#4218 = EDGE_CURVE('',#4219,#4221,#4223,.T.);
#4219 = VERTEX_POINT('',#4220);
#4220 = CARTESIAN_POINT('',(0.66,-1.6,3.76602));
#4221 = VERTEX_POINT('',#4222);
#4222 = CARTESIAN_POINT('',(-0.66,-1.6,3.76602));
#4223 = LINE('',#4224,#4225);
#4224 = CARTESIAN_POINT('',(0.,-1.6,3.76602));
#4225 = VECTOR('',#4226,1.);
#4226 = DIRECTION('',(-1.,0.,0.));
#4227 = ORIENTED_EDGE('',*,*,#4228,.T.);
#4228 = EDGE_CURVE('',#4221,#4229,#4231,.T.);
#4229 = VERTEX_POINT('',#4230);
#4230 = CARTESIAN_POINT('',(-0.66,-1.6,1.43111));
#4231 = LINE('',#4232,#4233);
#4232 = CARTESIAN_POINT('',(-0.66,-1.6,3.76602));
#4233 = VECTOR('',#4234,1.);
#4234 = DIRECTION('',(0.,-2.22044604925E-16,-1.));
#4235 = ORIENTED_EDGE('',*,*,#4236,.F.);
#4236 = EDGE_CURVE('',#4237,#4229,#4239,.T.);
#4237 = VERTEX_POINT('',#4238);
#4238 = CARTESIAN_POINT('',(0.66,-1.6,1.43111));
#4239 = LINE('',#4240,#4241);
#4240 = CARTESIAN_POINT('',(0.66,-1.6,1.43111));
#4241 = VECTOR('',#4242,1.);
#4242 = DIRECTION('',(-1.,0.,0.));
#4243 = ORIENTED_EDGE('',*,*,#4244,.F.);
#4244 = EDGE_CURVE('',#4219,#4237,#4245,.T.);
#4245 = LINE('',#4246,#4247);
#4246 = CARTESIAN_POINT('',(0.66,-1.6,3.76602));
#4247 = VECTOR('',#4248,1.);
#4248 = DIRECTION('',(0.,-2.22044604925E-16,-1.));
#4249 = PLANE('',#4250);
#4250 = AXIS2_PLACEMENT_3D('',#4251,#4252,#4253);
#4251 = CARTESIAN_POINT('',(1.246066727078E-17,-1.6,2.598565));
#4252 = DIRECTION('',(0.,1.,0.));
#4253 = DIRECTION('',(0.,0.,1.));
#4254 = ADVANCED_FACE('',(#4255),#4280,.T.);
#4255 = FACE_BOUND('',#4256,.T.);
#4256 = EDGE_LOOP('',(#4257,#4265,#4273,#4279));
#4257 = ORIENTED_EDGE('',*,*,#4258,.T.);
#4258 = EDGE_CURVE('',#4194,#4259,#4261,.T.);
#4259 = VERTEX_POINT('',#4260);
#4260 = CARTESIAN_POINT('',(1.06,1.6,1.03111));
#4261 = LINE('',#4262,#4263);
#4262 = CARTESIAN_POINT('',(1.06,-1.6,1.03111));
#4263 = VECTOR('',#4264,1.);
#4264 = DIRECTION('',(0.,1.,-2.22044604925E-16));
#4265 = ORIENTED_EDGE('',*,*,#4266,.T.);
#4266 = EDGE_CURVE('',#4259,#4267,#4269,.T.);
#4267 = VERTEX_POINT('',#4268);
#4268 = CARTESIAN_POINT('',(1.06,1.6,4.16602));
#4269 = LINE('',#4270,#4271);
#4270 = CARTESIAN_POINT('',(1.06,1.6,1.03111));
#4271 = VECTOR('',#4272,1.);
#4272 = DIRECTION('',(0.,2.22044604925E-16,1.));
#4273 = ORIENTED_EDGE('',*,*,#4274,.F.);
#4274 = EDGE_CURVE('',#4203,#4267,#4275,.T.);
#4275 = LINE('',#4276,#4277);
#4276 = CARTESIAN_POINT('',(1.06,-1.6,4.16602));
#4277 = VECTOR('',#4278,1.);
#4278 = DIRECTION('',(0.,1.,-2.22044604925E-16));
#4279 = ORIENTED_EDGE('',*,*,#4210,.F.);
#4280 = PLANE('',#4281);
#4281 = AXIS2_PLACEMENT_3D('',#4282,#4283,#4284);
#4282 = CARTESIAN_POINT('',(1.06,-1.6,1.03111));
#4283 = DIRECTION('',(1.,0.,0.));
#4284 = DIRECTION('',(0.,2.22044604925E-16,1.));
#4285 = ADVANCED_FACE('',(#4286),#4311,.F.);
#4286 = FACE_BOUND('',#4287,.F.);
#4287 = EDGE_LOOP('',(#4288,#4296,#4304,#4310));
#4288 = ORIENTED_EDGE('',*,*,#4289,.T.);
#4289 = EDGE_CURVE('',#4221,#4290,#4292,.T.);
#4290 = VERTEX_POINT('',#4291);
#4291 = CARTESIAN_POINT('',(-0.66,1.6,3.76602));
#4292 = LINE('',#4293,#4294);
#4293 = CARTESIAN_POINT('',(-0.66,-1.6,3.76602));
#4294 = VECTOR('',#4295,1.);
#4295 = DIRECTION('',(0.,1.,-2.22044604925E-16));
#4296 = ORIENTED_EDGE('',*,*,#4297,.T.);
#4297 = EDGE_CURVE('',#4290,#4298,#4300,.T.);
#4298 = VERTEX_POINT('',#4299);
#4299 = CARTESIAN_POINT('',(-0.66,1.6,1.43111));
#4300 = LINE('',#4301,#4302);
#4301 = CARTESIAN_POINT('',(-0.66,1.6,3.76602));
#4302 = VECTOR('',#4303,1.);
#4303 = DIRECTION('',(0.,-2.22044604925E-16,-1.));
#4304 = ORIENTED_EDGE('',*,*,#4305,.F.);
#4305 = EDGE_CURVE('',#4229,#4298,#4306,.T.);
#4306 = LINE('',#4307,#4308);
#4307 = CARTESIAN_POINT('',(-0.66,-1.6,1.43111));
#4308 = VECTOR('',#4309,1.);
#4309 = DIRECTION('',(0.,1.,-2.22044604925E-16));
#4310 = ORIENTED_EDGE('',*,*,#4228,.F.);
#4311 = PLANE('',#4312);
#4312 = AXIS2_PLACEMENT_3D('',#4313,#4314,#4315);
#4313 = CARTESIAN_POINT('',(-0.66,-1.6,3.76602));
#4314 = DIRECTION('',(-1.,0.,0.));
#4315 = DIRECTION('',(0.,-2.22044604925E-16,-1.));
#4316 = ADVANCED_FACE('',(#4317),#4342,.T.);
#4317 = FACE_BOUND('',#4318,.T.);
#4318 = EDGE_LOOP('',(#4319,#4327,#4335,#4341));
#4319 = ORIENTED_EDGE('',*,*,#4320,.T.);
#4320 = EDGE_CURVE('',#4219,#4321,#4323,.T.);
#4321 = VERTEX_POINT('',#4322);
#4322 = CARTESIAN_POINT('',(0.66,1.6,3.76602));
#4323 = LINE('',#4324,#4325);
#4324 = CARTESIAN_POINT('',(0.66,-1.6,3.76602));
#4325 = VECTOR('',#4326,1.);
#4326 = DIRECTION('',(0.,1.,-2.22044604925E-16));
#4327 = ORIENTED_EDGE('',*,*,#4328,.T.);
#4328 = EDGE_CURVE('',#4321,#4329,#4331,.T.);
#4329 = VERTEX_POINT('',#4330);
#4330 = CARTESIAN_POINT('',(0.66,1.6,1.43111));
#4331 = LINE('',#4332,#4333);
#4332 = CARTESIAN_POINT('',(0.66,1.6,3.76602));
#4333 = VECTOR('',#4334,1.);
#4334 = DIRECTION('',(0.,-2.22044604925E-16,-1.));
#4335 = ORIENTED_EDGE('',*,*,#4336,.F.);
#4336 = EDGE_CURVE('',#4237,#4329,#4337,.T.);
#4337 = LINE('',#4338,#4339);
#4338 = CARTESIAN_POINT('',(0.66,-1.6,1.43111));
#4339 = VECTOR('',#4340,1.);
#4340 = DIRECTION('',(0.,1.,-2.22044604925E-16));
#4341 = ORIENTED_EDGE('',*,*,#4244,.F.);
#4342 = PLANE('',#4343);
#4343 = AXIS2_PLACEMENT_3D('',#4344,#4345,#4346);
#4344 = CARTESIAN_POINT('',(0.66,-1.6,3.76602));
#4345 = DIRECTION('',(-1.,0.,0.));
#4346 = DIRECTION('',(0.,-2.22044604925E-16,-1.));
#4347 = ADVANCED_FACE('',(#4348,#4364),#4380,.T.);
#4348 = FACE_BOUND('',#4349,.T.);
#4349 = EDGE_LOOP('',(#4350,#4351,#4357,#4358));
#4350 = ORIENTED_EDGE('',*,*,#4163,.T.);
#4351 = ORIENTED_EDGE('',*,*,#4352,.T.);
#4352 = EDGE_CURVE('',#4164,#4267,#4353,.T.);
#4353 = LINE('',#4354,#4355);
#4354 = CARTESIAN_POINT('',(-1.06,1.6,4.16602));
#4355 = VECTOR('',#4356,1.);
#4356 = DIRECTION('',(1.,0.,0.));
#4357 = ORIENTED_EDGE('',*,*,#4266,.F.);
#4358 = ORIENTED_EDGE('',*,*,#4359,.F.);
#4359 = EDGE_CURVE('',#4156,#4259,#4360,.T.);
#4360 = LINE('',#4361,#4362);
#4361 = CARTESIAN_POINT('',(0.,1.6,1.03111));
#4362 = VECTOR('',#4363,1.);
#4363 = DIRECTION('',(1.,0.,0.));
#4364 = FACE_BOUND('',#4365,.T.);
#4365 = EDGE_LOOP('',(#4366,#4372,#4373,#4379));
#4366 = ORIENTED_EDGE('',*,*,#4367,.F.);
#4367 = EDGE_CURVE('',#4290,#4321,#4368,.T.);
#4368 = LINE('',#4369,#4370);
#4369 = CARTESIAN_POINT('',(0.,1.6,3.76602));
#4370 = VECTOR('',#4371,1.);
#4371 = DIRECTION('',(1.,0.,0.));
#4372 = ORIENTED_EDGE('',*,*,#4297,.T.);
#4373 = ORIENTED_EDGE('',*,*,#4374,.T.);
#4374 = EDGE_CURVE('',#4298,#4329,#4375,.T.);
#4375 = LINE('',#4376,#4377);
#4376 = CARTESIAN_POINT('',(-0.66,1.6,1.43111));
#4377 = VECTOR('',#4378,1.);
#4378 = DIRECTION('',(1.,0.,0.));
#4379 = ORIENTED_EDGE('',*,*,#4328,.F.);
#4380 = PLANE('',#4381);
#4381 = AXIS2_PLACEMENT_3D('',#4382,#4383,#4384);
#4382 = CARTESIAN_POINT('',(1.246066727078E-17,1.6,2.598565));
#4383 = DIRECTION('',(0.,1.,0.));
#4384 = DIRECTION('',(0.,0.,1.));
#4385 = ADVANCED_FACE('',(#4386),#4392,.T.);
#4386 = FACE_BOUND('',#4387,.T.);
#4387 = EDGE_LOOP('',(#4388,#4389,#4390,#4391));
#4388 = ORIENTED_EDGE('',*,*,#4153,.T.);
#4389 = ORIENTED_EDGE('',*,*,#4359,.T.);
#4390 = ORIENTED_EDGE('',*,*,#4258,.F.);
#4391 = ORIENTED_EDGE('',*,*,#4193,.T.);
#4392 = PLANE('',#4393);
#4393 = AXIS2_PLACEMENT_3D('',#4394,#4395,#4396);
#4394 = CARTESIAN_POINT('',(0.,1.87819684617E-16,1.03111));
#4395 = DIRECTION('',(-0.,-2.358180484636E-16,-1.));
#4396 = DIRECTION('',(0.,-1.,2.358180484636E-16));
#4397 = ADVANCED_FACE('',(#4398),#4404,.T.);
#4398 = FACE_BOUND('',#4399,.T.);
#4399 = EDGE_LOOP('',(#4400,#4401,#4402,#4403));
#4400 = ORIENTED_EDGE('',*,*,#4171,.F.);
#4401 = ORIENTED_EDGE('',*,*,#4202,.F.);
#4402 = ORIENTED_EDGE('',*,*,#4274,.T.);
#4403 = ORIENTED_EDGE('',*,*,#4352,.F.);
#4404 = PLANE('',#4405);
#4405 = AXIS2_PLACEMENT_3D('',#4406,#4407,#4408);
#4406 = CARTESIAN_POINT('',(0.,8.556230076998E-16,4.16602));
#4407 = DIRECTION('',(0.,0.,1.));
#4408 = DIRECTION('',(1.,0.,0.));
#4409 = ADVANCED_FACE('',(#4410),#4416,.T.);
#4410 = FACE_BOUND('',#4411,.T.);
#4411 = EDGE_LOOP('',(#4412,#4413,#4414,#4415));
#4412 = ORIENTED_EDGE('',*,*,#4320,.F.);
#4413 = ORIENTED_EDGE('',*,*,#4218,.T.);
#4414 = ORIENTED_EDGE('',*,*,#4289,.T.);
#4415 = ORIENTED_EDGE('',*,*,#4367,.T.);
#4416 = PLANE('',#4417);
#4417 = AXIS2_PLACEMENT_3D('',#4418,#4419,#4420);
#4418 = CARTESIAN_POINT('',(0.,9.088108829896E-16,3.76602));
#4419 = DIRECTION('',(-0.,-2.775557561563E-16,-1.));
#4420 = DIRECTION('',(0.,-1.,2.775557561563E-16));
#4421 = ADVANCED_FACE('',(#4422),#4428,.T.);
#4422 = FACE_BOUND('',#4423,.T.);
#4423 = EDGE_LOOP('',(#4424,#4425,#4426,#4427));
#4424 = ORIENTED_EDGE('',*,*,#4305,.F.);
#4425 = ORIENTED_EDGE('',*,*,#4236,.F.);
#4426 = ORIENTED_EDGE('',*,*,#4336,.T.);
#4427 = ORIENTED_EDGE('',*,*,#4374,.F.);
#4428 = PLANE('',#4429);
#4429 = AXIS2_PLACEMENT_3D('',#4430,#4431,#4432);
#4430 = CARTESIAN_POINT('',(0.,1.228122814851E-16,1.43111));
#4431 = DIRECTION('',(0.,2.284308435623E-16,1.));
#4432 = DIRECTION('',(0.,1.,-2.284308435623E-16));
#4433 = MANIFOLD_SOLID_BREP('',#4434);
#4434 = CLOSED_SHELL('',(#4435,#4460,#4551,#4568,#4586,#4606,#4623,#4633
    ,#4658));
#4435 = ADVANCED_FACE('',(#4436),#4455,.F.);
#4436 = FACE_BOUND('',#4437,.T.);
#4437 = EDGE_LOOP('',(#4438,#4449));
#4438 = ORIENTED_EDGE('',*,*,#4439,.F.);
#4439 = EDGE_CURVE('',#4440,#4442,#4444,.T.);
#4440 = VERTEX_POINT('',#4441);
#4441 = CARTESIAN_POINT('',(1.019716596842,-0.306105,7.78762));
#4442 = VERTEX_POINT('',#4443);
#4443 = CARTESIAN_POINT('',(-1.019716596842,-0.306105,7.78762));
#4444 = CIRCLE('',#4445,1.06467);
#4445 = AXIS2_PLACEMENT_3D('',#4446,#4447,#4448);
#4446 = CARTESIAN_POINT('',(0.,1.729199006206E-15,7.78762));
#4447 = DIRECTION('',(0.,-2.22044604925E-16,-1.));
#4448 = DIRECTION('',(1.,0.,0.));
#4449 = ORIENTED_EDGE('',*,*,#4450,.F.);
#4450 = EDGE_CURVE('',#4442,#4440,#4451,.T.);
#4451 = LINE('',#4452,#4453);
#4452 = CARTESIAN_POINT('',(-1.37341,-0.306105,7.78762));
#4453 = VECTOR('',#4454,1.);
#4454 = DIRECTION('',(1.,0.,0.));
#4455 = PLANE('',#4456);
#4456 = AXIS2_PLACEMENT_3D('',#4457,#4458,#4459);
#4457 = CARTESIAN_POINT('',(0.,1.729199006206E-15,7.78762));
#4458 = DIRECTION('',(-0.,-2.22044604925E-16,-1.));
#4459 = DIRECTION('',(1.,0.,0.));
#4460 = ADVANCED_FACE('',(#4461),#4546,.T.);
#4461 = FACE_BOUND('',#4462,.T.);
#4462 = EDGE_LOOP('',(#4463,#4471,#4472,#4480,#4489,#4497,#4506,#4514,
    #4523,#4531,#4538,#4539));
#4463 = ORIENTED_EDGE('',*,*,#4464,.F.);
#4464 = EDGE_CURVE('',#4440,#4465,#4467,.T.);
#4465 = VERTEX_POINT('',#4466);
#4466 = CARTESIAN_POINT('',(1.019716596842,-0.306105,7.28762));
#4467 = LINE('',#4468,#4469);
#4468 = CARTESIAN_POINT('',(1.019716596842,-0.306105,7.78762));
#4469 = VECTOR('',#4470,1.);
#4470 = DIRECTION('',(-0.,-2.22044604925E-16,-1.));
#4471 = ORIENTED_EDGE('',*,*,#4439,.T.);
#4472 = ORIENTED_EDGE('',*,*,#4473,.T.);
#4473 = EDGE_CURVE('',#4442,#4474,#4476,.T.);
#4474 = VERTEX_POINT('',#4475);
#4475 = CARTESIAN_POINT('',(-1.019716596842,-0.306105,7.28762));
#4476 = LINE('',#4477,#4478);
#4477 = CARTESIAN_POINT('',(-1.019716596842,-0.306105,7.78762));
#4478 = VECTOR('',#4479,1.);
#4479 = DIRECTION('',(-0.,-2.22044604925E-16,-1.));
#4480 = ORIENTED_EDGE('',*,*,#4481,.T.);
#4481 = EDGE_CURVE('',#4474,#4482,#4484,.T.);
#4482 = VERTEX_POINT('',#4483);
#4483 = CARTESIAN_POINT('',(-1.019716596842,0.306105,7.28762));
#4484 = CIRCLE('',#4485,1.06467);
#4485 = AXIS2_PLACEMENT_3D('',#4486,#4487,#4488);
#4486 = CARTESIAN_POINT('',(0.,1.618176703744E-15,7.28762));
#4487 = DIRECTION('',(0.,-2.22044604925E-16,-1.));
#4488 = DIRECTION('',(1.,0.,0.));
#4489 = ORIENTED_EDGE('',*,*,#4490,.F.);
#4490 = EDGE_CURVE('',#4491,#4482,#4493,.T.);
#4491 = VERTEX_POINT('',#4492);
#4492 = CARTESIAN_POINT('',(-1.019716596842,0.306105,7.78762));
#4493 = LINE('',#4494,#4495);
#4494 = CARTESIAN_POINT('',(-1.019716596842,0.306105,7.78762));
#4495 = VECTOR('',#4496,1.);
#4496 = DIRECTION('',(-0.,-2.22044604925E-16,-1.));
#4497 = ORIENTED_EDGE('',*,*,#4498,.T.);
#4498 = EDGE_CURVE('',#4491,#4499,#4501,.T.);
#4499 = VERTEX_POINT('',#4500);
#4500 = CARTESIAN_POINT('',(1.019716596842,0.306105,7.78762));
#4501 = CIRCLE('',#4502,1.06467);
#4502 = AXIS2_PLACEMENT_3D('',#4503,#4504,#4505);
#4503 = CARTESIAN_POINT('',(0.,1.729199006206E-15,7.78762));
#4504 = DIRECTION('',(0.,-2.22044604925E-16,-1.));
#4505 = DIRECTION('',(1.,0.,0.));
#4506 = ORIENTED_EDGE('',*,*,#4507,.T.);
#4507 = EDGE_CURVE('',#4499,#4508,#4510,.T.);
#4508 = VERTEX_POINT('',#4509);
#4509 = CARTESIAN_POINT('',(1.019716596842,0.306105,7.28762));
#4510 = LINE('',#4511,#4512);
#4511 = CARTESIAN_POINT('',(1.019716596842,0.306105,7.78762));
#4512 = VECTOR('',#4513,1.);
#4513 = DIRECTION('',(-0.,-2.22044604925E-16,-1.));
#4514 = ORIENTED_EDGE('',*,*,#4515,.T.);
#4515 = EDGE_CURVE('',#4508,#4516,#4518,.T.);
#4516 = VERTEX_POINT('',#4517);
#4517 = CARTESIAN_POINT('',(1.06467,1.618176703744E-15,7.28762));
#4518 = CIRCLE('',#4519,1.06467);
#4519 = AXIS2_PLACEMENT_3D('',#4520,#4521,#4522);
#4520 = CARTESIAN_POINT('',(0.,1.618176703744E-15,7.28762));
#4521 = DIRECTION('',(0.,-2.22044604925E-16,-1.));
#4522 = DIRECTION('',(1.,0.,0.));
#4523 = ORIENTED_EDGE('',*,*,#4524,.T.);
#4524 = EDGE_CURVE('',#4516,#4525,#4527,.T.);
#4525 = VERTEX_POINT('',#4526);
#4526 = CARTESIAN_POINT('',(1.06467,1.543098981927E-15,6.9495));
#4527 = LINE('',#4528,#4529);
#4528 = CARTESIAN_POINT('',(1.06467,1.729199006206E-15,7.78762));
#4529 = VECTOR('',#4530,1.);
#4530 = DIRECTION('',(0.,-2.22044604925E-16,-1.));
#4531 = ORIENTED_EDGE('',*,*,#4532,.F.);
#4532 = EDGE_CURVE('',#4525,#4525,#4533,.T.);
#4533 = CIRCLE('',#4534,1.06467);
#4534 = AXIS2_PLACEMENT_3D('',#4535,#4536,#4537);
#4535 = CARTESIAN_POINT('',(0.,1.543098981927E-15,6.9495));
#4536 = DIRECTION('',(0.,-2.22044604925E-16,-1.));
#4537 = DIRECTION('',(1.,0.,0.));
#4538 = ORIENTED_EDGE('',*,*,#4524,.F.);
#4539 = ORIENTED_EDGE('',*,*,#4540,.T.);
#4540 = EDGE_CURVE('',#4516,#4465,#4541,.T.);
#4541 = CIRCLE('',#4542,1.06467);
#4542 = AXIS2_PLACEMENT_3D('',#4543,#4544,#4545);
#4543 = CARTESIAN_POINT('',(0.,1.618176703744E-15,7.28762));
#4544 = DIRECTION('',(0.,-2.22044604925E-16,-1.));
#4545 = DIRECTION('',(1.,0.,0.));
#4546 = CYLINDRICAL_SURFACE('',#4547,1.06467);
#4547 = AXIS2_PLACEMENT_3D('',#4548,#4549,#4550);
#4548 = CARTESIAN_POINT('',(0.,1.729199006206E-15,7.78762));
#4549 = DIRECTION('',(-0.,-2.22044604925E-16,-1.));
#4550 = DIRECTION('',(1.,0.,0.));
#4551 = ADVANCED_FACE('',(#4552),#4563,.F.);
#4552 = FACE_BOUND('',#4553,.F.);
#4553 = EDGE_LOOP('',(#4554,#4555,#4556,#4562));
#4554 = ORIENTED_EDGE('',*,*,#4450,.F.);
#4555 = ORIENTED_EDGE('',*,*,#4473,.T.);
#4556 = ORIENTED_EDGE('',*,*,#4557,.T.);
#4557 = EDGE_CURVE('',#4474,#4465,#4558,.T.);
#4558 = LINE('',#4559,#4560);
#4559 = CARTESIAN_POINT('',(-1.37341,-0.306105,7.28762));
#4560 = VECTOR('',#4561,1.);
#4561 = DIRECTION('',(1.,0.,0.));
#4562 = ORIENTED_EDGE('',*,*,#4464,.F.);
#4563 = PLANE('',#4564);
#4564 = AXIS2_PLACEMENT_3D('',#4565,#4566,#4567);
#4565 = CARTESIAN_POINT('',(-1.37341,-0.306105,7.78762));
#4566 = DIRECTION('',(0.,-1.,0.));
#4567 = DIRECTION('',(1.,0.,0.));
#4568 = ADVANCED_FACE('',(#4569),#4581,.T.);
#4569 = FACE_BOUND('',#4570,.T.);
#4570 = EDGE_LOOP('',(#4571,#4577,#4578,#4579,#4580));
#4571 = ORIENTED_EDGE('',*,*,#4572,.T.);
#4572 = EDGE_CURVE('',#4508,#4482,#4573,.T.);
#4573 = LINE('',#4574,#4575);
#4574 = CARTESIAN_POINT('',(1.37341,0.306105,7.28762));
#4575 = VECTOR('',#4576,1.);
#4576 = DIRECTION('',(-1.,0.,0.));
#4577 = ORIENTED_EDGE('',*,*,#4481,.F.);
#4578 = ORIENTED_EDGE('',*,*,#4557,.T.);
#4579 = ORIENTED_EDGE('',*,*,#4540,.F.);
#4580 = ORIENTED_EDGE('',*,*,#4515,.F.);
#4581 = PLANE('',#4582);
#4582 = AXIS2_PLACEMENT_3D('',#4583,#4584,#4585);
#4583 = CARTESIAN_POINT('',(-3.30518936903E-17,1.718698471895E-15,
    7.28762));
#4584 = DIRECTION('',(0.,0.,1.));
#4585 = DIRECTION('',(1.,0.,0.));
#4586 = ADVANCED_FACE('',(#4587,#4590),#4601,.T.);
#4587 = FACE_BOUND('',#4588,.T.);
#4588 = EDGE_LOOP('',(#4589));
#4589 = ORIENTED_EDGE('',*,*,#4532,.T.);
#4590 = FACE_BOUND('',#4591,.T.);
#4591 = EDGE_LOOP('',(#4592));
#4592 = ORIENTED_EDGE('',*,*,#4593,.F.);
#4593 = EDGE_CURVE('',#4594,#4594,#4596,.T.);
#4594 = VERTEX_POINT('',#4595);
#4595 = CARTESIAN_POINT('',(0.8,1.543098981927E-15,6.9495));
#4596 = CIRCLE('',#4597,0.8);
#4597 = AXIS2_PLACEMENT_3D('',#4598,#4599,#4600);
#4598 = CARTESIAN_POINT('',(0.,1.543098981927E-15,6.9495));
#4599 = DIRECTION('',(0.,-2.22044604925E-16,-1.));
#4600 = DIRECTION('',(1.,0.,0.));
#4601 = PLANE('',#4602);
#4602 = AXIS2_PLACEMENT_3D('',#4603,#4604,#4605);
#4603 = CARTESIAN_POINT('',(0.,1.543098981927E-15,6.9495));
#4604 = DIRECTION('',(-0.,-2.22044604925E-16,-1.));
#4605 = DIRECTION('',(1.,0.,0.));
#4606 = ADVANCED_FACE('',(#4607),#4618,.F.);
#4607 = FACE_BOUND('',#4608,.F.);
#4608 = EDGE_LOOP('',(#4609,#4615,#4616,#4617));
#4609 = ORIENTED_EDGE('',*,*,#4610,.F.);
#4610 = EDGE_CURVE('',#4499,#4491,#4611,.T.);
#4611 = LINE('',#4612,#4613);
#4612 = CARTESIAN_POINT('',(1.37341,0.306105,7.78762));
#4613 = VECTOR('',#4614,1.);
#4614 = DIRECTION('',(-1.,0.,0.));
#4615 = ORIENTED_EDGE('',*,*,#4507,.T.);
#4616 = ORIENTED_EDGE('',*,*,#4572,.T.);
#4617 = ORIENTED_EDGE('',*,*,#4490,.F.);
#4618 = PLANE('',#4619);
#4619 = AXIS2_PLACEMENT_3D('',#4620,#4621,#4622);
#4620 = CARTESIAN_POINT('',(1.37341,0.306105,7.78762));
#4621 = DIRECTION('',(0.,1.,0.));
#4622 = DIRECTION('',(-1.,0.,0.));
#4623 = ADVANCED_FACE('',(#4624),#4628,.F.);
#4624 = FACE_BOUND('',#4625,.T.);
#4625 = EDGE_LOOP('',(#4626,#4627));
#4626 = ORIENTED_EDGE('',*,*,#4610,.F.);
#4627 = ORIENTED_EDGE('',*,*,#4498,.F.);
#4628 = PLANE('',#4629);
#4629 = AXIS2_PLACEMENT_3D('',#4630,#4631,#4632);
#4630 = CARTESIAN_POINT('',(0.,1.729199006206E-15,7.78762));
#4631 = DIRECTION('',(-0.,-2.22044604925E-16,-1.));
#4632 = DIRECTION('',(1.,0.,0.));
#4633 = ADVANCED_FACE('',(#4634),#4653,.T.);
#4634 = FACE_BOUND('',#4635,.T.);
#4635 = EDGE_LOOP('',(#4636,#4637,#4645,#4652));
#4636 = ORIENTED_EDGE('',*,*,#4593,.T.);
#4637 = ORIENTED_EDGE('',*,*,#4638,.T.);
#4638 = EDGE_CURVE('',#4594,#4639,#4641,.T.);
#4639 = VERTEX_POINT('',#4640);
#4640 = CARTESIAN_POINT('',(0.8,8.525713468543E-16,3.83964));
#4641 = LINE('',#4642,#4643);
#4642 = CARTESIAN_POINT('',(0.8,1.543098981927E-15,6.9495));
#4643 = VECTOR('',#4644,1.);
#4644 = DIRECTION('',(0.,-2.22044604925E-16,-1.));
#4645 = ORIENTED_EDGE('',*,*,#4646,.F.);
#4646 = EDGE_CURVE('',#4639,#4639,#4647,.T.);
#4647 = CIRCLE('',#4648,0.8);
#4648 = AXIS2_PLACEMENT_3D('',#4649,#4650,#4651);
#4649 = CARTESIAN_POINT('',(0.,8.525713468543E-16,3.83964));
#4650 = DIRECTION('',(0.,-2.22044604925E-16,-1.));
#4651 = DIRECTION('',(1.,0.,0.));
#4652 = ORIENTED_EDGE('',*,*,#4638,.F.);
#4653 = CYLINDRICAL_SURFACE('',#4654,0.8);
#4654 = AXIS2_PLACEMENT_3D('',#4655,#4656,#4657);
#4655 = CARTESIAN_POINT('',(0.,1.543098981927E-15,6.9495));
#4656 = DIRECTION('',(-0.,-2.22044604925E-16,-1.));
#4657 = DIRECTION('',(1.,0.,0.));
#4658 = ADVANCED_FACE('',(#4659),#4662,.T.);
#4659 = FACE_BOUND('',#4660,.T.);
#4660 = EDGE_LOOP('',(#4661));
#4661 = ORIENTED_EDGE('',*,*,#4646,.T.);
#4662 = PLANE('',#4663);
#4663 = AXIS2_PLACEMENT_3D('',#4664,#4665,#4666);
#4664 = CARTESIAN_POINT('',(0.,8.525713468543E-16,3.83964));
#4665 = DIRECTION('',(-0.,-2.22044604925E-16,-1.));
#4666 = DIRECTION('',(1.,0.,0.));
#4667 = ( GEOMETRIC_REPRESENTATION_CONTEXT(3) 
GLOBAL_UNCERTAINTY_ASSIGNED_CONTEXT((#4671)) 
GLOBAL_UNIT_ASSIGNED_CONTEXT((#4668,#4669,#4670)) REPRESENTATION_CONTEXT
('Context #1','3D Context with UNIT and UNCERTAINTY') );
#4668 = ( LENGTH_UNIT() NAMED_UNIT(*) SI_UNIT(.MILLI.,.METRE.) );
#4669 = ( NAMED_UNIT(*) PLANE_ANGLE_UNIT() SI_UNIT($,.RADIAN.) );
#4670 = ( NAMED_UNIT(*) SI_UNIT($,.STERADIAN.) SOLID_ANGLE_UNIT() );
#4671 = UNCERTAINTY_MEASURE_WITH_UNIT(LENGTH_MEASURE(1.E-06),#4668,
  'distance_accuracy_value','confusion accuracy');
#4672 = CONTEXT_DEPENDENT_SHAPE_REPRESENTATION(#4673,#4675);
#4673 = ( REPRESENTATION_RELATIONSHIP('','',#3283,#3252) 
REPRESENTATION_RELATIONSHIP_WITH_TRANSFORMATION(#4674) 
SHAPE_REPRESENTATION_RELATIONSHIP() );
#4674 = ITEM_DEFINED_TRANSFORMATION('','',#11,#3253);
#4675 = PRODUCT_DEFINITION_SHAPE('Placement','Placement of an item',
  #4676);
#4676 = NEXT_ASSEMBLY_USAGE_OCCURRENCE('26','0','',#3247,#3278,$);
#4677 = PRODUCT_RELATED_PRODUCT_CATEGORY('part',$,(#3280));
#4678 = CONTEXT_DEPENDENT_SHAPE_REPRESENTATION(#4679,#4681);
#4679 = ( REPRESENTATION_RELATIONSHIP('','',#3283,#3252) 
REPRESENTATION_RELATIONSHIP_WITH_TRANSFORMATION(#4680) 
SHAPE_REPRESENTATION_RELATIONSHIP() );
#4680 = ITEM_DEFINED_TRANSFORMATION('','',#11,#3257);
#4681 = PRODUCT_DEFINITION_SHAPE('Placement','Placement of an item',
  #4682);
#4682 = NEXT_ASSEMBLY_USAGE_OCCURRENCE('27','1','',#3247,#3278,$);
#4683 = CONTEXT_DEPENDENT_SHAPE_REPRESENTATION(#4684,#4686);
#4684 = ( REPRESENTATION_RELATIONSHIP('','',#3283,#3252) 
REPRESENTATION_RELATIONSHIP_WITH_TRANSFORMATION(#4685) 
SHAPE_REPRESENTATION_RELATIONSHIP() );
#4685 = ITEM_DEFINED_TRANSFORMATION('','',#11,#3261);
#4686 = PRODUCT_DEFINITION_SHAPE('Placement','Placement of an item',
  #4687);
#4687 = NEXT_ASSEMBLY_USAGE_OCCURRENCE('28','2','',#3247,#3278,$);
#4688 = MECHANICAL_DESIGN_GEOMETRIC_PRESENTATION_REPRESENTATION('',(
    #4689,#4700,#4709),#4667);
#4689 = STYLED_ITEM('color',(#4690),#3284);
#4690 = PRESENTATION_STYLE_ASSIGNMENT((#4691,#4697));
#4691 = SURFACE_STYLE_USAGE(.BOTH.,#4692);
#4692 = SURFACE_SIDE_STYLE('',(#4693));
#4693 = SURFACE_STYLE_FILL_AREA(#4694);
#4694 = FILL_AREA_STYLE('',(#4695));
#4695 = FILL_AREA_STYLE_COLOUR('',#4696);
#4696 = COLOUR_RGB('',0.917599985683,0.917599985683,0.917599985683);
#4697 = CURVE_STYLE('',#4698,POSITIVE_LENGTH_MEASURE(0.1),#4699);
#4698 = DRAUGHTING_PRE_DEFINED_CURVE_FONT('continuous');
#4699 = COLOUR_RGB('',9.803921802644E-02,9.803921802644E-02,
  9.803921802644E-02);
#4700 = STYLED_ITEM('color',(#4701),#4147);
#4701 = PRESENTATION_STYLE_ASSIGNMENT((#4702,#4707));
#4702 = SURFACE_STYLE_USAGE(.BOTH.,#4703);
#4703 = SURFACE_SIDE_STYLE('',(#4704));
#4704 = SURFACE_STYLE_FILL_AREA(#4705);
#4705 = FILL_AREA_STYLE('',(#4706));
#4706 = FILL_AREA_STYLE_COLOUR('',#4696);
#4707 = CURVE_STYLE('',#4708,POSITIVE_LENGTH_MEASURE(0.1),#4699);
#4708 = DRAUGHTING_PRE_DEFINED_CURVE_FONT('continuous');
#4709 = STYLED_ITEM('color',(#4710),#4433);
#4710 = PRESENTATION_STYLE_ASSIGNMENT((#4711,#4716));
#4711 = SURFACE_STYLE_USAGE(.BOTH.,#4712);
#4712 = SURFACE_SIDE_STYLE('',(#4713));
#4713 = SURFACE_STYLE_FILL_AREA(#4714);
#4714 = FILL_AREA_STYLE('',(#4715));
#4715 = FILL_AREA_STYLE_COLOUR('',#4696);
#4716 = CURVE_STYLE('',#4717,POSITIVE_LENGTH_MEASURE(0.1),#4699);
#4717 = DRAUGHTING_PRE_DEFINED_CURVE_FONT('continuous');
#4718 = MECHANICAL_DESIGN_GEOMETRIC_PRESENTATION_REPRESENTATION('',(
    #4719),#3234);
#4719 = STYLED_ITEM('color',(#4720),#37);
#4720 = PRESENTATION_STYLE_ASSIGNMENT((#4721,#4727));
#4721 = SURFACE_STYLE_USAGE(.BOTH.,#4722);
#4722 = SURFACE_SIDE_STYLE('',(#4723));
#4723 = SURFACE_STYLE_FILL_AREA(#4724);
#4724 = FILL_AREA_STYLE('',(#4725));
#4725 = FILL_AREA_STYLE_COLOUR('',#4726);
#4726 = COLOUR_RGB('',0.290196088226,0.725490202603,0.160784315601);
#4727 = CURVE_STYLE('',#4728,POSITIVE_LENGTH_MEASURE(0.1),#4699);
#4728 = DRAUGHTING_PRE_DEFINED_CURVE_FONT('continuous');
ENDSEC;
END-ISO-10303-21;
