ISO-10303-21;
HEADER;
FILE_DESCRIPTION(('FreeCAD Model'),'2;1');
FILE_NAME('Open CASCADE Shape Model','2026-06-20T22:51:26',(''),(''),
  'Open CASCADE STEP processor 7.8','FreeCAD','Unknown');
FILE_SCHEMA(('AUTOMOTIVE_DESIGN { 1 0 10303 214 1 1 1 1 }'));
ENDSEC;
DATA;
#1 = APPLICATION_PROTOCOL_DEFINITION('international standard',
  'automotive_design',2000,#2);
#2 = APPLICATION_CONTEXT(
  'core data for automotive mechanical design processes');
#3 = SHAPE_DEFINITION_REPRESENTATION(#4,#10);
#4 = PRODUCT_DEFINITION_SHAPE('','',#5);
#5 = PRODUCT_DEFINITION('design','',#6,#9);
#6 = PRODUCT_DEFINITION_FORMATION('','',#7);
#7 = PRODUCT('KF128_2_54','KF128_2_54','',(#8));
#8 = PRODUCT_CONTEXT('',#2,'mechanical');
#9 = PRODUCT_DEFINITION_CONTEXT('part definition',#2,'design');
#10 = SHAPE_REPRESENTATION('',(#11,#15,#19),#23);
#11 = AXIS2_PLACEMENT_3D('',#12,#13,#14);
#12 = CARTESIAN_POINT('',(0.,0.,0.));
#13 = DIRECTION('',(0.,0.,1.));
#14 = DIRECTION('',(1.,0.,-0.));
#15 = AXIS2_PLACEMENT_3D('',#16,#17,#18);
#16 = CARTESIAN_POINT('',(0.,0.,0.));
#17 = DIRECTION('',(0.,0.,1.));
#18 = DIRECTION('',(1.,0.,0.));
#19 = AXIS2_PLACEMENT_3D('',#20,#21,#22);
#20 = CARTESIAN_POINT('',(0.,0.,0.));
#21 = DIRECTION('',(0.,0.,1.));
#22 = DIRECTION('',(1.,0.,0.));
#23 = ( GEOMETRIC_REPRESENTATION_CONTEXT(3) 
GLOBAL_UNCERTAINTY_ASSIGNED_CONTEXT((#27)) GLOBAL_UNIT_ASSIGNED_CONTEXT(
(#24,#25,#26)) REPRESENTATION_CONTEXT('Context #1',
  '3D Context with UNIT and UNCERTAINTY') );
#24 = ( LENGTH_UNIT() NAMED_UNIT(*) SI_UNIT(.MILLI.,.METRE.) );
#25 = ( NAMED_UNIT(*) PLANE_ANGLE_UNIT() SI_UNIT($,.RADIAN.) );
#26 = ( NAMED_UNIT(*) SI_UNIT($,.STERADIAN.) SOLID_ANGLE_UNIT() );
#27 = UNCERTAINTY_MEASURE_WITH_UNIT(LENGTH_MEASURE(1.E-06),#24,
  'distance_accuracy_value','confusion accuracy');
#28 = PRODUCT_RELATED_PRODUCT_CATEGORY('part',$,(#7));
#29 = SHAPE_DEFINITION_REPRESENTATION(#30,#36);
#30 = PRODUCT_DEFINITION_SHAPE('','',#31);
#31 = PRODUCT_DEFINITION('design','',#32,#35);
#32 = PRODUCT_DEFINITION_FORMATION('','',#33);
#33 = PRODUCT('Connector_body','Connector_body','',(#34));
#34 = PRODUCT_CONTEXT('',#2,'mechanical');
#35 = PRODUCT_DEFINITION_CONTEXT('part definition',#2,'design');
#36 = ADVANCED_BREP_SHAPE_REPRESENTATION('',(#11,#37),#6147);
#37 = MANIFOLD_SOLID_BREP('',#38);
#38 = CLOSED_SHELL('',(#39,#79,#110,#150,#181,#221,#252,#292,#323,#363,
    #394,#638,#1065,#1122,#1179,#1196,#1227,#1251,#1275,#1292,#1314,
    #1343,#1365,#1394,#1416,#1445,#1467,#1496,#1518,#1547,#1756,#1810,
    #1874,#1921,#1945,#1969,#2026,#2066,#2120,#2167,#2191,#2231,#2295,
    #2319,#2376,#2430,#2477,#2501,#2541,#2605,#2629,#2686,#2740,#2787,
    #2811,#2851,#2915,#2939,#2996,#3050,#3097,#3121,#3161,#3225,#3249,
    #3306,#3360,#3407,#3431,#3471,#3535,#3559,#3616,#3633,#3650,#3733,
    #3799,#3830,#3854,#3878,#3895,#3924,#3941,#3970,#3987,#4016,#4033,
    #4062,#4079,#4108,#4125,#4137,#4149,#4161,#4173,#4185,#4197,#4214,
    #4231,#4254,#4271,#4288,#4316,#4328,#4340,#4357,#4374,#4386,#4409,
    #4426,#4443,#4471,#4483,#4500,#4517,#4529,#4552,#4569,#4586,#4614,
    #4626,#4643,#4660,#4672,#4695,#4712,#4729,#4757,#4769,#4786,#4803,
    #4815,#4838,#4855,#4872,#4900,#4912,#4929,#4946,#4958,#4981,#4998,
    #5015,#5043,#5055,#5080,#5105,#5130,#5155,#5180,#5205,#5230,#5255,
    #5280,#5305,#5330,#5355,#5380,#5405,#5430,#5455,#5480,#5505,#5525,
    #5545,#5565,#5585,#5605,#5625,#5650,#5675,#5700,#5725,#5750,#5775,
    #5800,#5825,#5850,#5875,#5900,#5925,#5942,#5959,#5976,#5993,#6010,
    #6027,#6039,#6051,#6063,#6075,#6087,#6099,#6111,#6123,#6135));
#39 = ADVANCED_FACE('',(#40),#74,.T.);
#40 = FACE_BOUND('',#41,.T.);
#41 = EDGE_LOOP('',(#42,#52,#60,#68));
#42 = ORIENTED_EDGE('',*,*,#43,.F.);
#43 = EDGE_CURVE('',#44,#46,#48,.T.);
#44 = VERTEX_POINT('',#45);
#45 = CARTESIAN_POINT('',(12.03,-2.016232,1.532840329046));
#46 = VERTEX_POINT('',#47);
#47 = CARTESIAN_POINT('',(13.37,-2.016232,1.532840329046));
#48 = LINE('',#49,#50);
#49 = CARTESIAN_POINT('',(12.9,-2.016232,1.532840329046));
#50 = VECTOR('',#51,1.);
#51 = DIRECTION('',(1.,0.,0.));
#52 = ORIENTED_EDGE('',*,*,#53,.T.);
#53 = EDGE_CURVE('',#44,#54,#56,.T.);
#54 = VERTEX_POINT('',#55);
#55 = CARTESIAN_POINT('',(12.03,-2.5,1.532840329046));
#56 = LINE('',#57,#58);
#57 = CARTESIAN_POINT('',(12.03,3.403589252763E-16,1.532840329046));
#58 = VECTOR('',#59,1.);
#59 = DIRECTION('',(0.,-1.,2.22044604925E-16));
#60 = ORIENTED_EDGE('',*,*,#61,.T.);
#61 = EDGE_CURVE('',#54,#62,#64,.T.);
#62 = VERTEX_POINT('',#63);
#63 = CARTESIAN_POINT('',(13.37,-2.5,1.532840329046));
#64 = LINE('',#65,#66);
#65 = CARTESIAN_POINT('',(12.03,-2.5,1.532840329046));
#66 = VECTOR('',#67,1.);
#67 = DIRECTION('',(1.,0.,0.));
#68 = ORIENTED_EDGE('',*,*,#69,.F.);
#69 = EDGE_CURVE('',#46,#62,#70,.T.);
#70 = LINE('',#71,#72);
#71 = CARTESIAN_POINT('',(13.37,3.403589252763E-16,1.532840329046));
#72 = VECTOR('',#73,1.);
#73 = DIRECTION('',(0.,-1.,2.22044604925E-16));
#74 = PLANE('',#75);
#75 = AXIS2_PLACEMENT_3D('',#76,#77,#78);
#76 = CARTESIAN_POINT('',(12.03,3.403589252763E-16,1.532840329046));
#77 = DIRECTION('',(0.,2.22044604925E-16,1.));
#78 = DIRECTION('',(1.,0.,0.));
#79 = ADVANCED_FACE('',(#80),#105,.T.);
#80 = FACE_BOUND('',#81,.T.);
#81 = EDGE_LOOP('',(#82,#90,#98,#104));
#82 = ORIENTED_EDGE('',*,*,#83,.F.);
#83 = EDGE_CURVE('',#84,#44,#86,.T.);
#84 = VERTEX_POINT('',#85);
#85 = CARTESIAN_POINT('',(12.03,-2.016232,3.132840329046));
#86 = LINE('',#87,#88);
#87 = CARTESIAN_POINT('',(12.03,-2.016232,2.231588664523));
#88 = VECTOR('',#89,1.);
#89 = DIRECTION('',(0.,0.,-1.));
#90 = ORIENTED_EDGE('',*,*,#91,.T.);
#91 = EDGE_CURVE('',#84,#92,#94,.T.);
#92 = VERTEX_POINT('',#93);
#93 = CARTESIAN_POINT('',(12.03,-2.5,3.132840329046));
#94 = LINE('',#95,#96);
#95 = CARTESIAN_POINT('',(12.03,6.956302931563E-16,3.132840329046));
#96 = VECTOR('',#97,1.);
#97 = DIRECTION('',(0.,-1.,2.22044604925E-16));
#98 = ORIENTED_EDGE('',*,*,#99,.T.);
#99 = EDGE_CURVE('',#92,#54,#100,.T.);
#100 = LINE('',#101,#102);
#101 = CARTESIAN_POINT('',(12.03,-2.5,3.132840329046));
#102 = VECTOR('',#103,1.);
#103 = DIRECTION('',(0.,-9.E-17,-1.));
#104 = ORIENTED_EDGE('',*,*,#53,.F.);
#105 = PLANE('',#106);
#106 = AXIS2_PLACEMENT_3D('',#107,#108,#109);
#107 = CARTESIAN_POINT('',(12.03,6.956302931563E-16,3.132840329046));
#108 = DIRECTION('',(1.,0.,0.));
#109 = DIRECTION('',(0.,-2.22044604925E-16,-1.));
#110 = ADVANCED_FACE('',(#111),#145,.T.);
#111 = FACE_BOUND('',#112,.T.);
#112 = EDGE_LOOP('',(#113,#123,#131,#139));
#113 = ORIENTED_EDGE('',*,*,#114,.F.);
#114 = EDGE_CURVE('',#115,#117,#119,.T.);
#115 = VERTEX_POINT('',#116);
#116 = CARTESIAN_POINT('',(9.49,-2.016232,1.532840329046));
#117 = VERTEX_POINT('',#118);
#118 = CARTESIAN_POINT('',(10.83,-2.016232,1.532840329046));
#119 = LINE('',#120,#121);
#120 = CARTESIAN_POINT('',(10.36,-2.016232,1.532840329046));
#121 = VECTOR('',#122,1.);
#122 = DIRECTION('',(1.,0.,0.));
#123 = ORIENTED_EDGE('',*,*,#124,.T.);
#124 = EDGE_CURVE('',#115,#125,#127,.T.);
#125 = VERTEX_POINT('',#126);
#126 = CARTESIAN_POINT('',(9.49,-2.5,1.532840329046));
#127 = LINE('',#128,#129);
#128 = CARTESIAN_POINT('',(9.49,3.403589252763E-16,1.532840329046));
#129 = VECTOR('',#130,1.);
#130 = DIRECTION('',(0.,-1.,2.22044604925E-16));
#131 = ORIENTED_EDGE('',*,*,#132,.T.);
#132 = EDGE_CURVE('',#125,#133,#135,.T.);
#133 = VERTEX_POINT('',#134);
#134 = CARTESIAN_POINT('',(10.83,-2.5,1.532840329046));
#135 = LINE('',#136,#137);
#136 = CARTESIAN_POINT('',(9.49,-2.5,1.532840329046));
#137 = VECTOR('',#138,1.);
#138 = DIRECTION('',(1.,0.,0.));
#139 = ORIENTED_EDGE('',*,*,#140,.F.);
#140 = EDGE_CURVE('',#117,#133,#141,.T.);
#141 = LINE('',#142,#143);
#142 = CARTESIAN_POINT('',(10.83,3.403589252763E-16,1.532840329046));
#143 = VECTOR('',#144,1.);
#144 = DIRECTION('',(0.,-1.,2.22044604925E-16));
#145 = PLANE('',#146);
#146 = AXIS2_PLACEMENT_3D('',#147,#148,#149);
#147 = CARTESIAN_POINT('',(9.49,3.403589252763E-16,1.532840329046));
#148 = DIRECTION('',(0.,2.22044604925E-16,1.));
#149 = DIRECTION('',(1.,0.,0.));
#150 = ADVANCED_FACE('',(#151),#176,.T.);
#151 = FACE_BOUND('',#152,.T.);
#152 = EDGE_LOOP('',(#153,#161,#169,#175));
#153 = ORIENTED_EDGE('',*,*,#154,.F.);
#154 = EDGE_CURVE('',#155,#115,#157,.T.);
#155 = VERTEX_POINT('',#156);
#156 = CARTESIAN_POINT('',(9.49,-2.016232,3.132840329046));
#157 = LINE('',#158,#159);
#158 = CARTESIAN_POINT('',(9.49,-2.016232,2.231588664523));
#159 = VECTOR('',#160,1.);
#160 = DIRECTION('',(0.,0.,-1.));
#161 = ORIENTED_EDGE('',*,*,#162,.T.);
#162 = EDGE_CURVE('',#155,#163,#165,.T.);
#163 = VERTEX_POINT('',#164);
#164 = CARTESIAN_POINT('',(9.49,-2.5,3.132840329046));
#165 = LINE('',#166,#167);
#166 = CARTESIAN_POINT('',(9.49,6.956302931563E-16,3.132840329046));
#167 = VECTOR('',#168,1.);
#168 = DIRECTION('',(0.,-1.,2.22044604925E-16));
#169 = ORIENTED_EDGE('',*,*,#170,.T.);
#170 = EDGE_CURVE('',#163,#125,#171,.T.);
#171 = LINE('',#172,#173);
#172 = CARTESIAN_POINT('',(9.49,-2.5,3.132840329046));
#173 = VECTOR('',#174,1.);
#174 = DIRECTION('',(0.,-9.E-17,-1.));
#175 = ORIENTED_EDGE('',*,*,#124,.F.);
#176 = PLANE('',#177);
#177 = AXIS2_PLACEMENT_3D('',#178,#179,#180);
#178 = CARTESIAN_POINT('',(9.49,6.956302931563E-16,3.132840329046));
#179 = DIRECTION('',(1.,0.,0.));
#180 = DIRECTION('',(0.,-2.22044604925E-16,-1.));
#181 = ADVANCED_FACE('',(#182),#216,.T.);
#182 = FACE_BOUND('',#183,.T.);
#183 = EDGE_LOOP('',(#184,#194,#202,#210));
#184 = ORIENTED_EDGE('',*,*,#185,.F.);
#185 = EDGE_CURVE('',#186,#188,#190,.T.);
#186 = VERTEX_POINT('',#187);
#187 = CARTESIAN_POINT('',(6.95,-2.016232,1.532840329046));
#188 = VERTEX_POINT('',#189);
#189 = CARTESIAN_POINT('',(8.29,-2.016232,1.532840329046));
#190 = LINE('',#191,#192);
#191 = CARTESIAN_POINT('',(7.82,-2.016232,1.532840329046));
#192 = VECTOR('',#193,1.);
#193 = DIRECTION('',(1.,0.,0.));
#194 = ORIENTED_EDGE('',*,*,#195,.T.);
#195 = EDGE_CURVE('',#186,#196,#198,.T.);
#196 = VERTEX_POINT('',#197);
#197 = CARTESIAN_POINT('',(6.95,-2.5,1.532840329046));
#198 = LINE('',#199,#200);
#199 = CARTESIAN_POINT('',(6.95,3.403589252763E-16,1.532840329046));
#200 = VECTOR('',#201,1.);
#201 = DIRECTION('',(0.,-1.,2.22044604925E-16));
#202 = ORIENTED_EDGE('',*,*,#203,.T.);
#203 = EDGE_CURVE('',#196,#204,#206,.T.);
#204 = VERTEX_POINT('',#205);
#205 = CARTESIAN_POINT('',(8.29,-2.5,1.532840329046));
#206 = LINE('',#207,#208);
#207 = CARTESIAN_POINT('',(6.95,-2.5,1.532840329046));
#208 = VECTOR('',#209,1.);
#209 = DIRECTION('',(1.,0.,0.));
#210 = ORIENTED_EDGE('',*,*,#211,.F.);
#211 = EDGE_CURVE('',#188,#204,#212,.T.);
#212 = LINE('',#213,#214);
#213 = CARTESIAN_POINT('',(8.29,3.403589252763E-16,1.532840329046));
#214 = VECTOR('',#215,1.);
#215 = DIRECTION('',(0.,-1.,2.22044604925E-16));
#216 = PLANE('',#217);
#217 = AXIS2_PLACEMENT_3D('',#218,#219,#220);
#218 = CARTESIAN_POINT('',(6.95,3.403589252763E-16,1.532840329046));
#219 = DIRECTION('',(0.,2.22044604925E-16,1.));
#220 = DIRECTION('',(1.,0.,0.));
#221 = ADVANCED_FACE('',(#222),#247,.T.);
#222 = FACE_BOUND('',#223,.T.);
#223 = EDGE_LOOP('',(#224,#232,#240,#246));
#224 = ORIENTED_EDGE('',*,*,#225,.F.);
#225 = EDGE_CURVE('',#226,#186,#228,.T.);
#226 = VERTEX_POINT('',#227);
#227 = CARTESIAN_POINT('',(6.95,-2.016232,3.132840329046));
#228 = LINE('',#229,#230);
#229 = CARTESIAN_POINT('',(6.95,-2.016232,2.231588664523));
#230 = VECTOR('',#231,1.);
#231 = DIRECTION('',(0.,0.,-1.));
#232 = ORIENTED_EDGE('',*,*,#233,.T.);
#233 = EDGE_CURVE('',#226,#234,#236,.T.);
#234 = VERTEX_POINT('',#235);
#235 = CARTESIAN_POINT('',(6.95,-2.5,3.132840329046));
#236 = LINE('',#237,#238);
#237 = CARTESIAN_POINT('',(6.95,6.956302931563E-16,3.132840329046));
#238 = VECTOR('',#239,1.);
#239 = DIRECTION('',(0.,-1.,2.22044604925E-16));
#240 = ORIENTED_EDGE('',*,*,#241,.T.);
#241 = EDGE_CURVE('',#234,#196,#242,.T.);
#242 = LINE('',#243,#244);
#243 = CARTESIAN_POINT('',(6.95,-2.5,3.132840329046));
#244 = VECTOR('',#245,1.);
#245 = DIRECTION('',(0.,-9.E-17,-1.));
#246 = ORIENTED_EDGE('',*,*,#195,.F.);
#247 = PLANE('',#248);
#248 = AXIS2_PLACEMENT_3D('',#249,#250,#251);
#249 = CARTESIAN_POINT('',(6.95,6.956302931563E-16,3.132840329046));
#250 = DIRECTION('',(1.,0.,0.));
#251 = DIRECTION('',(0.,-2.22044604925E-16,-1.));
#252 = ADVANCED_FACE('',(#253),#287,.T.);
#253 = FACE_BOUND('',#254,.T.);
#254 = EDGE_LOOP('',(#255,#265,#273,#281));
#255 = ORIENTED_EDGE('',*,*,#256,.F.);
#256 = EDGE_CURVE('',#257,#259,#261,.T.);
#257 = VERTEX_POINT('',#258);
#258 = CARTESIAN_POINT('',(4.41,-2.016232,1.532840329046));
#259 = VERTEX_POINT('',#260);
#260 = CARTESIAN_POINT('',(5.75,-2.016232,1.532840329046));
#261 = LINE('',#262,#263);
#262 = CARTESIAN_POINT('',(5.28,-2.016232,1.532840329046));
#263 = VECTOR('',#264,1.);
#264 = DIRECTION('',(1.,0.,0.));
#265 = ORIENTED_EDGE('',*,*,#266,.T.);
#266 = EDGE_CURVE('',#257,#267,#269,.T.);
#267 = VERTEX_POINT('',#268);
#268 = CARTESIAN_POINT('',(4.41,-2.5,1.532840329046));
#269 = LINE('',#270,#271);
#270 = CARTESIAN_POINT('',(4.41,3.403589252763E-16,1.532840329046));
#271 = VECTOR('',#272,1.);
#272 = DIRECTION('',(0.,-1.,2.22044604925E-16));
#273 = ORIENTED_EDGE('',*,*,#274,.T.);
#274 = EDGE_CURVE('',#267,#275,#277,.T.);
#275 = VERTEX_POINT('',#276);
#276 = CARTESIAN_POINT('',(5.75,-2.5,1.532840329046));
#277 = LINE('',#278,#279);
#278 = CARTESIAN_POINT('',(4.41,-2.5,1.532840329046));
#279 = VECTOR('',#280,1.);
#280 = DIRECTION('',(1.,0.,0.));
#281 = ORIENTED_EDGE('',*,*,#282,.F.);
#282 = EDGE_CURVE('',#259,#275,#283,.T.);
#283 = LINE('',#284,#285);
#284 = CARTESIAN_POINT('',(5.75,3.403589252763E-16,1.532840329046));
#285 = VECTOR('',#286,1.);
#286 = DIRECTION('',(0.,-1.,2.22044604925E-16));
#287 = PLANE('',#288);
#288 = AXIS2_PLACEMENT_3D('',#289,#290,#291);
#289 = CARTESIAN_POINT('',(4.41,3.403589252763E-16,1.532840329046));
#290 = DIRECTION('',(0.,2.22044604925E-16,1.));
#291 = DIRECTION('',(1.,0.,0.));
#292 = ADVANCED_FACE('',(#293),#318,.T.);
#293 = FACE_BOUND('',#294,.T.);
#294 = EDGE_LOOP('',(#295,#303,#311,#317));
#295 = ORIENTED_EDGE('',*,*,#296,.F.);
#296 = EDGE_CURVE('',#297,#257,#299,.T.);
#297 = VERTEX_POINT('',#298);
#298 = CARTESIAN_POINT('',(4.41,-2.016232,3.132840329046));
#299 = LINE('',#300,#301);
#300 = CARTESIAN_POINT('',(4.41,-2.016232,2.231588664523));
#301 = VECTOR('',#302,1.);
#302 = DIRECTION('',(0.,0.,-1.));
#303 = ORIENTED_EDGE('',*,*,#304,.T.);
#304 = EDGE_CURVE('',#297,#305,#307,.T.);
#305 = VERTEX_POINT('',#306);
#306 = CARTESIAN_POINT('',(4.41,-2.5,3.132840329046));
#307 = LINE('',#308,#309);
#308 = CARTESIAN_POINT('',(4.41,6.956302931563E-16,3.132840329046));
#309 = VECTOR('',#310,1.);
#310 = DIRECTION('',(0.,-1.,2.22044604925E-16));
#311 = ORIENTED_EDGE('',*,*,#312,.T.);
#312 = EDGE_CURVE('',#305,#267,#313,.T.);
#313 = LINE('',#314,#315);
#314 = CARTESIAN_POINT('',(4.41,-2.5,3.132840329046));
#315 = VECTOR('',#316,1.);
#316 = DIRECTION('',(0.,-9.E-17,-1.));
#317 = ORIENTED_EDGE('',*,*,#266,.F.);
#318 = PLANE('',#319);
#319 = AXIS2_PLACEMENT_3D('',#320,#321,#322);
#320 = CARTESIAN_POINT('',(4.41,6.956302931563E-16,3.132840329046));
#321 = DIRECTION('',(1.,0.,0.));
#322 = DIRECTION('',(0.,-2.22044604925E-16,-1.));
#323 = ADVANCED_FACE('',(#324),#358,.T.);
#324 = FACE_BOUND('',#325,.T.);
#325 = EDGE_LOOP('',(#326,#336,#344,#352));
#326 = ORIENTED_EDGE('',*,*,#327,.F.);
#327 = EDGE_CURVE('',#328,#330,#332,.T.);
#328 = VERTEX_POINT('',#329);
#329 = CARTESIAN_POINT('',(1.87,-2.016232,1.532840329046));
#330 = VERTEX_POINT('',#331);
#331 = CARTESIAN_POINT('',(3.21,-2.016232,1.532840329046));
#332 = LINE('',#333,#334);
#333 = CARTESIAN_POINT('',(2.74,-2.016232,1.532840329046));
#334 = VECTOR('',#335,1.);
#335 = DIRECTION('',(1.,0.,0.));
#336 = ORIENTED_EDGE('',*,*,#337,.T.);
#337 = EDGE_CURVE('',#328,#338,#340,.T.);
#338 = VERTEX_POINT('',#339);
#339 = CARTESIAN_POINT('',(1.87,-2.5,1.532840329046));
#340 = LINE('',#341,#342);
#341 = CARTESIAN_POINT('',(1.87,3.403589252763E-16,1.532840329046));
#342 = VECTOR('',#343,1.);
#343 = DIRECTION('',(0.,-1.,2.22044604925E-16));
#344 = ORIENTED_EDGE('',*,*,#345,.T.);
#345 = EDGE_CURVE('',#338,#346,#348,.T.);
#346 = VERTEX_POINT('',#347);
#347 = CARTESIAN_POINT('',(3.21,-2.5,1.532840329046));
#348 = LINE('',#349,#350);
#349 = CARTESIAN_POINT('',(1.87,-2.5,1.532840329046));
#350 = VECTOR('',#351,1.);
#351 = DIRECTION('',(1.,0.,0.));
#352 = ORIENTED_EDGE('',*,*,#353,.F.);
#353 = EDGE_CURVE('',#330,#346,#354,.T.);
#354 = LINE('',#355,#356);
#355 = CARTESIAN_POINT('',(3.21,3.403589252763E-16,1.532840329046));
#356 = VECTOR('',#357,1.);
#357 = DIRECTION('',(0.,-1.,2.22044604925E-16));
#358 = PLANE('',#359);
#359 = AXIS2_PLACEMENT_3D('',#360,#361,#362);
#360 = CARTESIAN_POINT('',(1.87,3.403589252763E-16,1.532840329046));
#361 = DIRECTION('',(0.,2.22044604925E-16,1.));
#362 = DIRECTION('',(1.,0.,0.));
#363 = ADVANCED_FACE('',(#364),#389,.T.);
#364 = FACE_BOUND('',#365,.T.);
#365 = EDGE_LOOP('',(#366,#374,#382,#388));
#366 = ORIENTED_EDGE('',*,*,#367,.F.);
#367 = EDGE_CURVE('',#368,#328,#370,.T.);
#368 = VERTEX_POINT('',#369);
#369 = CARTESIAN_POINT('',(1.87,-2.016232,3.132840329046));
#370 = LINE('',#371,#372);
#371 = CARTESIAN_POINT('',(1.87,-2.016232,2.231588664523));
#372 = VECTOR('',#373,1.);
#373 = DIRECTION('',(0.,0.,-1.));
#374 = ORIENTED_EDGE('',*,*,#375,.T.);
#375 = EDGE_CURVE('',#368,#376,#378,.T.);
#376 = VERTEX_POINT('',#377);
#377 = CARTESIAN_POINT('',(1.87,-2.5,3.132840329046));
#378 = LINE('',#379,#380);
#379 = CARTESIAN_POINT('',(1.87,6.956302931563E-16,3.132840329046));
#380 = VECTOR('',#381,1.);
#381 = DIRECTION('',(0.,-1.,2.22044604925E-16));
#382 = ORIENTED_EDGE('',*,*,#383,.T.);
#383 = EDGE_CURVE('',#376,#338,#384,.T.);
#384 = LINE('',#385,#386);
#385 = CARTESIAN_POINT('',(1.87,-2.5,3.132840329046));
#386 = VECTOR('',#387,1.);
#387 = DIRECTION('',(0.,-9.E-17,-1.));
#388 = ORIENTED_EDGE('',*,*,#337,.F.);
#389 = PLANE('',#390);
#390 = AXIS2_PLACEMENT_3D('',#391,#392,#393);
#391 = CARTESIAN_POINT('',(1.87,6.956302931563E-16,3.132840329046));
#392 = DIRECTION('',(1.,0.,0.));
#393 = DIRECTION('',(0.,-2.22044604925E-16,-1.));
#394 = ADVANCED_FACE('',(#395,#429,#463,#497,#531,#565,#599),#633,.F.);
#395 = FACE_BOUND('',#396,.F.);
#396 = EDGE_LOOP('',(#397,#407,#415,#423));
#397 = ORIENTED_EDGE('',*,*,#398,.T.);
#398 = EDGE_CURVE('',#399,#401,#403,.T.);
#399 = VERTEX_POINT('',#400);
#400 = CARTESIAN_POINT('',(14.17,-3.3,0.));
#401 = VERTEX_POINT('',#402);
#402 = CARTESIAN_POINT('',(-1.47,-3.3,0.));
#403 = LINE('',#404,#405);
#404 = CARTESIAN_POINT('',(14.17,-3.3,0.));
#405 = VECTOR('',#406,1.);
#406 = DIRECTION('',(-1.,-0.,-0.));
#407 = ORIENTED_EDGE('',*,*,#408,.T.);
#408 = EDGE_CURVE('',#401,#409,#411,.T.);
#409 = VERTEX_POINT('',#410);
#410 = CARTESIAN_POINT('',(-1.47,-3.3,4.95));
#411 = LINE('',#412,#413);
#412 = CARTESIAN_POINT('',(-1.47,-3.3,0.));
#413 = VECTOR('',#414,1.);
#414 = DIRECTION('',(0.,9.E-17,1.));
#415 = ORIENTED_EDGE('',*,*,#416,.F.);
#416 = EDGE_CURVE('',#417,#409,#419,.T.);
#417 = VERTEX_POINT('',#418);
#418 = CARTESIAN_POINT('',(14.17,-3.3,4.95));
#419 = LINE('',#420,#421);
#420 = CARTESIAN_POINT('',(14.17,-3.3,4.95));
#421 = VECTOR('',#422,1.);
#422 = DIRECTION('',(-1.,-0.,-0.));
#423 = ORIENTED_EDGE('',*,*,#424,.F.);
#424 = EDGE_CURVE('',#399,#417,#425,.T.);
#425 = LINE('',#426,#427);
#426 = CARTESIAN_POINT('',(14.17,-3.3,0.));
#427 = VECTOR('',#428,1.);
#428 = DIRECTION('',(0.,9.E-17,1.));
#429 = FACE_BOUND('',#430,.F.);
#430 = EDGE_LOOP('',(#431,#441,#449,#457));
#431 = ORIENTED_EDGE('',*,*,#432,.T.);
#432 = EDGE_CURVE('',#433,#435,#437,.T.);
#433 = VERTEX_POINT('',#434);
#434 = CARTESIAN_POINT('',(-1.07,-3.3,0.532840329046));
#435 = VERTEX_POINT('',#436);
#436 = CARTESIAN_POINT('',(1.07,-3.3,0.532840329046));
#437 = LINE('',#438,#439);
#438 = CARTESIAN_POINT('',(6.75,-3.3,0.532840329046));
#439 = VECTOR('',#440,1.);
#440 = DIRECTION('',(1.,0.,0.));
#441 = ORIENTED_EDGE('',*,*,#442,.T.);
#442 = EDGE_CURVE('',#435,#443,#445,.T.);
#443 = VERTEX_POINT('',#444);
#444 = CARTESIAN_POINT('',(1.07,-3.3,4.532840329046));
#445 = LINE('',#446,#447);
#446 = CARTESIAN_POINT('',(1.07,-3.3,0.532840329046));
#447 = VECTOR('',#448,1.);
#448 = DIRECTION('',(0.,9.E-17,1.));
#449 = ORIENTED_EDGE('',*,*,#450,.T.);
#450 = EDGE_CURVE('',#443,#451,#453,.T.);
#451 = VERTEX_POINT('',#452);
#452 = CARTESIAN_POINT('',(-1.07,-3.3,4.532840329046));
#453 = LINE('',#454,#455);
#454 = CARTESIAN_POINT('',(7.42,-3.3,4.532840329046));
#455 = VECTOR('',#456,1.);
#456 = DIRECTION('',(-1.,0.,0.));
#457 = ORIENTED_EDGE('',*,*,#458,.T.);
#458 = EDGE_CURVE('',#451,#433,#459,.T.);
#459 = LINE('',#460,#461);
#460 = CARTESIAN_POINT('',(-1.07,-3.3,1.532840329046));
#461 = VECTOR('',#462,1.);
#462 = DIRECTION('',(0.,-9.E-17,-1.));
#463 = FACE_BOUND('',#464,.F.);
#464 = EDGE_LOOP('',(#465,#475,#483,#491));
#465 = ORIENTED_EDGE('',*,*,#466,.T.);
#466 = EDGE_CURVE('',#467,#469,#471,.T.);
#467 = VERTEX_POINT('',#468);
#468 = CARTESIAN_POINT('',(1.47,-3.3,4.532840329046));
#469 = VERTEX_POINT('',#470);
#470 = CARTESIAN_POINT('',(1.47,-3.3,0.532840329046));
#471 = LINE('',#472,#473);
#472 = CARTESIAN_POINT('',(1.47,-3.3,1.532840329046));
#473 = VECTOR('',#474,1.);
#474 = DIRECTION('',(0.,-9.E-17,-1.));
#475 = ORIENTED_EDGE('',*,*,#476,.T.);
#476 = EDGE_CURVE('',#469,#477,#479,.T.);
#477 = VERTEX_POINT('',#478);
#478 = CARTESIAN_POINT('',(3.61,-3.3,0.532840329046));
#479 = LINE('',#480,#481);
#480 = CARTESIAN_POINT('',(9.29,-3.3,0.532840329046));
#481 = VECTOR('',#482,1.);
#482 = DIRECTION('',(1.,0.,0.));
#483 = ORIENTED_EDGE('',*,*,#484,.T.);
#484 = EDGE_CURVE('',#477,#485,#487,.T.);
#485 = VERTEX_POINT('',#486);
#486 = CARTESIAN_POINT('',(3.61,-3.3,4.532840329046));
#487 = LINE('',#488,#489);
#488 = CARTESIAN_POINT('',(3.61,-3.3,0.532840329046));
#489 = VECTOR('',#490,1.);
#490 = DIRECTION('',(0.,9.E-17,1.));
#491 = ORIENTED_EDGE('',*,*,#492,.T.);
#492 = EDGE_CURVE('',#485,#467,#493,.T.);
#493 = LINE('',#494,#495);
#494 = CARTESIAN_POINT('',(9.96,-3.3,4.532840329046));
#495 = VECTOR('',#496,1.);
#496 = DIRECTION('',(-1.,0.,0.));
#497 = FACE_BOUND('',#498,.F.);
#498 = EDGE_LOOP('',(#499,#509,#517,#525));
#499 = ORIENTED_EDGE('',*,*,#500,.T.);
#500 = EDGE_CURVE('',#501,#503,#505,.T.);
#501 = VERTEX_POINT('',#502);
#502 = CARTESIAN_POINT('',(4.01,-3.3,4.532840329046));
#503 = VERTEX_POINT('',#504);
#504 = CARTESIAN_POINT('',(4.01,-3.3,0.532840329046));
#505 = LINE('',#506,#507);
#506 = CARTESIAN_POINT('',(4.01,-3.3,1.532840329046));
#507 = VECTOR('',#508,1.);
#508 = DIRECTION('',(0.,-9.E-17,-1.));
#509 = ORIENTED_EDGE('',*,*,#510,.T.);
#510 = EDGE_CURVE('',#503,#511,#513,.T.);
#511 = VERTEX_POINT('',#512);
#512 = CARTESIAN_POINT('',(6.15,-3.3,0.532840329046));
#513 = LINE('',#514,#515);
#514 = CARTESIAN_POINT('',(11.83,-3.3,0.532840329046));
#515 = VECTOR('',#516,1.);
#516 = DIRECTION('',(1.,0.,0.));
#517 = ORIENTED_EDGE('',*,*,#518,.T.);
#518 = EDGE_CURVE('',#511,#519,#521,.T.);
#519 = VERTEX_POINT('',#520);
#520 = CARTESIAN_POINT('',(6.15,-3.3,4.532840329046));
#521 = LINE('',#522,#523);
#522 = CARTESIAN_POINT('',(6.15,-3.3,0.532840329046));
#523 = VECTOR('',#524,1.);
#524 = DIRECTION('',(0.,9.E-17,1.));
#525 = ORIENTED_EDGE('',*,*,#526,.T.);
#526 = EDGE_CURVE('',#519,#501,#527,.T.);
#527 = LINE('',#528,#529);
#528 = CARTESIAN_POINT('',(12.5,-3.3,4.532840329046));
#529 = VECTOR('',#530,1.);
#530 = DIRECTION('',(-1.,0.,0.));
#531 = FACE_BOUND('',#532,.F.);
#532 = EDGE_LOOP('',(#533,#543,#551,#559));
#533 = ORIENTED_EDGE('',*,*,#534,.T.);
#534 = EDGE_CURVE('',#535,#537,#539,.T.);
#535 = VERTEX_POINT('',#536);
#536 = CARTESIAN_POINT('',(6.55,-3.3,4.532840329046));
#537 = VERTEX_POINT('',#538);
#538 = CARTESIAN_POINT('',(6.55,-3.3,0.532840329046));
#539 = LINE('',#540,#541);
#540 = CARTESIAN_POINT('',(6.55,-3.3,1.532840329046));
#541 = VECTOR('',#542,1.);
#542 = DIRECTION('',(0.,-9.E-17,-1.));
#543 = ORIENTED_EDGE('',*,*,#544,.T.);
#544 = EDGE_CURVE('',#537,#545,#547,.T.);
#545 = VERTEX_POINT('',#546);
#546 = CARTESIAN_POINT('',(8.69,-3.3,0.532840329046));
#547 = LINE('',#548,#549);
#548 = CARTESIAN_POINT('',(14.37,-3.3,0.532840329046));
#549 = VECTOR('',#550,1.);
#550 = DIRECTION('',(1.,0.,0.));
#551 = ORIENTED_EDGE('',*,*,#552,.T.);
#552 = EDGE_CURVE('',#545,#553,#555,.T.);
#553 = VERTEX_POINT('',#554);
#554 = CARTESIAN_POINT('',(8.69,-3.3,4.532840329046));
#555 = LINE('',#556,#557);
#556 = CARTESIAN_POINT('',(8.69,-3.3,0.532840329046));
#557 = VECTOR('',#558,1.);
#558 = DIRECTION('',(0.,9.E-17,1.));
#559 = ORIENTED_EDGE('',*,*,#560,.T.);
#560 = EDGE_CURVE('',#553,#535,#561,.T.);
#561 = LINE('',#562,#563);
#562 = CARTESIAN_POINT('',(15.04,-3.3,4.532840329046));
#563 = VECTOR('',#564,1.);
#564 = DIRECTION('',(-1.,0.,0.));
#565 = FACE_BOUND('',#566,.F.);
#566 = EDGE_LOOP('',(#567,#577,#585,#593));
#567 = ORIENTED_EDGE('',*,*,#568,.T.);
#568 = EDGE_CURVE('',#569,#571,#573,.T.);
#569 = VERTEX_POINT('',#570);
#570 = CARTESIAN_POINT('',(9.09,-3.3,4.532840329046));
#571 = VERTEX_POINT('',#572);
#572 = CARTESIAN_POINT('',(9.09,-3.3,0.532840329046));
#573 = LINE('',#574,#575);
#574 = CARTESIAN_POINT('',(9.09,-3.3,1.532840329046));
#575 = VECTOR('',#576,1.);
#576 = DIRECTION('',(0.,-9.E-17,-1.));
#577 = ORIENTED_EDGE('',*,*,#578,.T.);
#578 = EDGE_CURVE('',#571,#579,#581,.T.);
#579 = VERTEX_POINT('',#580);
#580 = CARTESIAN_POINT('',(11.23,-3.3,0.532840329046));
#581 = LINE('',#582,#583);
#582 = CARTESIAN_POINT('',(16.91,-3.3,0.532840329046));
#583 = VECTOR('',#584,1.);
#584 = DIRECTION('',(1.,0.,0.));
#585 = ORIENTED_EDGE('',*,*,#586,.T.);
#586 = EDGE_CURVE('',#579,#587,#589,.T.);
#587 = VERTEX_POINT('',#588);
#588 = CARTESIAN_POINT('',(11.23,-3.3,4.532840329046));
#589 = LINE('',#590,#591);
#590 = CARTESIAN_POINT('',(11.23,-3.3,0.532840329046));
#591 = VECTOR('',#592,1.);
#592 = DIRECTION('',(0.,9.E-17,1.));
#593 = ORIENTED_EDGE('',*,*,#594,.T.);
#594 = EDGE_CURVE('',#587,#569,#595,.T.);
#595 = LINE('',#596,#597);
#596 = CARTESIAN_POINT('',(17.58,-3.3,4.532840329046));
#597 = VECTOR('',#598,1.);
#598 = DIRECTION('',(-1.,0.,0.));
#599 = FACE_BOUND('',#600,.F.);
#600 = EDGE_LOOP('',(#601,#611,#619,#627));
#601 = ORIENTED_EDGE('',*,*,#602,.T.);
#602 = EDGE_CURVE('',#603,#605,#607,.T.);
#603 = VERTEX_POINT('',#604);
#604 = CARTESIAN_POINT('',(11.63,-3.3,4.532840329046));
#605 = VERTEX_POINT('',#606);
#606 = CARTESIAN_POINT('',(11.63,-3.3,0.532840329046));
#607 = LINE('',#608,#609);
#608 = CARTESIAN_POINT('',(11.63,-3.3,1.532840329046));
#609 = VECTOR('',#610,1.);
#610 = DIRECTION('',(0.,-9.E-17,-1.));
#611 = ORIENTED_EDGE('',*,*,#612,.T.);
#612 = EDGE_CURVE('',#605,#613,#615,.T.);
#613 = VERTEX_POINT('',#614);
#614 = CARTESIAN_POINT('',(13.77,-3.3,0.532840329046));
#615 = LINE('',#616,#617);
#616 = CARTESIAN_POINT('',(19.45,-3.3,0.532840329046));
#617 = VECTOR('',#618,1.);
#618 = DIRECTION('',(1.,0.,0.));
#619 = ORIENTED_EDGE('',*,*,#620,.T.);
#620 = EDGE_CURVE('',#613,#621,#623,.T.);
#621 = VERTEX_POINT('',#622);
#622 = CARTESIAN_POINT('',(13.77,-3.3,4.532840329046));
#623 = LINE('',#624,#625);
#624 = CARTESIAN_POINT('',(13.77,-3.3,0.532840329046));
#625 = VECTOR('',#626,1.);
#626 = DIRECTION('',(0.,9.E-17,1.));
#627 = ORIENTED_EDGE('',*,*,#628,.T.);
#628 = EDGE_CURVE('',#621,#603,#629,.T.);
#629 = LINE('',#630,#631);
#630 = CARTESIAN_POINT('',(20.12,-3.3,4.532840329046));
#631 = VECTOR('',#632,1.);
#632 = DIRECTION('',(-1.,0.,0.));
#633 = PLANE('',#634);
#634 = AXIS2_PLACEMENT_3D('',#635,#636,#637);
#635 = CARTESIAN_POINT('',(14.17,-3.3,0.));
#636 = DIRECTION('',(0.,1.,-9.E-17));
#637 = DIRECTION('',(0.,9.E-17,1.));
#638 = ADVANCED_FACE('',(#639,#664,#730,#796,#862,#928,#994),#1060,.F.);
#639 = FACE_BOUND('',#640,.F.);
#640 = EDGE_LOOP('',(#641,#651,#657,#658));
#641 = ORIENTED_EDGE('',*,*,#642,.T.);
#642 = EDGE_CURVE('',#643,#645,#647,.T.);
#643 = VERTEX_POINT('',#644);
#644 = CARTESIAN_POINT('',(14.17,3.,0.));
#645 = VERTEX_POINT('',#646);
#646 = CARTESIAN_POINT('',(-1.47,3.,0.));
#647 = LINE('',#648,#649);
#648 = CARTESIAN_POINT('',(14.17,3.,0.));
#649 = VECTOR('',#650,1.);
#650 = DIRECTION('',(-1.,-0.,-0.));
#651 = ORIENTED_EDGE('',*,*,#652,.T.);
#652 = EDGE_CURVE('',#645,#401,#653,.T.);
#653 = LINE('',#654,#655);
#654 = CARTESIAN_POINT('',(-1.47,3.,4.4E-16));
#655 = VECTOR('',#656,1.);
#656 = DIRECTION('',(0.,-1.,-7.E-17));
#657 = ORIENTED_EDGE('',*,*,#398,.F.);
#658 = ORIENTED_EDGE('',*,*,#659,.F.);
#659 = EDGE_CURVE('',#643,#399,#660,.T.);
#660 = LINE('',#661,#662);
#661 = CARTESIAN_POINT('',(14.17,3.,4.4E-16));
#662 = VECTOR('',#663,1.);
#663 = DIRECTION('',(0.,-1.,-7.E-17));
#664 = FACE_BOUND('',#665,.F.);
#665 = EDGE_LOOP('',(#666,#676,#684,#692,#700,#708,#716,#724));
#666 = ORIENTED_EDGE('',*,*,#667,.F.);
#667 = EDGE_CURVE('',#668,#670,#672,.T.);
#668 = VERTEX_POINT('',#669);
#669 = CARTESIAN_POINT('',(1.07,2.085974,0.));
#670 = VERTEX_POINT('',#671);
#671 = CARTESIAN_POINT('',(0.7,2.085974,0.));
#672 = LINE('',#673,#674);
#673 = CARTESIAN_POINT('',(1.07,2.085974,0.));
#674 = VECTOR('',#675,1.);
#675 = DIRECTION('',(-1.,-0.,-0.));
#676 = ORIENTED_EDGE('',*,*,#677,.T.);
#677 = EDGE_CURVE('',#668,#678,#680,.T.);
#678 = VERTEX_POINT('',#679);
#679 = CARTESIAN_POINT('',(1.07,-2.225654,0.));
#680 = LINE('',#681,#682);
#681 = CARTESIAN_POINT('',(1.07,2.085974,0.));
#682 = VECTOR('',#683,1.);
#683 = DIRECTION('',(0.,-1.,0.));
#684 = ORIENTED_EDGE('',*,*,#685,.T.);
#685 = EDGE_CURVE('',#678,#686,#688,.T.);
#686 = VERTEX_POINT('',#687);
#687 = CARTESIAN_POINT('',(-1.07,-2.225654,0.));
#688 = LINE('',#689,#690);
#689 = CARTESIAN_POINT('',(1.07,-2.225654,0.));
#690 = VECTOR('',#691,1.);
#691 = DIRECTION('',(-1.,-0.,-0.));
#692 = ORIENTED_EDGE('',*,*,#693,.F.);
#693 = EDGE_CURVE('',#694,#686,#696,.T.);
#694 = VERTEX_POINT('',#695);
#695 = CARTESIAN_POINT('',(-1.07,2.085974,0.));
#696 = LINE('',#697,#698);
#697 = CARTESIAN_POINT('',(-1.07,2.085974,0.));
#698 = VECTOR('',#699,1.);
#699 = DIRECTION('',(0.,-1.,0.));
#700 = ORIENTED_EDGE('',*,*,#701,.F.);
#701 = EDGE_CURVE('',#702,#694,#704,.T.);
#702 = VERTEX_POINT('',#703);
#703 = CARTESIAN_POINT('',(-0.7,2.085974,0.));
#704 = LINE('',#705,#706);
#705 = CARTESIAN_POINT('',(1.07,2.085974,0.));
#706 = VECTOR('',#707,1.);
#707 = DIRECTION('',(-1.,-0.,-0.));
#708 = ORIENTED_EDGE('',*,*,#709,.T.);
#709 = EDGE_CURVE('',#702,#710,#712,.T.);
#710 = VERTEX_POINT('',#711);
#711 = CARTESIAN_POINT('',(-0.7,2.527085,0.));
#712 = LINE('',#713,#714);
#713 = CARTESIAN_POINT('',(-0.7,2.085974,0.));
#714 = VECTOR('',#715,1.);
#715 = DIRECTION('',(0.,1.,0.));
#716 = ORIENTED_EDGE('',*,*,#717,.F.);
#717 = EDGE_CURVE('',#718,#710,#720,.T.);
#718 = VERTEX_POINT('',#719);
#719 = CARTESIAN_POINT('',(0.7,2.527085,0.));
#720 = LINE('',#721,#722);
#721 = CARTESIAN_POINT('',(0.7,2.527085,0.));
#722 = VECTOR('',#723,1.);
#723 = DIRECTION('',(-1.,-0.,-0.));
#724 = ORIENTED_EDGE('',*,*,#725,.F.);
#725 = EDGE_CURVE('',#670,#718,#726,.T.);
#726 = LINE('',#727,#728);
#727 = CARTESIAN_POINT('',(0.7,2.085974,0.));
#728 = VECTOR('',#729,1.);
#729 = DIRECTION('',(0.,1.,0.));
#730 = FACE_BOUND('',#731,.F.);
#731 = EDGE_LOOP('',(#732,#742,#750,#758,#766,#774,#782,#790));
#732 = ORIENTED_EDGE('',*,*,#733,.F.);
#733 = EDGE_CURVE('',#734,#736,#738,.T.);
#734 = VERTEX_POINT('',#735);
#735 = CARTESIAN_POINT('',(3.61,2.085974,0.));
#736 = VERTEX_POINT('',#737);
#737 = CARTESIAN_POINT('',(3.24,2.085974,0.));
#738 = LINE('',#739,#740);
#739 = CARTESIAN_POINT('',(3.61,2.085974,0.));
#740 = VECTOR('',#741,1.);
#741 = DIRECTION('',(-1.,-0.,-0.));
#742 = ORIENTED_EDGE('',*,*,#743,.T.);
#743 = EDGE_CURVE('',#734,#744,#746,.T.);
#744 = VERTEX_POINT('',#745);
#745 = CARTESIAN_POINT('',(3.61,-2.225654,0.));
#746 = LINE('',#747,#748);
#747 = CARTESIAN_POINT('',(3.61,2.085974,0.));
#748 = VECTOR('',#749,1.);
#749 = DIRECTION('',(0.,-1.,0.));
#750 = ORIENTED_EDGE('',*,*,#751,.T.);
#751 = EDGE_CURVE('',#744,#752,#754,.T.);
#752 = VERTEX_POINT('',#753);
#753 = CARTESIAN_POINT('',(1.47,-2.225654,0.));
#754 = LINE('',#755,#756);
#755 = CARTESIAN_POINT('',(3.61,-2.225654,0.));
#756 = VECTOR('',#757,1.);
#757 = DIRECTION('',(-1.,-0.,-0.));
#758 = ORIENTED_EDGE('',*,*,#759,.F.);
#759 = EDGE_CURVE('',#760,#752,#762,.T.);
#760 = VERTEX_POINT('',#761);
#761 = CARTESIAN_POINT('',(1.47,2.085974,0.));
#762 = LINE('',#763,#764);
#763 = CARTESIAN_POINT('',(1.47,2.085974,0.));
#764 = VECTOR('',#765,1.);
#765 = DIRECTION('',(0.,-1.,0.));
#766 = ORIENTED_EDGE('',*,*,#767,.F.);
#767 = EDGE_CURVE('',#768,#760,#770,.T.);
#768 = VERTEX_POINT('',#769);
#769 = CARTESIAN_POINT('',(1.84,2.085974,0.));
#770 = LINE('',#771,#772);
#771 = CARTESIAN_POINT('',(3.61,2.085974,0.));
#772 = VECTOR('',#773,1.);
#773 = DIRECTION('',(-1.,-0.,-0.));
#774 = ORIENTED_EDGE('',*,*,#775,.T.);
#775 = EDGE_CURVE('',#768,#776,#778,.T.);
#776 = VERTEX_POINT('',#777);
#777 = CARTESIAN_POINT('',(1.84,2.527085,0.));
#778 = LINE('',#779,#780);
#779 = CARTESIAN_POINT('',(1.84,2.085974,0.));
#780 = VECTOR('',#781,1.);
#781 = DIRECTION('',(0.,1.,0.));
#782 = ORIENTED_EDGE('',*,*,#783,.F.);
#783 = EDGE_CURVE('',#784,#776,#786,.T.);
#784 = VERTEX_POINT('',#785);
#785 = CARTESIAN_POINT('',(3.24,2.527085,0.));
#786 = LINE('',#787,#788);
#787 = CARTESIAN_POINT('',(3.24,2.527085,0.));
#788 = VECTOR('',#789,1.);
#789 = DIRECTION('',(-1.,-0.,-0.));
#790 = ORIENTED_EDGE('',*,*,#791,.F.);
#791 = EDGE_CURVE('',#736,#784,#792,.T.);
#792 = LINE('',#793,#794);
#793 = CARTESIAN_POINT('',(3.24,2.085974,0.));
#794 = VECTOR('',#795,1.);
#795 = DIRECTION('',(0.,1.,0.));
#796 = FACE_BOUND('',#797,.F.);
#797 = EDGE_LOOP('',(#798,#808,#816,#824,#832,#840,#848,#856));
#798 = ORIENTED_EDGE('',*,*,#799,.F.);
#799 = EDGE_CURVE('',#800,#802,#804,.T.);
#800 = VERTEX_POINT('',#801);
#801 = CARTESIAN_POINT('',(6.15,2.085974,0.));
#802 = VERTEX_POINT('',#803);
#803 = CARTESIAN_POINT('',(5.78,2.085974,0.));
#804 = LINE('',#805,#806);
#805 = CARTESIAN_POINT('',(6.15,2.085974,0.));
#806 = VECTOR('',#807,1.);
#807 = DIRECTION('',(-1.,-0.,-0.));
#808 = ORIENTED_EDGE('',*,*,#809,.T.);
#809 = EDGE_CURVE('',#800,#810,#812,.T.);
#810 = VERTEX_POINT('',#811);
#811 = CARTESIAN_POINT('',(6.15,-2.225654,0.));
#812 = LINE('',#813,#814);
#813 = CARTESIAN_POINT('',(6.15,2.085974,0.));
#814 = VECTOR('',#815,1.);
#815 = DIRECTION('',(0.,-1.,0.));
#816 = ORIENTED_EDGE('',*,*,#817,.T.);
#817 = EDGE_CURVE('',#810,#818,#820,.T.);
#818 = VERTEX_POINT('',#819);
#819 = CARTESIAN_POINT('',(4.01,-2.225654,0.));
#820 = LINE('',#821,#822);
#821 = CARTESIAN_POINT('',(6.15,-2.225654,0.));
#822 = VECTOR('',#823,1.);
#823 = DIRECTION('',(-1.,-0.,-0.));
#824 = ORIENTED_EDGE('',*,*,#825,.F.);
#825 = EDGE_CURVE('',#826,#818,#828,.T.);
#826 = VERTEX_POINT('',#827);
#827 = CARTESIAN_POINT('',(4.01,2.085974,0.));
#828 = LINE('',#829,#830);
#829 = CARTESIAN_POINT('',(4.01,2.085974,0.));
#830 = VECTOR('',#831,1.);
#831 = DIRECTION('',(0.,-1.,0.));
#832 = ORIENTED_EDGE('',*,*,#833,.F.);
#833 = EDGE_CURVE('',#834,#826,#836,.T.);
#834 = VERTEX_POINT('',#835);
#835 = CARTESIAN_POINT('',(4.38,2.085974,0.));
#836 = LINE('',#837,#838);
#837 = CARTESIAN_POINT('',(6.15,2.085974,0.));
#838 = VECTOR('',#839,1.);
#839 = DIRECTION('',(-1.,-0.,-0.));
#840 = ORIENTED_EDGE('',*,*,#841,.T.);
#841 = EDGE_CURVE('',#834,#842,#844,.T.);
#842 = VERTEX_POINT('',#843);
#843 = CARTESIAN_POINT('',(4.38,2.527085,0.));
#844 = LINE('',#845,#846);
#845 = CARTESIAN_POINT('',(4.38,2.085974,0.));
#846 = VECTOR('',#847,1.);
#847 = DIRECTION('',(0.,1.,0.));
#848 = ORIENTED_EDGE('',*,*,#849,.F.);
#849 = EDGE_CURVE('',#850,#842,#852,.T.);
#850 = VERTEX_POINT('',#851);
#851 = CARTESIAN_POINT('',(5.78,2.527085,0.));
#852 = LINE('',#853,#854);
#853 = CARTESIAN_POINT('',(5.78,2.527085,0.));
#854 = VECTOR('',#855,1.);
#855 = DIRECTION('',(-1.,-0.,-0.));
#856 = ORIENTED_EDGE('',*,*,#857,.F.);
#857 = EDGE_CURVE('',#802,#850,#858,.T.);
#858 = LINE('',#859,#860);
#859 = CARTESIAN_POINT('',(5.78,2.085974,0.));
#860 = VECTOR('',#861,1.);
#861 = DIRECTION('',(0.,1.,0.));
#862 = FACE_BOUND('',#863,.F.);
#863 = EDGE_LOOP('',(#864,#874,#882,#890,#898,#906,#914,#922));
#864 = ORIENTED_EDGE('',*,*,#865,.F.);
#865 = EDGE_CURVE('',#866,#868,#870,.T.);
#866 = VERTEX_POINT('',#867);
#867 = CARTESIAN_POINT('',(8.69,2.085974,0.));
#868 = VERTEX_POINT('',#869);
#869 = CARTESIAN_POINT('',(8.32,2.085974,0.));
#870 = LINE('',#871,#872);
#871 = CARTESIAN_POINT('',(8.69,2.085974,0.));
#872 = VECTOR('',#873,1.);
#873 = DIRECTION('',(-1.,-0.,-0.));
#874 = ORIENTED_EDGE('',*,*,#875,.T.);
#875 = EDGE_CURVE('',#866,#876,#878,.T.);
#876 = VERTEX_POINT('',#877);
#877 = CARTESIAN_POINT('',(8.69,-2.225654,0.));
#878 = LINE('',#879,#880);
#879 = CARTESIAN_POINT('',(8.69,2.085974,0.));
#880 = VECTOR('',#881,1.);
#881 = DIRECTION('',(0.,-1.,0.));
#882 = ORIENTED_EDGE('',*,*,#883,.T.);
#883 = EDGE_CURVE('',#876,#884,#886,.T.);
#884 = VERTEX_POINT('',#885);
#885 = CARTESIAN_POINT('',(6.55,-2.225654,0.));
#886 = LINE('',#887,#888);
#887 = CARTESIAN_POINT('',(8.69,-2.225654,0.));
#888 = VECTOR('',#889,1.);
#889 = DIRECTION('',(-1.,-0.,-0.));
#890 = ORIENTED_EDGE('',*,*,#891,.F.);
#891 = EDGE_CURVE('',#892,#884,#894,.T.);
#892 = VERTEX_POINT('',#893);
#893 = CARTESIAN_POINT('',(6.55,2.085974,0.));
#894 = LINE('',#895,#896);
#895 = CARTESIAN_POINT('',(6.55,2.085974,0.));
#896 = VECTOR('',#897,1.);
#897 = DIRECTION('',(0.,-1.,0.));
#898 = ORIENTED_EDGE('',*,*,#899,.F.);
#899 = EDGE_CURVE('',#900,#892,#902,.T.);
#900 = VERTEX_POINT('',#901);
#901 = CARTESIAN_POINT('',(6.92,2.085974,0.));
#902 = LINE('',#903,#904);
#903 = CARTESIAN_POINT('',(8.69,2.085974,0.));
#904 = VECTOR('',#905,1.);
#905 = DIRECTION('',(-1.,-0.,-0.));
#906 = ORIENTED_EDGE('',*,*,#907,.T.);
#907 = EDGE_CURVE('',#900,#908,#910,.T.);
#908 = VERTEX_POINT('',#909);
#909 = CARTESIAN_POINT('',(6.92,2.527085,0.));
#910 = LINE('',#911,#912);
#911 = CARTESIAN_POINT('',(6.92,2.085974,0.));
#912 = VECTOR('',#913,1.);
#913 = DIRECTION('',(0.,1.,0.));
#914 = ORIENTED_EDGE('',*,*,#915,.F.);
#915 = EDGE_CURVE('',#916,#908,#918,.T.);
#916 = VERTEX_POINT('',#917);
#917 = CARTESIAN_POINT('',(8.32,2.527085,0.));
#918 = LINE('',#919,#920);
#919 = CARTESIAN_POINT('',(8.32,2.527085,0.));
#920 = VECTOR('',#921,1.);
#921 = DIRECTION('',(-1.,-0.,-0.));
#922 = ORIENTED_EDGE('',*,*,#923,.F.);
#923 = EDGE_CURVE('',#868,#916,#924,.T.);
#924 = LINE('',#925,#926);
#925 = CARTESIAN_POINT('',(8.32,2.085974,0.));
#926 = VECTOR('',#927,1.);
#927 = DIRECTION('',(0.,1.,0.));
#928 = FACE_BOUND('',#929,.F.);
#929 = EDGE_LOOP('',(#930,#940,#948,#956,#964,#972,#980,#988));
#930 = ORIENTED_EDGE('',*,*,#931,.F.);
#931 = EDGE_CURVE('',#932,#934,#936,.T.);
#932 = VERTEX_POINT('',#933);
#933 = CARTESIAN_POINT('',(11.23,2.085974,0.));
#934 = VERTEX_POINT('',#935);
#935 = CARTESIAN_POINT('',(10.86,2.085974,0.));
#936 = LINE('',#937,#938);
#937 = CARTESIAN_POINT('',(11.23,2.085974,0.));
#938 = VECTOR('',#939,1.);
#939 = DIRECTION('',(-1.,-0.,-0.));
#940 = ORIENTED_EDGE('',*,*,#941,.T.);
#941 = EDGE_CURVE('',#932,#942,#944,.T.);
#942 = VERTEX_POINT('',#943);
#943 = CARTESIAN_POINT('',(11.23,-2.225654,0.));
#944 = LINE('',#945,#946);
#945 = CARTESIAN_POINT('',(11.23,2.085974,0.));
#946 = VECTOR('',#947,1.);
#947 = DIRECTION('',(0.,-1.,0.));
#948 = ORIENTED_EDGE('',*,*,#949,.T.);
#949 = EDGE_CURVE('',#942,#950,#952,.T.);
#950 = VERTEX_POINT('',#951);
#951 = CARTESIAN_POINT('',(9.09,-2.225654,0.));
#952 = LINE('',#953,#954);
#953 = CARTESIAN_POINT('',(11.23,-2.225654,0.));
#954 = VECTOR('',#955,1.);
#955 = DIRECTION('',(-1.,-0.,-0.));
#956 = ORIENTED_EDGE('',*,*,#957,.F.);
#957 = EDGE_CURVE('',#958,#950,#960,.T.);
#958 = VERTEX_POINT('',#959);
#959 = CARTESIAN_POINT('',(9.09,2.085974,0.));
#960 = LINE('',#961,#962);
#961 = CARTESIAN_POINT('',(9.09,2.085974,0.));
#962 = VECTOR('',#963,1.);
#963 = DIRECTION('',(0.,-1.,0.));
#964 = ORIENTED_EDGE('',*,*,#965,.F.);
#965 = EDGE_CURVE('',#966,#958,#968,.T.);
#966 = VERTEX_POINT('',#967);
#967 = CARTESIAN_POINT('',(9.46,2.085974,0.));
#968 = LINE('',#969,#970);
#969 = CARTESIAN_POINT('',(11.23,2.085974,0.));
#970 = VECTOR('',#971,1.);
#971 = DIRECTION('',(-1.,-0.,-0.));
#972 = ORIENTED_EDGE('',*,*,#973,.T.);
#973 = EDGE_CURVE('',#966,#974,#976,.T.);
#974 = VERTEX_POINT('',#975);
#975 = CARTESIAN_POINT('',(9.46,2.527085,0.));
#976 = LINE('',#977,#978);
#977 = CARTESIAN_POINT('',(9.46,2.085974,0.));
#978 = VECTOR('',#979,1.);
#979 = DIRECTION('',(0.,1.,0.));
#980 = ORIENTED_EDGE('',*,*,#981,.F.);
#981 = EDGE_CURVE('',#982,#974,#984,.T.);
#982 = VERTEX_POINT('',#983);
#983 = CARTESIAN_POINT('',(10.86,2.527085,0.));
#984 = LINE('',#985,#986);
#985 = CARTESIAN_POINT('',(10.86,2.527085,0.));
#986 = VECTOR('',#987,1.);
#987 = DIRECTION('',(-1.,-0.,-0.));
#988 = ORIENTED_EDGE('',*,*,#989,.F.);
#989 = EDGE_CURVE('',#934,#982,#990,.T.);
#990 = LINE('',#991,#992);
#991 = CARTESIAN_POINT('',(10.86,2.085974,0.));
#992 = VECTOR('',#993,1.);
#993 = DIRECTION('',(0.,1.,0.));
#994 = FACE_BOUND('',#995,.F.);
#995 = EDGE_LOOP('',(#996,#1006,#1014,#1022,#1030,#1038,#1046,#1054));
#996 = ORIENTED_EDGE('',*,*,#997,.F.);
#997 = EDGE_CURVE('',#998,#1000,#1002,.T.);
#998 = VERTEX_POINT('',#999);
#999 = CARTESIAN_POINT('',(13.77,2.085974,0.));
#1000 = VERTEX_POINT('',#1001);
#1001 = CARTESIAN_POINT('',(13.4,2.085974,0.));
#1002 = LINE('',#1003,#1004);
#1003 = CARTESIAN_POINT('',(13.77,2.085974,0.));
#1004 = VECTOR('',#1005,1.);
#1005 = DIRECTION('',(-1.,-0.,-0.));
#1006 = ORIENTED_EDGE('',*,*,#1007,.T.);
#1007 = EDGE_CURVE('',#998,#1008,#1010,.T.);
#1008 = VERTEX_POINT('',#1009);
#1009 = CARTESIAN_POINT('',(13.77,-2.225654,0.));
#1010 = LINE('',#1011,#1012);
#1011 = CARTESIAN_POINT('',(13.77,2.085974,0.));
#1012 = VECTOR('',#1013,1.);
#1013 = DIRECTION('',(0.,-1.,0.));
#1014 = ORIENTED_EDGE('',*,*,#1015,.T.);
#1015 = EDGE_CURVE('',#1008,#1016,#1018,.T.);
#1016 = VERTEX_POINT('',#1017);
#1017 = CARTESIAN_POINT('',(11.63,-2.225654,0.));
#1018 = LINE('',#1019,#1020);
#1019 = CARTESIAN_POINT('',(13.77,-2.225654,0.));
#1020 = VECTOR('',#1021,1.);
#1021 = DIRECTION('',(-1.,-0.,-0.));
#1022 = ORIENTED_EDGE('',*,*,#1023,.F.);
#1023 = EDGE_CURVE('',#1024,#1016,#1026,.T.);
#1024 = VERTEX_POINT('',#1025);
#1025 = CARTESIAN_POINT('',(11.63,2.085974,0.));
#1026 = LINE('',#1027,#1028);
#1027 = CARTESIAN_POINT('',(11.63,2.085974,0.));
#1028 = VECTOR('',#1029,1.);
#1029 = DIRECTION('',(0.,-1.,0.));
#1030 = ORIENTED_EDGE('',*,*,#1031,.F.);
#1031 = EDGE_CURVE('',#1032,#1024,#1034,.T.);
#1032 = VERTEX_POINT('',#1033);
#1033 = CARTESIAN_POINT('',(12.,2.085974,0.));
#1034 = LINE('',#1035,#1036);
#1035 = CARTESIAN_POINT('',(13.77,2.085974,0.));
#1036 = VECTOR('',#1037,1.);
#1037 = DIRECTION('',(-1.,-0.,-0.));
#1038 = ORIENTED_EDGE('',*,*,#1039,.T.);
#1039 = EDGE_CURVE('',#1032,#1040,#1042,.T.);
#1040 = VERTEX_POINT('',#1041);
#1041 = CARTESIAN_POINT('',(12.,2.527085,0.));
#1042 = LINE('',#1043,#1044);
#1043 = CARTESIAN_POINT('',(12.,2.085974,0.));
#1044 = VECTOR('',#1045,1.);
#1045 = DIRECTION('',(0.,1.,0.));
#1046 = ORIENTED_EDGE('',*,*,#1047,.F.);
#1047 = EDGE_CURVE('',#1048,#1040,#1050,.T.);
#1048 = VERTEX_POINT('',#1049);
#1049 = CARTESIAN_POINT('',(13.4,2.527085,0.));
#1050 = LINE('',#1051,#1052);
#1051 = CARTESIAN_POINT('',(13.4,2.527085,0.));
#1052 = VECTOR('',#1053,1.);
#1053 = DIRECTION('',(-1.,-0.,-0.));
#1054 = ORIENTED_EDGE('',*,*,#1055,.F.);
#1055 = EDGE_CURVE('',#1000,#1048,#1056,.T.);
#1056 = LINE('',#1057,#1058);
#1057 = CARTESIAN_POINT('',(13.4,2.085974,0.));
#1058 = VECTOR('',#1059,1.);
#1059 = DIRECTION('',(0.,1.,0.));
#1060 = PLANE('',#1061);
#1061 = AXIS2_PLACEMENT_3D('',#1062,#1063,#1064);
#1062 = CARTESIAN_POINT('',(14.17,3.,4.4E-16));
#1063 = DIRECTION('',(0.,-7.E-17,1.));
#1064 = DIRECTION('',(0.,-1.,-7.E-17));
#1065 = ADVANCED_FACE('',(#1066),#1117,.T.);
#1066 = FACE_BOUND('',#1067,.F.);
#1067 = EDGE_LOOP('',(#1068,#1078,#1086,#1094,#1102,#1108,#1109,#1110));
#1068 = ORIENTED_EDGE('',*,*,#1069,.T.);
#1069 = EDGE_CURVE('',#1070,#1072,#1074,.T.);
#1070 = VERTEX_POINT('',#1071);
#1071 = CARTESIAN_POINT('',(14.17,-3.,5.25));
#1072 = VERTEX_POINT('',#1073);
#1073 = CARTESIAN_POINT('',(14.17,-2.4,5.25));
#1074 = LINE('',#1075,#1076);
#1075 = CARTESIAN_POINT('',(14.17,-3.,5.25));
#1076 = VECTOR('',#1077,1.);
#1077 = DIRECTION('',(0.,1.,0.));
#1078 = ORIENTED_EDGE('',*,*,#1079,.T.);
#1079 = EDGE_CURVE('',#1072,#1080,#1082,.T.);
#1080 = VERTEX_POINT('',#1081);
#1081 = CARTESIAN_POINT('',(14.17,-1.5,8.5));
#1082 = LINE('',#1083,#1084);
#1083 = CARTESIAN_POINT('',(14.17,-2.4,5.25));
#1084 = VECTOR('',#1085,1.);
#1085 = DIRECTION('',(0.,0.266879082981,0.963730021877));
#1086 = ORIENTED_EDGE('',*,*,#1087,.T.);
#1087 = EDGE_CURVE('',#1080,#1088,#1090,.T.);
#1088 = VERTEX_POINT('',#1089);
#1089 = CARTESIAN_POINT('',(14.17,1.5,8.5));
#1090 = LINE('',#1091,#1092);
#1091 = CARTESIAN_POINT('',(14.17,-1.5,8.5));
#1092 = VECTOR('',#1093,1.);
#1093 = DIRECTION('',(0.,1.,0.));
#1094 = ORIENTED_EDGE('',*,*,#1095,.T.);
#1095 = EDGE_CURVE('',#1088,#1096,#1098,.T.);
#1096 = VERTEX_POINT('',#1097);
#1097 = CARTESIAN_POINT('',(14.17,3.,3.15));
#1098 = LINE('',#1099,#1100);
#1099 = CARTESIAN_POINT('',(14.17,1.5,8.5));
#1100 = VECTOR('',#1101,1.);
#1101 = DIRECTION('',(0.,0.269963692325,-0.962870502626));
#1102 = ORIENTED_EDGE('',*,*,#1103,.T.);
#1103 = EDGE_CURVE('',#1096,#643,#1104,.T.);
#1104 = LINE('',#1105,#1106);
#1105 = CARTESIAN_POINT('',(14.17,3.,3.15));
#1106 = VECTOR('',#1107,1.);
#1107 = DIRECTION('',(0.,0.,-1.));
#1108 = ORIENTED_EDGE('',*,*,#659,.T.);
#1109 = ORIENTED_EDGE('',*,*,#424,.T.);
#1110 = ORIENTED_EDGE('',*,*,#1111,.F.);
#1111 = EDGE_CURVE('',#1070,#417,#1112,.T.);
#1112 = CIRCLE('',#1113,0.3);
#1113 = AXIS2_PLACEMENT_3D('',#1114,#1115,#1116);
#1114 = CARTESIAN_POINT('',(14.17,-3.,4.95));
#1115 = DIRECTION('',(1.,0.,0.));
#1116 = DIRECTION('',(0.,1.,0.));
#1117 = PLANE('',#1118);
#1118 = AXIS2_PLACEMENT_3D('',#1119,#1120,#1121);
#1119 = CARTESIAN_POINT('',(14.17,-0.182842852606,3.789288595895));
#1120 = DIRECTION('',(1.,0.,0.));
#1121 = DIRECTION('',(0.,0.,1.));
#1122 = ADVANCED_FACE('',(#1123),#1174,.F.);
#1123 = FACE_BOUND('',#1124,.T.);
#1124 = EDGE_LOOP('',(#1125,#1135,#1143,#1151,#1159,#1165,#1166,#1167));
#1125 = ORIENTED_EDGE('',*,*,#1126,.T.);
#1126 = EDGE_CURVE('',#1127,#1129,#1131,.T.);
#1127 = VERTEX_POINT('',#1128);
#1128 = CARTESIAN_POINT('',(-1.47,-3.,5.25));
#1129 = VERTEX_POINT('',#1130);
#1130 = CARTESIAN_POINT('',(-1.47,-2.4,5.25));
#1131 = LINE('',#1132,#1133);
#1132 = CARTESIAN_POINT('',(-1.47,-3.,5.25));
#1133 = VECTOR('',#1134,1.);
#1134 = DIRECTION('',(0.,1.,0.));
#1135 = ORIENTED_EDGE('',*,*,#1136,.T.);
#1136 = EDGE_CURVE('',#1129,#1137,#1139,.T.);
#1137 = VERTEX_POINT('',#1138);
#1138 = CARTESIAN_POINT('',(-1.47,-1.5,8.5));
#1139 = LINE('',#1140,#1141);
#1140 = CARTESIAN_POINT('',(-1.47,-2.4,5.25));
#1141 = VECTOR('',#1142,1.);
#1142 = DIRECTION('',(0.,0.266879082981,0.963730021877));
#1143 = ORIENTED_EDGE('',*,*,#1144,.T.);
#1144 = EDGE_CURVE('',#1137,#1145,#1147,.T.);
#1145 = VERTEX_POINT('',#1146);
#1146 = CARTESIAN_POINT('',(-1.47,1.5,8.5));
#1147 = LINE('',#1148,#1149);
#1148 = CARTESIAN_POINT('',(-1.47,-1.5,8.5));
#1149 = VECTOR('',#1150,1.);
#1150 = DIRECTION('',(0.,1.,0.));
#1151 = ORIENTED_EDGE('',*,*,#1152,.T.);
#1152 = EDGE_CURVE('',#1145,#1153,#1155,.T.);
#1153 = VERTEX_POINT('',#1154);
#1154 = CARTESIAN_POINT('',(-1.47,3.,3.15));
#1155 = LINE('',#1156,#1157);
#1156 = CARTESIAN_POINT('',(-1.47,1.5,8.5));
#1157 = VECTOR('',#1158,1.);
#1158 = DIRECTION('',(0.,0.269963692325,-0.962870502626));
#1159 = ORIENTED_EDGE('',*,*,#1160,.T.);
#1160 = EDGE_CURVE('',#1153,#645,#1161,.T.);
#1161 = LINE('',#1162,#1163);
#1162 = CARTESIAN_POINT('',(-1.47,3.,3.15));
#1163 = VECTOR('',#1164,1.);
#1164 = DIRECTION('',(0.,0.,-1.));
#1165 = ORIENTED_EDGE('',*,*,#652,.T.);
#1166 = ORIENTED_EDGE('',*,*,#408,.T.);
#1167 = ORIENTED_EDGE('',*,*,#1168,.F.);
#1168 = EDGE_CURVE('',#1127,#409,#1169,.T.);
#1169 = CIRCLE('',#1170,0.3);
#1170 = AXIS2_PLACEMENT_3D('',#1171,#1172,#1173);
#1171 = CARTESIAN_POINT('',(-1.47,-3.,4.95));
#1172 = DIRECTION('',(1.,0.,0.));
#1173 = DIRECTION('',(0.,1.,0.));
#1174 = PLANE('',#1175);
#1175 = AXIS2_PLACEMENT_3D('',#1176,#1177,#1178);
#1176 = CARTESIAN_POINT('',(-1.47,-0.182842852606,3.789288595895));
#1177 = DIRECTION('',(1.,0.,0.));
#1178 = DIRECTION('',(0.,0.,1.));
#1179 = ADVANCED_FACE('',(#1180),#1191,.T.);
#1180 = FACE_BOUND('',#1181,.T.);
#1181 = EDGE_LOOP('',(#1182,#1188,#1189,#1190));
#1182 = ORIENTED_EDGE('',*,*,#1183,.T.);
#1183 = EDGE_CURVE('',#1070,#1127,#1184,.T.);
#1184 = LINE('',#1185,#1186);
#1185 = CARTESIAN_POINT('',(14.17,-3.,5.25));
#1186 = VECTOR('',#1187,1.);
#1187 = DIRECTION('',(-1.,-0.,-0.));
#1188 = ORIENTED_EDGE('',*,*,#1168,.T.);
#1189 = ORIENTED_EDGE('',*,*,#416,.F.);
#1190 = ORIENTED_EDGE('',*,*,#1111,.F.);
#1191 = CYLINDRICAL_SURFACE('',#1192,0.3);
#1192 = AXIS2_PLACEMENT_3D('',#1193,#1194,#1195);
#1193 = CARTESIAN_POINT('',(14.17,-3.,4.95));
#1194 = DIRECTION('',(1.,0.,0.));
#1195 = DIRECTION('',(0.,1.,0.));
#1196 = ADVANCED_FACE('',(#1197),#1222,.F.);
#1197 = FACE_BOUND('',#1198,.T.);
#1198 = EDGE_LOOP('',(#1199,#1207,#1215,#1221));
#1199 = ORIENTED_EDGE('',*,*,#1200,.T.);
#1200 = EDGE_CURVE('',#435,#1201,#1203,.T.);
#1201 = VERTEX_POINT('',#1202);
#1202 = CARTESIAN_POINT('',(0.67,-2.5,1.532840329046));
#1203 = LINE('',#1204,#1205);
#1204 = CARTESIAN_POINT('',(0.857111111111,-2.874222222222,
    1.065062551269));
#1205 = VECTOR('',#1206,1.);
#1206 = DIRECTION('',(-0.298142397,0.596284794,0.7453559925));
#1207 = ORIENTED_EDGE('',*,*,#1208,.F.);
#1208 = EDGE_CURVE('',#1209,#1201,#1211,.T.);
#1209 = VERTEX_POINT('',#1210);
#1210 = CARTESIAN_POINT('',(-0.67,-2.5,1.532840329046));
#1211 = LINE('',#1212,#1213);
#1212 = CARTESIAN_POINT('',(-0.67,-2.5,1.532840329046));
#1213 = VECTOR('',#1214,1.);
#1214 = DIRECTION('',(1.,0.,0.));
#1215 = ORIENTED_EDGE('',*,*,#1216,.F.);
#1216 = EDGE_CURVE('',#433,#1209,#1217,.T.);
#1217 = LINE('',#1218,#1219);
#1218 = CARTESIAN_POINT('',(-0.805555555556,-2.771111111111,
    1.193951440157));
#1219 = VECTOR('',#1220,1.);
#1220 = DIRECTION('',(0.298142397,0.596284794,0.7453559925));
#1221 = ORIENTED_EDGE('',*,*,#432,.T.);
#1222 = PLANE('',#1223);
#1223 = AXIS2_PLACEMENT_3D('',#1224,#1225,#1226);
#1224 = CARTESIAN_POINT('',(-0.67,-2.9,1.032840329046));
#1225 = DIRECTION('',(0.,0.780868809443,-0.624695047554));
#1226 = DIRECTION('',(-1.,-0.,-0.));
#1227 = ADVANCED_FACE('',(#1228),#1246,.F.);
#1228 = FACE_BOUND('',#1229,.T.);
#1229 = EDGE_LOOP('',(#1230,#1231,#1232,#1240));
#1230 = ORIENTED_EDGE('',*,*,#1200,.F.);
#1231 = ORIENTED_EDGE('',*,*,#442,.T.);
#1232 = ORIENTED_EDGE('',*,*,#1233,.T.);
#1233 = EDGE_CURVE('',#443,#1234,#1236,.T.);
#1234 = VERTEX_POINT('',#1235);
#1235 = CARTESIAN_POINT('',(0.67,-2.5,3.132840329046));
#1236 = LINE('',#1237,#1238);
#1237 = CARTESIAN_POINT('',(0.529420289855,-2.21884057971,2.640811343539
    ));
#1238 = VECTOR('',#1239,1.);
#1239 = DIRECTION('',(-0.240771706172,0.481543412343,-0.8427009716));
#1240 = ORIENTED_EDGE('',*,*,#1241,.F.);
#1241 = EDGE_CURVE('',#1201,#1234,#1242,.T.);
#1242 = LINE('',#1243,#1244);
#1243 = CARTESIAN_POINT('',(0.67,-2.5,0.532840329046));
#1244 = VECTOR('',#1245,1.);
#1245 = DIRECTION('',(0.,9.E-17,1.));
#1246 = PLANE('',#1247);
#1247 = AXIS2_PLACEMENT_3D('',#1248,#1249,#1250);
#1248 = CARTESIAN_POINT('',(0.87,-2.9,0.532840329046));
#1249 = DIRECTION('',(0.894427191,0.4472135955,-4.179956513587E-17));
#1250 = DIRECTION('',(-1.386667629497E-18,-9.069333381475E-17,-1.));
#1251 = ADVANCED_FACE('',(#1252),#1270,.T.);
#1252 = FACE_BOUND('',#1253,.T.);
#1253 = EDGE_LOOP('',(#1254,#1262,#1263,#1264));
#1254 = ORIENTED_EDGE('',*,*,#1255,.F.);
#1255 = EDGE_CURVE('',#451,#1256,#1258,.T.);
#1256 = VERTEX_POINT('',#1257);
#1257 = CARTESIAN_POINT('',(-0.67,-2.5,3.132840329046));
#1258 = LINE('',#1259,#1260);
#1259 = CARTESIAN_POINT('',(-0.896376811594,-2.952753623188,
    3.925159169626));
#1260 = VECTOR('',#1261,1.);
#1261 = DIRECTION('',(0.240771706172,0.481543412343,-0.8427009716));
#1262 = ORIENTED_EDGE('',*,*,#458,.T.);
#1263 = ORIENTED_EDGE('',*,*,#1216,.T.);
#1264 = ORIENTED_EDGE('',*,*,#1265,.F.);
#1265 = EDGE_CURVE('',#1256,#1209,#1266,.T.);
#1266 = LINE('',#1267,#1268);
#1267 = CARTESIAN_POINT('',(-0.67,-2.5,3.132840329046));
#1268 = VECTOR('',#1269,1.);
#1269 = DIRECTION('',(0.,-9.E-17,-1.));
#1270 = PLANE('',#1271);
#1271 = AXIS2_PLACEMENT_3D('',#1272,#1273,#1274);
#1272 = CARTESIAN_POINT('',(-0.92579471366,-3.011589427321,
    2.512761325567));
#1273 = DIRECTION('',(0.894427191,-0.4472135955,0.));
#1274 = DIRECTION('',(0.4472135955,0.894427191,0.));
#1275 = ADVANCED_FACE('',(#1276),#1287,.F.);
#1276 = FACE_BOUND('',#1277,.T.);
#1277 = EDGE_LOOP('',(#1278,#1279,#1280,#1281));
#1278 = ORIENTED_EDGE('',*,*,#1233,.F.);
#1279 = ORIENTED_EDGE('',*,*,#450,.T.);
#1280 = ORIENTED_EDGE('',*,*,#1255,.T.);
#1281 = ORIENTED_EDGE('',*,*,#1282,.F.);
#1282 = EDGE_CURVE('',#1234,#1256,#1283,.T.);
#1283 = LINE('',#1284,#1285);
#1284 = CARTESIAN_POINT('',(0.67,-2.5,3.132840329046));
#1285 = VECTOR('',#1286,1.);
#1286 = DIRECTION('',(-1.,0.,0.));
#1287 = PLANE('',#1288);
#1288 = AXIS2_PLACEMENT_3D('',#1289,#1290,#1291);
#1289 = CARTESIAN_POINT('',(0.67,-2.9,3.832840329046));
#1290 = DIRECTION('',(0.,0.868243142124,0.496138938357));
#1291 = DIRECTION('',(1.,0.,0.));
#1292 = ADVANCED_FACE('',(#1293),#1309,.T.);
#1293 = FACE_BOUND('',#1294,.T.);
#1294 = EDGE_LOOP('',(#1295,#1301,#1302,#1308));
#1295 = ORIENTED_EDGE('',*,*,#1296,.F.);
#1296 = EDGE_CURVE('',#467,#376,#1297,.T.);
#1297 = LINE('',#1298,#1299);
#1298 = CARTESIAN_POINT('',(1.643623188406,-2.952753623188,
    3.925159169626));
#1299 = VECTOR('',#1300,1.);
#1300 = DIRECTION('',(0.240771706172,0.481543412343,-0.8427009716));
#1301 = ORIENTED_EDGE('',*,*,#466,.T.);
#1302 = ORIENTED_EDGE('',*,*,#1303,.T.);
#1303 = EDGE_CURVE('',#469,#338,#1304,.T.);
#1304 = LINE('',#1305,#1306);
#1305 = CARTESIAN_POINT('',(1.734444444444,-2.771111111111,
    1.193951440157));
#1306 = VECTOR('',#1307,1.);
#1307 = DIRECTION('',(0.298142397,0.596284794,0.7453559925));
#1308 = ORIENTED_EDGE('',*,*,#383,.F.);
#1309 = PLANE('',#1310);
#1310 = AXIS2_PLACEMENT_3D('',#1311,#1312,#1313);
#1311 = CARTESIAN_POINT('',(1.61420528634,-3.011589427321,2.512761325567
    ));
#1312 = DIRECTION('',(0.894427191,-0.4472135955,0.));
#1313 = DIRECTION('',(0.4472135955,0.894427191,0.));
#1314 = ADVANCED_FACE('',(#1315),#1338,.F.);
#1315 = FACE_BOUND('',#1316,.T.);
#1316 = EDGE_LOOP('',(#1317,#1323,#1324,#1332));
#1317 = ORIENTED_EDGE('',*,*,#1318,.F.);
#1318 = EDGE_CURVE('',#477,#346,#1319,.T.);
#1319 = LINE('',#1320,#1321);
#1320 = CARTESIAN_POINT('',(3.397111111111,-2.874222222222,
    1.065062551269));
#1321 = VECTOR('',#1322,1.);
#1322 = DIRECTION('',(-0.298142397,0.596284794,0.7453559925));
#1323 = ORIENTED_EDGE('',*,*,#484,.T.);
#1324 = ORIENTED_EDGE('',*,*,#1325,.T.);
#1325 = EDGE_CURVE('',#485,#1326,#1328,.T.);
#1326 = VERTEX_POINT('',#1327);
#1327 = CARTESIAN_POINT('',(3.21,-2.5,3.132840329046));
#1328 = LINE('',#1329,#1330);
#1329 = CARTESIAN_POINT('',(3.069420289855,-2.21884057971,2.640811343539
    ));
#1330 = VECTOR('',#1331,1.);
#1331 = DIRECTION('',(-0.240771706172,0.481543412343,-0.8427009716));
#1332 = ORIENTED_EDGE('',*,*,#1333,.F.);
#1333 = EDGE_CURVE('',#346,#1326,#1334,.T.);
#1334 = LINE('',#1335,#1336);
#1335 = CARTESIAN_POINT('',(3.21,-2.5,0.532840329046));
#1336 = VECTOR('',#1337,1.);
#1337 = DIRECTION('',(0.,9.E-17,1.));
#1338 = PLANE('',#1339);
#1339 = AXIS2_PLACEMENT_3D('',#1340,#1341,#1342);
#1340 = CARTESIAN_POINT('',(3.41,-2.9,0.532840329046));
#1341 = DIRECTION('',(0.894427191,0.4472135955,-4.179956513587E-17));
#1342 = DIRECTION('',(-1.386667629497E-18,-9.069333381475E-17,-1.));
#1343 = ADVANCED_FACE('',(#1344),#1360,.T.);
#1344 = FACE_BOUND('',#1345,.T.);
#1345 = EDGE_LOOP('',(#1346,#1352,#1353,#1359));
#1346 = ORIENTED_EDGE('',*,*,#1347,.F.);
#1347 = EDGE_CURVE('',#501,#305,#1348,.T.);
#1348 = LINE('',#1349,#1350);
#1349 = CARTESIAN_POINT('',(4.183623188406,-2.952753623188,
    3.925159169626));
#1350 = VECTOR('',#1351,1.);
#1351 = DIRECTION('',(0.240771706172,0.481543412343,-0.8427009716));
#1352 = ORIENTED_EDGE('',*,*,#500,.T.);
#1353 = ORIENTED_EDGE('',*,*,#1354,.T.);
#1354 = EDGE_CURVE('',#503,#267,#1355,.T.);
#1355 = LINE('',#1356,#1357);
#1356 = CARTESIAN_POINT('',(4.274444444444,-2.771111111111,
    1.193951440157));
#1357 = VECTOR('',#1358,1.);
#1358 = DIRECTION('',(0.298142397,0.596284794,0.7453559925));
#1359 = ORIENTED_EDGE('',*,*,#312,.F.);
#1360 = PLANE('',#1361);
#1361 = AXIS2_PLACEMENT_3D('',#1362,#1363,#1364);
#1362 = CARTESIAN_POINT('',(4.15420528634,-3.011589427321,2.512761325567
    ));
#1363 = DIRECTION('',(0.894427191,-0.4472135955,0.));
#1364 = DIRECTION('',(0.4472135955,0.894427191,0.));
#1365 = ADVANCED_FACE('',(#1366),#1389,.F.);
#1366 = FACE_BOUND('',#1367,.T.);
#1367 = EDGE_LOOP('',(#1368,#1374,#1375,#1383));
#1368 = ORIENTED_EDGE('',*,*,#1369,.F.);
#1369 = EDGE_CURVE('',#511,#275,#1370,.T.);
#1370 = LINE('',#1371,#1372);
#1371 = CARTESIAN_POINT('',(5.937111111111,-2.874222222222,
    1.065062551269));
#1372 = VECTOR('',#1373,1.);
#1373 = DIRECTION('',(-0.298142397,0.596284794,0.7453559925));
#1374 = ORIENTED_EDGE('',*,*,#518,.T.);
#1375 = ORIENTED_EDGE('',*,*,#1376,.T.);
#1376 = EDGE_CURVE('',#519,#1377,#1379,.T.);
#1377 = VERTEX_POINT('',#1378);
#1378 = CARTESIAN_POINT('',(5.75,-2.5,3.132840329046));
#1379 = LINE('',#1380,#1381);
#1380 = CARTESIAN_POINT('',(5.609420289855,-2.21884057971,2.640811343539
    ));
#1381 = VECTOR('',#1382,1.);
#1382 = DIRECTION('',(-0.240771706172,0.481543412343,-0.8427009716));
#1383 = ORIENTED_EDGE('',*,*,#1384,.F.);
#1384 = EDGE_CURVE('',#275,#1377,#1385,.T.);
#1385 = LINE('',#1386,#1387);
#1386 = CARTESIAN_POINT('',(5.75,-2.5,0.532840329046));
#1387 = VECTOR('',#1388,1.);
#1388 = DIRECTION('',(0.,9.E-17,1.));
#1389 = PLANE('',#1390);
#1390 = AXIS2_PLACEMENT_3D('',#1391,#1392,#1393);
#1391 = CARTESIAN_POINT('',(5.95,-2.9,0.532840329046));
#1392 = DIRECTION('',(0.894427191,0.4472135955,-4.179956513587E-17));
#1393 = DIRECTION('',(-1.386667629497E-18,-9.069333381475E-17,-1.));
#1394 = ADVANCED_FACE('',(#1395),#1411,.T.);
#1395 = FACE_BOUND('',#1396,.T.);
#1396 = EDGE_LOOP('',(#1397,#1403,#1404,#1410));
#1397 = ORIENTED_EDGE('',*,*,#1398,.F.);
#1398 = EDGE_CURVE('',#535,#234,#1399,.T.);
#1399 = LINE('',#1400,#1401);
#1400 = CARTESIAN_POINT('',(6.723623188406,-2.952753623188,
    3.925159169626));
#1401 = VECTOR('',#1402,1.);
#1402 = DIRECTION('',(0.240771706172,0.481543412343,-0.8427009716));
#1403 = ORIENTED_EDGE('',*,*,#534,.T.);
#1404 = ORIENTED_EDGE('',*,*,#1405,.T.);
#1405 = EDGE_CURVE('',#537,#196,#1406,.T.);
#1406 = LINE('',#1407,#1408);
#1407 = CARTESIAN_POINT('',(6.814444444444,-2.771111111111,
    1.193951440157));
#1408 = VECTOR('',#1409,1.);
#1409 = DIRECTION('',(0.298142397,0.596284794,0.7453559925));
#1410 = ORIENTED_EDGE('',*,*,#241,.F.);
#1411 = PLANE('',#1412);
#1412 = AXIS2_PLACEMENT_3D('',#1413,#1414,#1415);
#1413 = CARTESIAN_POINT('',(6.69420528634,-3.011589427321,2.512761325567
    ));
#1414 = DIRECTION('',(0.894427191,-0.4472135955,0.));
#1415 = DIRECTION('',(0.4472135955,0.894427191,0.));
#1416 = ADVANCED_FACE('',(#1417),#1440,.F.);
#1417 = FACE_BOUND('',#1418,.T.);
#1418 = EDGE_LOOP('',(#1419,#1425,#1426,#1434));
#1419 = ORIENTED_EDGE('',*,*,#1420,.F.);
#1420 = EDGE_CURVE('',#545,#204,#1421,.T.);
#1421 = LINE('',#1422,#1423);
#1422 = CARTESIAN_POINT('',(8.477111111111,-2.874222222222,
    1.065062551269));
#1423 = VECTOR('',#1424,1.);
#1424 = DIRECTION('',(-0.298142397,0.596284794,0.7453559925));
#1425 = ORIENTED_EDGE('',*,*,#552,.T.);
#1426 = ORIENTED_EDGE('',*,*,#1427,.T.);
#1427 = EDGE_CURVE('',#553,#1428,#1430,.T.);
#1428 = VERTEX_POINT('',#1429);
#1429 = CARTESIAN_POINT('',(8.29,-2.5,3.132840329046));
#1430 = LINE('',#1431,#1432);
#1431 = CARTESIAN_POINT('',(8.149420289855,-2.21884057971,2.640811343539
    ));
#1432 = VECTOR('',#1433,1.);
#1433 = DIRECTION('',(-0.240771706172,0.481543412343,-0.8427009716));
#1434 = ORIENTED_EDGE('',*,*,#1435,.F.);
#1435 = EDGE_CURVE('',#204,#1428,#1436,.T.);
#1436 = LINE('',#1437,#1438);
#1437 = CARTESIAN_POINT('',(8.29,-2.5,0.532840329046));
#1438 = VECTOR('',#1439,1.);
#1439 = DIRECTION('',(0.,9.E-17,1.));
#1440 = PLANE('',#1441);
#1441 = AXIS2_PLACEMENT_3D('',#1442,#1443,#1444);
#1442 = CARTESIAN_POINT('',(8.49,-2.9,0.532840329046));
#1443 = DIRECTION('',(0.894427191,0.4472135955,-4.179956513587E-17));
#1444 = DIRECTION('',(-1.386667629497E-18,-9.069333381475E-17,-1.));
#1445 = ADVANCED_FACE('',(#1446),#1462,.T.);
#1446 = FACE_BOUND('',#1447,.T.);
#1447 = EDGE_LOOP('',(#1448,#1454,#1455,#1461));
#1448 = ORIENTED_EDGE('',*,*,#1449,.F.);
#1449 = EDGE_CURVE('',#569,#163,#1450,.T.);
#1450 = LINE('',#1451,#1452);
#1451 = CARTESIAN_POINT('',(9.263623188406,-2.952753623188,
    3.925159169626));
#1452 = VECTOR('',#1453,1.);
#1453 = DIRECTION('',(0.240771706172,0.481543412343,-0.8427009716));
#1454 = ORIENTED_EDGE('',*,*,#568,.T.);
#1455 = ORIENTED_EDGE('',*,*,#1456,.T.);
#1456 = EDGE_CURVE('',#571,#125,#1457,.T.);
#1457 = LINE('',#1458,#1459);
#1458 = CARTESIAN_POINT('',(9.354444444444,-2.771111111111,
    1.193951440157));
#1459 = VECTOR('',#1460,1.);
#1460 = DIRECTION('',(0.298142397,0.596284794,0.7453559925));
#1461 = ORIENTED_EDGE('',*,*,#170,.F.);
#1462 = PLANE('',#1463);
#1463 = AXIS2_PLACEMENT_3D('',#1464,#1465,#1466);
#1464 = CARTESIAN_POINT('',(9.23420528634,-3.011589427321,2.512761325567
    ));
#1465 = DIRECTION('',(0.894427191,-0.4472135955,0.));
#1466 = DIRECTION('',(0.4472135955,0.894427191,0.));
#1467 = ADVANCED_FACE('',(#1468),#1491,.F.);
#1468 = FACE_BOUND('',#1469,.T.);
#1469 = EDGE_LOOP('',(#1470,#1476,#1477,#1485));
#1470 = ORIENTED_EDGE('',*,*,#1471,.F.);
#1471 = EDGE_CURVE('',#579,#133,#1472,.T.);
#1472 = LINE('',#1473,#1474);
#1473 = CARTESIAN_POINT('',(11.017111111111,-2.874222222222,
    1.065062551269));
#1474 = VECTOR('',#1475,1.);
#1475 = DIRECTION('',(-0.298142397,0.596284794,0.7453559925));
#1476 = ORIENTED_EDGE('',*,*,#586,.T.);
#1477 = ORIENTED_EDGE('',*,*,#1478,.T.);
#1478 = EDGE_CURVE('',#587,#1479,#1481,.T.);
#1479 = VERTEX_POINT('',#1480);
#1480 = CARTESIAN_POINT('',(10.83,-2.5,3.132840329046));
#1481 = LINE('',#1482,#1483);
#1482 = CARTESIAN_POINT('',(10.689420289855,-2.21884057971,
    2.640811343539));
#1483 = VECTOR('',#1484,1.);
#1484 = DIRECTION('',(-0.240771706172,0.481543412343,-0.8427009716));
#1485 = ORIENTED_EDGE('',*,*,#1486,.F.);
#1486 = EDGE_CURVE('',#133,#1479,#1487,.T.);
#1487 = LINE('',#1488,#1489);
#1488 = CARTESIAN_POINT('',(10.83,-2.5,0.532840329046));
#1489 = VECTOR('',#1490,1.);
#1490 = DIRECTION('',(0.,9.E-17,1.));
#1491 = PLANE('',#1492);
#1492 = AXIS2_PLACEMENT_3D('',#1493,#1494,#1495);
#1493 = CARTESIAN_POINT('',(11.03,-2.9,0.532840329046));
#1494 = DIRECTION('',(0.894427191,0.4472135955,-4.179956513587E-17));
#1495 = DIRECTION('',(-1.386667629497E-18,-9.069333381475E-17,-1.));
#1496 = ADVANCED_FACE('',(#1497),#1513,.T.);
#1497 = FACE_BOUND('',#1498,.T.);
#1498 = EDGE_LOOP('',(#1499,#1505,#1506,#1512));
#1499 = ORIENTED_EDGE('',*,*,#1500,.F.);
#1500 = EDGE_CURVE('',#603,#92,#1501,.T.);
#1501 = LINE('',#1502,#1503);
#1502 = CARTESIAN_POINT('',(11.803623188406,-2.952753623188,
    3.925159169626));
#1503 = VECTOR('',#1504,1.);
#1504 = DIRECTION('',(0.240771706172,0.481543412343,-0.8427009716));
#1505 = ORIENTED_EDGE('',*,*,#602,.T.);
#1506 = ORIENTED_EDGE('',*,*,#1507,.T.);
#1507 = EDGE_CURVE('',#605,#54,#1508,.T.);
#1508 = LINE('',#1509,#1510);
#1509 = CARTESIAN_POINT('',(11.894444444444,-2.771111111111,
    1.193951440157));
#1510 = VECTOR('',#1511,1.);
#1511 = DIRECTION('',(0.298142397,0.596284794,0.7453559925));
#1512 = ORIENTED_EDGE('',*,*,#99,.F.);
#1513 = PLANE('',#1514);
#1514 = AXIS2_PLACEMENT_3D('',#1515,#1516,#1517);
#1515 = CARTESIAN_POINT('',(11.77420528634,-3.011589427321,
    2.512761325567));
#1516 = DIRECTION('',(0.894427191,-0.4472135955,0.));
#1517 = DIRECTION('',(0.4472135955,0.894427191,0.));
#1518 = ADVANCED_FACE('',(#1519),#1542,.F.);
#1519 = FACE_BOUND('',#1520,.T.);
#1520 = EDGE_LOOP('',(#1521,#1527,#1528,#1536));
#1521 = ORIENTED_EDGE('',*,*,#1522,.F.);
#1522 = EDGE_CURVE('',#613,#62,#1523,.T.);
#1523 = LINE('',#1524,#1525);
#1524 = CARTESIAN_POINT('',(13.557111111111,-2.874222222222,
    1.065062551269));
#1525 = VECTOR('',#1526,1.);
#1526 = DIRECTION('',(-0.298142397,0.596284794,0.7453559925));
#1527 = ORIENTED_EDGE('',*,*,#620,.T.);
#1528 = ORIENTED_EDGE('',*,*,#1529,.T.);
#1529 = EDGE_CURVE('',#621,#1530,#1532,.T.);
#1530 = VERTEX_POINT('',#1531);
#1531 = CARTESIAN_POINT('',(13.37,-2.5,3.132840329046));
#1532 = LINE('',#1533,#1534);
#1533 = CARTESIAN_POINT('',(13.229420289855,-2.21884057971,
    2.640811343539));
#1534 = VECTOR('',#1535,1.);
#1535 = DIRECTION('',(-0.240771706172,0.481543412343,-0.8427009716));
#1536 = ORIENTED_EDGE('',*,*,#1537,.F.);
#1537 = EDGE_CURVE('',#62,#1530,#1538,.T.);
#1538 = LINE('',#1539,#1540);
#1539 = CARTESIAN_POINT('',(13.37,-2.5,0.532840329046));
#1540 = VECTOR('',#1541,1.);
#1541 = DIRECTION('',(0.,9.E-17,1.));
#1542 = PLANE('',#1543);
#1543 = AXIS2_PLACEMENT_3D('',#1544,#1545,#1546);
#1544 = CARTESIAN_POINT('',(13.57,-2.9,0.532840329046));
#1545 = DIRECTION('',(0.894427191,0.4472135955,-4.179956513587E-17));
#1546 = DIRECTION('',(-1.386667629497E-18,-9.069333381475E-17,-1.));
#1547 = ADVANCED_FACE('',(#1548),#1751,.F.);
#1548 = FACE_BOUND('',#1549,.F.);
#1549 = EDGE_LOOP('',(#1550,#1551,#1559,#1567,#1575,#1583,#1591,#1599,
    #1607,#1615,#1623,#1631,#1639,#1647,#1655,#1663,#1671,#1679,#1687,
    #1695,#1703,#1711,#1719,#1727,#1735,#1743,#1749,#1750));
#1550 = ORIENTED_EDGE('',*,*,#1103,.F.);
#1551 = ORIENTED_EDGE('',*,*,#1552,.T.);
#1552 = EDGE_CURVE('',#1096,#1553,#1555,.T.);
#1553 = VERTEX_POINT('',#1554);
#1554 = CARTESIAN_POINT('',(13.4,3.,3.15));
#1555 = LINE('',#1556,#1557);
#1556 = CARTESIAN_POINT('',(14.17,3.,3.15));
#1557 = VECTOR('',#1558,1.);
#1558 = DIRECTION('',(-1.,-0.,-0.));
#1559 = ORIENTED_EDGE('',*,*,#1560,.F.);
#1560 = EDGE_CURVE('',#1561,#1553,#1563,.T.);
#1561 = VERTEX_POINT('',#1562);
#1562 = CARTESIAN_POINT('',(13.4,3.,1.5091518));
#1563 = LINE('',#1564,#1565);
#1564 = CARTESIAN_POINT('',(13.4,3.,2.823773498156));
#1565 = VECTOR('',#1566,1.);
#1566 = DIRECTION('',(0.,0.,1.));
#1567 = ORIENTED_EDGE('',*,*,#1568,.F.);
#1568 = EDGE_CURVE('',#1569,#1561,#1571,.T.);
#1569 = VERTEX_POINT('',#1570);
#1570 = CARTESIAN_POINT('',(12.,3.,1.5091518));
#1571 = LINE('',#1572,#1573);
#1572 = CARTESIAN_POINT('',(13.785,3.,1.5091518));
#1573 = VECTOR('',#1574,1.);
#1574 = DIRECTION('',(1.,0.,0.));
#1575 = ORIENTED_EDGE('',*,*,#1576,.T.);
#1576 = EDGE_CURVE('',#1569,#1577,#1579,.T.);
#1577 = VERTEX_POINT('',#1578);
#1578 = CARTESIAN_POINT('',(12.,3.,3.15));
#1579 = LINE('',#1580,#1581);
#1580 = CARTESIAN_POINT('',(12.,3.,2.823773498156));
#1581 = VECTOR('',#1582,1.);
#1582 = DIRECTION('',(0.,0.,1.));
#1583 = ORIENTED_EDGE('',*,*,#1584,.T.);
#1584 = EDGE_CURVE('',#1577,#1585,#1587,.T.);
#1585 = VERTEX_POINT('',#1586);
#1586 = CARTESIAN_POINT('',(10.86,3.,3.15));
#1587 = LINE('',#1588,#1589);
#1588 = CARTESIAN_POINT('',(14.17,3.,3.15));
#1589 = VECTOR('',#1590,1.);
#1590 = DIRECTION('',(-1.,-0.,-0.));
#1591 = ORIENTED_EDGE('',*,*,#1592,.F.);
#1592 = EDGE_CURVE('',#1593,#1585,#1595,.T.);
#1593 = VERTEX_POINT('',#1594);
#1594 = CARTESIAN_POINT('',(10.86,3.,1.5091518));
#1595 = LINE('',#1596,#1597);
#1596 = CARTESIAN_POINT('',(10.86,3.,2.823773498156));
#1597 = VECTOR('',#1598,1.);
#1598 = DIRECTION('',(0.,0.,1.));
#1599 = ORIENTED_EDGE('',*,*,#1600,.F.);
#1600 = EDGE_CURVE('',#1601,#1593,#1603,.T.);
#1601 = VERTEX_POINT('',#1602);
#1602 = CARTESIAN_POINT('',(9.46,3.,1.5091518));
#1603 = LINE('',#1604,#1605);
#1604 = CARTESIAN_POINT('',(12.515,3.,1.5091518));
#1605 = VECTOR('',#1606,1.);
#1606 = DIRECTION('',(1.,0.,0.));
#1607 = ORIENTED_EDGE('',*,*,#1608,.T.);
#1608 = EDGE_CURVE('',#1601,#1609,#1611,.T.);
#1609 = VERTEX_POINT('',#1610);
#1610 = CARTESIAN_POINT('',(9.46,3.,3.15));
#1611 = LINE('',#1612,#1613);
#1612 = CARTESIAN_POINT('',(9.46,3.,2.823773498156));
#1613 = VECTOR('',#1614,1.);
#1614 = DIRECTION('',(0.,0.,1.));
#1615 = ORIENTED_EDGE('',*,*,#1616,.T.);
#1616 = EDGE_CURVE('',#1609,#1617,#1619,.T.);
#1617 = VERTEX_POINT('',#1618);
#1618 = CARTESIAN_POINT('',(8.32,3.,3.15));
#1619 = LINE('',#1620,#1621);
#1620 = CARTESIAN_POINT('',(14.17,3.,3.15));
#1621 = VECTOR('',#1622,1.);
#1622 = DIRECTION('',(-1.,-0.,-0.));
#1623 = ORIENTED_EDGE('',*,*,#1624,.F.);
#1624 = EDGE_CURVE('',#1625,#1617,#1627,.T.);
#1625 = VERTEX_POINT('',#1626);
#1626 = CARTESIAN_POINT('',(8.32,3.,1.5091518));
#1627 = LINE('',#1628,#1629);
#1628 = CARTESIAN_POINT('',(8.32,3.,2.823773498156));
#1629 = VECTOR('',#1630,1.);
#1630 = DIRECTION('',(0.,0.,1.));
#1631 = ORIENTED_EDGE('',*,*,#1632,.F.);
#1632 = EDGE_CURVE('',#1633,#1625,#1635,.T.);
#1633 = VERTEX_POINT('',#1634);
#1634 = CARTESIAN_POINT('',(6.92,3.,1.5091518));
#1635 = LINE('',#1636,#1637);
#1636 = CARTESIAN_POINT('',(11.245,3.,1.5091518));
#1637 = VECTOR('',#1638,1.);
#1638 = DIRECTION('',(1.,0.,0.));
#1639 = ORIENTED_EDGE('',*,*,#1640,.T.);
#1640 = EDGE_CURVE('',#1633,#1641,#1643,.T.);
#1641 = VERTEX_POINT('',#1642);
#1642 = CARTESIAN_POINT('',(6.92,3.,3.15));
#1643 = LINE('',#1644,#1645);
#1644 = CARTESIAN_POINT('',(6.92,3.,2.823773498156));
#1645 = VECTOR('',#1646,1.);
#1646 = DIRECTION('',(0.,0.,1.));
#1647 = ORIENTED_EDGE('',*,*,#1648,.T.);
#1648 = EDGE_CURVE('',#1641,#1649,#1651,.T.);
#1649 = VERTEX_POINT('',#1650);
#1650 = CARTESIAN_POINT('',(5.78,3.,3.15));
#1651 = LINE('',#1652,#1653);
#1652 = CARTESIAN_POINT('',(14.17,3.,3.15));
#1653 = VECTOR('',#1654,1.);
#1654 = DIRECTION('',(-1.,-0.,-0.));
#1655 = ORIENTED_EDGE('',*,*,#1656,.F.);
#1656 = EDGE_CURVE('',#1657,#1649,#1659,.T.);
#1657 = VERTEX_POINT('',#1658);
#1658 = CARTESIAN_POINT('',(5.78,3.,1.5091518));
#1659 = LINE('',#1660,#1661);
#1660 = CARTESIAN_POINT('',(5.78,3.,2.823773498156));
#1661 = VECTOR('',#1662,1.);
#1662 = DIRECTION('',(0.,0.,1.));
#1663 = ORIENTED_EDGE('',*,*,#1664,.F.);
#1664 = EDGE_CURVE('',#1665,#1657,#1667,.T.);
#1665 = VERTEX_POINT('',#1666);
#1666 = CARTESIAN_POINT('',(4.38,3.,1.5091518));
#1667 = LINE('',#1668,#1669);
#1668 = CARTESIAN_POINT('',(9.975,3.,1.5091518));
#1669 = VECTOR('',#1670,1.);
#1670 = DIRECTION('',(1.,0.,0.));
#1671 = ORIENTED_EDGE('',*,*,#1672,.T.);
#1672 = EDGE_CURVE('',#1665,#1673,#1675,.T.);
#1673 = VERTEX_POINT('',#1674);
#1674 = CARTESIAN_POINT('',(4.38,3.,3.15));
#1675 = LINE('',#1676,#1677);
#1676 = CARTESIAN_POINT('',(4.38,3.,2.823773498156));
#1677 = VECTOR('',#1678,1.);
#1678 = DIRECTION('',(0.,0.,1.));
#1679 = ORIENTED_EDGE('',*,*,#1680,.T.);
#1680 = EDGE_CURVE('',#1673,#1681,#1683,.T.);
#1681 = VERTEX_POINT('',#1682);
#1682 = CARTESIAN_POINT('',(3.24,3.,3.15));
#1683 = LINE('',#1684,#1685);
#1684 = CARTESIAN_POINT('',(14.17,3.,3.15));
#1685 = VECTOR('',#1686,1.);
#1686 = DIRECTION('',(-1.,-0.,-0.));
#1687 = ORIENTED_EDGE('',*,*,#1688,.F.);
#1688 = EDGE_CURVE('',#1689,#1681,#1691,.T.);
#1689 = VERTEX_POINT('',#1690);
#1690 = CARTESIAN_POINT('',(3.24,3.,1.5091518));
#1691 = LINE('',#1692,#1693);
#1692 = CARTESIAN_POINT('',(3.24,3.,2.823773498156));
#1693 = VECTOR('',#1694,1.);
#1694 = DIRECTION('',(0.,0.,1.));
#1695 = ORIENTED_EDGE('',*,*,#1696,.F.);
#1696 = EDGE_CURVE('',#1697,#1689,#1699,.T.);
#1697 = VERTEX_POINT('',#1698);
#1698 = CARTESIAN_POINT('',(1.84,3.,1.5091518));
#1699 = LINE('',#1700,#1701);
#1700 = CARTESIAN_POINT('',(8.705,3.,1.5091518));
#1701 = VECTOR('',#1702,1.);
#1702 = DIRECTION('',(1.,0.,0.));
#1703 = ORIENTED_EDGE('',*,*,#1704,.T.);
#1704 = EDGE_CURVE('',#1697,#1705,#1707,.T.);
#1705 = VERTEX_POINT('',#1706);
#1706 = CARTESIAN_POINT('',(1.84,3.,3.15));
#1707 = LINE('',#1708,#1709);
#1708 = CARTESIAN_POINT('',(1.84,3.,2.823773498156));
#1709 = VECTOR('',#1710,1.);
#1710 = DIRECTION('',(0.,0.,1.));
#1711 = ORIENTED_EDGE('',*,*,#1712,.T.);
#1712 = EDGE_CURVE('',#1705,#1713,#1715,.T.);
#1713 = VERTEX_POINT('',#1714);
#1714 = CARTESIAN_POINT('',(0.7,3.,3.15));
#1715 = LINE('',#1716,#1717);
#1716 = CARTESIAN_POINT('',(14.17,3.,3.15));
#1717 = VECTOR('',#1718,1.);
#1718 = DIRECTION('',(-1.,-0.,-0.));
#1719 = ORIENTED_EDGE('',*,*,#1720,.F.);
#1720 = EDGE_CURVE('',#1721,#1713,#1723,.T.);
#1721 = VERTEX_POINT('',#1722);
#1722 = CARTESIAN_POINT('',(0.7,3.,1.5091518));
#1723 = LINE('',#1724,#1725);
#1724 = CARTESIAN_POINT('',(0.7,3.,2.823773498156));
#1725 = VECTOR('',#1726,1.);
#1726 = DIRECTION('',(0.,0.,1.));
#1727 = ORIENTED_EDGE('',*,*,#1728,.F.);
#1728 = EDGE_CURVE('',#1729,#1721,#1731,.T.);
#1729 = VERTEX_POINT('',#1730);
#1730 = CARTESIAN_POINT('',(-0.7,3.,1.5091518));
#1731 = LINE('',#1732,#1733);
#1732 = CARTESIAN_POINT('',(7.435,3.,1.5091518));
#1733 = VECTOR('',#1734,1.);
#1734 = DIRECTION('',(1.,0.,0.));
#1735 = ORIENTED_EDGE('',*,*,#1736,.T.);
#1736 = EDGE_CURVE('',#1729,#1737,#1739,.T.);
#1737 = VERTEX_POINT('',#1738);
#1738 = CARTESIAN_POINT('',(-0.7,3.,3.15));
#1739 = LINE('',#1740,#1741);
#1740 = CARTESIAN_POINT('',(-0.7,3.,2.823773498156));
#1741 = VECTOR('',#1742,1.);
#1742 = DIRECTION('',(0.,0.,1.));
#1743 = ORIENTED_EDGE('',*,*,#1744,.T.);
#1744 = EDGE_CURVE('',#1737,#1153,#1745,.T.);
#1745 = LINE('',#1746,#1747);
#1746 = CARTESIAN_POINT('',(14.17,3.,3.15));
#1747 = VECTOR('',#1748,1.);
#1748 = DIRECTION('',(-1.,-0.,-0.));
#1749 = ORIENTED_EDGE('',*,*,#1160,.T.);
#1750 = ORIENTED_EDGE('',*,*,#642,.F.);
#1751 = PLANE('',#1752);
#1752 = AXIS2_PLACEMENT_3D('',#1753,#1754,#1755);
#1753 = CARTESIAN_POINT('',(14.17,3.,3.15));
#1754 = DIRECTION('',(0.,-1.,0.));
#1755 = DIRECTION('',(0.,0.,-1.));
#1756 = ADVANCED_FACE('',(#1757),#1805,.T.);
#1757 = FACE_BOUND('',#1758,.T.);
#1758 = EDGE_LOOP('',(#1759,#1767,#1775,#1781,#1782,#1790,#1798,#1804));
#1759 = ORIENTED_EDGE('',*,*,#1760,.F.);
#1760 = EDGE_CURVE('',#1761,#668,#1763,.T.);
#1761 = VERTEX_POINT('',#1762);
#1762 = CARTESIAN_POINT('',(1.07,2.085974,4.594855));
#1763 = LINE('',#1764,#1765);
#1764 = CARTESIAN_POINT('',(1.07,2.085974,4.594855));
#1765 = VECTOR('',#1766,1.);
#1766 = DIRECTION('',(0.,0.,-1.));
#1767 = ORIENTED_EDGE('',*,*,#1768,.T.);
#1768 = EDGE_CURVE('',#1761,#1769,#1771,.T.);
#1769 = VERTEX_POINT('',#1770);
#1770 = CARTESIAN_POINT('',(-1.07,2.085974,4.594855));
#1771 = LINE('',#1772,#1773);
#1772 = CARTESIAN_POINT('',(1.07,2.085974,4.594855));
#1773 = VECTOR('',#1774,1.);
#1774 = DIRECTION('',(-1.,-0.,-0.));
#1775 = ORIENTED_EDGE('',*,*,#1776,.T.);
#1776 = EDGE_CURVE('',#1769,#694,#1777,.T.);
#1777 = LINE('',#1778,#1779);
#1778 = CARTESIAN_POINT('',(-1.07,2.085974,4.594855));
#1779 = VECTOR('',#1780,1.);
#1780 = DIRECTION('',(0.,0.,-1.));
#1781 = ORIENTED_EDGE('',*,*,#701,.F.);
#1782 = ORIENTED_EDGE('',*,*,#1783,.F.);
#1783 = EDGE_CURVE('',#1784,#702,#1786,.T.);
#1784 = VERTEX_POINT('',#1785);
#1785 = CARTESIAN_POINT('',(-0.7,2.085974,3.7725668));
#1786 = LINE('',#1787,#1788);
#1787 = CARTESIAN_POINT('',(-0.7,2.085974,3.7725668));
#1788 = VECTOR('',#1789,1.);
#1789 = DIRECTION('',(0.,0.,-1.));
#1790 = ORIENTED_EDGE('',*,*,#1791,.F.);
#1791 = EDGE_CURVE('',#1792,#1784,#1794,.T.);
#1792 = VERTEX_POINT('',#1793);
#1793 = CARTESIAN_POINT('',(0.7,2.085974,3.7725668));
#1794 = LINE('',#1795,#1796);
#1795 = CARTESIAN_POINT('',(0.7,2.085974,3.7725668));
#1796 = VECTOR('',#1797,1.);
#1797 = DIRECTION('',(-1.,-0.,-0.));
#1798 = ORIENTED_EDGE('',*,*,#1799,.T.);
#1799 = EDGE_CURVE('',#1792,#670,#1800,.T.);
#1800 = LINE('',#1801,#1802);
#1801 = CARTESIAN_POINT('',(0.7,2.085974,3.7725668));
#1802 = VECTOR('',#1803,1.);
#1803 = DIRECTION('',(0.,0.,-1.));
#1804 = ORIENTED_EDGE('',*,*,#667,.F.);
#1805 = PLANE('',#1806);
#1806 = AXIS2_PLACEMENT_3D('',#1807,#1808,#1809);
#1807 = CARTESIAN_POINT('',(1.07,2.085974,4.594855));
#1808 = DIRECTION('',(0.,-1.,0.));
#1809 = DIRECTION('',(0.,0.,-1.));
#1810 = ADVANCED_FACE('',(#1811),#1869,.F.);
#1811 = FACE_BOUND('',#1812,.T.);
#1812 = EDGE_LOOP('',(#1813,#1821,#1829,#1837,#1845,#1853,#1861,#1867,
    #1868));
#1813 = ORIENTED_EDGE('',*,*,#1814,.T.);
#1814 = EDGE_CURVE('',#678,#1815,#1817,.T.);
#1815 = VERTEX_POINT('',#1816);
#1816 = CARTESIAN_POINT('',(1.07,-2.016232,1.330337));
#1817 = LINE('',#1818,#1819);
#1818 = CARTESIAN_POINT('',(1.07,-2.225654,0.));
#1819 = VECTOR('',#1820,1.);
#1820 = DIRECTION('',(0.,0.155505255414,0.987835064947));
#1821 = ORIENTED_EDGE('',*,*,#1822,.T.);
#1822 = EDGE_CURVE('',#1815,#1823,#1825,.T.);
#1823 = VERTEX_POINT('',#1824);
#1824 = CARTESIAN_POINT('',(1.07,-2.016232,3.7725));
#1825 = LINE('',#1826,#1827);
#1826 = CARTESIAN_POINT('',(1.07,-2.016232,1.330337));
#1827 = VECTOR('',#1828,1.);
#1828 = DIRECTION('',(0.,0.,1.));
#1829 = ORIENTED_EDGE('',*,*,#1830,.T.);
#1830 = EDGE_CURVE('',#1823,#1831,#1833,.T.);
#1831 = VERTEX_POINT('',#1832);
#1832 = CARTESIAN_POINT('',(1.07,-1.64713,3.7725));
#1833 = LINE('',#1834,#1835);
#1834 = CARTESIAN_POINT('',(1.07,-2.016232,3.7725));
#1835 = VECTOR('',#1836,1.);
#1836 = DIRECTION('',(0.,1.,0.));
#1837 = ORIENTED_EDGE('',*,*,#1838,.T.);
#1838 = EDGE_CURVE('',#1831,#1839,#1841,.T.);
#1839 = VERTEX_POINT('',#1840);
#1840 = CARTESIAN_POINT('',(1.07,-1.64713,6.504291));
#1841 = LINE('',#1842,#1843);
#1842 = CARTESIAN_POINT('',(1.07,-1.64713,3.7725));
#1843 = VECTOR('',#1844,1.);
#1844 = DIRECTION('',(0.,0.,1.));
#1845 = ORIENTED_EDGE('',*,*,#1846,.T.);
#1846 = EDGE_CURVE('',#1839,#1847,#1849,.T.);
#1847 = VERTEX_POINT('',#1848);
#1848 = CARTESIAN_POINT('',(1.07,1.630173,6.504291));
#1849 = LINE('',#1850,#1851);
#1850 = CARTESIAN_POINT('',(1.07,-1.64713,6.504291));
#1851 = VECTOR('',#1852,1.);
#1852 = DIRECTION('',(0.,1.,0.));
#1853 = ORIENTED_EDGE('',*,*,#1854,.T.);
#1854 = EDGE_CURVE('',#1847,#1855,#1857,.T.);
#1855 = VERTEX_POINT('',#1856);
#1856 = CARTESIAN_POINT('',(1.07,1.630173,6.011533));
#1857 = LINE('',#1858,#1859);
#1858 = CARTESIAN_POINT('',(1.07,1.630173,6.504291));
#1859 = VECTOR('',#1860,1.);
#1860 = DIRECTION('',(0.,0.,-1.));
#1861 = ORIENTED_EDGE('',*,*,#1862,.T.);
#1862 = EDGE_CURVE('',#1855,#1761,#1863,.T.);
#1863 = LINE('',#1864,#1865);
#1864 = CARTESIAN_POINT('',(1.07,1.630173,6.011533));
#1865 = VECTOR('',#1866,1.);
#1866 = DIRECTION('',(0.,0.306277272459,-0.951942347191));
#1867 = ORIENTED_EDGE('',*,*,#1760,.T.);
#1868 = ORIENTED_EDGE('',*,*,#677,.T.);
#1869 = PLANE('',#1870);
#1870 = AXIS2_PLACEMENT_3D('',#1871,#1872,#1873);
#1871 = CARTESIAN_POINT('',(1.07,-6.254098390486E-03,3.106456865277));
#1872 = DIRECTION('',(1.,0.,0.));
#1873 = DIRECTION('',(0.,0.,1.));
#1874 = ADVANCED_FACE('',(#1875),#1916,.F.);
#1875 = FACE_BOUND('',#1876,.F.);
#1876 = EDGE_LOOP('',(#1877,#1885,#1893,#1899,#1900,#1901,#1909,#1915));
#1877 = ORIENTED_EDGE('',*,*,#1878,.T.);
#1878 = EDGE_CURVE('',#1713,#1879,#1881,.T.);
#1879 = VERTEX_POINT('',#1880);
#1880 = CARTESIAN_POINT('',(0.7,2.523512383178,4.8494725));
#1881 = LINE('',#1882,#1883);
#1882 = CARTESIAN_POINT('',(0.7,2.323466850359,5.562968233721));
#1883 = VECTOR('',#1884,1.);
#1884 = DIRECTION('',(0.,-0.269963692325,0.962870502626));
#1885 = ORIENTED_EDGE('',*,*,#1886,.T.);
#1886 = EDGE_CURVE('',#1879,#1887,#1889,.T.);
#1887 = VERTEX_POINT('',#1888);
#1888 = CARTESIAN_POINT('',(0.7,2.523512383178,3.7725668));
#1889 = LINE('',#1890,#1891);
#1890 = CARTESIAN_POINT('',(0.7,2.523512383178,4.8494725));
#1891 = VECTOR('',#1892,1.);
#1892 = DIRECTION('',(0.,0.,-1.));
#1893 = ORIENTED_EDGE('',*,*,#1894,.T.);
#1894 = EDGE_CURVE('',#1887,#1792,#1895,.T.);
#1895 = LINE('',#1896,#1897);
#1896 = CARTESIAN_POINT('',(0.7,2.523512383178,3.7725668));
#1897 = VECTOR('',#1898,1.);
#1898 = DIRECTION('',(0.,-1.,0.));
#1899 = ORIENTED_EDGE('',*,*,#1799,.T.);
#1900 = ORIENTED_EDGE('',*,*,#725,.T.);
#1901 = ORIENTED_EDGE('',*,*,#1902,.T.);
#1902 = EDGE_CURVE('',#718,#1903,#1905,.T.);
#1903 = VERTEX_POINT('',#1904);
#1904 = CARTESIAN_POINT('',(0.7,2.527085,1.5091518));
#1905 = LINE('',#1906,#1907);
#1906 = CARTESIAN_POINT('',(0.7,2.527085,0.));
#1907 = VECTOR('',#1908,1.);
#1908 = DIRECTION('',(0.,0.,1.));
#1909 = ORIENTED_EDGE('',*,*,#1910,.T.);
#1910 = EDGE_CURVE('',#1903,#1721,#1911,.T.);
#1911 = LINE('',#1912,#1913);
#1912 = CARTESIAN_POINT('',(0.7,2.527085,1.5091518));
#1913 = VECTOR('',#1914,1.);
#1914 = DIRECTION('',(0.,1.,0.));
#1915 = ORIENTED_EDGE('',*,*,#1720,.T.);
#1916 = PLANE('',#1917);
#1917 = AXIS2_PLACEMENT_3D('',#1918,#1919,#1920);
#1918 = CARTESIAN_POINT('',(0.7,2.689011253687,2.497546996313));
#1919 = DIRECTION('',(1.,0.,0.));
#1920 = DIRECTION('',(0.,0.,1.));
#1921 = ADVANCED_FACE('',(#1922),#1940,.T.);
#1922 = FACE_BOUND('',#1923,.T.);
#1923 = EDGE_LOOP('',(#1924,#1925,#1933,#1939));
#1924 = ORIENTED_EDGE('',*,*,#685,.T.);
#1925 = ORIENTED_EDGE('',*,*,#1926,.T.);
#1926 = EDGE_CURVE('',#686,#1927,#1929,.T.);
#1927 = VERTEX_POINT('',#1928);
#1928 = CARTESIAN_POINT('',(-1.07,-2.016232,1.330337));
#1929 = LINE('',#1930,#1931);
#1930 = CARTESIAN_POINT('',(-1.07,-2.225654,0.));
#1931 = VECTOR('',#1932,1.);
#1932 = DIRECTION('',(0.,0.155505255414,0.987835064947));
#1933 = ORIENTED_EDGE('',*,*,#1934,.F.);
#1934 = EDGE_CURVE('',#1815,#1927,#1935,.T.);
#1935 = LINE('',#1936,#1937);
#1936 = CARTESIAN_POINT('',(1.07,-2.016232,1.330337));
#1937 = VECTOR('',#1938,1.);
#1938 = DIRECTION('',(-1.,-0.,-0.));
#1939 = ORIENTED_EDGE('',*,*,#1814,.F.);
#1940 = PLANE('',#1941);
#1941 = AXIS2_PLACEMENT_3D('',#1942,#1943,#1944);
#1942 = CARTESIAN_POINT('',(1.07,-2.225654,0.));
#1943 = DIRECTION('',(0.,0.987835064947,-0.155505255414));
#1944 = DIRECTION('',(0.,0.155505255414,0.987835064947));
#1945 = ADVANCED_FACE('',(#1946),#1964,.F.);
#1946 = FACE_BOUND('',#1947,.F.);
#1947 = EDGE_LOOP('',(#1948,#1949,#1957,#1963));
#1948 = ORIENTED_EDGE('',*,*,#717,.T.);
#1949 = ORIENTED_EDGE('',*,*,#1950,.T.);
#1950 = EDGE_CURVE('',#710,#1951,#1953,.T.);
#1951 = VERTEX_POINT('',#1952);
#1952 = CARTESIAN_POINT('',(-0.7,2.527085,1.5091518));
#1953 = LINE('',#1954,#1955);
#1954 = CARTESIAN_POINT('',(-0.7,2.527085,0.));
#1955 = VECTOR('',#1956,1.);
#1956 = DIRECTION('',(0.,0.,1.));
#1957 = ORIENTED_EDGE('',*,*,#1958,.F.);
#1958 = EDGE_CURVE('',#1903,#1951,#1959,.T.);
#1959 = LINE('',#1960,#1961);
#1960 = CARTESIAN_POINT('',(0.7,2.527085,1.5091518));
#1961 = VECTOR('',#1962,1.);
#1962 = DIRECTION('',(-1.,-0.,-0.));
#1963 = ORIENTED_EDGE('',*,*,#1902,.F.);
#1964 = PLANE('',#1965);
#1965 = AXIS2_PLACEMENT_3D('',#1966,#1967,#1968);
#1966 = CARTESIAN_POINT('',(0.7,2.527085,0.));
#1967 = DIRECTION('',(0.,1.,0.));
#1968 = DIRECTION('',(0.,0.,1.));
#1969 = ADVANCED_FACE('',(#1970),#2021,.T.);
#1970 = FACE_BOUND('',#1971,.F.);
#1971 = EDGE_LOOP('',(#1972,#1973,#1981,#1989,#1997,#2005,#2013,#2019,
    #2020));
#1972 = ORIENTED_EDGE('',*,*,#1926,.T.);
#1973 = ORIENTED_EDGE('',*,*,#1974,.T.);
#1974 = EDGE_CURVE('',#1927,#1975,#1977,.T.);
#1975 = VERTEX_POINT('',#1976);
#1976 = CARTESIAN_POINT('',(-1.07,-2.016232,3.7725));
#1977 = LINE('',#1978,#1979);
#1978 = CARTESIAN_POINT('',(-1.07,-2.016232,1.330337));
#1979 = VECTOR('',#1980,1.);
#1980 = DIRECTION('',(0.,0.,1.));
#1981 = ORIENTED_EDGE('',*,*,#1982,.T.);
#1982 = EDGE_CURVE('',#1975,#1983,#1985,.T.);
#1983 = VERTEX_POINT('',#1984);
#1984 = CARTESIAN_POINT('',(-1.07,-1.64713,3.7725));
#1985 = LINE('',#1986,#1987);
#1986 = CARTESIAN_POINT('',(-1.07,-2.016232,3.7725));
#1987 = VECTOR('',#1988,1.);
#1988 = DIRECTION('',(0.,1.,0.));
#1989 = ORIENTED_EDGE('',*,*,#1990,.T.);
#1990 = EDGE_CURVE('',#1983,#1991,#1993,.T.);
#1991 = VERTEX_POINT('',#1992);
#1992 = CARTESIAN_POINT('',(-1.07,-1.64713,6.504291));
#1993 = LINE('',#1994,#1995);
#1994 = CARTESIAN_POINT('',(-1.07,-1.64713,3.7725));
#1995 = VECTOR('',#1996,1.);
#1996 = DIRECTION('',(0.,0.,1.));
#1997 = ORIENTED_EDGE('',*,*,#1998,.T.);
#1998 = EDGE_CURVE('',#1991,#1999,#2001,.T.);
#1999 = VERTEX_POINT('',#2000);
#2000 = CARTESIAN_POINT('',(-1.07,1.630173,6.504291));
#2001 = LINE('',#2002,#2003);
#2002 = CARTESIAN_POINT('',(-1.07,-1.64713,6.504291));
#2003 = VECTOR('',#2004,1.);
#2004 = DIRECTION('',(0.,1.,0.));
#2005 = ORIENTED_EDGE('',*,*,#2006,.T.);
#2006 = EDGE_CURVE('',#1999,#2007,#2009,.T.);
#2007 = VERTEX_POINT('',#2008);
#2008 = CARTESIAN_POINT('',(-1.07,1.630173,6.011533));
#2009 = LINE('',#2010,#2011);
#2010 = CARTESIAN_POINT('',(-1.07,1.630173,6.504291));
#2011 = VECTOR('',#2012,1.);
#2012 = DIRECTION('',(0.,0.,-1.));
#2013 = ORIENTED_EDGE('',*,*,#2014,.T.);
#2014 = EDGE_CURVE('',#2007,#1769,#2015,.T.);
#2015 = LINE('',#2016,#2017);
#2016 = CARTESIAN_POINT('',(-1.07,1.630173,6.011533));
#2017 = VECTOR('',#2018,1.);
#2018 = DIRECTION('',(0.,0.306277272459,-0.951942347191));
#2019 = ORIENTED_EDGE('',*,*,#1776,.T.);
#2020 = ORIENTED_EDGE('',*,*,#693,.T.);
#2021 = PLANE('',#2022);
#2022 = AXIS2_PLACEMENT_3D('',#2023,#2024,#2025);
#2023 = CARTESIAN_POINT('',(-1.07,-6.254098390486E-03,3.106456865277));
#2024 = DIRECTION('',(1.,0.,0.));
#2025 = DIRECTION('',(0.,0.,1.));
#2026 = ADVANCED_FACE('',(#2027),#2061,.T.);
#2027 = FACE_BOUND('',#2028,.T.);
#2028 = EDGE_LOOP('',(#2029,#2037,#2045,#2051,#2052,#2053,#2054,#2060));
#2029 = ORIENTED_EDGE('',*,*,#2030,.T.);
#2030 = EDGE_CURVE('',#1737,#2031,#2033,.T.);
#2031 = VERTEX_POINT('',#2032);
#2032 = CARTESIAN_POINT('',(-0.7,2.523512383178,4.8494725));
#2033 = LINE('',#2034,#2035);
#2034 = CARTESIAN_POINT('',(-0.7,2.323466850359,5.562968233721));
#2035 = VECTOR('',#2036,1.);
#2036 = DIRECTION('',(0.,-0.269963692325,0.962870502626));
#2037 = ORIENTED_EDGE('',*,*,#2038,.T.);
#2038 = EDGE_CURVE('',#2031,#2039,#2041,.T.);
#2039 = VERTEX_POINT('',#2040);
#2040 = CARTESIAN_POINT('',(-0.7,2.523512383178,3.7725668));
#2041 = LINE('',#2042,#2043);
#2042 = CARTESIAN_POINT('',(-0.7,2.523512383178,4.8494725));
#2043 = VECTOR('',#2044,1.);
#2044 = DIRECTION('',(0.,0.,-1.));
#2045 = ORIENTED_EDGE('',*,*,#2046,.T.);
#2046 = EDGE_CURVE('',#2039,#1784,#2047,.T.);
#2047 = LINE('',#2048,#2049);
#2048 = CARTESIAN_POINT('',(-0.7,2.523512383178,3.7725668));
#2049 = VECTOR('',#2050,1.);
#2050 = DIRECTION('',(0.,-1.,0.));
#2051 = ORIENTED_EDGE('',*,*,#1783,.T.);
#2052 = ORIENTED_EDGE('',*,*,#709,.T.);
#2053 = ORIENTED_EDGE('',*,*,#1950,.T.);
#2054 = ORIENTED_EDGE('',*,*,#2055,.T.);
#2055 = EDGE_CURVE('',#1951,#1729,#2056,.T.);
#2056 = LINE('',#2057,#2058);
#2057 = CARTESIAN_POINT('',(-0.7,2.527085,1.5091518));
#2058 = VECTOR('',#2059,1.);
#2059 = DIRECTION('',(0.,1.,0.));
#2060 = ORIENTED_EDGE('',*,*,#1736,.T.);
#2061 = PLANE('',#2062);
#2062 = AXIS2_PLACEMENT_3D('',#2063,#2064,#2065);
#2063 = CARTESIAN_POINT('',(-0.7,2.689011253687,2.497546996313));
#2064 = DIRECTION('',(1.,0.,0.));
#2065 = DIRECTION('',(0.,0.,1.));
#2066 = ADVANCED_FACE('',(#2067),#2115,.T.);
#2067 = FACE_BOUND('',#2068,.T.);
#2068 = EDGE_LOOP('',(#2069,#2077,#2085,#2091,#2092,#2100,#2108,#2114));
#2069 = ORIENTED_EDGE('',*,*,#2070,.F.);
#2070 = EDGE_CURVE('',#2071,#734,#2073,.T.);
#2071 = VERTEX_POINT('',#2072);
#2072 = CARTESIAN_POINT('',(3.61,2.085974,4.594855));
#2073 = LINE('',#2074,#2075);
#2074 = CARTESIAN_POINT('',(3.61,2.085974,4.594855));
#2075 = VECTOR('',#2076,1.);
#2076 = DIRECTION('',(0.,0.,-1.));
#2077 = ORIENTED_EDGE('',*,*,#2078,.T.);
#2078 = EDGE_CURVE('',#2071,#2079,#2081,.T.);
#2079 = VERTEX_POINT('',#2080);
#2080 = CARTESIAN_POINT('',(1.47,2.085974,4.594855));
#2081 = LINE('',#2082,#2083);
#2082 = CARTESIAN_POINT('',(3.61,2.085974,4.594855));
#2083 = VECTOR('',#2084,1.);
#2084 = DIRECTION('',(-1.,-0.,-0.));
#2085 = ORIENTED_EDGE('',*,*,#2086,.T.);
#2086 = EDGE_CURVE('',#2079,#760,#2087,.T.);
#2087 = LINE('',#2088,#2089);
#2088 = CARTESIAN_POINT('',(1.47,2.085974,4.594855));
#2089 = VECTOR('',#2090,1.);
#2090 = DIRECTION('',(0.,0.,-1.));
#2091 = ORIENTED_EDGE('',*,*,#767,.F.);
#2092 = ORIENTED_EDGE('',*,*,#2093,.F.);
#2093 = EDGE_CURVE('',#2094,#768,#2096,.T.);
#2094 = VERTEX_POINT('',#2095);
#2095 = CARTESIAN_POINT('',(1.84,2.085974,3.7725668));
#2096 = LINE('',#2097,#2098);
#2097 = CARTESIAN_POINT('',(1.84,2.085974,3.7725668));
#2098 = VECTOR('',#2099,1.);
#2099 = DIRECTION('',(0.,0.,-1.));
#2100 = ORIENTED_EDGE('',*,*,#2101,.F.);
#2101 = EDGE_CURVE('',#2102,#2094,#2104,.T.);
#2102 = VERTEX_POINT('',#2103);
#2103 = CARTESIAN_POINT('',(3.24,2.085974,3.7725668));
#2104 = LINE('',#2105,#2106);
#2105 = CARTESIAN_POINT('',(3.24,2.085974,3.7725668));
#2106 = VECTOR('',#2107,1.);
#2107 = DIRECTION('',(-1.,-0.,-0.));
#2108 = ORIENTED_EDGE('',*,*,#2109,.T.);
#2109 = EDGE_CURVE('',#2102,#736,#2110,.T.);
#2110 = LINE('',#2111,#2112);
#2111 = CARTESIAN_POINT('',(3.24,2.085974,3.7725668));
#2112 = VECTOR('',#2113,1.);
#2113 = DIRECTION('',(0.,0.,-1.));
#2114 = ORIENTED_EDGE('',*,*,#733,.F.);
#2115 = PLANE('',#2116);
#2116 = AXIS2_PLACEMENT_3D('',#2117,#2118,#2119);
#2117 = CARTESIAN_POINT('',(3.61,2.085974,4.594855));
#2118 = DIRECTION('',(0.,-1.,0.));
#2119 = DIRECTION('',(0.,0.,-1.));
#2120 = ADVANCED_FACE('',(#2121),#2162,.F.);
#2121 = FACE_BOUND('',#2122,.F.);
#2122 = EDGE_LOOP('',(#2123,#2131,#2139,#2145,#2146,#2147,#2155,#2161));
#2123 = ORIENTED_EDGE('',*,*,#2124,.T.);
#2124 = EDGE_CURVE('',#1681,#2125,#2127,.T.);
#2125 = VERTEX_POINT('',#2126);
#2126 = CARTESIAN_POINT('',(3.24,2.523512383178,4.8494725));
#2127 = LINE('',#2128,#2129);
#2128 = CARTESIAN_POINT('',(3.24,2.323466850359,5.562968233721));
#2129 = VECTOR('',#2130,1.);
#2130 = DIRECTION('',(0.,-0.269963692325,0.962870502626));
#2131 = ORIENTED_EDGE('',*,*,#2132,.T.);
#2132 = EDGE_CURVE('',#2125,#2133,#2135,.T.);
#2133 = VERTEX_POINT('',#2134);
#2134 = CARTESIAN_POINT('',(3.24,2.523512383178,3.7725668));
#2135 = LINE('',#2136,#2137);
#2136 = CARTESIAN_POINT('',(3.24,2.523512383178,4.8494725));
#2137 = VECTOR('',#2138,1.);
#2138 = DIRECTION('',(0.,0.,-1.));
#2139 = ORIENTED_EDGE('',*,*,#2140,.T.);
#2140 = EDGE_CURVE('',#2133,#2102,#2141,.T.);
#2141 = LINE('',#2142,#2143);
#2142 = CARTESIAN_POINT('',(3.24,2.523512383178,3.7725668));
#2143 = VECTOR('',#2144,1.);
#2144 = DIRECTION('',(0.,-1.,0.));
#2145 = ORIENTED_EDGE('',*,*,#2109,.T.);
#2146 = ORIENTED_EDGE('',*,*,#791,.T.);
#2147 = ORIENTED_EDGE('',*,*,#2148,.T.);
#2148 = EDGE_CURVE('',#784,#2149,#2151,.T.);
#2149 = VERTEX_POINT('',#2150);
#2150 = CARTESIAN_POINT('',(3.24,2.527085,1.5091518));
#2151 = LINE('',#2152,#2153);
#2152 = CARTESIAN_POINT('',(3.24,2.527085,0.));
#2153 = VECTOR('',#2154,1.);
#2154 = DIRECTION('',(0.,0.,1.));
#2155 = ORIENTED_EDGE('',*,*,#2156,.T.);
#2156 = EDGE_CURVE('',#2149,#1689,#2157,.T.);
#2157 = LINE('',#2158,#2159);
#2158 = CARTESIAN_POINT('',(3.24,2.527085,1.5091518));
#2159 = VECTOR('',#2160,1.);
#2160 = DIRECTION('',(0.,1.,0.));
#2161 = ORIENTED_EDGE('',*,*,#1688,.T.);
#2162 = PLANE('',#2163);
#2163 = AXIS2_PLACEMENT_3D('',#2164,#2165,#2166);
#2164 = CARTESIAN_POINT('',(3.24,2.689011253687,2.497546996313));
#2165 = DIRECTION('',(1.,0.,0.));
#2166 = DIRECTION('',(0.,0.,1.));
#2167 = ADVANCED_FACE('',(#2168),#2186,.F.);
#2168 = FACE_BOUND('',#2169,.F.);
#2169 = EDGE_LOOP('',(#2170,#2171,#2179,#2185));
#2170 = ORIENTED_EDGE('',*,*,#783,.T.);
#2171 = ORIENTED_EDGE('',*,*,#2172,.T.);
#2172 = EDGE_CURVE('',#776,#2173,#2175,.T.);
#2173 = VERTEX_POINT('',#2174);
#2174 = CARTESIAN_POINT('',(1.84,2.527085,1.5091518));
#2175 = LINE('',#2176,#2177);
#2176 = CARTESIAN_POINT('',(1.84,2.527085,0.));
#2177 = VECTOR('',#2178,1.);
#2178 = DIRECTION('',(0.,0.,1.));
#2179 = ORIENTED_EDGE('',*,*,#2180,.F.);
#2180 = EDGE_CURVE('',#2149,#2173,#2181,.T.);
#2181 = LINE('',#2182,#2183);
#2182 = CARTESIAN_POINT('',(3.24,2.527085,1.5091518));
#2183 = VECTOR('',#2184,1.);
#2184 = DIRECTION('',(-1.,-0.,-0.));
#2185 = ORIENTED_EDGE('',*,*,#2148,.F.);
#2186 = PLANE('',#2187);
#2187 = AXIS2_PLACEMENT_3D('',#2188,#2189,#2190);
#2188 = CARTESIAN_POINT('',(3.24,2.527085,0.));
#2189 = DIRECTION('',(0.,1.,0.));
#2190 = DIRECTION('',(0.,0.,1.));
#2191 = ADVANCED_FACE('',(#2192),#2226,.T.);
#2192 = FACE_BOUND('',#2193,.T.);
#2193 = EDGE_LOOP('',(#2194,#2202,#2210,#2216,#2217,#2218,#2219,#2225));
#2194 = ORIENTED_EDGE('',*,*,#2195,.T.);
#2195 = EDGE_CURVE('',#1705,#2196,#2198,.T.);
#2196 = VERTEX_POINT('',#2197);
#2197 = CARTESIAN_POINT('',(1.84,2.523512383178,4.8494725));
#2198 = LINE('',#2199,#2200);
#2199 = CARTESIAN_POINT('',(1.84,2.323466850359,5.562968233721));
#2200 = VECTOR('',#2201,1.);
#2201 = DIRECTION('',(0.,-0.269963692325,0.962870502626));
#2202 = ORIENTED_EDGE('',*,*,#2203,.T.);
#2203 = EDGE_CURVE('',#2196,#2204,#2206,.T.);
#2204 = VERTEX_POINT('',#2205);
#2205 = CARTESIAN_POINT('',(1.84,2.523512383178,3.7725668));
#2206 = LINE('',#2207,#2208);
#2207 = CARTESIAN_POINT('',(1.84,2.523512383178,4.8494725));
#2208 = VECTOR('',#2209,1.);
#2209 = DIRECTION('',(0.,0.,-1.));
#2210 = ORIENTED_EDGE('',*,*,#2211,.T.);
#2211 = EDGE_CURVE('',#2204,#2094,#2212,.T.);
#2212 = LINE('',#2213,#2214);
#2213 = CARTESIAN_POINT('',(1.84,2.523512383178,3.7725668));
#2214 = VECTOR('',#2215,1.);
#2215 = DIRECTION('',(0.,-1.,0.));
#2216 = ORIENTED_EDGE('',*,*,#2093,.T.);
#2217 = ORIENTED_EDGE('',*,*,#775,.T.);
#2218 = ORIENTED_EDGE('',*,*,#2172,.T.);
#2219 = ORIENTED_EDGE('',*,*,#2220,.T.);
#2220 = EDGE_CURVE('',#2173,#1697,#2221,.T.);
#2221 = LINE('',#2222,#2223);
#2222 = CARTESIAN_POINT('',(1.84,2.527085,1.5091518));
#2223 = VECTOR('',#2224,1.);
#2224 = DIRECTION('',(0.,1.,0.));
#2225 = ORIENTED_EDGE('',*,*,#1704,.T.);
#2226 = PLANE('',#2227);
#2227 = AXIS2_PLACEMENT_3D('',#2228,#2229,#2230);
#2228 = CARTESIAN_POINT('',(1.84,2.689011253687,2.497546996313));
#2229 = DIRECTION('',(1.,0.,0.));
#2230 = DIRECTION('',(0.,0.,1.));
#2231 = ADVANCED_FACE('',(#2232),#2290,.T.);
#2232 = FACE_BOUND('',#2233,.F.);
#2233 = EDGE_LOOP('',(#2234,#2242,#2250,#2258,#2266,#2274,#2282,#2288,
    #2289));
#2234 = ORIENTED_EDGE('',*,*,#2235,.T.);
#2235 = EDGE_CURVE('',#752,#2236,#2238,.T.);
#2236 = VERTEX_POINT('',#2237);
#2237 = CARTESIAN_POINT('',(1.47,-2.016232,1.330337));
#2238 = LINE('',#2239,#2240);
#2239 = CARTESIAN_POINT('',(1.47,-2.225654,0.));
#2240 = VECTOR('',#2241,1.);
#2241 = DIRECTION('',(0.,0.155505255414,0.987835064947));
#2242 = ORIENTED_EDGE('',*,*,#2243,.T.);
#2243 = EDGE_CURVE('',#2236,#2244,#2246,.T.);
#2244 = VERTEX_POINT('',#2245);
#2245 = CARTESIAN_POINT('',(1.47,-2.016232,3.7725));
#2246 = LINE('',#2247,#2248);
#2247 = CARTESIAN_POINT('',(1.47,-2.016232,1.330337));
#2248 = VECTOR('',#2249,1.);
#2249 = DIRECTION('',(0.,0.,1.));
#2250 = ORIENTED_EDGE('',*,*,#2251,.T.);
#2251 = EDGE_CURVE('',#2244,#2252,#2254,.T.);
#2252 = VERTEX_POINT('',#2253);
#2253 = CARTESIAN_POINT('',(1.47,-1.64713,3.7725));
#2254 = LINE('',#2255,#2256);
#2255 = CARTESIAN_POINT('',(1.47,-2.016232,3.7725));
#2256 = VECTOR('',#2257,1.);
#2257 = DIRECTION('',(0.,1.,0.));
#2258 = ORIENTED_EDGE('',*,*,#2259,.T.);
#2259 = EDGE_CURVE('',#2252,#2260,#2262,.T.);
#2260 = VERTEX_POINT('',#2261);
#2261 = CARTESIAN_POINT('',(1.47,-1.64713,6.504291));
#2262 = LINE('',#2263,#2264);
#2263 = CARTESIAN_POINT('',(1.47,-1.64713,3.7725));
#2264 = VECTOR('',#2265,1.);
#2265 = DIRECTION('',(0.,0.,1.));
#2266 = ORIENTED_EDGE('',*,*,#2267,.T.);
#2267 = EDGE_CURVE('',#2260,#2268,#2270,.T.);
#2268 = VERTEX_POINT('',#2269);
#2269 = CARTESIAN_POINT('',(1.47,1.630173,6.504291));
#2270 = LINE('',#2271,#2272);
#2271 = CARTESIAN_POINT('',(1.47,-1.64713,6.504291));
#2272 = VECTOR('',#2273,1.);
#2273 = DIRECTION('',(0.,1.,0.));
#2274 = ORIENTED_EDGE('',*,*,#2275,.T.);
#2275 = EDGE_CURVE('',#2268,#2276,#2278,.T.);
#2276 = VERTEX_POINT('',#2277);
#2277 = CARTESIAN_POINT('',(1.47,1.630173,6.011533));
#2278 = LINE('',#2279,#2280);
#2279 = CARTESIAN_POINT('',(1.47,1.630173,6.504291));
#2280 = VECTOR('',#2281,1.);
#2281 = DIRECTION('',(0.,0.,-1.));
#2282 = ORIENTED_EDGE('',*,*,#2283,.T.);
#2283 = EDGE_CURVE('',#2276,#2079,#2284,.T.);
#2284 = LINE('',#2285,#2286);
#2285 = CARTESIAN_POINT('',(1.47,1.630173,6.011533));
#2286 = VECTOR('',#2287,1.);
#2287 = DIRECTION('',(0.,0.306277272459,-0.951942347191));
#2288 = ORIENTED_EDGE('',*,*,#2086,.T.);
#2289 = ORIENTED_EDGE('',*,*,#759,.T.);
#2290 = PLANE('',#2291);
#2291 = AXIS2_PLACEMENT_3D('',#2292,#2293,#2294);
#2292 = CARTESIAN_POINT('',(1.47,-6.254098390486E-03,3.106456865277));
#2293 = DIRECTION('',(1.,0.,0.));
#2294 = DIRECTION('',(0.,0.,1.));
#2295 = ADVANCED_FACE('',(#2296),#2314,.T.);
#2296 = FACE_BOUND('',#2297,.T.);
#2297 = EDGE_LOOP('',(#2298,#2299,#2300,#2308));
#2298 = ORIENTED_EDGE('',*,*,#751,.T.);
#2299 = ORIENTED_EDGE('',*,*,#2235,.T.);
#2300 = ORIENTED_EDGE('',*,*,#2301,.F.);
#2301 = EDGE_CURVE('',#2302,#2236,#2304,.T.);
#2302 = VERTEX_POINT('',#2303);
#2303 = CARTESIAN_POINT('',(3.61,-2.016232,1.330337));
#2304 = LINE('',#2305,#2306);
#2305 = CARTESIAN_POINT('',(3.61,-2.016232,1.330337));
#2306 = VECTOR('',#2307,1.);
#2307 = DIRECTION('',(-1.,-0.,-0.));
#2308 = ORIENTED_EDGE('',*,*,#2309,.F.);
#2309 = EDGE_CURVE('',#744,#2302,#2310,.T.);
#2310 = LINE('',#2311,#2312);
#2311 = CARTESIAN_POINT('',(3.61,-2.225654,0.));
#2312 = VECTOR('',#2313,1.);
#2313 = DIRECTION('',(0.,0.155505255414,0.987835064947));
#2314 = PLANE('',#2315);
#2315 = AXIS2_PLACEMENT_3D('',#2316,#2317,#2318);
#2316 = CARTESIAN_POINT('',(3.61,-2.225654,0.));
#2317 = DIRECTION('',(0.,0.987835064947,-0.155505255414));
#2318 = DIRECTION('',(0.,0.155505255414,0.987835064947));
#2319 = ADVANCED_FACE('',(#2320),#2371,.F.);
#2320 = FACE_BOUND('',#2321,.T.);
#2321 = EDGE_LOOP('',(#2322,#2323,#2331,#2339,#2347,#2355,#2363,#2369,
    #2370));
#2322 = ORIENTED_EDGE('',*,*,#2309,.T.);
#2323 = ORIENTED_EDGE('',*,*,#2324,.T.);
#2324 = EDGE_CURVE('',#2302,#2325,#2327,.T.);
#2325 = VERTEX_POINT('',#2326);
#2326 = CARTESIAN_POINT('',(3.61,-2.016232,3.7725));
#2327 = LINE('',#2328,#2329);
#2328 = CARTESIAN_POINT('',(3.61,-2.016232,1.330337));
#2329 = VECTOR('',#2330,1.);
#2330 = DIRECTION('',(0.,0.,1.));
#2331 = ORIENTED_EDGE('',*,*,#2332,.T.);
#2332 = EDGE_CURVE('',#2325,#2333,#2335,.T.);
#2333 = VERTEX_POINT('',#2334);
#2334 = CARTESIAN_POINT('',(3.61,-1.64713,3.7725));
#2335 = LINE('',#2336,#2337);
#2336 = CARTESIAN_POINT('',(3.61,-2.016232,3.7725));
#2337 = VECTOR('',#2338,1.);
#2338 = DIRECTION('',(0.,1.,0.));
#2339 = ORIENTED_EDGE('',*,*,#2340,.T.);
#2340 = EDGE_CURVE('',#2333,#2341,#2343,.T.);
#2341 = VERTEX_POINT('',#2342);
#2342 = CARTESIAN_POINT('',(3.61,-1.64713,6.504291));
#2343 = LINE('',#2344,#2345);
#2344 = CARTESIAN_POINT('',(3.61,-1.64713,3.7725));
#2345 = VECTOR('',#2346,1.);
#2346 = DIRECTION('',(0.,0.,1.));
#2347 = ORIENTED_EDGE('',*,*,#2348,.T.);
#2348 = EDGE_CURVE('',#2341,#2349,#2351,.T.);
#2349 = VERTEX_POINT('',#2350);
#2350 = CARTESIAN_POINT('',(3.61,1.630173,6.504291));
#2351 = LINE('',#2352,#2353);
#2352 = CARTESIAN_POINT('',(3.61,-1.64713,6.504291));
#2353 = VECTOR('',#2354,1.);
#2354 = DIRECTION('',(0.,1.,0.));
#2355 = ORIENTED_EDGE('',*,*,#2356,.T.);
#2356 = EDGE_CURVE('',#2349,#2357,#2359,.T.);
#2357 = VERTEX_POINT('',#2358);
#2358 = CARTESIAN_POINT('',(3.61,1.630173,6.011533));
#2359 = LINE('',#2360,#2361);
#2360 = CARTESIAN_POINT('',(3.61,1.630173,6.504291));
#2361 = VECTOR('',#2362,1.);
#2362 = DIRECTION('',(0.,0.,-1.));
#2363 = ORIENTED_EDGE('',*,*,#2364,.T.);
#2364 = EDGE_CURVE('',#2357,#2071,#2365,.T.);
#2365 = LINE('',#2366,#2367);
#2366 = CARTESIAN_POINT('',(3.61,1.630173,6.011533));
#2367 = VECTOR('',#2368,1.);
#2368 = DIRECTION('',(0.,0.306277272459,-0.951942347191));
#2369 = ORIENTED_EDGE('',*,*,#2070,.T.);
#2370 = ORIENTED_EDGE('',*,*,#743,.T.);
#2371 = PLANE('',#2372);
#2372 = AXIS2_PLACEMENT_3D('',#2373,#2374,#2375);
#2373 = CARTESIAN_POINT('',(3.61,-6.254098390486E-03,3.106456865277));
#2374 = DIRECTION('',(1.,0.,0.));
#2375 = DIRECTION('',(0.,0.,1.));
#2376 = ADVANCED_FACE('',(#2377),#2425,.T.);
#2377 = FACE_BOUND('',#2378,.T.);
#2378 = EDGE_LOOP('',(#2379,#2387,#2395,#2401,#2402,#2410,#2418,#2424));
#2379 = ORIENTED_EDGE('',*,*,#2380,.F.);
#2380 = EDGE_CURVE('',#2381,#800,#2383,.T.);
#2381 = VERTEX_POINT('',#2382);
#2382 = CARTESIAN_POINT('',(6.15,2.085974,4.594855));
#2383 = LINE('',#2384,#2385);
#2384 = CARTESIAN_POINT('',(6.15,2.085974,4.594855));
#2385 = VECTOR('',#2386,1.);
#2386 = DIRECTION('',(0.,0.,-1.));
#2387 = ORIENTED_EDGE('',*,*,#2388,.T.);
#2388 = EDGE_CURVE('',#2381,#2389,#2391,.T.);
#2389 = VERTEX_POINT('',#2390);
#2390 = CARTESIAN_POINT('',(4.01,2.085974,4.594855));
#2391 = LINE('',#2392,#2393);
#2392 = CARTESIAN_POINT('',(6.15,2.085974,4.594855));
#2393 = VECTOR('',#2394,1.);
#2394 = DIRECTION('',(-1.,-0.,-0.));
#2395 = ORIENTED_EDGE('',*,*,#2396,.T.);
#2396 = EDGE_CURVE('',#2389,#826,#2397,.T.);
#2397 = LINE('',#2398,#2399);
#2398 = CARTESIAN_POINT('',(4.01,2.085974,4.594855));
#2399 = VECTOR('',#2400,1.);
#2400 = DIRECTION('',(0.,0.,-1.));
#2401 = ORIENTED_EDGE('',*,*,#833,.F.);
#2402 = ORIENTED_EDGE('',*,*,#2403,.F.);
#2403 = EDGE_CURVE('',#2404,#834,#2406,.T.);
#2404 = VERTEX_POINT('',#2405);
#2405 = CARTESIAN_POINT('',(4.38,2.085974,3.7725668));
#2406 = LINE('',#2407,#2408);
#2407 = CARTESIAN_POINT('',(4.38,2.085974,3.7725668));
#2408 = VECTOR('',#2409,1.);
#2409 = DIRECTION('',(0.,0.,-1.));
#2410 = ORIENTED_EDGE('',*,*,#2411,.F.);
#2411 = EDGE_CURVE('',#2412,#2404,#2414,.T.);
#2412 = VERTEX_POINT('',#2413);
#2413 = CARTESIAN_POINT('',(5.78,2.085974,3.7725668));
#2414 = LINE('',#2415,#2416);
#2415 = CARTESIAN_POINT('',(5.78,2.085974,3.7725668));
#2416 = VECTOR('',#2417,1.);
#2417 = DIRECTION('',(-1.,-0.,-0.));
#2418 = ORIENTED_EDGE('',*,*,#2419,.T.);
#2419 = EDGE_CURVE('',#2412,#802,#2420,.T.);
#2420 = LINE('',#2421,#2422);
#2421 = CARTESIAN_POINT('',(5.78,2.085974,3.7725668));
#2422 = VECTOR('',#2423,1.);
#2423 = DIRECTION('',(0.,0.,-1.));
#2424 = ORIENTED_EDGE('',*,*,#799,.F.);
#2425 = PLANE('',#2426);
#2426 = AXIS2_PLACEMENT_3D('',#2427,#2428,#2429);
#2427 = CARTESIAN_POINT('',(6.15,2.085974,4.594855));
#2428 = DIRECTION('',(0.,-1.,0.));
#2429 = DIRECTION('',(0.,0.,-1.));
#2430 = ADVANCED_FACE('',(#2431),#2472,.F.);
#2431 = FACE_BOUND('',#2432,.F.);
#2432 = EDGE_LOOP('',(#2433,#2441,#2449,#2455,#2456,#2457,#2465,#2471));
#2433 = ORIENTED_EDGE('',*,*,#2434,.T.);
#2434 = EDGE_CURVE('',#1649,#2435,#2437,.T.);
#2435 = VERTEX_POINT('',#2436);
#2436 = CARTESIAN_POINT('',(5.78,2.523512383178,4.8494725));
#2437 = LINE('',#2438,#2439);
#2438 = CARTESIAN_POINT('',(5.78,2.323466850359,5.562968233721));
#2439 = VECTOR('',#2440,1.);
#2440 = DIRECTION('',(0.,-0.269963692325,0.962870502626));
#2441 = ORIENTED_EDGE('',*,*,#2442,.T.);
#2442 = EDGE_CURVE('',#2435,#2443,#2445,.T.);
#2443 = VERTEX_POINT('',#2444);
#2444 = CARTESIAN_POINT('',(5.78,2.523512383178,3.7725668));
#2445 = LINE('',#2446,#2447);
#2446 = CARTESIAN_POINT('',(5.78,2.523512383178,4.8494725));
#2447 = VECTOR('',#2448,1.);
#2448 = DIRECTION('',(0.,0.,-1.));
#2449 = ORIENTED_EDGE('',*,*,#2450,.T.);
#2450 = EDGE_CURVE('',#2443,#2412,#2451,.T.);
#2451 = LINE('',#2452,#2453);
#2452 = CARTESIAN_POINT('',(5.78,2.523512383178,3.7725668));
#2453 = VECTOR('',#2454,1.);
#2454 = DIRECTION('',(0.,-1.,0.));
#2455 = ORIENTED_EDGE('',*,*,#2419,.T.);
#2456 = ORIENTED_EDGE('',*,*,#857,.T.);
#2457 = ORIENTED_EDGE('',*,*,#2458,.T.);
#2458 = EDGE_CURVE('',#850,#2459,#2461,.T.);
#2459 = VERTEX_POINT('',#2460);
#2460 = CARTESIAN_POINT('',(5.78,2.527085,1.5091518));
#2461 = LINE('',#2462,#2463);
#2462 = CARTESIAN_POINT('',(5.78,2.527085,0.));
#2463 = VECTOR('',#2464,1.);
#2464 = DIRECTION('',(0.,0.,1.));
#2465 = ORIENTED_EDGE('',*,*,#2466,.T.);
#2466 = EDGE_CURVE('',#2459,#1657,#2467,.T.);
#2467 = LINE('',#2468,#2469);
#2468 = CARTESIAN_POINT('',(5.78,2.527085,1.5091518));
#2469 = VECTOR('',#2470,1.);
#2470 = DIRECTION('',(0.,1.,0.));
#2471 = ORIENTED_EDGE('',*,*,#1656,.T.);
#2472 = PLANE('',#2473);
#2473 = AXIS2_PLACEMENT_3D('',#2474,#2475,#2476);
#2474 = CARTESIAN_POINT('',(5.78,2.689011253687,2.497546996313));
#2475 = DIRECTION('',(1.,0.,0.));
#2476 = DIRECTION('',(0.,0.,1.));
#2477 = ADVANCED_FACE('',(#2478),#2496,.F.);
#2478 = FACE_BOUND('',#2479,.F.);
#2479 = EDGE_LOOP('',(#2480,#2481,#2489,#2495));
#2480 = ORIENTED_EDGE('',*,*,#849,.T.);
#2481 = ORIENTED_EDGE('',*,*,#2482,.T.);
#2482 = EDGE_CURVE('',#842,#2483,#2485,.T.);
#2483 = VERTEX_POINT('',#2484);
#2484 = CARTESIAN_POINT('',(4.38,2.527085,1.5091518));
#2485 = LINE('',#2486,#2487);
#2486 = CARTESIAN_POINT('',(4.38,2.527085,0.));
#2487 = VECTOR('',#2488,1.);
#2488 = DIRECTION('',(0.,0.,1.));
#2489 = ORIENTED_EDGE('',*,*,#2490,.F.);
#2490 = EDGE_CURVE('',#2459,#2483,#2491,.T.);
#2491 = LINE('',#2492,#2493);
#2492 = CARTESIAN_POINT('',(5.78,2.527085,1.5091518));
#2493 = VECTOR('',#2494,1.);
#2494 = DIRECTION('',(-1.,-0.,-0.));
#2495 = ORIENTED_EDGE('',*,*,#2458,.F.);
#2496 = PLANE('',#2497);
#2497 = AXIS2_PLACEMENT_3D('',#2498,#2499,#2500);
#2498 = CARTESIAN_POINT('',(5.78,2.527085,0.));
#2499 = DIRECTION('',(0.,1.,0.));
#2500 = DIRECTION('',(0.,0.,1.));
#2501 = ADVANCED_FACE('',(#2502),#2536,.T.);
#2502 = FACE_BOUND('',#2503,.T.);
#2503 = EDGE_LOOP('',(#2504,#2512,#2520,#2526,#2527,#2528,#2529,#2535));
#2504 = ORIENTED_EDGE('',*,*,#2505,.T.);
#2505 = EDGE_CURVE('',#1673,#2506,#2508,.T.);
#2506 = VERTEX_POINT('',#2507);
#2507 = CARTESIAN_POINT('',(4.38,2.523512383178,4.8494725));
#2508 = LINE('',#2509,#2510);
#2509 = CARTESIAN_POINT('',(4.38,2.323466850359,5.562968233721));
#2510 = VECTOR('',#2511,1.);
#2511 = DIRECTION('',(0.,-0.269963692325,0.962870502626));
#2512 = ORIENTED_EDGE('',*,*,#2513,.T.);
#2513 = EDGE_CURVE('',#2506,#2514,#2516,.T.);
#2514 = VERTEX_POINT('',#2515);
#2515 = CARTESIAN_POINT('',(4.38,2.523512383178,3.7725668));
#2516 = LINE('',#2517,#2518);
#2517 = CARTESIAN_POINT('',(4.38,2.523512383178,4.8494725));
#2518 = VECTOR('',#2519,1.);
#2519 = DIRECTION('',(0.,0.,-1.));
#2520 = ORIENTED_EDGE('',*,*,#2521,.T.);
#2521 = EDGE_CURVE('',#2514,#2404,#2522,.T.);
#2522 = LINE('',#2523,#2524);
#2523 = CARTESIAN_POINT('',(4.38,2.523512383178,3.7725668));
#2524 = VECTOR('',#2525,1.);
#2525 = DIRECTION('',(0.,-1.,0.));
#2526 = ORIENTED_EDGE('',*,*,#2403,.T.);
#2527 = ORIENTED_EDGE('',*,*,#841,.T.);
#2528 = ORIENTED_EDGE('',*,*,#2482,.T.);
#2529 = ORIENTED_EDGE('',*,*,#2530,.T.);
#2530 = EDGE_CURVE('',#2483,#1665,#2531,.T.);
#2531 = LINE('',#2532,#2533);
#2532 = CARTESIAN_POINT('',(4.38,2.527085,1.5091518));
#2533 = VECTOR('',#2534,1.);
#2534 = DIRECTION('',(0.,1.,0.));
#2535 = ORIENTED_EDGE('',*,*,#1672,.T.);
#2536 = PLANE('',#2537);
#2537 = AXIS2_PLACEMENT_3D('',#2538,#2539,#2540);
#2538 = CARTESIAN_POINT('',(4.38,2.689011253687,2.497546996313));
#2539 = DIRECTION('',(1.,0.,0.));
#2540 = DIRECTION('',(0.,0.,1.));
#2541 = ADVANCED_FACE('',(#2542),#2600,.T.);
#2542 = FACE_BOUND('',#2543,.F.);
#2543 = EDGE_LOOP('',(#2544,#2552,#2560,#2568,#2576,#2584,#2592,#2598,
    #2599));
#2544 = ORIENTED_EDGE('',*,*,#2545,.T.);
#2545 = EDGE_CURVE('',#818,#2546,#2548,.T.);
#2546 = VERTEX_POINT('',#2547);
#2547 = CARTESIAN_POINT('',(4.01,-2.016232,1.330337));
#2548 = LINE('',#2549,#2550);
#2549 = CARTESIAN_POINT('',(4.01,-2.225654,0.));
#2550 = VECTOR('',#2551,1.);
#2551 = DIRECTION('',(0.,0.155505255414,0.987835064947));
#2552 = ORIENTED_EDGE('',*,*,#2553,.T.);
#2553 = EDGE_CURVE('',#2546,#2554,#2556,.T.);
#2554 = VERTEX_POINT('',#2555);
#2555 = CARTESIAN_POINT('',(4.01,-2.016232,3.7725));
#2556 = LINE('',#2557,#2558);
#2557 = CARTESIAN_POINT('',(4.01,-2.016232,1.330337));
#2558 = VECTOR('',#2559,1.);
#2559 = DIRECTION('',(0.,0.,1.));
#2560 = ORIENTED_EDGE('',*,*,#2561,.T.);
#2561 = EDGE_CURVE('',#2554,#2562,#2564,.T.);
#2562 = VERTEX_POINT('',#2563);
#2563 = CARTESIAN_POINT('',(4.01,-1.64713,3.7725));
#2564 = LINE('',#2565,#2566);
#2565 = CARTESIAN_POINT('',(4.01,-2.016232,3.7725));
#2566 = VECTOR('',#2567,1.);
#2567 = DIRECTION('',(0.,1.,0.));
#2568 = ORIENTED_EDGE('',*,*,#2569,.T.);
#2569 = EDGE_CURVE('',#2562,#2570,#2572,.T.);
#2570 = VERTEX_POINT('',#2571);
#2571 = CARTESIAN_POINT('',(4.01,-1.64713,6.504291));
#2572 = LINE('',#2573,#2574);
#2573 = CARTESIAN_POINT('',(4.01,-1.64713,3.7725));
#2574 = VECTOR('',#2575,1.);
#2575 = DIRECTION('',(0.,0.,1.));
#2576 = ORIENTED_EDGE('',*,*,#2577,.T.);
#2577 = EDGE_CURVE('',#2570,#2578,#2580,.T.);
#2578 = VERTEX_POINT('',#2579);
#2579 = CARTESIAN_POINT('',(4.01,1.630173,6.504291));
#2580 = LINE('',#2581,#2582);
#2581 = CARTESIAN_POINT('',(4.01,-1.64713,6.504291));
#2582 = VECTOR('',#2583,1.);
#2583 = DIRECTION('',(0.,1.,0.));
#2584 = ORIENTED_EDGE('',*,*,#2585,.T.);
#2585 = EDGE_CURVE('',#2578,#2586,#2588,.T.);
#2586 = VERTEX_POINT('',#2587);
#2587 = CARTESIAN_POINT('',(4.01,1.630173,6.011533));
#2588 = LINE('',#2589,#2590);
#2589 = CARTESIAN_POINT('',(4.01,1.630173,6.504291));
#2590 = VECTOR('',#2591,1.);
#2591 = DIRECTION('',(0.,0.,-1.));
#2592 = ORIENTED_EDGE('',*,*,#2593,.T.);
#2593 = EDGE_CURVE('',#2586,#2389,#2594,.T.);
#2594 = LINE('',#2595,#2596);
#2595 = CARTESIAN_POINT('',(4.01,1.630173,6.011533));
#2596 = VECTOR('',#2597,1.);
#2597 = DIRECTION('',(0.,0.306277272459,-0.951942347191));
#2598 = ORIENTED_EDGE('',*,*,#2396,.T.);
#2599 = ORIENTED_EDGE('',*,*,#825,.T.);
#2600 = PLANE('',#2601);
#2601 = AXIS2_PLACEMENT_3D('',#2602,#2603,#2604);
#2602 = CARTESIAN_POINT('',(4.01,-6.254098390486E-03,3.106456865277));
#2603 = DIRECTION('',(1.,0.,0.));
#2604 = DIRECTION('',(0.,0.,1.));
#2605 = ADVANCED_FACE('',(#2606),#2624,.T.);
#2606 = FACE_BOUND('',#2607,.T.);
#2607 = EDGE_LOOP('',(#2608,#2609,#2610,#2618));
#2608 = ORIENTED_EDGE('',*,*,#817,.T.);
#2609 = ORIENTED_EDGE('',*,*,#2545,.T.);
#2610 = ORIENTED_EDGE('',*,*,#2611,.F.);
#2611 = EDGE_CURVE('',#2612,#2546,#2614,.T.);
#2612 = VERTEX_POINT('',#2613);
#2613 = CARTESIAN_POINT('',(6.15,-2.016232,1.330337));
#2614 = LINE('',#2615,#2616);
#2615 = CARTESIAN_POINT('',(6.15,-2.016232,1.330337));
#2616 = VECTOR('',#2617,1.);
#2617 = DIRECTION('',(-1.,-0.,-0.));
#2618 = ORIENTED_EDGE('',*,*,#2619,.F.);
#2619 = EDGE_CURVE('',#810,#2612,#2620,.T.);
#2620 = LINE('',#2621,#2622);
#2621 = CARTESIAN_POINT('',(6.15,-2.225654,0.));
#2622 = VECTOR('',#2623,1.);
#2623 = DIRECTION('',(0.,0.155505255414,0.987835064947));
#2624 = PLANE('',#2625);
#2625 = AXIS2_PLACEMENT_3D('',#2626,#2627,#2628);
#2626 = CARTESIAN_POINT('',(6.15,-2.225654,0.));
#2627 = DIRECTION('',(0.,0.987835064947,-0.155505255414));
#2628 = DIRECTION('',(0.,0.155505255414,0.987835064947));
#2629 = ADVANCED_FACE('',(#2630),#2681,.F.);
#2630 = FACE_BOUND('',#2631,.T.);
#2631 = EDGE_LOOP('',(#2632,#2633,#2641,#2649,#2657,#2665,#2673,#2679,
    #2680));
#2632 = ORIENTED_EDGE('',*,*,#2619,.T.);
#2633 = ORIENTED_EDGE('',*,*,#2634,.T.);
#2634 = EDGE_CURVE('',#2612,#2635,#2637,.T.);
#2635 = VERTEX_POINT('',#2636);
#2636 = CARTESIAN_POINT('',(6.15,-2.016232,3.7725));
#2637 = LINE('',#2638,#2639);
#2638 = CARTESIAN_POINT('',(6.15,-2.016232,1.330337));
#2639 = VECTOR('',#2640,1.);
#2640 = DIRECTION('',(0.,0.,1.));
#2641 = ORIENTED_EDGE('',*,*,#2642,.T.);
#2642 = EDGE_CURVE('',#2635,#2643,#2645,.T.);
#2643 = VERTEX_POINT('',#2644);
#2644 = CARTESIAN_POINT('',(6.15,-1.64713,3.7725));
#2645 = LINE('',#2646,#2647);
#2646 = CARTESIAN_POINT('',(6.15,-2.016232,3.7725));
#2647 = VECTOR('',#2648,1.);
#2648 = DIRECTION('',(0.,1.,0.));
#2649 = ORIENTED_EDGE('',*,*,#2650,.T.);
#2650 = EDGE_CURVE('',#2643,#2651,#2653,.T.);
#2651 = VERTEX_POINT('',#2652);
#2652 = CARTESIAN_POINT('',(6.15,-1.64713,6.504291));
#2653 = LINE('',#2654,#2655);
#2654 = CARTESIAN_POINT('',(6.15,-1.64713,3.7725));
#2655 = VECTOR('',#2656,1.);
#2656 = DIRECTION('',(0.,0.,1.));
#2657 = ORIENTED_EDGE('',*,*,#2658,.T.);
#2658 = EDGE_CURVE('',#2651,#2659,#2661,.T.);
#2659 = VERTEX_POINT('',#2660);
#2660 = CARTESIAN_POINT('',(6.15,1.630173,6.504291));
#2661 = LINE('',#2662,#2663);
#2662 = CARTESIAN_POINT('',(6.15,-1.64713,6.504291));
#2663 = VECTOR('',#2664,1.);
#2664 = DIRECTION('',(0.,1.,0.));
#2665 = ORIENTED_EDGE('',*,*,#2666,.T.);
#2666 = EDGE_CURVE('',#2659,#2667,#2669,.T.);
#2667 = VERTEX_POINT('',#2668);
#2668 = CARTESIAN_POINT('',(6.15,1.630173,6.011533));
#2669 = LINE('',#2670,#2671);
#2670 = CARTESIAN_POINT('',(6.15,1.630173,6.504291));
#2671 = VECTOR('',#2672,1.);
#2672 = DIRECTION('',(0.,0.,-1.));
#2673 = ORIENTED_EDGE('',*,*,#2674,.T.);
#2674 = EDGE_CURVE('',#2667,#2381,#2675,.T.);
#2675 = LINE('',#2676,#2677);
#2676 = CARTESIAN_POINT('',(6.15,1.630173,6.011533));
#2677 = VECTOR('',#2678,1.);
#2678 = DIRECTION('',(0.,0.306277272459,-0.951942347191));
#2679 = ORIENTED_EDGE('',*,*,#2380,.T.);
#2680 = ORIENTED_EDGE('',*,*,#809,.T.);
#2681 = PLANE('',#2682);
#2682 = AXIS2_PLACEMENT_3D('',#2683,#2684,#2685);
#2683 = CARTESIAN_POINT('',(6.15,-6.254098390486E-03,3.106456865277));
#2684 = DIRECTION('',(1.,0.,0.));
#2685 = DIRECTION('',(0.,0.,1.));
#2686 = ADVANCED_FACE('',(#2687),#2735,.T.);
#2687 = FACE_BOUND('',#2688,.T.);
#2688 = EDGE_LOOP('',(#2689,#2697,#2705,#2711,#2712,#2720,#2728,#2734));
#2689 = ORIENTED_EDGE('',*,*,#2690,.F.);
#2690 = EDGE_CURVE('',#2691,#866,#2693,.T.);
#2691 = VERTEX_POINT('',#2692);
#2692 = CARTESIAN_POINT('',(8.69,2.085974,4.594855));
#2693 = LINE('',#2694,#2695);
#2694 = CARTESIAN_POINT('',(8.69,2.085974,4.594855));
#2695 = VECTOR('',#2696,1.);
#2696 = DIRECTION('',(0.,0.,-1.));
#2697 = ORIENTED_EDGE('',*,*,#2698,.T.);
#2698 = EDGE_CURVE('',#2691,#2699,#2701,.T.);
#2699 = VERTEX_POINT('',#2700);
#2700 = CARTESIAN_POINT('',(6.55,2.085974,4.594855));
#2701 = LINE('',#2702,#2703);
#2702 = CARTESIAN_POINT('',(8.69,2.085974,4.594855));
#2703 = VECTOR('',#2704,1.);
#2704 = DIRECTION('',(-1.,-0.,-0.));
#2705 = ORIENTED_EDGE('',*,*,#2706,.T.);
#2706 = EDGE_CURVE('',#2699,#892,#2707,.T.);
#2707 = LINE('',#2708,#2709);
#2708 = CARTESIAN_POINT('',(6.55,2.085974,4.594855));
#2709 = VECTOR('',#2710,1.);
#2710 = DIRECTION('',(0.,0.,-1.));
#2711 = ORIENTED_EDGE('',*,*,#899,.F.);
#2712 = ORIENTED_EDGE('',*,*,#2713,.F.);
#2713 = EDGE_CURVE('',#2714,#900,#2716,.T.);
#2714 = VERTEX_POINT('',#2715);
#2715 = CARTESIAN_POINT('',(6.92,2.085974,3.7725668));
#2716 = LINE('',#2717,#2718);
#2717 = CARTESIAN_POINT('',(6.92,2.085974,3.7725668));
#2718 = VECTOR('',#2719,1.);
#2719 = DIRECTION('',(0.,0.,-1.));
#2720 = ORIENTED_EDGE('',*,*,#2721,.F.);
#2721 = EDGE_CURVE('',#2722,#2714,#2724,.T.);
#2722 = VERTEX_POINT('',#2723);
#2723 = CARTESIAN_POINT('',(8.32,2.085974,3.7725668));
#2724 = LINE('',#2725,#2726);
#2725 = CARTESIAN_POINT('',(8.32,2.085974,3.7725668));
#2726 = VECTOR('',#2727,1.);
#2727 = DIRECTION('',(-1.,-0.,-0.));
#2728 = ORIENTED_EDGE('',*,*,#2729,.T.);
#2729 = EDGE_CURVE('',#2722,#868,#2730,.T.);
#2730 = LINE('',#2731,#2732);
#2731 = CARTESIAN_POINT('',(8.32,2.085974,3.7725668));
#2732 = VECTOR('',#2733,1.);
#2733 = DIRECTION('',(0.,0.,-1.));
#2734 = ORIENTED_EDGE('',*,*,#865,.F.);
#2735 = PLANE('',#2736);
#2736 = AXIS2_PLACEMENT_3D('',#2737,#2738,#2739);
#2737 = CARTESIAN_POINT('',(8.69,2.085974,4.594855));
#2738 = DIRECTION('',(0.,-1.,0.));
#2739 = DIRECTION('',(0.,0.,-1.));
#2740 = ADVANCED_FACE('',(#2741),#2782,.F.);
#2741 = FACE_BOUND('',#2742,.F.);
#2742 = EDGE_LOOP('',(#2743,#2751,#2759,#2765,#2766,#2767,#2775,#2781));
#2743 = ORIENTED_EDGE('',*,*,#2744,.T.);
#2744 = EDGE_CURVE('',#1617,#2745,#2747,.T.);
#2745 = VERTEX_POINT('',#2746);
#2746 = CARTESIAN_POINT('',(8.32,2.523512383178,4.8494725));
#2747 = LINE('',#2748,#2749);
#2748 = CARTESIAN_POINT('',(8.32,2.323466850359,5.562968233721));
#2749 = VECTOR('',#2750,1.);
#2750 = DIRECTION('',(0.,-0.269963692325,0.962870502626));
#2751 = ORIENTED_EDGE('',*,*,#2752,.T.);
#2752 = EDGE_CURVE('',#2745,#2753,#2755,.T.);
#2753 = VERTEX_POINT('',#2754);
#2754 = CARTESIAN_POINT('',(8.32,2.523512383178,3.7725668));
#2755 = LINE('',#2756,#2757);
#2756 = CARTESIAN_POINT('',(8.32,2.523512383178,4.8494725));
#2757 = VECTOR('',#2758,1.);
#2758 = DIRECTION('',(0.,0.,-1.));
#2759 = ORIENTED_EDGE('',*,*,#2760,.T.);
#2760 = EDGE_CURVE('',#2753,#2722,#2761,.T.);
#2761 = LINE('',#2762,#2763);
#2762 = CARTESIAN_POINT('',(8.32,2.523512383178,3.7725668));
#2763 = VECTOR('',#2764,1.);
#2764 = DIRECTION('',(0.,-1.,0.));
#2765 = ORIENTED_EDGE('',*,*,#2729,.T.);
#2766 = ORIENTED_EDGE('',*,*,#923,.T.);
#2767 = ORIENTED_EDGE('',*,*,#2768,.T.);
#2768 = EDGE_CURVE('',#916,#2769,#2771,.T.);
#2769 = VERTEX_POINT('',#2770);
#2770 = CARTESIAN_POINT('',(8.32,2.527085,1.5091518));
#2771 = LINE('',#2772,#2773);
#2772 = CARTESIAN_POINT('',(8.32,2.527085,0.));
#2773 = VECTOR('',#2774,1.);
#2774 = DIRECTION('',(0.,0.,1.));
#2775 = ORIENTED_EDGE('',*,*,#2776,.T.);
#2776 = EDGE_CURVE('',#2769,#1625,#2777,.T.);
#2777 = LINE('',#2778,#2779);
#2778 = CARTESIAN_POINT('',(8.32,2.527085,1.5091518));
#2779 = VECTOR('',#2780,1.);
#2780 = DIRECTION('',(0.,1.,0.));
#2781 = ORIENTED_EDGE('',*,*,#1624,.T.);
#2782 = PLANE('',#2783);
#2783 = AXIS2_PLACEMENT_3D('',#2784,#2785,#2786);
#2784 = CARTESIAN_POINT('',(8.32,2.689011253687,2.497546996313));
#2785 = DIRECTION('',(1.,0.,0.));
#2786 = DIRECTION('',(0.,0.,1.));
#2787 = ADVANCED_FACE('',(#2788),#2806,.F.);
#2788 = FACE_BOUND('',#2789,.F.);
#2789 = EDGE_LOOP('',(#2790,#2791,#2799,#2805));
#2790 = ORIENTED_EDGE('',*,*,#915,.T.);
#2791 = ORIENTED_EDGE('',*,*,#2792,.T.);
#2792 = EDGE_CURVE('',#908,#2793,#2795,.T.);
#2793 = VERTEX_POINT('',#2794);
#2794 = CARTESIAN_POINT('',(6.92,2.527085,1.5091518));
#2795 = LINE('',#2796,#2797);
#2796 = CARTESIAN_POINT('',(6.92,2.527085,0.));
#2797 = VECTOR('',#2798,1.);
#2798 = DIRECTION('',(0.,0.,1.));
#2799 = ORIENTED_EDGE('',*,*,#2800,.F.);
#2800 = EDGE_CURVE('',#2769,#2793,#2801,.T.);
#2801 = LINE('',#2802,#2803);
#2802 = CARTESIAN_POINT('',(8.32,2.527085,1.5091518));
#2803 = VECTOR('',#2804,1.);
#2804 = DIRECTION('',(-1.,-0.,-0.));
#2805 = ORIENTED_EDGE('',*,*,#2768,.F.);
#2806 = PLANE('',#2807);
#2807 = AXIS2_PLACEMENT_3D('',#2808,#2809,#2810);
#2808 = CARTESIAN_POINT('',(8.32,2.527085,0.));
#2809 = DIRECTION('',(0.,1.,0.));
#2810 = DIRECTION('',(0.,0.,1.));
#2811 = ADVANCED_FACE('',(#2812),#2846,.T.);
#2812 = FACE_BOUND('',#2813,.T.);
#2813 = EDGE_LOOP('',(#2814,#2822,#2830,#2836,#2837,#2838,#2839,#2845));
#2814 = ORIENTED_EDGE('',*,*,#2815,.T.);
#2815 = EDGE_CURVE('',#1641,#2816,#2818,.T.);
#2816 = VERTEX_POINT('',#2817);
#2817 = CARTESIAN_POINT('',(6.92,2.523512383178,4.8494725));
#2818 = LINE('',#2819,#2820);
#2819 = CARTESIAN_POINT('',(6.92,2.323466850359,5.562968233721));
#2820 = VECTOR('',#2821,1.);
#2821 = DIRECTION('',(0.,-0.269963692325,0.962870502626));
#2822 = ORIENTED_EDGE('',*,*,#2823,.T.);
#2823 = EDGE_CURVE('',#2816,#2824,#2826,.T.);
#2824 = VERTEX_POINT('',#2825);
#2825 = CARTESIAN_POINT('',(6.92,2.523512383178,3.7725668));
#2826 = LINE('',#2827,#2828);
#2827 = CARTESIAN_POINT('',(6.92,2.523512383178,4.8494725));
#2828 = VECTOR('',#2829,1.);
#2829 = DIRECTION('',(0.,0.,-1.));
#2830 = ORIENTED_EDGE('',*,*,#2831,.T.);
#2831 = EDGE_CURVE('',#2824,#2714,#2832,.T.);
#2832 = LINE('',#2833,#2834);
#2833 = CARTESIAN_POINT('',(6.92,2.523512383178,3.7725668));
#2834 = VECTOR('',#2835,1.);
#2835 = DIRECTION('',(0.,-1.,0.));
#2836 = ORIENTED_EDGE('',*,*,#2713,.T.);
#2837 = ORIENTED_EDGE('',*,*,#907,.T.);
#2838 = ORIENTED_EDGE('',*,*,#2792,.T.);
#2839 = ORIENTED_EDGE('',*,*,#2840,.T.);
#2840 = EDGE_CURVE('',#2793,#1633,#2841,.T.);
#2841 = LINE('',#2842,#2843);
#2842 = CARTESIAN_POINT('',(6.92,2.527085,1.5091518));
#2843 = VECTOR('',#2844,1.);
#2844 = DIRECTION('',(0.,1.,0.));
#2845 = ORIENTED_EDGE('',*,*,#1640,.T.);
#2846 = PLANE('',#2847);
#2847 = AXIS2_PLACEMENT_3D('',#2848,#2849,#2850);
#2848 = CARTESIAN_POINT('',(6.92,2.689011253687,2.497546996313));
#2849 = DIRECTION('',(1.,0.,0.));
#2850 = DIRECTION('',(0.,0.,1.));
#2851 = ADVANCED_FACE('',(#2852),#2910,.T.);
#2852 = FACE_BOUND('',#2853,.F.);
#2853 = EDGE_LOOP('',(#2854,#2862,#2870,#2878,#2886,#2894,#2902,#2908,
    #2909));
#2854 = ORIENTED_EDGE('',*,*,#2855,.T.);
#2855 = EDGE_CURVE('',#884,#2856,#2858,.T.);
#2856 = VERTEX_POINT('',#2857);
#2857 = CARTESIAN_POINT('',(6.55,-2.016232,1.330337));
#2858 = LINE('',#2859,#2860);
#2859 = CARTESIAN_POINT('',(6.55,-2.225654,0.));
#2860 = VECTOR('',#2861,1.);
#2861 = DIRECTION('',(0.,0.155505255414,0.987835064947));
#2862 = ORIENTED_EDGE('',*,*,#2863,.T.);
#2863 = EDGE_CURVE('',#2856,#2864,#2866,.T.);
#2864 = VERTEX_POINT('',#2865);
#2865 = CARTESIAN_POINT('',(6.55,-2.016232,3.7725));
#2866 = LINE('',#2867,#2868);
#2867 = CARTESIAN_POINT('',(6.55,-2.016232,1.330337));
#2868 = VECTOR('',#2869,1.);
#2869 = DIRECTION('',(0.,0.,1.));
#2870 = ORIENTED_EDGE('',*,*,#2871,.T.);
#2871 = EDGE_CURVE('',#2864,#2872,#2874,.T.);
#2872 = VERTEX_POINT('',#2873);
#2873 = CARTESIAN_POINT('',(6.55,-1.64713,3.7725));
#2874 = LINE('',#2875,#2876);
#2875 = CARTESIAN_POINT('',(6.55,-2.016232,3.7725));
#2876 = VECTOR('',#2877,1.);
#2877 = DIRECTION('',(0.,1.,0.));
#2878 = ORIENTED_EDGE('',*,*,#2879,.T.);
#2879 = EDGE_CURVE('',#2872,#2880,#2882,.T.);
#2880 = VERTEX_POINT('',#2881);
#2881 = CARTESIAN_POINT('',(6.55,-1.64713,6.504291));
#2882 = LINE('',#2883,#2884);
#2883 = CARTESIAN_POINT('',(6.55,-1.64713,3.7725));
#2884 = VECTOR('',#2885,1.);
#2885 = DIRECTION('',(0.,0.,1.));
#2886 = ORIENTED_EDGE('',*,*,#2887,.T.);
#2887 = EDGE_CURVE('',#2880,#2888,#2890,.T.);
#2888 = VERTEX_POINT('',#2889);
#2889 = CARTESIAN_POINT('',(6.55,1.630173,6.504291));
#2890 = LINE('',#2891,#2892);
#2891 = CARTESIAN_POINT('',(6.55,-1.64713,6.504291));
#2892 = VECTOR('',#2893,1.);
#2893 = DIRECTION('',(0.,1.,0.));
#2894 = ORIENTED_EDGE('',*,*,#2895,.T.);
#2895 = EDGE_CURVE('',#2888,#2896,#2898,.T.);
#2896 = VERTEX_POINT('',#2897);
#2897 = CARTESIAN_POINT('',(6.55,1.630173,6.011533));
#2898 = LINE('',#2899,#2900);
#2899 = CARTESIAN_POINT('',(6.55,1.630173,6.504291));
#2900 = VECTOR('',#2901,1.);
#2901 = DIRECTION('',(0.,0.,-1.));
#2902 = ORIENTED_EDGE('',*,*,#2903,.T.);
#2903 = EDGE_CURVE('',#2896,#2699,#2904,.T.);
#2904 = LINE('',#2905,#2906);
#2905 = CARTESIAN_POINT('',(6.55,1.630173,6.011533));
#2906 = VECTOR('',#2907,1.);
#2907 = DIRECTION('',(0.,0.306277272459,-0.951942347191));
#2908 = ORIENTED_EDGE('',*,*,#2706,.T.);
#2909 = ORIENTED_EDGE('',*,*,#891,.T.);
#2910 = PLANE('',#2911);
#2911 = AXIS2_PLACEMENT_3D('',#2912,#2913,#2914);
#2912 = CARTESIAN_POINT('',(6.55,-6.254098390486E-03,3.106456865277));
#2913 = DIRECTION('',(1.,0.,0.));
#2914 = DIRECTION('',(0.,0.,1.));
#2915 = ADVANCED_FACE('',(#2916),#2934,.T.);
#2916 = FACE_BOUND('',#2917,.T.);
#2917 = EDGE_LOOP('',(#2918,#2919,#2920,#2928));
#2918 = ORIENTED_EDGE('',*,*,#883,.T.);
#2919 = ORIENTED_EDGE('',*,*,#2855,.T.);
#2920 = ORIENTED_EDGE('',*,*,#2921,.F.);
#2921 = EDGE_CURVE('',#2922,#2856,#2924,.T.);
#2922 = VERTEX_POINT('',#2923);
#2923 = CARTESIAN_POINT('',(8.69,-2.016232,1.330337));
#2924 = LINE('',#2925,#2926);
#2925 = CARTESIAN_POINT('',(8.69,-2.016232,1.330337));
#2926 = VECTOR('',#2927,1.);
#2927 = DIRECTION('',(-1.,-0.,-0.));
#2928 = ORIENTED_EDGE('',*,*,#2929,.F.);
#2929 = EDGE_CURVE('',#876,#2922,#2930,.T.);
#2930 = LINE('',#2931,#2932);
#2931 = CARTESIAN_POINT('',(8.69,-2.225654,0.));
#2932 = VECTOR('',#2933,1.);
#2933 = DIRECTION('',(0.,0.155505255414,0.987835064947));
#2934 = PLANE('',#2935);
#2935 = AXIS2_PLACEMENT_3D('',#2936,#2937,#2938);
#2936 = CARTESIAN_POINT('',(8.69,-2.225654,0.));
#2937 = DIRECTION('',(0.,0.987835064947,-0.155505255414));
#2938 = DIRECTION('',(0.,0.155505255414,0.987835064947));
#2939 = ADVANCED_FACE('',(#2940),#2991,.F.);
#2940 = FACE_BOUND('',#2941,.T.);
#2941 = EDGE_LOOP('',(#2942,#2943,#2951,#2959,#2967,#2975,#2983,#2989,
    #2990));
#2942 = ORIENTED_EDGE('',*,*,#2929,.T.);
#2943 = ORIENTED_EDGE('',*,*,#2944,.T.);
#2944 = EDGE_CURVE('',#2922,#2945,#2947,.T.);
#2945 = VERTEX_POINT('',#2946);
#2946 = CARTESIAN_POINT('',(8.69,-2.016232,3.7725));
#2947 = LINE('',#2948,#2949);
#2948 = CARTESIAN_POINT('',(8.69,-2.016232,1.330337));
#2949 = VECTOR('',#2950,1.);
#2950 = DIRECTION('',(0.,0.,1.));
#2951 = ORIENTED_EDGE('',*,*,#2952,.T.);
#2952 = EDGE_CURVE('',#2945,#2953,#2955,.T.);
#2953 = VERTEX_POINT('',#2954);
#2954 = CARTESIAN_POINT('',(8.69,-1.64713,3.7725));
#2955 = LINE('',#2956,#2957);
#2956 = CARTESIAN_POINT('',(8.69,-2.016232,3.7725));
#2957 = VECTOR('',#2958,1.);
#2958 = DIRECTION('',(0.,1.,0.));
#2959 = ORIENTED_EDGE('',*,*,#2960,.T.);
#2960 = EDGE_CURVE('',#2953,#2961,#2963,.T.);
#2961 = VERTEX_POINT('',#2962);
#2962 = CARTESIAN_POINT('',(8.69,-1.64713,6.504291));
#2963 = LINE('',#2964,#2965);
#2964 = CARTESIAN_POINT('',(8.69,-1.64713,3.7725));
#2965 = VECTOR('',#2966,1.);
#2966 = DIRECTION('',(0.,0.,1.));
#2967 = ORIENTED_EDGE('',*,*,#2968,.T.);
#2968 = EDGE_CURVE('',#2961,#2969,#2971,.T.);
#2969 = VERTEX_POINT('',#2970);
#2970 = CARTESIAN_POINT('',(8.69,1.630173,6.504291));
#2971 = LINE('',#2972,#2973);
#2972 = CARTESIAN_POINT('',(8.69,-1.64713,6.504291));
#2973 = VECTOR('',#2974,1.);
#2974 = DIRECTION('',(0.,1.,0.));
#2975 = ORIENTED_EDGE('',*,*,#2976,.T.);
#2976 = EDGE_CURVE('',#2969,#2977,#2979,.T.);
#2977 = VERTEX_POINT('',#2978);
#2978 = CARTESIAN_POINT('',(8.69,1.630173,6.011533));
#2979 = LINE('',#2980,#2981);
#2980 = CARTESIAN_POINT('',(8.69,1.630173,6.504291));
#2981 = VECTOR('',#2982,1.);
#2982 = DIRECTION('',(0.,0.,-1.));
#2983 = ORIENTED_EDGE('',*,*,#2984,.T.);
#2984 = EDGE_CURVE('',#2977,#2691,#2985,.T.);
#2985 = LINE('',#2986,#2987);
#2986 = CARTESIAN_POINT('',(8.69,1.630173,6.011533));
#2987 = VECTOR('',#2988,1.);
#2988 = DIRECTION('',(0.,0.306277272459,-0.951942347191));
#2989 = ORIENTED_EDGE('',*,*,#2690,.T.);
#2990 = ORIENTED_EDGE('',*,*,#875,.T.);
#2991 = PLANE('',#2992);
#2992 = AXIS2_PLACEMENT_3D('',#2993,#2994,#2995);
#2993 = CARTESIAN_POINT('',(8.69,-6.254098390486E-03,3.106456865277));
#2994 = DIRECTION('',(1.,0.,0.));
#2995 = DIRECTION('',(0.,0.,1.));
#2996 = ADVANCED_FACE('',(#2997),#3045,.T.);
#2997 = FACE_BOUND('',#2998,.T.);
#2998 = EDGE_LOOP('',(#2999,#3007,#3015,#3021,#3022,#3030,#3038,#3044));
#2999 = ORIENTED_EDGE('',*,*,#3000,.F.);
#3000 = EDGE_CURVE('',#3001,#932,#3003,.T.);
#3001 = VERTEX_POINT('',#3002);
#3002 = CARTESIAN_POINT('',(11.23,2.085974,4.594855));
#3003 = LINE('',#3004,#3005);
#3004 = CARTESIAN_POINT('',(11.23,2.085974,4.594855));
#3005 = VECTOR('',#3006,1.);
#3006 = DIRECTION('',(0.,0.,-1.));
#3007 = ORIENTED_EDGE('',*,*,#3008,.T.);
#3008 = EDGE_CURVE('',#3001,#3009,#3011,.T.);
#3009 = VERTEX_POINT('',#3010);
#3010 = CARTESIAN_POINT('',(9.09,2.085974,4.594855));
#3011 = LINE('',#3012,#3013);
#3012 = CARTESIAN_POINT('',(11.23,2.085974,4.594855));
#3013 = VECTOR('',#3014,1.);
#3014 = DIRECTION('',(-1.,-0.,-0.));
#3015 = ORIENTED_EDGE('',*,*,#3016,.T.);
#3016 = EDGE_CURVE('',#3009,#958,#3017,.T.);
#3017 = LINE('',#3018,#3019);
#3018 = CARTESIAN_POINT('',(9.09,2.085974,4.594855));
#3019 = VECTOR('',#3020,1.);
#3020 = DIRECTION('',(0.,0.,-1.));
#3021 = ORIENTED_EDGE('',*,*,#965,.F.);
#3022 = ORIENTED_EDGE('',*,*,#3023,.F.);
#3023 = EDGE_CURVE('',#3024,#966,#3026,.T.);
#3024 = VERTEX_POINT('',#3025);
#3025 = CARTESIAN_POINT('',(9.46,2.085974,3.7725668));
#3026 = LINE('',#3027,#3028);
#3027 = CARTESIAN_POINT('',(9.46,2.085974,3.7725668));
#3028 = VECTOR('',#3029,1.);
#3029 = DIRECTION('',(0.,0.,-1.));
#3030 = ORIENTED_EDGE('',*,*,#3031,.F.);
#3031 = EDGE_CURVE('',#3032,#3024,#3034,.T.);
#3032 = VERTEX_POINT('',#3033);
#3033 = CARTESIAN_POINT('',(10.86,2.085974,3.7725668));
#3034 = LINE('',#3035,#3036);
#3035 = CARTESIAN_POINT('',(10.86,2.085974,3.7725668));
#3036 = VECTOR('',#3037,1.);
#3037 = DIRECTION('',(-1.,-0.,-0.));
#3038 = ORIENTED_EDGE('',*,*,#3039,.T.);
#3039 = EDGE_CURVE('',#3032,#934,#3040,.T.);
#3040 = LINE('',#3041,#3042);
#3041 = CARTESIAN_POINT('',(10.86,2.085974,3.7725668));
#3042 = VECTOR('',#3043,1.);
#3043 = DIRECTION('',(0.,0.,-1.));
#3044 = ORIENTED_EDGE('',*,*,#931,.F.);
#3045 = PLANE('',#3046);
#3046 = AXIS2_PLACEMENT_3D('',#3047,#3048,#3049);
#3047 = CARTESIAN_POINT('',(11.23,2.085974,4.594855));
#3048 = DIRECTION('',(0.,-1.,0.));
#3049 = DIRECTION('',(0.,0.,-1.));
#3050 = ADVANCED_FACE('',(#3051),#3092,.F.);
#3051 = FACE_BOUND('',#3052,.F.);
#3052 = EDGE_LOOP('',(#3053,#3061,#3069,#3075,#3076,#3077,#3085,#3091));
#3053 = ORIENTED_EDGE('',*,*,#3054,.T.);
#3054 = EDGE_CURVE('',#1585,#3055,#3057,.T.);
#3055 = VERTEX_POINT('',#3056);
#3056 = CARTESIAN_POINT('',(10.86,2.523512383178,4.8494725));
#3057 = LINE('',#3058,#3059);
#3058 = CARTESIAN_POINT('',(10.86,2.323466850359,5.562968233721));
#3059 = VECTOR('',#3060,1.);
#3060 = DIRECTION('',(0.,-0.269963692325,0.962870502626));
#3061 = ORIENTED_EDGE('',*,*,#3062,.T.);
#3062 = EDGE_CURVE('',#3055,#3063,#3065,.T.);
#3063 = VERTEX_POINT('',#3064);
#3064 = CARTESIAN_POINT('',(10.86,2.523512383178,3.7725668));
#3065 = LINE('',#3066,#3067);
#3066 = CARTESIAN_POINT('',(10.86,2.523512383178,4.8494725));
#3067 = VECTOR('',#3068,1.);
#3068 = DIRECTION('',(0.,0.,-1.));
#3069 = ORIENTED_EDGE('',*,*,#3070,.T.);
#3070 = EDGE_CURVE('',#3063,#3032,#3071,.T.);
#3071 = LINE('',#3072,#3073);
#3072 = CARTESIAN_POINT('',(10.86,2.523512383178,3.7725668));
#3073 = VECTOR('',#3074,1.);
#3074 = DIRECTION('',(0.,-1.,0.));
#3075 = ORIENTED_EDGE('',*,*,#3039,.T.);
#3076 = ORIENTED_EDGE('',*,*,#989,.T.);
#3077 = ORIENTED_EDGE('',*,*,#3078,.T.);
#3078 = EDGE_CURVE('',#982,#3079,#3081,.T.);
#3079 = VERTEX_POINT('',#3080);
#3080 = CARTESIAN_POINT('',(10.86,2.527085,1.5091518));
#3081 = LINE('',#3082,#3083);
#3082 = CARTESIAN_POINT('',(10.86,2.527085,0.));
#3083 = VECTOR('',#3084,1.);
#3084 = DIRECTION('',(0.,0.,1.));
#3085 = ORIENTED_EDGE('',*,*,#3086,.T.);
#3086 = EDGE_CURVE('',#3079,#1593,#3087,.T.);
#3087 = LINE('',#3088,#3089);
#3088 = CARTESIAN_POINT('',(10.86,2.527085,1.5091518));
#3089 = VECTOR('',#3090,1.);
#3090 = DIRECTION('',(0.,1.,0.));
#3091 = ORIENTED_EDGE('',*,*,#1592,.T.);
#3092 = PLANE('',#3093);
#3093 = AXIS2_PLACEMENT_3D('',#3094,#3095,#3096);
#3094 = CARTESIAN_POINT('',(10.86,2.689011253687,2.497546996313));
#3095 = DIRECTION('',(1.,0.,0.));
#3096 = DIRECTION('',(0.,0.,1.));
#3097 = ADVANCED_FACE('',(#3098),#3116,.F.);
#3098 = FACE_BOUND('',#3099,.F.);
#3099 = EDGE_LOOP('',(#3100,#3101,#3109,#3115));
#3100 = ORIENTED_EDGE('',*,*,#981,.T.);
#3101 = ORIENTED_EDGE('',*,*,#3102,.T.);
#3102 = EDGE_CURVE('',#974,#3103,#3105,.T.);
#3103 = VERTEX_POINT('',#3104);
#3104 = CARTESIAN_POINT('',(9.46,2.527085,1.5091518));
#3105 = LINE('',#3106,#3107);
#3106 = CARTESIAN_POINT('',(9.46,2.527085,0.));
#3107 = VECTOR('',#3108,1.);
#3108 = DIRECTION('',(0.,0.,1.));
#3109 = ORIENTED_EDGE('',*,*,#3110,.F.);
#3110 = EDGE_CURVE('',#3079,#3103,#3111,.T.);
#3111 = LINE('',#3112,#3113);
#3112 = CARTESIAN_POINT('',(10.86,2.527085,1.5091518));
#3113 = VECTOR('',#3114,1.);
#3114 = DIRECTION('',(-1.,-0.,-0.));
#3115 = ORIENTED_EDGE('',*,*,#3078,.F.);
#3116 = PLANE('',#3117);
#3117 = AXIS2_PLACEMENT_3D('',#3118,#3119,#3120);
#3118 = CARTESIAN_POINT('',(10.86,2.527085,0.));
#3119 = DIRECTION('',(0.,1.,0.));
#3120 = DIRECTION('',(0.,0.,1.));
#3121 = ADVANCED_FACE('',(#3122),#3156,.T.);
#3122 = FACE_BOUND('',#3123,.T.);
#3123 = EDGE_LOOP('',(#3124,#3132,#3140,#3146,#3147,#3148,#3149,#3155));
#3124 = ORIENTED_EDGE('',*,*,#3125,.T.);
#3125 = EDGE_CURVE('',#1609,#3126,#3128,.T.);
#3126 = VERTEX_POINT('',#3127);
#3127 = CARTESIAN_POINT('',(9.46,2.523512383178,4.8494725));
#3128 = LINE('',#3129,#3130);
#3129 = CARTESIAN_POINT('',(9.46,2.323466850359,5.562968233721));
#3130 = VECTOR('',#3131,1.);
#3131 = DIRECTION('',(0.,-0.269963692325,0.962870502626));
#3132 = ORIENTED_EDGE('',*,*,#3133,.T.);
#3133 = EDGE_CURVE('',#3126,#3134,#3136,.T.);
#3134 = VERTEX_POINT('',#3135);
#3135 = CARTESIAN_POINT('',(9.46,2.523512383178,3.7725668));
#3136 = LINE('',#3137,#3138);
#3137 = CARTESIAN_POINT('',(9.46,2.523512383178,4.8494725));
#3138 = VECTOR('',#3139,1.);
#3139 = DIRECTION('',(0.,0.,-1.));
#3140 = ORIENTED_EDGE('',*,*,#3141,.T.);
#3141 = EDGE_CURVE('',#3134,#3024,#3142,.T.);
#3142 = LINE('',#3143,#3144);
#3143 = CARTESIAN_POINT('',(9.46,2.523512383178,3.7725668));
#3144 = VECTOR('',#3145,1.);
#3145 = DIRECTION('',(0.,-1.,0.));
#3146 = ORIENTED_EDGE('',*,*,#3023,.T.);
#3147 = ORIENTED_EDGE('',*,*,#973,.T.);
#3148 = ORIENTED_EDGE('',*,*,#3102,.T.);
#3149 = ORIENTED_EDGE('',*,*,#3150,.T.);
#3150 = EDGE_CURVE('',#3103,#1601,#3151,.T.);
#3151 = LINE('',#3152,#3153);
#3152 = CARTESIAN_POINT('',(9.46,2.527085,1.5091518));
#3153 = VECTOR('',#3154,1.);
#3154 = DIRECTION('',(0.,1.,0.));
#3155 = ORIENTED_EDGE('',*,*,#1608,.T.);
#3156 = PLANE('',#3157);
#3157 = AXIS2_PLACEMENT_3D('',#3158,#3159,#3160);
#3158 = CARTESIAN_POINT('',(9.46,2.689011253687,2.497546996313));
#3159 = DIRECTION('',(1.,0.,0.));
#3160 = DIRECTION('',(0.,0.,1.));
#3161 = ADVANCED_FACE('',(#3162),#3220,.T.);
#3162 = FACE_BOUND('',#3163,.F.);
#3163 = EDGE_LOOP('',(#3164,#3172,#3180,#3188,#3196,#3204,#3212,#3218,
    #3219));
#3164 = ORIENTED_EDGE('',*,*,#3165,.T.);
#3165 = EDGE_CURVE('',#950,#3166,#3168,.T.);
#3166 = VERTEX_POINT('',#3167);
#3167 = CARTESIAN_POINT('',(9.09,-2.016232,1.330337));
#3168 = LINE('',#3169,#3170);
#3169 = CARTESIAN_POINT('',(9.09,-2.225654,0.));
#3170 = VECTOR('',#3171,1.);
#3171 = DIRECTION('',(0.,0.155505255414,0.987835064947));
#3172 = ORIENTED_EDGE('',*,*,#3173,.T.);
#3173 = EDGE_CURVE('',#3166,#3174,#3176,.T.);
#3174 = VERTEX_POINT('',#3175);
#3175 = CARTESIAN_POINT('',(9.09,-2.016232,3.7725));
#3176 = LINE('',#3177,#3178);
#3177 = CARTESIAN_POINT('',(9.09,-2.016232,1.330337));
#3178 = VECTOR('',#3179,1.);
#3179 = DIRECTION('',(0.,0.,1.));
#3180 = ORIENTED_EDGE('',*,*,#3181,.T.);
#3181 = EDGE_CURVE('',#3174,#3182,#3184,.T.);
#3182 = VERTEX_POINT('',#3183);
#3183 = CARTESIAN_POINT('',(9.09,-1.64713,3.7725));
#3184 = LINE('',#3185,#3186);
#3185 = CARTESIAN_POINT('',(9.09,-2.016232,3.7725));
#3186 = VECTOR('',#3187,1.);
#3187 = DIRECTION('',(0.,1.,0.));
#3188 = ORIENTED_EDGE('',*,*,#3189,.T.);
#3189 = EDGE_CURVE('',#3182,#3190,#3192,.T.);
#3190 = VERTEX_POINT('',#3191);
#3191 = CARTESIAN_POINT('',(9.09,-1.64713,6.504291));
#3192 = LINE('',#3193,#3194);
#3193 = CARTESIAN_POINT('',(9.09,-1.64713,3.7725));
#3194 = VECTOR('',#3195,1.);
#3195 = DIRECTION('',(0.,0.,1.));
#3196 = ORIENTED_EDGE('',*,*,#3197,.T.);
#3197 = EDGE_CURVE('',#3190,#3198,#3200,.T.);
#3198 = VERTEX_POINT('',#3199);
#3199 = CARTESIAN_POINT('',(9.09,1.630173,6.504291));
#3200 = LINE('',#3201,#3202);
#3201 = CARTESIAN_POINT('',(9.09,-1.64713,6.504291));
#3202 = VECTOR('',#3203,1.);
#3203 = DIRECTION('',(0.,1.,0.));
#3204 = ORIENTED_EDGE('',*,*,#3205,.T.);
#3205 = EDGE_CURVE('',#3198,#3206,#3208,.T.);
#3206 = VERTEX_POINT('',#3207);
#3207 = CARTESIAN_POINT('',(9.09,1.630173,6.011533));
#3208 = LINE('',#3209,#3210);
#3209 = CARTESIAN_POINT('',(9.09,1.630173,6.504291));
#3210 = VECTOR('',#3211,1.);
#3211 = DIRECTION('',(0.,0.,-1.));
#3212 = ORIENTED_EDGE('',*,*,#3213,.T.);
#3213 = EDGE_CURVE('',#3206,#3009,#3214,.T.);
#3214 = LINE('',#3215,#3216);
#3215 = CARTESIAN_POINT('',(9.09,1.630173,6.011533));
#3216 = VECTOR('',#3217,1.);
#3217 = DIRECTION('',(0.,0.306277272459,-0.951942347191));
#3218 = ORIENTED_EDGE('',*,*,#3016,.T.);
#3219 = ORIENTED_EDGE('',*,*,#957,.T.);
#3220 = PLANE('',#3221);
#3221 = AXIS2_PLACEMENT_3D('',#3222,#3223,#3224);
#3222 = CARTESIAN_POINT('',(9.09,-6.254098390486E-03,3.106456865277));
#3223 = DIRECTION('',(1.,0.,0.));
#3224 = DIRECTION('',(0.,0.,1.));
#3225 = ADVANCED_FACE('',(#3226),#3244,.T.);
#3226 = FACE_BOUND('',#3227,.T.);
#3227 = EDGE_LOOP('',(#3228,#3229,#3230,#3238));
#3228 = ORIENTED_EDGE('',*,*,#949,.T.);
#3229 = ORIENTED_EDGE('',*,*,#3165,.T.);
#3230 = ORIENTED_EDGE('',*,*,#3231,.F.);
#3231 = EDGE_CURVE('',#3232,#3166,#3234,.T.);
#3232 = VERTEX_POINT('',#3233);
#3233 = CARTESIAN_POINT('',(11.23,-2.016232,1.330337));
#3234 = LINE('',#3235,#3236);
#3235 = CARTESIAN_POINT('',(11.23,-2.016232,1.330337));
#3236 = VECTOR('',#3237,1.);
#3237 = DIRECTION('',(-1.,-0.,-0.));
#3238 = ORIENTED_EDGE('',*,*,#3239,.F.);
#3239 = EDGE_CURVE('',#942,#3232,#3240,.T.);
#3240 = LINE('',#3241,#3242);
#3241 = CARTESIAN_POINT('',(11.23,-2.225654,0.));
#3242 = VECTOR('',#3243,1.);
#3243 = DIRECTION('',(0.,0.155505255414,0.987835064947));
#3244 = PLANE('',#3245);
#3245 = AXIS2_PLACEMENT_3D('',#3246,#3247,#3248);
#3246 = CARTESIAN_POINT('',(11.23,-2.225654,0.));
#3247 = DIRECTION('',(0.,0.987835064947,-0.155505255414));
#3248 = DIRECTION('',(0.,0.155505255414,0.987835064947));
#3249 = ADVANCED_FACE('',(#3250),#3301,.F.);
#3250 = FACE_BOUND('',#3251,.T.);
#3251 = EDGE_LOOP('',(#3252,#3253,#3261,#3269,#3277,#3285,#3293,#3299,
    #3300));
#3252 = ORIENTED_EDGE('',*,*,#3239,.T.);
#3253 = ORIENTED_EDGE('',*,*,#3254,.T.);
#3254 = EDGE_CURVE('',#3232,#3255,#3257,.T.);
#3255 = VERTEX_POINT('',#3256);
#3256 = CARTESIAN_POINT('',(11.23,-2.016232,3.7725));
#3257 = LINE('',#3258,#3259);
#3258 = CARTESIAN_POINT('',(11.23,-2.016232,1.330337));
#3259 = VECTOR('',#3260,1.);
#3260 = DIRECTION('',(0.,0.,1.));
#3261 = ORIENTED_EDGE('',*,*,#3262,.T.);
#3262 = EDGE_CURVE('',#3255,#3263,#3265,.T.);
#3263 = VERTEX_POINT('',#3264);
#3264 = CARTESIAN_POINT('',(11.23,-1.64713,3.7725));
#3265 = LINE('',#3266,#3267);
#3266 = CARTESIAN_POINT('',(11.23,-2.016232,3.7725));
#3267 = VECTOR('',#3268,1.);
#3268 = DIRECTION('',(0.,1.,0.));
#3269 = ORIENTED_EDGE('',*,*,#3270,.T.);
#3270 = EDGE_CURVE('',#3263,#3271,#3273,.T.);
#3271 = VERTEX_POINT('',#3272);
#3272 = CARTESIAN_POINT('',(11.23,-1.64713,6.504291));
#3273 = LINE('',#3274,#3275);
#3274 = CARTESIAN_POINT('',(11.23,-1.64713,3.7725));
#3275 = VECTOR('',#3276,1.);
#3276 = DIRECTION('',(0.,0.,1.));
#3277 = ORIENTED_EDGE('',*,*,#3278,.T.);
#3278 = EDGE_CURVE('',#3271,#3279,#3281,.T.);
#3279 = VERTEX_POINT('',#3280);
#3280 = CARTESIAN_POINT('',(11.23,1.630173,6.504291));
#3281 = LINE('',#3282,#3283);
#3282 = CARTESIAN_POINT('',(11.23,-1.64713,6.504291));
#3283 = VECTOR('',#3284,1.);
#3284 = DIRECTION('',(0.,1.,0.));
#3285 = ORIENTED_EDGE('',*,*,#3286,.T.);
#3286 = EDGE_CURVE('',#3279,#3287,#3289,.T.);
#3287 = VERTEX_POINT('',#3288);
#3288 = CARTESIAN_POINT('',(11.23,1.630173,6.011533));
#3289 = LINE('',#3290,#3291);
#3290 = CARTESIAN_POINT('',(11.23,1.630173,6.504291));
#3291 = VECTOR('',#3292,1.);
#3292 = DIRECTION('',(0.,0.,-1.));
#3293 = ORIENTED_EDGE('',*,*,#3294,.T.);
#3294 = EDGE_CURVE('',#3287,#3001,#3295,.T.);
#3295 = LINE('',#3296,#3297);
#3296 = CARTESIAN_POINT('',(11.23,1.630173,6.011533));
#3297 = VECTOR('',#3298,1.);
#3298 = DIRECTION('',(0.,0.306277272459,-0.951942347191));
#3299 = ORIENTED_EDGE('',*,*,#3000,.T.);
#3300 = ORIENTED_EDGE('',*,*,#941,.T.);
#3301 = PLANE('',#3302);
#3302 = AXIS2_PLACEMENT_3D('',#3303,#3304,#3305);
#3303 = CARTESIAN_POINT('',(11.23,-6.254098390486E-03,3.106456865277));
#3304 = DIRECTION('',(1.,0.,0.));
#3305 = DIRECTION('',(0.,0.,1.));
#3306 = ADVANCED_FACE('',(#3307),#3355,.T.);
#3307 = FACE_BOUND('',#3308,.T.);
#3308 = EDGE_LOOP('',(#3309,#3317,#3325,#3331,#3332,#3340,#3348,#3354));
#3309 = ORIENTED_EDGE('',*,*,#3310,.F.);
#3310 = EDGE_CURVE('',#3311,#998,#3313,.T.);
#3311 = VERTEX_POINT('',#3312);
#3312 = CARTESIAN_POINT('',(13.77,2.085974,4.594855));
#3313 = LINE('',#3314,#3315);
#3314 = CARTESIAN_POINT('',(13.77,2.085974,4.594855));
#3315 = VECTOR('',#3316,1.);
#3316 = DIRECTION('',(0.,0.,-1.));
#3317 = ORIENTED_EDGE('',*,*,#3318,.T.);
#3318 = EDGE_CURVE('',#3311,#3319,#3321,.T.);
#3319 = VERTEX_POINT('',#3320);
#3320 = CARTESIAN_POINT('',(11.63,2.085974,4.594855));
#3321 = LINE('',#3322,#3323);
#3322 = CARTESIAN_POINT('',(13.77,2.085974,4.594855));
#3323 = VECTOR('',#3324,1.);
#3324 = DIRECTION('',(-1.,-0.,-0.));
#3325 = ORIENTED_EDGE('',*,*,#3326,.T.);
#3326 = EDGE_CURVE('',#3319,#1024,#3327,.T.);
#3327 = LINE('',#3328,#3329);
#3328 = CARTESIAN_POINT('',(11.63,2.085974,4.594855));
#3329 = VECTOR('',#3330,1.);
#3330 = DIRECTION('',(0.,0.,-1.));
#3331 = ORIENTED_EDGE('',*,*,#1031,.F.);
#3332 = ORIENTED_EDGE('',*,*,#3333,.F.);
#3333 = EDGE_CURVE('',#3334,#1032,#3336,.T.);
#3334 = VERTEX_POINT('',#3335);
#3335 = CARTESIAN_POINT('',(12.,2.085974,3.7725668));
#3336 = LINE('',#3337,#3338);
#3337 = CARTESIAN_POINT('',(12.,2.085974,3.7725668));
#3338 = VECTOR('',#3339,1.);
#3339 = DIRECTION('',(0.,0.,-1.));
#3340 = ORIENTED_EDGE('',*,*,#3341,.F.);
#3341 = EDGE_CURVE('',#3342,#3334,#3344,.T.);
#3342 = VERTEX_POINT('',#3343);
#3343 = CARTESIAN_POINT('',(13.4,2.085974,3.7725668));
#3344 = LINE('',#3345,#3346);
#3345 = CARTESIAN_POINT('',(13.4,2.085974,3.7725668));
#3346 = VECTOR('',#3347,1.);
#3347 = DIRECTION('',(-1.,-0.,-0.));
#3348 = ORIENTED_EDGE('',*,*,#3349,.T.);
#3349 = EDGE_CURVE('',#3342,#1000,#3350,.T.);
#3350 = LINE('',#3351,#3352);
#3351 = CARTESIAN_POINT('',(13.4,2.085974,3.7725668));
#3352 = VECTOR('',#3353,1.);
#3353 = DIRECTION('',(0.,0.,-1.));
#3354 = ORIENTED_EDGE('',*,*,#997,.F.);
#3355 = PLANE('',#3356);
#3356 = AXIS2_PLACEMENT_3D('',#3357,#3358,#3359);
#3357 = CARTESIAN_POINT('',(13.77,2.085974,4.594855));
#3358 = DIRECTION('',(0.,-1.,0.));
#3359 = DIRECTION('',(0.,0.,-1.));
#3360 = ADVANCED_FACE('',(#3361),#3402,.F.);
#3361 = FACE_BOUND('',#3362,.F.);
#3362 = EDGE_LOOP('',(#3363,#3371,#3379,#3385,#3386,#3387,#3395,#3401));
#3363 = ORIENTED_EDGE('',*,*,#3364,.T.);
#3364 = EDGE_CURVE('',#1553,#3365,#3367,.T.);
#3365 = VERTEX_POINT('',#3366);
#3366 = CARTESIAN_POINT('',(13.4,2.523512383178,4.8494725));
#3367 = LINE('',#3368,#3369);
#3368 = CARTESIAN_POINT('',(13.4,2.323466850359,5.562968233721));
#3369 = VECTOR('',#3370,1.);
#3370 = DIRECTION('',(0.,-0.269963692325,0.962870502626));
#3371 = ORIENTED_EDGE('',*,*,#3372,.T.);
#3372 = EDGE_CURVE('',#3365,#3373,#3375,.T.);
#3373 = VERTEX_POINT('',#3374);
#3374 = CARTESIAN_POINT('',(13.4,2.523512383178,3.7725668));
#3375 = LINE('',#3376,#3377);
#3376 = CARTESIAN_POINT('',(13.4,2.523512383178,4.8494725));
#3377 = VECTOR('',#3378,1.);
#3378 = DIRECTION('',(0.,0.,-1.));
#3379 = ORIENTED_EDGE('',*,*,#3380,.T.);
#3380 = EDGE_CURVE('',#3373,#3342,#3381,.T.);
#3381 = LINE('',#3382,#3383);
#3382 = CARTESIAN_POINT('',(13.4,2.523512383178,3.7725668));
#3383 = VECTOR('',#3384,1.);
#3384 = DIRECTION('',(0.,-1.,0.));
#3385 = ORIENTED_EDGE('',*,*,#3349,.T.);
#3386 = ORIENTED_EDGE('',*,*,#1055,.T.);
#3387 = ORIENTED_EDGE('',*,*,#3388,.T.);
#3388 = EDGE_CURVE('',#1048,#3389,#3391,.T.);
#3389 = VERTEX_POINT('',#3390);
#3390 = CARTESIAN_POINT('',(13.4,2.527085,1.5091518));
#3391 = LINE('',#3392,#3393);
#3392 = CARTESIAN_POINT('',(13.4,2.527085,0.));
#3393 = VECTOR('',#3394,1.);
#3394 = DIRECTION('',(0.,0.,1.));
#3395 = ORIENTED_EDGE('',*,*,#3396,.T.);
#3396 = EDGE_CURVE('',#3389,#1561,#3397,.T.);
#3397 = LINE('',#3398,#3399);
#3398 = CARTESIAN_POINT('',(13.4,2.527085,1.5091518));
#3399 = VECTOR('',#3400,1.);
#3400 = DIRECTION('',(0.,1.,0.));
#3401 = ORIENTED_EDGE('',*,*,#1560,.T.);
#3402 = PLANE('',#3403);
#3403 = AXIS2_PLACEMENT_3D('',#3404,#3405,#3406);
#3404 = CARTESIAN_POINT('',(13.4,2.689011253687,2.497546996313));
#3405 = DIRECTION('',(1.,0.,0.));
#3406 = DIRECTION('',(0.,0.,1.));
#3407 = ADVANCED_FACE('',(#3408),#3426,.F.);
#3408 = FACE_BOUND('',#3409,.F.);
#3409 = EDGE_LOOP('',(#3410,#3411,#3419,#3425));
#3410 = ORIENTED_EDGE('',*,*,#1047,.T.);
#3411 = ORIENTED_EDGE('',*,*,#3412,.T.);
#3412 = EDGE_CURVE('',#1040,#3413,#3415,.T.);
#3413 = VERTEX_POINT('',#3414);
#3414 = CARTESIAN_POINT('',(12.,2.527085,1.5091518));
#3415 = LINE('',#3416,#3417);
#3416 = CARTESIAN_POINT('',(12.,2.527085,0.));
#3417 = VECTOR('',#3418,1.);
#3418 = DIRECTION('',(0.,0.,1.));
#3419 = ORIENTED_EDGE('',*,*,#3420,.F.);
#3420 = EDGE_CURVE('',#3389,#3413,#3421,.T.);
#3421 = LINE('',#3422,#3423);
#3422 = CARTESIAN_POINT('',(13.4,2.527085,1.5091518));
#3423 = VECTOR('',#3424,1.);
#3424 = DIRECTION('',(-1.,-0.,-0.));
#3425 = ORIENTED_EDGE('',*,*,#3388,.F.);
#3426 = PLANE('',#3427);
#3427 = AXIS2_PLACEMENT_3D('',#3428,#3429,#3430);
#3428 = CARTESIAN_POINT('',(13.4,2.527085,0.));
#3429 = DIRECTION('',(0.,1.,0.));
#3430 = DIRECTION('',(0.,0.,1.));
#3431 = ADVANCED_FACE('',(#3432),#3466,.T.);
#3432 = FACE_BOUND('',#3433,.T.);
#3433 = EDGE_LOOP('',(#3434,#3442,#3450,#3456,#3457,#3458,#3459,#3465));
#3434 = ORIENTED_EDGE('',*,*,#3435,.T.);
#3435 = EDGE_CURVE('',#1577,#3436,#3438,.T.);
#3436 = VERTEX_POINT('',#3437);
#3437 = CARTESIAN_POINT('',(12.,2.523512383178,4.8494725));
#3438 = LINE('',#3439,#3440);
#3439 = CARTESIAN_POINT('',(12.,2.323466850359,5.562968233721));
#3440 = VECTOR('',#3441,1.);
#3441 = DIRECTION('',(0.,-0.269963692325,0.962870502626));
#3442 = ORIENTED_EDGE('',*,*,#3443,.T.);
#3443 = EDGE_CURVE('',#3436,#3444,#3446,.T.);
#3444 = VERTEX_POINT('',#3445);
#3445 = CARTESIAN_POINT('',(12.,2.523512383178,3.7725668));
#3446 = LINE('',#3447,#3448);
#3447 = CARTESIAN_POINT('',(12.,2.523512383178,4.8494725));
#3448 = VECTOR('',#3449,1.);
#3449 = DIRECTION('',(0.,0.,-1.));
#3450 = ORIENTED_EDGE('',*,*,#3451,.T.);
#3451 = EDGE_CURVE('',#3444,#3334,#3452,.T.);
#3452 = LINE('',#3453,#3454);
#3453 = CARTESIAN_POINT('',(12.,2.523512383178,3.7725668));
#3454 = VECTOR('',#3455,1.);
#3455 = DIRECTION('',(0.,-1.,0.));
#3456 = ORIENTED_EDGE('',*,*,#3333,.T.);
#3457 = ORIENTED_EDGE('',*,*,#1039,.T.);
#3458 = ORIENTED_EDGE('',*,*,#3412,.T.);
#3459 = ORIENTED_EDGE('',*,*,#3460,.T.);
#3460 = EDGE_CURVE('',#3413,#1569,#3461,.T.);
#3461 = LINE('',#3462,#3463);
#3462 = CARTESIAN_POINT('',(12.,2.527085,1.5091518));
#3463 = VECTOR('',#3464,1.);
#3464 = DIRECTION('',(0.,1.,0.));
#3465 = ORIENTED_EDGE('',*,*,#1576,.T.);
#3466 = PLANE('',#3467);
#3467 = AXIS2_PLACEMENT_3D('',#3468,#3469,#3470);
#3468 = CARTESIAN_POINT('',(12.,2.689011253687,2.497546996313));
#3469 = DIRECTION('',(1.,0.,0.));
#3470 = DIRECTION('',(0.,0.,1.));
#3471 = ADVANCED_FACE('',(#3472),#3530,.T.);
#3472 = FACE_BOUND('',#3473,.F.);
#3473 = EDGE_LOOP('',(#3474,#3482,#3490,#3498,#3506,#3514,#3522,#3528,
    #3529));
#3474 = ORIENTED_EDGE('',*,*,#3475,.T.);
#3475 = EDGE_CURVE('',#1016,#3476,#3478,.T.);
#3476 = VERTEX_POINT('',#3477);
#3477 = CARTESIAN_POINT('',(11.63,-2.016232,1.330337));
#3478 = LINE('',#3479,#3480);
#3479 = CARTESIAN_POINT('',(11.63,-2.225654,0.));
#3480 = VECTOR('',#3481,1.);
#3481 = DIRECTION('',(0.,0.155505255414,0.987835064947));
#3482 = ORIENTED_EDGE('',*,*,#3483,.T.);
#3483 = EDGE_CURVE('',#3476,#3484,#3486,.T.);
#3484 = VERTEX_POINT('',#3485);
#3485 = CARTESIAN_POINT('',(11.63,-2.016232,3.7725));
#3486 = LINE('',#3487,#3488);
#3487 = CARTESIAN_POINT('',(11.63,-2.016232,1.330337));
#3488 = VECTOR('',#3489,1.);
#3489 = DIRECTION('',(0.,0.,1.));
#3490 = ORIENTED_EDGE('',*,*,#3491,.T.);
#3491 = EDGE_CURVE('',#3484,#3492,#3494,.T.);
#3492 = VERTEX_POINT('',#3493);
#3493 = CARTESIAN_POINT('',(11.63,-1.64713,3.7725));
#3494 = LINE('',#3495,#3496);
#3495 = CARTESIAN_POINT('',(11.63,-2.016232,3.7725));
#3496 = VECTOR('',#3497,1.);
#3497 = DIRECTION('',(0.,1.,0.));
#3498 = ORIENTED_EDGE('',*,*,#3499,.T.);
#3499 = EDGE_CURVE('',#3492,#3500,#3502,.T.);
#3500 = VERTEX_POINT('',#3501);
#3501 = CARTESIAN_POINT('',(11.63,-1.64713,6.504291));
#3502 = LINE('',#3503,#3504);
#3503 = CARTESIAN_POINT('',(11.63,-1.64713,3.7725));
#3504 = VECTOR('',#3505,1.);
#3505 = DIRECTION('',(0.,0.,1.));
#3506 = ORIENTED_EDGE('',*,*,#3507,.T.);
#3507 = EDGE_CURVE('',#3500,#3508,#3510,.T.);
#3508 = VERTEX_POINT('',#3509);
#3509 = CARTESIAN_POINT('',(11.63,1.630173,6.504291));
#3510 = LINE('',#3511,#3512);
#3511 = CARTESIAN_POINT('',(11.63,-1.64713,6.504291));
#3512 = VECTOR('',#3513,1.);
#3513 = DIRECTION('',(0.,1.,0.));
#3514 = ORIENTED_EDGE('',*,*,#3515,.T.);
#3515 = EDGE_CURVE('',#3508,#3516,#3518,.T.);
#3516 = VERTEX_POINT('',#3517);
#3517 = CARTESIAN_POINT('',(11.63,1.630173,6.011533));
#3518 = LINE('',#3519,#3520);
#3519 = CARTESIAN_POINT('',(11.63,1.630173,6.504291));
#3520 = VECTOR('',#3521,1.);
#3521 = DIRECTION('',(0.,0.,-1.));
#3522 = ORIENTED_EDGE('',*,*,#3523,.T.);
#3523 = EDGE_CURVE('',#3516,#3319,#3524,.T.);
#3524 = LINE('',#3525,#3526);
#3525 = CARTESIAN_POINT('',(11.63,1.630173,6.011533));
#3526 = VECTOR('',#3527,1.);
#3527 = DIRECTION('',(0.,0.306277272459,-0.951942347191));
#3528 = ORIENTED_EDGE('',*,*,#3326,.T.);
#3529 = ORIENTED_EDGE('',*,*,#1023,.T.);
#3530 = PLANE('',#3531);
#3531 = AXIS2_PLACEMENT_3D('',#3532,#3533,#3534);
#3532 = CARTESIAN_POINT('',(11.63,-6.254098390486E-03,3.106456865277));
#3533 = DIRECTION('',(1.,0.,0.));
#3534 = DIRECTION('',(0.,0.,1.));
#3535 = ADVANCED_FACE('',(#3536),#3554,.T.);
#3536 = FACE_BOUND('',#3537,.T.);
#3537 = EDGE_LOOP('',(#3538,#3539,#3540,#3548));
#3538 = ORIENTED_EDGE('',*,*,#1015,.T.);
#3539 = ORIENTED_EDGE('',*,*,#3475,.T.);
#3540 = ORIENTED_EDGE('',*,*,#3541,.F.);
#3541 = EDGE_CURVE('',#3542,#3476,#3544,.T.);
#3542 = VERTEX_POINT('',#3543);
#3543 = CARTESIAN_POINT('',(13.77,-2.016232,1.330337));
#3544 = LINE('',#3545,#3546);
#3545 = CARTESIAN_POINT('',(13.77,-2.016232,1.330337));
#3546 = VECTOR('',#3547,1.);
#3547 = DIRECTION('',(-1.,-0.,-0.));
#3548 = ORIENTED_EDGE('',*,*,#3549,.F.);
#3549 = EDGE_CURVE('',#1008,#3542,#3550,.T.);
#3550 = LINE('',#3551,#3552);
#3551 = CARTESIAN_POINT('',(13.77,-2.225654,0.));
#3552 = VECTOR('',#3553,1.);
#3553 = DIRECTION('',(0.,0.155505255414,0.987835064947));
#3554 = PLANE('',#3555);
#3555 = AXIS2_PLACEMENT_3D('',#3556,#3557,#3558);
#3556 = CARTESIAN_POINT('',(13.77,-2.225654,0.));
#3557 = DIRECTION('',(0.,0.987835064947,-0.155505255414));
#3558 = DIRECTION('',(0.,0.155505255414,0.987835064947));
#3559 = ADVANCED_FACE('',(#3560),#3611,.F.);
#3560 = FACE_BOUND('',#3561,.T.);
#3561 = EDGE_LOOP('',(#3562,#3563,#3571,#3579,#3587,#3595,#3603,#3609,
    #3610));
#3562 = ORIENTED_EDGE('',*,*,#3549,.T.);
#3563 = ORIENTED_EDGE('',*,*,#3564,.T.);
#3564 = EDGE_CURVE('',#3542,#3565,#3567,.T.);
#3565 = VERTEX_POINT('',#3566);
#3566 = CARTESIAN_POINT('',(13.77,-2.016232,3.7725));
#3567 = LINE('',#3568,#3569);
#3568 = CARTESIAN_POINT('',(13.77,-2.016232,1.330337));
#3569 = VECTOR('',#3570,1.);
#3570 = DIRECTION('',(0.,0.,1.));
#3571 = ORIENTED_EDGE('',*,*,#3572,.T.);
#3572 = EDGE_CURVE('',#3565,#3573,#3575,.T.);
#3573 = VERTEX_POINT('',#3574);
#3574 = CARTESIAN_POINT('',(13.77,-1.64713,3.7725));
#3575 = LINE('',#3576,#3577);
#3576 = CARTESIAN_POINT('',(13.77,-2.016232,3.7725));
#3577 = VECTOR('',#3578,1.);
#3578 = DIRECTION('',(0.,1.,0.));
#3579 = ORIENTED_EDGE('',*,*,#3580,.T.);
#3580 = EDGE_CURVE('',#3573,#3581,#3583,.T.);
#3581 = VERTEX_POINT('',#3582);
#3582 = CARTESIAN_POINT('',(13.77,-1.64713,6.504291));
#3583 = LINE('',#3584,#3585);
#3584 = CARTESIAN_POINT('',(13.77,-1.64713,3.7725));
#3585 = VECTOR('',#3586,1.);
#3586 = DIRECTION('',(0.,0.,1.));
#3587 = ORIENTED_EDGE('',*,*,#3588,.T.);
#3588 = EDGE_CURVE('',#3581,#3589,#3591,.T.);
#3589 = VERTEX_POINT('',#3590);
#3590 = CARTESIAN_POINT('',(13.77,1.630173,6.504291));
#3591 = LINE('',#3592,#3593);
#3592 = CARTESIAN_POINT('',(13.77,-1.64713,6.504291));
#3593 = VECTOR('',#3594,1.);
#3594 = DIRECTION('',(0.,1.,0.));
#3595 = ORIENTED_EDGE('',*,*,#3596,.T.);
#3596 = EDGE_CURVE('',#3589,#3597,#3599,.T.);
#3597 = VERTEX_POINT('',#3598);
#3598 = CARTESIAN_POINT('',(13.77,1.630173,6.011533));
#3599 = LINE('',#3600,#3601);
#3600 = CARTESIAN_POINT('',(13.77,1.630173,6.504291));
#3601 = VECTOR('',#3602,1.);
#3602 = DIRECTION('',(0.,0.,-1.));
#3603 = ORIENTED_EDGE('',*,*,#3604,.T.);
#3604 = EDGE_CURVE('',#3597,#3311,#3605,.T.);
#3605 = LINE('',#3606,#3607);
#3606 = CARTESIAN_POINT('',(13.77,1.630173,6.011533));
#3607 = VECTOR('',#3608,1.);
#3608 = DIRECTION('',(0.,0.306277272459,-0.951942347191));
#3609 = ORIENTED_EDGE('',*,*,#3310,.T.);
#3610 = ORIENTED_EDGE('',*,*,#1007,.T.);
#3611 = PLANE('',#3612);
#3612 = AXIS2_PLACEMENT_3D('',#3613,#3614,#3615);
#3613 = CARTESIAN_POINT('',(13.77,-6.254098390486E-03,3.106456865277));
#3614 = DIRECTION('',(1.,0.,0.));
#3615 = DIRECTION('',(0.,0.,1.));
#3616 = ADVANCED_FACE('',(#3617),#3628,.F.);
#3617 = FACE_BOUND('',#3618,.F.);
#3618 = EDGE_LOOP('',(#3619,#3620,#3621,#3627));
#3619 = ORIENTED_EDGE('',*,*,#1183,.T.);
#3620 = ORIENTED_EDGE('',*,*,#1126,.T.);
#3621 = ORIENTED_EDGE('',*,*,#3622,.F.);
#3622 = EDGE_CURVE('',#1072,#1129,#3623,.T.);
#3623 = LINE('',#3624,#3625);
#3624 = CARTESIAN_POINT('',(14.17,-2.4,5.25));
#3625 = VECTOR('',#3626,1.);
#3626 = DIRECTION('',(-1.,-0.,-0.));
#3627 = ORIENTED_EDGE('',*,*,#1069,.F.);
#3628 = PLANE('',#3629);
#3629 = AXIS2_PLACEMENT_3D('',#3630,#3631,#3632);
#3630 = CARTESIAN_POINT('',(14.17,-3.,5.25));
#3631 = DIRECTION('',(0.,0.,-1.));
#3632 = DIRECTION('',(0.,1.,0.));
#3633 = ADVANCED_FACE('',(#3634),#3645,.F.);
#3634 = FACE_BOUND('',#3635,.F.);
#3635 = EDGE_LOOP('',(#3636,#3637,#3638,#3644));
#3636 = ORIENTED_EDGE('',*,*,#3622,.T.);
#3637 = ORIENTED_EDGE('',*,*,#1136,.T.);
#3638 = ORIENTED_EDGE('',*,*,#3639,.F.);
#3639 = EDGE_CURVE('',#1080,#1137,#3640,.T.);
#3640 = LINE('',#3641,#3642);
#3641 = CARTESIAN_POINT('',(14.17,-1.5,8.5));
#3642 = VECTOR('',#3643,1.);
#3643 = DIRECTION('',(-1.,-0.,-0.));
#3644 = ORIENTED_EDGE('',*,*,#1079,.F.);
#3645 = PLANE('',#3646);
#3646 = AXIS2_PLACEMENT_3D('',#3647,#3648,#3649);
#3647 = CARTESIAN_POINT('',(14.17,-2.4,5.25));
#3648 = DIRECTION('',(0.,0.963730021877,-0.266879082981));
#3649 = DIRECTION('',(0.,0.266879082981,0.963730021877));
#3650 = ADVANCED_FACE('',(#3651,#3662,#3673,#3684,#3695,#3706,#3717),
  #3728,.F.);
#3651 = FACE_BOUND('',#3652,.F.);
#3652 = EDGE_LOOP('',(#3653,#3654,#3655,#3661));
#3653 = ORIENTED_EDGE('',*,*,#3639,.T.);
#3654 = ORIENTED_EDGE('',*,*,#1144,.T.);
#3655 = ORIENTED_EDGE('',*,*,#3656,.F.);
#3656 = EDGE_CURVE('',#1088,#1145,#3657,.T.);
#3657 = LINE('',#3658,#3659);
#3658 = CARTESIAN_POINT('',(14.17,1.5,8.5));
#3659 = VECTOR('',#3660,1.);
#3660 = DIRECTION('',(-1.,-0.,-0.));
#3661 = ORIENTED_EDGE('',*,*,#1087,.F.);
#3662 = FACE_BOUND('',#3663,.F.);
#3663 = EDGE_LOOP('',(#3664));
#3664 = ORIENTED_EDGE('',*,*,#3665,.T.);
#3665 = EDGE_CURVE('',#3666,#3666,#3668,.T.);
#3666 = VERTEX_POINT('',#3667);
#3667 = CARTESIAN_POINT('',(0.,1.04036,8.5));
#3668 = CIRCLE('',#3669,1.04036);
#3669 = AXIS2_PLACEMENT_3D('',#3670,#3671,#3672);
#3670 = CARTESIAN_POINT('',(0.,0.,8.5));
#3671 = DIRECTION('',(0.,-0.,1.));
#3672 = DIRECTION('',(0.,1.,0.));
#3673 = FACE_BOUND('',#3674,.F.);
#3674 = EDGE_LOOP('',(#3675));
#3675 = ORIENTED_EDGE('',*,*,#3676,.T.);
#3676 = EDGE_CURVE('',#3677,#3677,#3679,.T.);
#3677 = VERTEX_POINT('',#3678);
#3678 = CARTESIAN_POINT('',(2.54,1.04036,8.5));
#3679 = CIRCLE('',#3680,1.04036);
#3680 = AXIS2_PLACEMENT_3D('',#3681,#3682,#3683);
#3681 = CARTESIAN_POINT('',(2.54,0.,8.5));
#3682 = DIRECTION('',(0.,-0.,1.));
#3683 = DIRECTION('',(0.,1.,0.));
#3684 = FACE_BOUND('',#3685,.F.);
#3685 = EDGE_LOOP('',(#3686));
#3686 = ORIENTED_EDGE('',*,*,#3687,.T.);
#3687 = EDGE_CURVE('',#3688,#3688,#3690,.T.);
#3688 = VERTEX_POINT('',#3689);
#3689 = CARTESIAN_POINT('',(5.08,1.04036,8.5));
#3690 = CIRCLE('',#3691,1.04036);
#3691 = AXIS2_PLACEMENT_3D('',#3692,#3693,#3694);
#3692 = CARTESIAN_POINT('',(5.08,0.,8.5));
#3693 = DIRECTION('',(0.,-0.,1.));
#3694 = DIRECTION('',(0.,1.,0.));
#3695 = FACE_BOUND('',#3696,.F.);
#3696 = EDGE_LOOP('',(#3697));
#3697 = ORIENTED_EDGE('',*,*,#3698,.T.);
#3698 = EDGE_CURVE('',#3699,#3699,#3701,.T.);
#3699 = VERTEX_POINT('',#3700);
#3700 = CARTESIAN_POINT('',(7.62,1.04036,8.5));
#3701 = CIRCLE('',#3702,1.04036);
#3702 = AXIS2_PLACEMENT_3D('',#3703,#3704,#3705);
#3703 = CARTESIAN_POINT('',(7.62,0.,8.5));
#3704 = DIRECTION('',(0.,-0.,1.));
#3705 = DIRECTION('',(0.,1.,0.));
#3706 = FACE_BOUND('',#3707,.F.);
#3707 = EDGE_LOOP('',(#3708));
#3708 = ORIENTED_EDGE('',*,*,#3709,.T.);
#3709 = EDGE_CURVE('',#3710,#3710,#3712,.T.);
#3710 = VERTEX_POINT('',#3711);
#3711 = CARTESIAN_POINT('',(10.16,1.04036,8.5));
#3712 = CIRCLE('',#3713,1.04036);
#3713 = AXIS2_PLACEMENT_3D('',#3714,#3715,#3716);
#3714 = CARTESIAN_POINT('',(10.16,0.,8.5));
#3715 = DIRECTION('',(0.,-0.,1.));
#3716 = DIRECTION('',(0.,1.,0.));
#3717 = FACE_BOUND('',#3718,.F.);
#3718 = EDGE_LOOP('',(#3719));
#3719 = ORIENTED_EDGE('',*,*,#3720,.T.);
#3720 = EDGE_CURVE('',#3721,#3721,#3723,.T.);
#3721 = VERTEX_POINT('',#3722);
#3722 = CARTESIAN_POINT('',(12.7,1.04036,8.5));
#3723 = CIRCLE('',#3724,1.04036);
#3724 = AXIS2_PLACEMENT_3D('',#3725,#3726,#3727);
#3725 = CARTESIAN_POINT('',(12.7,0.,8.5));
#3726 = DIRECTION('',(0.,-0.,1.));
#3727 = DIRECTION('',(0.,1.,0.));
#3728 = PLANE('',#3729);
#3729 = AXIS2_PLACEMENT_3D('',#3730,#3731,#3732);
#3730 = CARTESIAN_POINT('',(14.17,-1.5,8.5));
#3731 = DIRECTION('',(0.,0.,-1.));
#3732 = DIRECTION('',(0.,1.,0.));
#3733 = ADVANCED_FACE('',(#3734),#3794,.F.);
#3734 = FACE_BOUND('',#3735,.F.);
#3735 = EDGE_LOOP('',(#3736,#3737,#3738,#3739,#3740,#3741,#3747,#3748,
    #3749,#3750,#3756,#3757,#3758,#3759,#3765,#3766,#3767,#3768,#3774,
    #3775,#3776,#3777,#3783,#3784,#3785,#3786,#3792,#3793));
#3736 = ORIENTED_EDGE('',*,*,#1095,.F.);
#3737 = ORIENTED_EDGE('',*,*,#3656,.T.);
#3738 = ORIENTED_EDGE('',*,*,#1152,.T.);
#3739 = ORIENTED_EDGE('',*,*,#1744,.F.);
#3740 = ORIENTED_EDGE('',*,*,#2030,.T.);
#3741 = ORIENTED_EDGE('',*,*,#3742,.F.);
#3742 = EDGE_CURVE('',#1879,#2031,#3743,.T.);
#3743 = LINE('',#3744,#3745);
#3744 = CARTESIAN_POINT('',(0.7,2.523512383178,4.8494725));
#3745 = VECTOR('',#3746,1.);
#3746 = DIRECTION('',(-1.,-0.,-0.));
#3747 = ORIENTED_EDGE('',*,*,#1878,.F.);
#3748 = ORIENTED_EDGE('',*,*,#1712,.F.);
#3749 = ORIENTED_EDGE('',*,*,#2195,.T.);
#3750 = ORIENTED_EDGE('',*,*,#3751,.F.);
#3751 = EDGE_CURVE('',#2125,#2196,#3752,.T.);
#3752 = LINE('',#3753,#3754);
#3753 = CARTESIAN_POINT('',(3.24,2.523512383178,4.8494725));
#3754 = VECTOR('',#3755,1.);
#3755 = DIRECTION('',(-1.,-0.,-0.));
#3756 = ORIENTED_EDGE('',*,*,#2124,.F.);
#3757 = ORIENTED_EDGE('',*,*,#1680,.F.);
#3758 = ORIENTED_EDGE('',*,*,#2505,.T.);
#3759 = ORIENTED_EDGE('',*,*,#3760,.F.);
#3760 = EDGE_CURVE('',#2435,#2506,#3761,.T.);
#3761 = LINE('',#3762,#3763);
#3762 = CARTESIAN_POINT('',(5.78,2.523512383178,4.8494725));
#3763 = VECTOR('',#3764,1.);
#3764 = DIRECTION('',(-1.,-0.,-0.));
#3765 = ORIENTED_EDGE('',*,*,#2434,.F.);
#3766 = ORIENTED_EDGE('',*,*,#1648,.F.);
#3767 = ORIENTED_EDGE('',*,*,#2815,.T.);
#3768 = ORIENTED_EDGE('',*,*,#3769,.F.);
#3769 = EDGE_CURVE('',#2745,#2816,#3770,.T.);
#3770 = LINE('',#3771,#3772);
#3771 = CARTESIAN_POINT('',(8.32,2.523512383178,4.8494725));
#3772 = VECTOR('',#3773,1.);
#3773 = DIRECTION('',(-1.,-0.,-0.));
#3774 = ORIENTED_EDGE('',*,*,#2744,.F.);
#3775 = ORIENTED_EDGE('',*,*,#1616,.F.);
#3776 = ORIENTED_EDGE('',*,*,#3125,.T.);
#3777 = ORIENTED_EDGE('',*,*,#3778,.F.);
#3778 = EDGE_CURVE('',#3055,#3126,#3779,.T.);
#3779 = LINE('',#3780,#3781);
#3780 = CARTESIAN_POINT('',(10.86,2.523512383178,4.8494725));
#3781 = VECTOR('',#3782,1.);
#3782 = DIRECTION('',(-1.,-0.,-0.));
#3783 = ORIENTED_EDGE('',*,*,#3054,.F.);
#3784 = ORIENTED_EDGE('',*,*,#1584,.F.);
#3785 = ORIENTED_EDGE('',*,*,#3435,.T.);
#3786 = ORIENTED_EDGE('',*,*,#3787,.F.);
#3787 = EDGE_CURVE('',#3365,#3436,#3788,.T.);
#3788 = LINE('',#3789,#3790);
#3789 = CARTESIAN_POINT('',(13.4,2.523512383178,4.8494725));
#3790 = VECTOR('',#3791,1.);
#3791 = DIRECTION('',(-1.,-0.,-0.));
#3792 = ORIENTED_EDGE('',*,*,#3364,.F.);
#3793 = ORIENTED_EDGE('',*,*,#1552,.F.);
#3794 = PLANE('',#3795);
#3795 = AXIS2_PLACEMENT_3D('',#3796,#3797,#3798);
#3796 = CARTESIAN_POINT('',(14.17,1.5,8.5));
#3797 = DIRECTION('',(0.,-0.962870502626,-0.269963692325));
#3798 = DIRECTION('',(0.,0.269963692325,-0.962870502626));
#3799 = ADVANCED_FACE('',(#3800),#3825,.T.);
#3800 = FACE_BOUND('',#3801,.T.);
#3801 = EDGE_LOOP('',(#3802,#3810,#3818,#3824));
#3802 = ORIENTED_EDGE('',*,*,#3803,.F.);
#3803 = EDGE_CURVE('',#3804,#1201,#3806,.T.);
#3804 = VERTEX_POINT('',#3805);
#3805 = CARTESIAN_POINT('',(0.67,-2.016232,1.532840329046));
#3806 = LINE('',#3807,#3808);
#3807 = CARTESIAN_POINT('',(0.67,3.403589252763E-16,1.532840329046));
#3808 = VECTOR('',#3809,1.);
#3809 = DIRECTION('',(0.,-1.,2.22044604925E-16));
#3810 = ORIENTED_EDGE('',*,*,#3811,.F.);
#3811 = EDGE_CURVE('',#3812,#3804,#3814,.T.);
#3812 = VERTEX_POINT('',#3813);
#3813 = CARTESIAN_POINT('',(-0.67,-2.016232,1.532840329046));
#3814 = LINE('',#3815,#3816);
#3815 = CARTESIAN_POINT('',(0.2,-2.016232,1.532840329046));
#3816 = VECTOR('',#3817,1.);
#3817 = DIRECTION('',(1.,0.,0.));
#3818 = ORIENTED_EDGE('',*,*,#3819,.T.);
#3819 = EDGE_CURVE('',#3812,#1209,#3820,.T.);
#3820 = LINE('',#3821,#3822);
#3821 = CARTESIAN_POINT('',(-0.67,3.403589252763E-16,1.532840329046));
#3822 = VECTOR('',#3823,1.);
#3823 = DIRECTION('',(0.,-1.,2.22044604925E-16));
#3824 = ORIENTED_EDGE('',*,*,#1208,.T.);
#3825 = PLANE('',#3826);
#3826 = AXIS2_PLACEMENT_3D('',#3827,#3828,#3829);
#3827 = CARTESIAN_POINT('',(-0.67,3.403589252763E-16,1.532840329046));
#3828 = DIRECTION('',(0.,2.22044604925E-16,1.));
#3829 = DIRECTION('',(1.,0.,0.));
#3830 = ADVANCED_FACE('',(#3831),#3849,.T.);
#3831 = FACE_BOUND('',#3832,.T.);
#3832 = EDGE_LOOP('',(#3833,#3834,#3842,#3848));
#3833 = ORIENTED_EDGE('',*,*,#1241,.T.);
#3834 = ORIENTED_EDGE('',*,*,#3835,.F.);
#3835 = EDGE_CURVE('',#3836,#1234,#3838,.T.);
#3836 = VERTEX_POINT('',#3837);
#3837 = CARTESIAN_POINT('',(0.67,-2.016232,3.132840329046));
#3838 = LINE('',#3839,#3840);
#3839 = CARTESIAN_POINT('',(0.67,6.956302931563E-16,3.132840329046));
#3840 = VECTOR('',#3841,1.);
#3841 = DIRECTION('',(0.,-1.,2.22044604925E-16));
#3842 = ORIENTED_EDGE('',*,*,#3843,.F.);
#3843 = EDGE_CURVE('',#3804,#3836,#3844,.T.);
#3844 = LINE('',#3845,#3846);
#3845 = CARTESIAN_POINT('',(0.67,-2.016232,1.431588664523));
#3846 = VECTOR('',#3847,1.);
#3847 = DIRECTION('',(0.,0.,1.));
#3848 = ORIENTED_EDGE('',*,*,#3803,.T.);
#3849 = PLANE('',#3850);
#3850 = AXIS2_PLACEMENT_3D('',#3851,#3852,#3853);
#3851 = CARTESIAN_POINT('',(0.67,3.403589252763E-16,1.532840329046));
#3852 = DIRECTION('',(-1.,0.,0.));
#3853 = DIRECTION('',(0.,2.22044604925E-16,1.));
#3854 = ADVANCED_FACE('',(#3855),#3873,.T.);
#3855 = FACE_BOUND('',#3856,.T.);
#3856 = EDGE_LOOP('',(#3857,#3858,#3859,#3867));
#3857 = ORIENTED_EDGE('',*,*,#1265,.T.);
#3858 = ORIENTED_EDGE('',*,*,#3819,.F.);
#3859 = ORIENTED_EDGE('',*,*,#3860,.F.);
#3860 = EDGE_CURVE('',#3861,#3812,#3863,.T.);
#3861 = VERTEX_POINT('',#3862);
#3862 = CARTESIAN_POINT('',(-0.67,-2.016232,3.132840329046));
#3863 = LINE('',#3864,#3865);
#3864 = CARTESIAN_POINT('',(-0.67,-2.016232,2.231588664523));
#3865 = VECTOR('',#3866,1.);
#3866 = DIRECTION('',(0.,0.,-1.));
#3867 = ORIENTED_EDGE('',*,*,#3868,.T.);
#3868 = EDGE_CURVE('',#3861,#1256,#3869,.T.);
#3869 = LINE('',#3870,#3871);
#3870 = CARTESIAN_POINT('',(-0.67,6.956302931563E-16,3.132840329046));
#3871 = VECTOR('',#3872,1.);
#3872 = DIRECTION('',(0.,-1.,2.22044604925E-16));
#3873 = PLANE('',#3874);
#3874 = AXIS2_PLACEMENT_3D('',#3875,#3876,#3877);
#3875 = CARTESIAN_POINT('',(-0.67,6.956302931563E-16,3.132840329046));
#3876 = DIRECTION('',(1.,0.,0.));
#3877 = DIRECTION('',(0.,-2.22044604925E-16,-1.));
#3878 = ADVANCED_FACE('',(#3879),#3890,.T.);
#3879 = FACE_BOUND('',#3880,.T.);
#3880 = EDGE_LOOP('',(#3881,#3882,#3888,#3889));
#3881 = ORIENTED_EDGE('',*,*,#3868,.F.);
#3882 = ORIENTED_EDGE('',*,*,#3883,.F.);
#3883 = EDGE_CURVE('',#3836,#3861,#3884,.T.);
#3884 = LINE('',#3885,#3886);
#3885 = CARTESIAN_POINT('',(0.87,-2.016232,3.132840329046));
#3886 = VECTOR('',#3887,1.);
#3887 = DIRECTION('',(-1.,0.,0.));
#3888 = ORIENTED_EDGE('',*,*,#3835,.T.);
#3889 = ORIENTED_EDGE('',*,*,#1282,.T.);
#3890 = PLANE('',#3891);
#3891 = AXIS2_PLACEMENT_3D('',#3892,#3893,#3894);
#3892 = CARTESIAN_POINT('',(0.67,6.956302931563E-16,3.132840329046));
#3893 = DIRECTION('',(-0.,-2.22044604925E-16,-1.));
#3894 = DIRECTION('',(-1.,0.,0.));
#3895 = ADVANCED_FACE('',(#3896),#3919,.T.);
#3896 = FACE_BOUND('',#3897,.T.);
#3897 = EDGE_LOOP('',(#3898,#3906,#3912,#3918));
#3898 = ORIENTED_EDGE('',*,*,#3899,.F.);
#3899 = EDGE_CURVE('',#3900,#368,#3902,.T.);
#3900 = VERTEX_POINT('',#3901);
#3901 = CARTESIAN_POINT('',(3.21,-2.016232,3.132840329046));
#3902 = LINE('',#3903,#3904);
#3903 = CARTESIAN_POINT('',(3.41,-2.016232,3.132840329046));
#3904 = VECTOR('',#3905,1.);
#3905 = DIRECTION('',(-1.,0.,0.));
#3906 = ORIENTED_EDGE('',*,*,#3907,.T.);
#3907 = EDGE_CURVE('',#3900,#1326,#3908,.T.);
#3908 = LINE('',#3909,#3910);
#3909 = CARTESIAN_POINT('',(3.21,6.956302931563E-16,3.132840329046));
#3910 = VECTOR('',#3911,1.);
#3911 = DIRECTION('',(0.,-1.,2.22044604925E-16));
#3912 = ORIENTED_EDGE('',*,*,#3913,.T.);
#3913 = EDGE_CURVE('',#1326,#376,#3914,.T.);
#3914 = LINE('',#3915,#3916);
#3915 = CARTESIAN_POINT('',(3.21,-2.5,3.132840329046));
#3916 = VECTOR('',#3917,1.);
#3917 = DIRECTION('',(-1.,0.,0.));
#3918 = ORIENTED_EDGE('',*,*,#375,.F.);
#3919 = PLANE('',#3920);
#3920 = AXIS2_PLACEMENT_3D('',#3921,#3922,#3923);
#3921 = CARTESIAN_POINT('',(3.21,6.956302931563E-16,3.132840329046));
#3922 = DIRECTION('',(-0.,-2.22044604925E-16,-1.));
#3923 = DIRECTION('',(-1.,0.,0.));
#3924 = ADVANCED_FACE('',(#3925),#3936,.T.);
#3925 = FACE_BOUND('',#3926,.T.);
#3926 = EDGE_LOOP('',(#3927,#3933,#3934,#3935));
#3927 = ORIENTED_EDGE('',*,*,#3928,.F.);
#3928 = EDGE_CURVE('',#330,#3900,#3929,.T.);
#3929 = LINE('',#3930,#3931);
#3930 = CARTESIAN_POINT('',(3.21,-2.016232,1.431588664523));
#3931 = VECTOR('',#3932,1.);
#3932 = DIRECTION('',(0.,0.,1.));
#3933 = ORIENTED_EDGE('',*,*,#353,.T.);
#3934 = ORIENTED_EDGE('',*,*,#1333,.T.);
#3935 = ORIENTED_EDGE('',*,*,#3907,.F.);
#3936 = PLANE('',#3937);
#3937 = AXIS2_PLACEMENT_3D('',#3938,#3939,#3940);
#3938 = CARTESIAN_POINT('',(3.21,3.403589252763E-16,1.532840329046));
#3939 = DIRECTION('',(-1.,0.,0.));
#3940 = DIRECTION('',(0.,2.22044604925E-16,1.));
#3941 = ADVANCED_FACE('',(#3942),#3965,.T.);
#3942 = FACE_BOUND('',#3943,.T.);
#3943 = EDGE_LOOP('',(#3944,#3952,#3958,#3964));
#3944 = ORIENTED_EDGE('',*,*,#3945,.F.);
#3945 = EDGE_CURVE('',#3946,#297,#3948,.T.);
#3946 = VERTEX_POINT('',#3947);
#3947 = CARTESIAN_POINT('',(5.75,-2.016232,3.132840329046));
#3948 = LINE('',#3949,#3950);
#3949 = CARTESIAN_POINT('',(5.95,-2.016232,3.132840329046));
#3950 = VECTOR('',#3951,1.);
#3951 = DIRECTION('',(-1.,0.,0.));
#3952 = ORIENTED_EDGE('',*,*,#3953,.T.);
#3953 = EDGE_CURVE('',#3946,#1377,#3954,.T.);
#3954 = LINE('',#3955,#3956);
#3955 = CARTESIAN_POINT('',(5.75,6.956302931563E-16,3.132840329046));
#3956 = VECTOR('',#3957,1.);
#3957 = DIRECTION('',(0.,-1.,2.22044604925E-16));
#3958 = ORIENTED_EDGE('',*,*,#3959,.T.);
#3959 = EDGE_CURVE('',#1377,#305,#3960,.T.);
#3960 = LINE('',#3961,#3962);
#3961 = CARTESIAN_POINT('',(5.75,-2.5,3.132840329046));
#3962 = VECTOR('',#3963,1.);
#3963 = DIRECTION('',(-1.,0.,0.));
#3964 = ORIENTED_EDGE('',*,*,#304,.F.);
#3965 = PLANE('',#3966);
#3966 = AXIS2_PLACEMENT_3D('',#3967,#3968,#3969);
#3967 = CARTESIAN_POINT('',(5.75,6.956302931563E-16,3.132840329046));
#3968 = DIRECTION('',(-0.,-2.22044604925E-16,-1.));
#3969 = DIRECTION('',(-1.,0.,0.));
#3970 = ADVANCED_FACE('',(#3971),#3982,.T.);
#3971 = FACE_BOUND('',#3972,.T.);
#3972 = EDGE_LOOP('',(#3973,#3979,#3980,#3981));
#3973 = ORIENTED_EDGE('',*,*,#3974,.F.);
#3974 = EDGE_CURVE('',#259,#3946,#3975,.T.);
#3975 = LINE('',#3976,#3977);
#3976 = CARTESIAN_POINT('',(5.75,-2.016232,1.431588664523));
#3977 = VECTOR('',#3978,1.);
#3978 = DIRECTION('',(0.,0.,1.));
#3979 = ORIENTED_EDGE('',*,*,#282,.T.);
#3980 = ORIENTED_EDGE('',*,*,#1384,.T.);
#3981 = ORIENTED_EDGE('',*,*,#3953,.F.);
#3982 = PLANE('',#3983);
#3983 = AXIS2_PLACEMENT_3D('',#3984,#3985,#3986);
#3984 = CARTESIAN_POINT('',(5.75,3.403589252763E-16,1.532840329046));
#3985 = DIRECTION('',(-1.,0.,0.));
#3986 = DIRECTION('',(0.,2.22044604925E-16,1.));
#3987 = ADVANCED_FACE('',(#3988),#4011,.T.);
#3988 = FACE_BOUND('',#3989,.T.);
#3989 = EDGE_LOOP('',(#3990,#3998,#4004,#4010));
#3990 = ORIENTED_EDGE('',*,*,#3991,.F.);
#3991 = EDGE_CURVE('',#3992,#226,#3994,.T.);
#3992 = VERTEX_POINT('',#3993);
#3993 = CARTESIAN_POINT('',(8.29,-2.016232,3.132840329046));
#3994 = LINE('',#3995,#3996);
#3995 = CARTESIAN_POINT('',(8.49,-2.016232,3.132840329046));
#3996 = VECTOR('',#3997,1.);
#3997 = DIRECTION('',(-1.,0.,0.));
#3998 = ORIENTED_EDGE('',*,*,#3999,.T.);
#3999 = EDGE_CURVE('',#3992,#1428,#4000,.T.);
#4000 = LINE('',#4001,#4002);
#4001 = CARTESIAN_POINT('',(8.29,6.956302931563E-16,3.132840329046));
#4002 = VECTOR('',#4003,1.);
#4003 = DIRECTION('',(0.,-1.,2.22044604925E-16));
#4004 = ORIENTED_EDGE('',*,*,#4005,.T.);
#4005 = EDGE_CURVE('',#1428,#234,#4006,.T.);
#4006 = LINE('',#4007,#4008);
#4007 = CARTESIAN_POINT('',(8.29,-2.5,3.132840329046));
#4008 = VECTOR('',#4009,1.);
#4009 = DIRECTION('',(-1.,0.,0.));
#4010 = ORIENTED_EDGE('',*,*,#233,.F.);
#4011 = PLANE('',#4012);
#4012 = AXIS2_PLACEMENT_3D('',#4013,#4014,#4015);
#4013 = CARTESIAN_POINT('',(8.29,6.956302931563E-16,3.132840329046));
#4014 = DIRECTION('',(-0.,-2.22044604925E-16,-1.));
#4015 = DIRECTION('',(-1.,0.,0.));
#4016 = ADVANCED_FACE('',(#4017),#4028,.T.);
#4017 = FACE_BOUND('',#4018,.T.);
#4018 = EDGE_LOOP('',(#4019,#4025,#4026,#4027));
#4019 = ORIENTED_EDGE('',*,*,#4020,.F.);
#4020 = EDGE_CURVE('',#188,#3992,#4021,.T.);
#4021 = LINE('',#4022,#4023);
#4022 = CARTESIAN_POINT('',(8.29,-2.016232,1.431588664523));
#4023 = VECTOR('',#4024,1.);
#4024 = DIRECTION('',(0.,0.,1.));
#4025 = ORIENTED_EDGE('',*,*,#211,.T.);
#4026 = ORIENTED_EDGE('',*,*,#1435,.T.);
#4027 = ORIENTED_EDGE('',*,*,#3999,.F.);
#4028 = PLANE('',#4029);
#4029 = AXIS2_PLACEMENT_3D('',#4030,#4031,#4032);
#4030 = CARTESIAN_POINT('',(8.29,3.403589252763E-16,1.532840329046));
#4031 = DIRECTION('',(-1.,0.,0.));
#4032 = DIRECTION('',(0.,2.22044604925E-16,1.));
#4033 = ADVANCED_FACE('',(#4034),#4057,.T.);
#4034 = FACE_BOUND('',#4035,.T.);
#4035 = EDGE_LOOP('',(#4036,#4044,#4050,#4056));
#4036 = ORIENTED_EDGE('',*,*,#4037,.F.);
#4037 = EDGE_CURVE('',#4038,#155,#4040,.T.);
#4038 = VERTEX_POINT('',#4039);
#4039 = CARTESIAN_POINT('',(10.83,-2.016232,3.132840329046));
#4040 = LINE('',#4041,#4042);
#4041 = CARTESIAN_POINT('',(11.03,-2.016232,3.132840329046));
#4042 = VECTOR('',#4043,1.);
#4043 = DIRECTION('',(-1.,0.,0.));
#4044 = ORIENTED_EDGE('',*,*,#4045,.T.);
#4045 = EDGE_CURVE('',#4038,#1479,#4046,.T.);
#4046 = LINE('',#4047,#4048);
#4047 = CARTESIAN_POINT('',(10.83,6.956302931563E-16,3.132840329046));
#4048 = VECTOR('',#4049,1.);
#4049 = DIRECTION('',(0.,-1.,2.22044604925E-16));
#4050 = ORIENTED_EDGE('',*,*,#4051,.T.);
#4051 = EDGE_CURVE('',#1479,#163,#4052,.T.);
#4052 = LINE('',#4053,#4054);
#4053 = CARTESIAN_POINT('',(10.83,-2.5,3.132840329046));
#4054 = VECTOR('',#4055,1.);
#4055 = DIRECTION('',(-1.,0.,0.));
#4056 = ORIENTED_EDGE('',*,*,#162,.F.);
#4057 = PLANE('',#4058);
#4058 = AXIS2_PLACEMENT_3D('',#4059,#4060,#4061);
#4059 = CARTESIAN_POINT('',(10.83,6.956302931563E-16,3.132840329046));
#4060 = DIRECTION('',(-0.,-2.22044604925E-16,-1.));
#4061 = DIRECTION('',(-1.,0.,0.));
#4062 = ADVANCED_FACE('',(#4063),#4074,.T.);
#4063 = FACE_BOUND('',#4064,.T.);
#4064 = EDGE_LOOP('',(#4065,#4071,#4072,#4073));
#4065 = ORIENTED_EDGE('',*,*,#4066,.F.);
#4066 = EDGE_CURVE('',#117,#4038,#4067,.T.);
#4067 = LINE('',#4068,#4069);
#4068 = CARTESIAN_POINT('',(10.83,-2.016232,1.431588664523));
#4069 = VECTOR('',#4070,1.);
#4070 = DIRECTION('',(0.,0.,1.));
#4071 = ORIENTED_EDGE('',*,*,#140,.T.);
#4072 = ORIENTED_EDGE('',*,*,#1486,.T.);
#4073 = ORIENTED_EDGE('',*,*,#4045,.F.);
#4074 = PLANE('',#4075);
#4075 = AXIS2_PLACEMENT_3D('',#4076,#4077,#4078);
#4076 = CARTESIAN_POINT('',(10.83,3.403589252763E-16,1.532840329046));
#4077 = DIRECTION('',(-1.,0.,0.));
#4078 = DIRECTION('',(0.,2.22044604925E-16,1.));
#4079 = ADVANCED_FACE('',(#4080),#4103,.T.);
#4080 = FACE_BOUND('',#4081,.T.);
#4081 = EDGE_LOOP('',(#4082,#4090,#4096,#4102));
#4082 = ORIENTED_EDGE('',*,*,#4083,.F.);
#4083 = EDGE_CURVE('',#4084,#84,#4086,.T.);
#4084 = VERTEX_POINT('',#4085);
#4085 = CARTESIAN_POINT('',(13.37,-2.016232,3.132840329046));
#4086 = LINE('',#4087,#4088);
#4087 = CARTESIAN_POINT('',(13.57,-2.016232,3.132840329046));
#4088 = VECTOR('',#4089,1.);
#4089 = DIRECTION('',(-1.,0.,0.));
#4090 = ORIENTED_EDGE('',*,*,#4091,.T.);
#4091 = EDGE_CURVE('',#4084,#1530,#4092,.T.);
#4092 = LINE('',#4093,#4094);
#4093 = CARTESIAN_POINT('',(13.37,6.956302931563E-16,3.132840329046));
#4094 = VECTOR('',#4095,1.);
#4095 = DIRECTION('',(0.,-1.,2.22044604925E-16));
#4096 = ORIENTED_EDGE('',*,*,#4097,.T.);
#4097 = EDGE_CURVE('',#1530,#92,#4098,.T.);
#4098 = LINE('',#4099,#4100);
#4099 = CARTESIAN_POINT('',(13.37,-2.5,3.132840329046));
#4100 = VECTOR('',#4101,1.);
#4101 = DIRECTION('',(-1.,0.,0.));
#4102 = ORIENTED_EDGE('',*,*,#91,.F.);
#4103 = PLANE('',#4104);
#4104 = AXIS2_PLACEMENT_3D('',#4105,#4106,#4107);
#4105 = CARTESIAN_POINT('',(13.37,6.956302931563E-16,3.132840329046));
#4106 = DIRECTION('',(-0.,-2.22044604925E-16,-1.));
#4107 = DIRECTION('',(-1.,0.,0.));
#4108 = ADVANCED_FACE('',(#4109),#4120,.T.);
#4109 = FACE_BOUND('',#4110,.T.);
#4110 = EDGE_LOOP('',(#4111,#4117,#4118,#4119));
#4111 = ORIENTED_EDGE('',*,*,#4112,.F.);
#4112 = EDGE_CURVE('',#46,#4084,#4113,.T.);
#4113 = LINE('',#4114,#4115);
#4114 = CARTESIAN_POINT('',(13.37,-2.016232,1.431588664523));
#4115 = VECTOR('',#4116,1.);
#4116 = DIRECTION('',(0.,0.,1.));
#4117 = ORIENTED_EDGE('',*,*,#69,.T.);
#4118 = ORIENTED_EDGE('',*,*,#1537,.T.);
#4119 = ORIENTED_EDGE('',*,*,#4091,.F.);
#4120 = PLANE('',#4121);
#4121 = AXIS2_PLACEMENT_3D('',#4122,#4123,#4124);
#4122 = CARTESIAN_POINT('',(13.37,3.403589252763E-16,1.532840329046));
#4123 = DIRECTION('',(-1.,0.,0.));
#4124 = DIRECTION('',(0.,2.22044604925E-16,1.));
#4125 = ADVANCED_FACE('',(#4126),#4132,.F.);
#4126 = FACE_BOUND('',#4127,.F.);
#4127 = EDGE_LOOP('',(#4128,#4129,#4130,#4131));
#4128 = ORIENTED_EDGE('',*,*,#1910,.F.);
#4129 = ORIENTED_EDGE('',*,*,#1958,.T.);
#4130 = ORIENTED_EDGE('',*,*,#2055,.T.);
#4131 = ORIENTED_EDGE('',*,*,#1728,.T.);
#4132 = PLANE('',#4133);
#4133 = AXIS2_PLACEMENT_3D('',#4134,#4135,#4136);
#4134 = CARTESIAN_POINT('',(0.7,2.527085,1.5091518));
#4135 = DIRECTION('',(0.,0.,-1.));
#4136 = DIRECTION('',(0.,1.,0.));
#4137 = ADVANCED_FACE('',(#4138),#4144,.F.);
#4138 = FACE_BOUND('',#4139,.F.);
#4139 = EDGE_LOOP('',(#4140,#4141,#4142,#4143));
#4140 = ORIENTED_EDGE('',*,*,#2156,.F.);
#4141 = ORIENTED_EDGE('',*,*,#2180,.T.);
#4142 = ORIENTED_EDGE('',*,*,#2220,.T.);
#4143 = ORIENTED_EDGE('',*,*,#1696,.T.);
#4144 = PLANE('',#4145);
#4145 = AXIS2_PLACEMENT_3D('',#4146,#4147,#4148);
#4146 = CARTESIAN_POINT('',(3.24,2.527085,1.5091518));
#4147 = DIRECTION('',(0.,0.,-1.));
#4148 = DIRECTION('',(0.,1.,0.));
#4149 = ADVANCED_FACE('',(#4150),#4156,.F.);
#4150 = FACE_BOUND('',#4151,.F.);
#4151 = EDGE_LOOP('',(#4152,#4153,#4154,#4155));
#4152 = ORIENTED_EDGE('',*,*,#2466,.F.);
#4153 = ORIENTED_EDGE('',*,*,#2490,.T.);
#4154 = ORIENTED_EDGE('',*,*,#2530,.T.);
#4155 = ORIENTED_EDGE('',*,*,#1664,.T.);
#4156 = PLANE('',#4157);
#4157 = AXIS2_PLACEMENT_3D('',#4158,#4159,#4160);
#4158 = CARTESIAN_POINT('',(5.78,2.527085,1.5091518));
#4159 = DIRECTION('',(0.,0.,-1.));
#4160 = DIRECTION('',(0.,1.,0.));
#4161 = ADVANCED_FACE('',(#4162),#4168,.F.);
#4162 = FACE_BOUND('',#4163,.F.);
#4163 = EDGE_LOOP('',(#4164,#4165,#4166,#4167));
#4164 = ORIENTED_EDGE('',*,*,#2776,.F.);
#4165 = ORIENTED_EDGE('',*,*,#2800,.T.);
#4166 = ORIENTED_EDGE('',*,*,#2840,.T.);
#4167 = ORIENTED_EDGE('',*,*,#1632,.T.);
#4168 = PLANE('',#4169);
#4169 = AXIS2_PLACEMENT_3D('',#4170,#4171,#4172);
#4170 = CARTESIAN_POINT('',(8.32,2.527085,1.5091518));
#4171 = DIRECTION('',(0.,0.,-1.));
#4172 = DIRECTION('',(0.,1.,0.));
#4173 = ADVANCED_FACE('',(#4174),#4180,.F.);
#4174 = FACE_BOUND('',#4175,.F.);
#4175 = EDGE_LOOP('',(#4176,#4177,#4178,#4179));
#4176 = ORIENTED_EDGE('',*,*,#3086,.F.);
#4177 = ORIENTED_EDGE('',*,*,#3110,.T.);
#4178 = ORIENTED_EDGE('',*,*,#3150,.T.);
#4179 = ORIENTED_EDGE('',*,*,#1600,.T.);
#4180 = PLANE('',#4181);
#4181 = AXIS2_PLACEMENT_3D('',#4182,#4183,#4184);
#4182 = CARTESIAN_POINT('',(10.86,2.527085,1.5091518));
#4183 = DIRECTION('',(0.,0.,-1.));
#4184 = DIRECTION('',(0.,1.,0.));
#4185 = ADVANCED_FACE('',(#4186),#4192,.F.);
#4186 = FACE_BOUND('',#4187,.F.);
#4187 = EDGE_LOOP('',(#4188,#4189,#4190,#4191));
#4188 = ORIENTED_EDGE('',*,*,#3396,.F.);
#4189 = ORIENTED_EDGE('',*,*,#3420,.T.);
#4190 = ORIENTED_EDGE('',*,*,#3460,.T.);
#4191 = ORIENTED_EDGE('',*,*,#1568,.T.);
#4192 = PLANE('',#4193);
#4193 = AXIS2_PLACEMENT_3D('',#4194,#4195,#4196);
#4194 = CARTESIAN_POINT('',(13.4,2.527085,1.5091518));
#4195 = DIRECTION('',(0.,0.,-1.));
#4196 = DIRECTION('',(0.,1.,0.));
#4197 = ADVANCED_FACE('',(#4198),#4209,.F.);
#4198 = FACE_BOUND('',#4199,.F.);
#4199 = EDGE_LOOP('',(#4200,#4206,#4207,#4208));
#4200 = ORIENTED_EDGE('',*,*,#4201,.T.);
#4201 = EDGE_CURVE('',#1887,#2039,#4202,.T.);
#4202 = LINE('',#4203,#4204);
#4203 = CARTESIAN_POINT('',(0.7,2.523512383178,3.7725668));
#4204 = VECTOR('',#4205,1.);
#4205 = DIRECTION('',(-1.,-0.,-0.));
#4206 = ORIENTED_EDGE('',*,*,#2046,.T.);
#4207 = ORIENTED_EDGE('',*,*,#1791,.F.);
#4208 = ORIENTED_EDGE('',*,*,#1894,.F.);
#4209 = PLANE('',#4210);
#4210 = AXIS2_PLACEMENT_3D('',#4211,#4212,#4213);
#4211 = CARTESIAN_POINT('',(0.7,2.523512383178,3.7725668));
#4212 = DIRECTION('',(0.,0.,1.));
#4213 = DIRECTION('',(0.,-1.,0.));
#4214 = ADVANCED_FACE('',(#4215),#4226,.T.);
#4215 = FACE_BOUND('',#4216,.T.);
#4216 = EDGE_LOOP('',(#4217,#4223,#4224,#4225));
#4217 = ORIENTED_EDGE('',*,*,#4218,.T.);
#4218 = EDGE_CURVE('',#1855,#2007,#4219,.T.);
#4219 = LINE('',#4220,#4221);
#4220 = CARTESIAN_POINT('',(1.07,1.630173,6.011533));
#4221 = VECTOR('',#4222,1.);
#4222 = DIRECTION('',(-1.,-0.,-0.));
#4223 = ORIENTED_EDGE('',*,*,#2014,.T.);
#4224 = ORIENTED_EDGE('',*,*,#1768,.F.);
#4225 = ORIENTED_EDGE('',*,*,#1862,.F.);
#4226 = PLANE('',#4227);
#4227 = AXIS2_PLACEMENT_3D('',#4228,#4229,#4230);
#4228 = CARTESIAN_POINT('',(1.07,1.630173,6.011533));
#4229 = DIRECTION('',(0.,-0.951942347191,-0.306277272459));
#4230 = DIRECTION('',(0.,0.306277272459,-0.951942347191));
#4231 = ADVANCED_FACE('',(#4232,#4243),#4249,.T.);
#4232 = FACE_BOUND('',#4233,.T.);
#4233 = EDGE_LOOP('',(#4234,#4235,#4236,#4242));
#4234 = ORIENTED_EDGE('',*,*,#1934,.T.);
#4235 = ORIENTED_EDGE('',*,*,#1974,.T.);
#4236 = ORIENTED_EDGE('',*,*,#4237,.F.);
#4237 = EDGE_CURVE('',#1823,#1975,#4238,.T.);
#4238 = LINE('',#4239,#4240);
#4239 = CARTESIAN_POINT('',(1.07,-2.016232,3.7725));
#4240 = VECTOR('',#4241,1.);
#4241 = DIRECTION('',(-1.,-0.,-0.));
#4242 = ORIENTED_EDGE('',*,*,#1822,.F.);
#4243 = FACE_BOUND('',#4244,.T.);
#4244 = EDGE_LOOP('',(#4245,#4246,#4247,#4248));
#4245 = ORIENTED_EDGE('',*,*,#3883,.T.);
#4246 = ORIENTED_EDGE('',*,*,#3860,.T.);
#4247 = ORIENTED_EDGE('',*,*,#3811,.T.);
#4248 = ORIENTED_EDGE('',*,*,#3843,.T.);
#4249 = PLANE('',#4250);
#4250 = AXIS2_PLACEMENT_3D('',#4251,#4252,#4253);
#4251 = CARTESIAN_POINT('',(1.07,-2.016232,1.330337));
#4252 = DIRECTION('',(0.,1.,0.));
#4253 = DIRECTION('',(0.,0.,1.));
#4254 = ADVANCED_FACE('',(#4255),#4266,.T.);
#4255 = FACE_BOUND('',#4256,.T.);
#4256 = EDGE_LOOP('',(#4257,#4258,#4259,#4265));
#4257 = ORIENTED_EDGE('',*,*,#4237,.T.);
#4258 = ORIENTED_EDGE('',*,*,#1982,.T.);
#4259 = ORIENTED_EDGE('',*,*,#4260,.F.);
#4260 = EDGE_CURVE('',#1831,#1983,#4261,.T.);
#4261 = LINE('',#4262,#4263);
#4262 = CARTESIAN_POINT('',(1.07,-1.64713,3.7725));
#4263 = VECTOR('',#4264,1.);
#4264 = DIRECTION('',(-1.,-0.,-0.));
#4265 = ORIENTED_EDGE('',*,*,#1830,.F.);
#4266 = PLANE('',#4267);
#4267 = AXIS2_PLACEMENT_3D('',#4268,#4269,#4270);
#4268 = CARTESIAN_POINT('',(1.07,-2.016232,3.7725));
#4269 = DIRECTION('',(0.,0.,-1.));
#4270 = DIRECTION('',(0.,1.,0.));
#4271 = ADVANCED_FACE('',(#4272),#4283,.T.);
#4272 = FACE_BOUND('',#4273,.T.);
#4273 = EDGE_LOOP('',(#4274,#4275,#4276,#4282));
#4274 = ORIENTED_EDGE('',*,*,#4260,.T.);
#4275 = ORIENTED_EDGE('',*,*,#1990,.T.);
#4276 = ORIENTED_EDGE('',*,*,#4277,.F.);
#4277 = EDGE_CURVE('',#1839,#1991,#4278,.T.);
#4278 = LINE('',#4279,#4280);
#4279 = CARTESIAN_POINT('',(1.07,-1.64713,6.504291));
#4280 = VECTOR('',#4281,1.);
#4281 = DIRECTION('',(-1.,-0.,-0.));
#4282 = ORIENTED_EDGE('',*,*,#1838,.F.);
#4283 = PLANE('',#4284);
#4284 = AXIS2_PLACEMENT_3D('',#4285,#4286,#4287);
#4285 = CARTESIAN_POINT('',(1.07,-1.64713,3.7725));
#4286 = DIRECTION('',(0.,1.,0.));
#4287 = DIRECTION('',(0.,0.,1.));
#4288 = ADVANCED_FACE('',(#4289,#4300),#4311,.T.);
#4289 = FACE_BOUND('',#4290,.T.);
#4290 = EDGE_LOOP('',(#4291,#4292,#4293,#4299));
#4291 = ORIENTED_EDGE('',*,*,#4277,.T.);
#4292 = ORIENTED_EDGE('',*,*,#1998,.T.);
#4293 = ORIENTED_EDGE('',*,*,#4294,.F.);
#4294 = EDGE_CURVE('',#1847,#1999,#4295,.T.);
#4295 = LINE('',#4296,#4297);
#4296 = CARTESIAN_POINT('',(1.07,1.630173,6.504291));
#4297 = VECTOR('',#4298,1.);
#4298 = DIRECTION('',(-1.,-0.,-0.));
#4299 = ORIENTED_EDGE('',*,*,#1846,.F.);
#4300 = FACE_BOUND('',#4301,.T.);
#4301 = EDGE_LOOP('',(#4302));
#4302 = ORIENTED_EDGE('',*,*,#4303,.T.);
#4303 = EDGE_CURVE('',#4304,#4304,#4306,.T.);
#4304 = VERTEX_POINT('',#4305);
#4305 = CARTESIAN_POINT('',(0.,0.702324,6.504291));
#4306 = CIRCLE('',#4307,0.702324);
#4307 = AXIS2_PLACEMENT_3D('',#4308,#4309,#4310);
#4308 = CARTESIAN_POINT('',(0.,0.,6.504291));
#4309 = DIRECTION('',(0.,-0.,1.));
#4310 = DIRECTION('',(0.,1.,0.));
#4311 = PLANE('',#4312);
#4312 = AXIS2_PLACEMENT_3D('',#4313,#4314,#4315);
#4313 = CARTESIAN_POINT('',(1.07,-1.64713,6.504291));
#4314 = DIRECTION('',(0.,0.,-1.));
#4315 = DIRECTION('',(0.,1.,0.));
#4316 = ADVANCED_FACE('',(#4317),#4323,.T.);
#4317 = FACE_BOUND('',#4318,.T.);
#4318 = EDGE_LOOP('',(#4319,#4320,#4321,#4322));
#4319 = ORIENTED_EDGE('',*,*,#4294,.T.);
#4320 = ORIENTED_EDGE('',*,*,#2006,.T.);
#4321 = ORIENTED_EDGE('',*,*,#4218,.F.);
#4322 = ORIENTED_EDGE('',*,*,#1854,.F.);
#4323 = PLANE('',#4324);
#4324 = AXIS2_PLACEMENT_3D('',#4325,#4326,#4327);
#4325 = CARTESIAN_POINT('',(1.07,1.630173,6.504291));
#4326 = DIRECTION('',(0.,-1.,0.));
#4327 = DIRECTION('',(0.,0.,-1.));
#4328 = ADVANCED_FACE('',(#4329),#4335,.F.);
#4329 = FACE_BOUND('',#4330,.F.);
#4330 = EDGE_LOOP('',(#4331,#4332,#4333,#4334));
#4331 = ORIENTED_EDGE('',*,*,#3742,.T.);
#4332 = ORIENTED_EDGE('',*,*,#2038,.T.);
#4333 = ORIENTED_EDGE('',*,*,#4201,.F.);
#4334 = ORIENTED_EDGE('',*,*,#1886,.F.);
#4335 = PLANE('',#4336);
#4336 = AXIS2_PLACEMENT_3D('',#4337,#4338,#4339);
#4337 = CARTESIAN_POINT('',(0.7,2.523512383178,4.8494725));
#4338 = DIRECTION('',(0.,-1.,0.));
#4339 = DIRECTION('',(0.,0.,-1.));
#4340 = ADVANCED_FACE('',(#4341),#4352,.F.);
#4341 = FACE_BOUND('',#4342,.F.);
#4342 = EDGE_LOOP('',(#4343,#4349,#4350,#4351));
#4343 = ORIENTED_EDGE('',*,*,#4344,.T.);
#4344 = EDGE_CURVE('',#2133,#2204,#4345,.T.);
#4345 = LINE('',#4346,#4347);
#4346 = CARTESIAN_POINT('',(3.24,2.523512383178,3.7725668));
#4347 = VECTOR('',#4348,1.);
#4348 = DIRECTION('',(-1.,-0.,-0.));
#4349 = ORIENTED_EDGE('',*,*,#2211,.T.);
#4350 = ORIENTED_EDGE('',*,*,#2101,.F.);
#4351 = ORIENTED_EDGE('',*,*,#2140,.F.);
#4352 = PLANE('',#4353);
#4353 = AXIS2_PLACEMENT_3D('',#4354,#4355,#4356);
#4354 = CARTESIAN_POINT('',(3.24,2.523512383178,3.7725668));
#4355 = DIRECTION('',(0.,0.,1.));
#4356 = DIRECTION('',(0.,-1.,0.));
#4357 = ADVANCED_FACE('',(#4358),#4369,.T.);
#4358 = FACE_BOUND('',#4359,.T.);
#4359 = EDGE_LOOP('',(#4360,#4366,#4367,#4368));
#4360 = ORIENTED_EDGE('',*,*,#4361,.T.);
#4361 = EDGE_CURVE('',#2357,#2276,#4362,.T.);
#4362 = LINE('',#4363,#4364);
#4363 = CARTESIAN_POINT('',(3.61,1.630173,6.011533));
#4364 = VECTOR('',#4365,1.);
#4365 = DIRECTION('',(-1.,-0.,-0.));
#4366 = ORIENTED_EDGE('',*,*,#2283,.T.);
#4367 = ORIENTED_EDGE('',*,*,#2078,.F.);
#4368 = ORIENTED_EDGE('',*,*,#2364,.F.);
#4369 = PLANE('',#4370);
#4370 = AXIS2_PLACEMENT_3D('',#4371,#4372,#4373);
#4371 = CARTESIAN_POINT('',(3.61,1.630173,6.011533));
#4372 = DIRECTION('',(0.,-0.951942347191,-0.306277272459));
#4373 = DIRECTION('',(0.,0.306277272459,-0.951942347191));
#4374 = ADVANCED_FACE('',(#4375),#4381,.F.);
#4375 = FACE_BOUND('',#4376,.F.);
#4376 = EDGE_LOOP('',(#4377,#4378,#4379,#4380));
#4377 = ORIENTED_EDGE('',*,*,#3751,.T.);
#4378 = ORIENTED_EDGE('',*,*,#2203,.T.);
#4379 = ORIENTED_EDGE('',*,*,#4344,.F.);
#4380 = ORIENTED_EDGE('',*,*,#2132,.F.);
#4381 = PLANE('',#4382);
#4382 = AXIS2_PLACEMENT_3D('',#4383,#4384,#4385);
#4383 = CARTESIAN_POINT('',(3.24,2.523512383178,4.8494725));
#4384 = DIRECTION('',(0.,-1.,0.));
#4385 = DIRECTION('',(0.,0.,-1.));
#4386 = ADVANCED_FACE('',(#4387,#4398),#4404,.T.);
#4387 = FACE_BOUND('',#4388,.T.);
#4388 = EDGE_LOOP('',(#4389,#4390,#4391,#4397));
#4389 = ORIENTED_EDGE('',*,*,#2301,.T.);
#4390 = ORIENTED_EDGE('',*,*,#2243,.T.);
#4391 = ORIENTED_EDGE('',*,*,#4392,.F.);
#4392 = EDGE_CURVE('',#2325,#2244,#4393,.T.);
#4393 = LINE('',#4394,#4395);
#4394 = CARTESIAN_POINT('',(3.61,-2.016232,3.7725));
#4395 = VECTOR('',#4396,1.);
#4396 = DIRECTION('',(-1.,-0.,-0.));
#4397 = ORIENTED_EDGE('',*,*,#2324,.F.);
#4398 = FACE_BOUND('',#4399,.T.);
#4399 = EDGE_LOOP('',(#4400,#4401,#4402,#4403));
#4400 = ORIENTED_EDGE('',*,*,#3899,.T.);
#4401 = ORIENTED_EDGE('',*,*,#367,.T.);
#4402 = ORIENTED_EDGE('',*,*,#327,.T.);
#4403 = ORIENTED_EDGE('',*,*,#3928,.T.);
#4404 = PLANE('',#4405);
#4405 = AXIS2_PLACEMENT_3D('',#4406,#4407,#4408);
#4406 = CARTESIAN_POINT('',(3.61,-2.016232,1.330337));
#4407 = DIRECTION('',(0.,1.,0.));
#4408 = DIRECTION('',(0.,0.,1.));
#4409 = ADVANCED_FACE('',(#4410),#4421,.T.);
#4410 = FACE_BOUND('',#4411,.T.);
#4411 = EDGE_LOOP('',(#4412,#4413,#4414,#4420));
#4412 = ORIENTED_EDGE('',*,*,#4392,.T.);
#4413 = ORIENTED_EDGE('',*,*,#2251,.T.);
#4414 = ORIENTED_EDGE('',*,*,#4415,.F.);
#4415 = EDGE_CURVE('',#2333,#2252,#4416,.T.);
#4416 = LINE('',#4417,#4418);
#4417 = CARTESIAN_POINT('',(3.61,-1.64713,3.7725));
#4418 = VECTOR('',#4419,1.);
#4419 = DIRECTION('',(-1.,-0.,-0.));
#4420 = ORIENTED_EDGE('',*,*,#2332,.F.);
#4421 = PLANE('',#4422);
#4422 = AXIS2_PLACEMENT_3D('',#4423,#4424,#4425);
#4423 = CARTESIAN_POINT('',(3.61,-2.016232,3.7725));
#4424 = DIRECTION('',(0.,0.,-1.));
#4425 = DIRECTION('',(0.,1.,0.));
#4426 = ADVANCED_FACE('',(#4427),#4438,.T.);
#4427 = FACE_BOUND('',#4428,.T.);
#4428 = EDGE_LOOP('',(#4429,#4430,#4431,#4437));
#4429 = ORIENTED_EDGE('',*,*,#4415,.T.);
#4430 = ORIENTED_EDGE('',*,*,#2259,.T.);
#4431 = ORIENTED_EDGE('',*,*,#4432,.F.);
#4432 = EDGE_CURVE('',#2341,#2260,#4433,.T.);
#4433 = LINE('',#4434,#4435);
#4434 = CARTESIAN_POINT('',(3.61,-1.64713,6.504291));
#4435 = VECTOR('',#4436,1.);
#4436 = DIRECTION('',(-1.,-0.,-0.));
#4437 = ORIENTED_EDGE('',*,*,#2340,.F.);
#4438 = PLANE('',#4439);
#4439 = AXIS2_PLACEMENT_3D('',#4440,#4441,#4442);
#4440 = CARTESIAN_POINT('',(3.61,-1.64713,3.7725));
#4441 = DIRECTION('',(0.,1.,0.));
#4442 = DIRECTION('',(0.,0.,1.));
#4443 = ADVANCED_FACE('',(#4444,#4455),#4466,.T.);
#4444 = FACE_BOUND('',#4445,.T.);
#4445 = EDGE_LOOP('',(#4446,#4447,#4448,#4454));
#4446 = ORIENTED_EDGE('',*,*,#4432,.T.);
#4447 = ORIENTED_EDGE('',*,*,#2267,.T.);
#4448 = ORIENTED_EDGE('',*,*,#4449,.F.);
#4449 = EDGE_CURVE('',#2349,#2268,#4450,.T.);
#4450 = LINE('',#4451,#4452);
#4451 = CARTESIAN_POINT('',(3.61,1.630173,6.504291));
#4452 = VECTOR('',#4453,1.);
#4453 = DIRECTION('',(-1.,-0.,-0.));
#4454 = ORIENTED_EDGE('',*,*,#2348,.F.);
#4455 = FACE_BOUND('',#4456,.T.);
#4456 = EDGE_LOOP('',(#4457));
#4457 = ORIENTED_EDGE('',*,*,#4458,.T.);
#4458 = EDGE_CURVE('',#4459,#4459,#4461,.T.);
#4459 = VERTEX_POINT('',#4460);
#4460 = CARTESIAN_POINT('',(2.54,0.702324,6.504291));
#4461 = CIRCLE('',#4462,0.702324);
#4462 = AXIS2_PLACEMENT_3D('',#4463,#4464,#4465);
#4463 = CARTESIAN_POINT('',(2.54,0.,6.504291));
#4464 = DIRECTION('',(0.,-0.,1.));
#4465 = DIRECTION('',(0.,1.,0.));
#4466 = PLANE('',#4467);
#4467 = AXIS2_PLACEMENT_3D('',#4468,#4469,#4470);
#4468 = CARTESIAN_POINT('',(3.61,-1.64713,6.504291));
#4469 = DIRECTION('',(0.,0.,-1.));
#4470 = DIRECTION('',(0.,1.,0.));
#4471 = ADVANCED_FACE('',(#4472),#4478,.T.);
#4472 = FACE_BOUND('',#4473,.T.);
#4473 = EDGE_LOOP('',(#4474,#4475,#4476,#4477));
#4474 = ORIENTED_EDGE('',*,*,#4449,.T.);
#4475 = ORIENTED_EDGE('',*,*,#2275,.T.);
#4476 = ORIENTED_EDGE('',*,*,#4361,.F.);
#4477 = ORIENTED_EDGE('',*,*,#2356,.F.);
#4478 = PLANE('',#4479);
#4479 = AXIS2_PLACEMENT_3D('',#4480,#4481,#4482);
#4480 = CARTESIAN_POINT('',(3.61,1.630173,6.504291));
#4481 = DIRECTION('',(0.,-1.,0.));
#4482 = DIRECTION('',(0.,0.,-1.));
#4483 = ADVANCED_FACE('',(#4484),#4495,.F.);
#4484 = FACE_BOUND('',#4485,.F.);
#4485 = EDGE_LOOP('',(#4486,#4492,#4493,#4494));
#4486 = ORIENTED_EDGE('',*,*,#4487,.T.);
#4487 = EDGE_CURVE('',#2443,#2514,#4488,.T.);
#4488 = LINE('',#4489,#4490);
#4489 = CARTESIAN_POINT('',(5.78,2.523512383178,3.7725668));
#4490 = VECTOR('',#4491,1.);
#4491 = DIRECTION('',(-1.,-0.,-0.));
#4492 = ORIENTED_EDGE('',*,*,#2521,.T.);
#4493 = ORIENTED_EDGE('',*,*,#2411,.F.);
#4494 = ORIENTED_EDGE('',*,*,#2450,.F.);
#4495 = PLANE('',#4496);
#4496 = AXIS2_PLACEMENT_3D('',#4497,#4498,#4499);
#4497 = CARTESIAN_POINT('',(5.78,2.523512383178,3.7725668));
#4498 = DIRECTION('',(0.,0.,1.));
#4499 = DIRECTION('',(0.,-1.,0.));
#4500 = ADVANCED_FACE('',(#4501),#4512,.T.);
#4501 = FACE_BOUND('',#4502,.T.);
#4502 = EDGE_LOOP('',(#4503,#4509,#4510,#4511));
#4503 = ORIENTED_EDGE('',*,*,#4504,.T.);
#4504 = EDGE_CURVE('',#2667,#2586,#4505,.T.);
#4505 = LINE('',#4506,#4507);
#4506 = CARTESIAN_POINT('',(6.15,1.630173,6.011533));
#4507 = VECTOR('',#4508,1.);
#4508 = DIRECTION('',(-1.,-0.,-0.));
#4509 = ORIENTED_EDGE('',*,*,#2593,.T.);
#4510 = ORIENTED_EDGE('',*,*,#2388,.F.);
#4511 = ORIENTED_EDGE('',*,*,#2674,.F.);
#4512 = PLANE('',#4513);
#4513 = AXIS2_PLACEMENT_3D('',#4514,#4515,#4516);
#4514 = CARTESIAN_POINT('',(6.15,1.630173,6.011533));
#4515 = DIRECTION('',(0.,-0.951942347191,-0.306277272459));
#4516 = DIRECTION('',(0.,0.306277272459,-0.951942347191));
#4517 = ADVANCED_FACE('',(#4518),#4524,.F.);
#4518 = FACE_BOUND('',#4519,.F.);
#4519 = EDGE_LOOP('',(#4520,#4521,#4522,#4523));
#4520 = ORIENTED_EDGE('',*,*,#3760,.T.);
#4521 = ORIENTED_EDGE('',*,*,#2513,.T.);
#4522 = ORIENTED_EDGE('',*,*,#4487,.F.);
#4523 = ORIENTED_EDGE('',*,*,#2442,.F.);
#4524 = PLANE('',#4525);
#4525 = AXIS2_PLACEMENT_3D('',#4526,#4527,#4528);
#4526 = CARTESIAN_POINT('',(5.78,2.523512383178,4.8494725));
#4527 = DIRECTION('',(0.,-1.,0.));
#4528 = DIRECTION('',(0.,0.,-1.));
#4529 = ADVANCED_FACE('',(#4530,#4541),#4547,.T.);
#4530 = FACE_BOUND('',#4531,.T.);
#4531 = EDGE_LOOP('',(#4532,#4533,#4534,#4540));
#4532 = ORIENTED_EDGE('',*,*,#2611,.T.);
#4533 = ORIENTED_EDGE('',*,*,#2553,.T.);
#4534 = ORIENTED_EDGE('',*,*,#4535,.F.);
#4535 = EDGE_CURVE('',#2635,#2554,#4536,.T.);
#4536 = LINE('',#4537,#4538);
#4537 = CARTESIAN_POINT('',(6.15,-2.016232,3.7725));
#4538 = VECTOR('',#4539,1.);
#4539 = DIRECTION('',(-1.,-0.,-0.));
#4540 = ORIENTED_EDGE('',*,*,#2634,.F.);
#4541 = FACE_BOUND('',#4542,.T.);
#4542 = EDGE_LOOP('',(#4543,#4544,#4545,#4546));
#4543 = ORIENTED_EDGE('',*,*,#3945,.T.);
#4544 = ORIENTED_EDGE('',*,*,#296,.T.);
#4545 = ORIENTED_EDGE('',*,*,#256,.T.);
#4546 = ORIENTED_EDGE('',*,*,#3974,.T.);
#4547 = PLANE('',#4548);
#4548 = AXIS2_PLACEMENT_3D('',#4549,#4550,#4551);
#4549 = CARTESIAN_POINT('',(6.15,-2.016232,1.330337));
#4550 = DIRECTION('',(0.,1.,0.));
#4551 = DIRECTION('',(0.,0.,1.));
#4552 = ADVANCED_FACE('',(#4553),#4564,.T.);
#4553 = FACE_BOUND('',#4554,.T.);
#4554 = EDGE_LOOP('',(#4555,#4556,#4557,#4563));
#4555 = ORIENTED_EDGE('',*,*,#4535,.T.);
#4556 = ORIENTED_EDGE('',*,*,#2561,.T.);
#4557 = ORIENTED_EDGE('',*,*,#4558,.F.);
#4558 = EDGE_CURVE('',#2643,#2562,#4559,.T.);
#4559 = LINE('',#4560,#4561);
#4560 = CARTESIAN_POINT('',(6.15,-1.64713,3.7725));
#4561 = VECTOR('',#4562,1.);
#4562 = DIRECTION('',(-1.,-0.,-0.));
#4563 = ORIENTED_EDGE('',*,*,#2642,.F.);
#4564 = PLANE('',#4565);
#4565 = AXIS2_PLACEMENT_3D('',#4566,#4567,#4568);
#4566 = CARTESIAN_POINT('',(6.15,-2.016232,3.7725));
#4567 = DIRECTION('',(0.,0.,-1.));
#4568 = DIRECTION('',(0.,1.,0.));
#4569 = ADVANCED_FACE('',(#4570),#4581,.T.);
#4570 = FACE_BOUND('',#4571,.T.);
#4571 = EDGE_LOOP('',(#4572,#4573,#4574,#4580));
#4572 = ORIENTED_EDGE('',*,*,#4558,.T.);
#4573 = ORIENTED_EDGE('',*,*,#2569,.T.);
#4574 = ORIENTED_EDGE('',*,*,#4575,.F.);
#4575 = EDGE_CURVE('',#2651,#2570,#4576,.T.);
#4576 = LINE('',#4577,#4578);
#4577 = CARTESIAN_POINT('',(6.15,-1.64713,6.504291));
#4578 = VECTOR('',#4579,1.);
#4579 = DIRECTION('',(-1.,-0.,-0.));
#4580 = ORIENTED_EDGE('',*,*,#2650,.F.);
#4581 = PLANE('',#4582);
#4582 = AXIS2_PLACEMENT_3D('',#4583,#4584,#4585);
#4583 = CARTESIAN_POINT('',(6.15,-1.64713,3.7725));
#4584 = DIRECTION('',(0.,1.,0.));
#4585 = DIRECTION('',(0.,0.,1.));
#4586 = ADVANCED_FACE('',(#4587,#4598),#4609,.T.);
#4587 = FACE_BOUND('',#4588,.T.);
#4588 = EDGE_LOOP('',(#4589,#4590,#4591,#4597));
#4589 = ORIENTED_EDGE('',*,*,#4575,.T.);
#4590 = ORIENTED_EDGE('',*,*,#2577,.T.);
#4591 = ORIENTED_EDGE('',*,*,#4592,.F.);
#4592 = EDGE_CURVE('',#2659,#2578,#4593,.T.);
#4593 = LINE('',#4594,#4595);
#4594 = CARTESIAN_POINT('',(6.15,1.630173,6.504291));
#4595 = VECTOR('',#4596,1.);
#4596 = DIRECTION('',(-1.,-0.,-0.));
#4597 = ORIENTED_EDGE('',*,*,#2658,.F.);
#4598 = FACE_BOUND('',#4599,.T.);
#4599 = EDGE_LOOP('',(#4600));
#4600 = ORIENTED_EDGE('',*,*,#4601,.T.);
#4601 = EDGE_CURVE('',#4602,#4602,#4604,.T.);
#4602 = VERTEX_POINT('',#4603);
#4603 = CARTESIAN_POINT('',(5.08,0.702324,6.504291));
#4604 = CIRCLE('',#4605,0.702324);
#4605 = AXIS2_PLACEMENT_3D('',#4606,#4607,#4608);
#4606 = CARTESIAN_POINT('',(5.08,0.,6.504291));
#4607 = DIRECTION('',(0.,-0.,1.));
#4608 = DIRECTION('',(0.,1.,0.));
#4609 = PLANE('',#4610);
#4610 = AXIS2_PLACEMENT_3D('',#4611,#4612,#4613);
#4611 = CARTESIAN_POINT('',(6.15,-1.64713,6.504291));
#4612 = DIRECTION('',(0.,0.,-1.));
#4613 = DIRECTION('',(0.,1.,0.));
#4614 = ADVANCED_FACE('',(#4615),#4621,.T.);
#4615 = FACE_BOUND('',#4616,.T.);
#4616 = EDGE_LOOP('',(#4617,#4618,#4619,#4620));
#4617 = ORIENTED_EDGE('',*,*,#4592,.T.);
#4618 = ORIENTED_EDGE('',*,*,#2585,.T.);
#4619 = ORIENTED_EDGE('',*,*,#4504,.F.);
#4620 = ORIENTED_EDGE('',*,*,#2666,.F.);
#4621 = PLANE('',#4622);
#4622 = AXIS2_PLACEMENT_3D('',#4623,#4624,#4625);
#4623 = CARTESIAN_POINT('',(6.15,1.630173,6.504291));
#4624 = DIRECTION('',(0.,-1.,0.));
#4625 = DIRECTION('',(0.,0.,-1.));
#4626 = ADVANCED_FACE('',(#4627),#4638,.F.);
#4627 = FACE_BOUND('',#4628,.F.);
#4628 = EDGE_LOOP('',(#4629,#4635,#4636,#4637));
#4629 = ORIENTED_EDGE('',*,*,#4630,.T.);
#4630 = EDGE_CURVE('',#2753,#2824,#4631,.T.);
#4631 = LINE('',#4632,#4633);
#4632 = CARTESIAN_POINT('',(8.32,2.523512383178,3.7725668));
#4633 = VECTOR('',#4634,1.);
#4634 = DIRECTION('',(-1.,-0.,-0.));
#4635 = ORIENTED_EDGE('',*,*,#2831,.T.);
#4636 = ORIENTED_EDGE('',*,*,#2721,.F.);
#4637 = ORIENTED_EDGE('',*,*,#2760,.F.);
#4638 = PLANE('',#4639);
#4639 = AXIS2_PLACEMENT_3D('',#4640,#4641,#4642);
#4640 = CARTESIAN_POINT('',(8.32,2.523512383178,3.7725668));
#4641 = DIRECTION('',(0.,0.,1.));
#4642 = DIRECTION('',(0.,-1.,0.));
#4643 = ADVANCED_FACE('',(#4644),#4655,.T.);
#4644 = FACE_BOUND('',#4645,.T.);
#4645 = EDGE_LOOP('',(#4646,#4652,#4653,#4654));
#4646 = ORIENTED_EDGE('',*,*,#4647,.T.);
#4647 = EDGE_CURVE('',#2977,#2896,#4648,.T.);
#4648 = LINE('',#4649,#4650);
#4649 = CARTESIAN_POINT('',(8.69,1.630173,6.011533));
#4650 = VECTOR('',#4651,1.);
#4651 = DIRECTION('',(-1.,-0.,-0.));
#4652 = ORIENTED_EDGE('',*,*,#2903,.T.);
#4653 = ORIENTED_EDGE('',*,*,#2698,.F.);
#4654 = ORIENTED_EDGE('',*,*,#2984,.F.);
#4655 = PLANE('',#4656);
#4656 = AXIS2_PLACEMENT_3D('',#4657,#4658,#4659);
#4657 = CARTESIAN_POINT('',(8.69,1.630173,6.011533));
#4658 = DIRECTION('',(0.,-0.951942347191,-0.306277272459));
#4659 = DIRECTION('',(0.,0.306277272459,-0.951942347191));
#4660 = ADVANCED_FACE('',(#4661),#4667,.F.);
#4661 = FACE_BOUND('',#4662,.F.);
#4662 = EDGE_LOOP('',(#4663,#4664,#4665,#4666));
#4663 = ORIENTED_EDGE('',*,*,#3769,.T.);
#4664 = ORIENTED_EDGE('',*,*,#2823,.T.);
#4665 = ORIENTED_EDGE('',*,*,#4630,.F.);
#4666 = ORIENTED_EDGE('',*,*,#2752,.F.);
#4667 = PLANE('',#4668);
#4668 = AXIS2_PLACEMENT_3D('',#4669,#4670,#4671);
#4669 = CARTESIAN_POINT('',(8.32,2.523512383178,4.8494725));
#4670 = DIRECTION('',(0.,-1.,0.));
#4671 = DIRECTION('',(0.,0.,-1.));
#4672 = ADVANCED_FACE('',(#4673,#4684),#4690,.T.);
#4673 = FACE_BOUND('',#4674,.T.);
#4674 = EDGE_LOOP('',(#4675,#4676,#4677,#4683));
#4675 = ORIENTED_EDGE('',*,*,#2921,.T.);
#4676 = ORIENTED_EDGE('',*,*,#2863,.T.);
#4677 = ORIENTED_EDGE('',*,*,#4678,.F.);
#4678 = EDGE_CURVE('',#2945,#2864,#4679,.T.);
#4679 = LINE('',#4680,#4681);
#4680 = CARTESIAN_POINT('',(8.69,-2.016232,3.7725));
#4681 = VECTOR('',#4682,1.);
#4682 = DIRECTION('',(-1.,-0.,-0.));
#4683 = ORIENTED_EDGE('',*,*,#2944,.F.);
#4684 = FACE_BOUND('',#4685,.T.);
#4685 = EDGE_LOOP('',(#4686,#4687,#4688,#4689));
#4686 = ORIENTED_EDGE('',*,*,#3991,.T.);
#4687 = ORIENTED_EDGE('',*,*,#225,.T.);
#4688 = ORIENTED_EDGE('',*,*,#185,.T.);
#4689 = ORIENTED_EDGE('',*,*,#4020,.T.);
#4690 = PLANE('',#4691);
#4691 = AXIS2_PLACEMENT_3D('',#4692,#4693,#4694);
#4692 = CARTESIAN_POINT('',(8.69,-2.016232,1.330337));
#4693 = DIRECTION('',(0.,1.,0.));
#4694 = DIRECTION('',(0.,0.,1.));
#4695 = ADVANCED_FACE('',(#4696),#4707,.T.);
#4696 = FACE_BOUND('',#4697,.T.);
#4697 = EDGE_LOOP('',(#4698,#4699,#4700,#4706));
#4698 = ORIENTED_EDGE('',*,*,#4678,.T.);
#4699 = ORIENTED_EDGE('',*,*,#2871,.T.);
#4700 = ORIENTED_EDGE('',*,*,#4701,.F.);
#4701 = EDGE_CURVE('',#2953,#2872,#4702,.T.);
#4702 = LINE('',#4703,#4704);
#4703 = CARTESIAN_POINT('',(8.69,-1.64713,3.7725));
#4704 = VECTOR('',#4705,1.);
#4705 = DIRECTION('',(-1.,-0.,-0.));
#4706 = ORIENTED_EDGE('',*,*,#2952,.F.);
#4707 = PLANE('',#4708);
#4708 = AXIS2_PLACEMENT_3D('',#4709,#4710,#4711);
#4709 = CARTESIAN_POINT('',(8.69,-2.016232,3.7725));
#4710 = DIRECTION('',(0.,0.,-1.));
#4711 = DIRECTION('',(0.,1.,0.));
#4712 = ADVANCED_FACE('',(#4713),#4724,.T.);
#4713 = FACE_BOUND('',#4714,.T.);
#4714 = EDGE_LOOP('',(#4715,#4716,#4717,#4723));
#4715 = ORIENTED_EDGE('',*,*,#4701,.T.);
#4716 = ORIENTED_EDGE('',*,*,#2879,.T.);
#4717 = ORIENTED_EDGE('',*,*,#4718,.F.);
#4718 = EDGE_CURVE('',#2961,#2880,#4719,.T.);
#4719 = LINE('',#4720,#4721);
#4720 = CARTESIAN_POINT('',(8.69,-1.64713,6.504291));
#4721 = VECTOR('',#4722,1.);
#4722 = DIRECTION('',(-1.,-0.,-0.));
#4723 = ORIENTED_EDGE('',*,*,#2960,.F.);
#4724 = PLANE('',#4725);
#4725 = AXIS2_PLACEMENT_3D('',#4726,#4727,#4728);
#4726 = CARTESIAN_POINT('',(8.69,-1.64713,3.7725));
#4727 = DIRECTION('',(0.,1.,0.));
#4728 = DIRECTION('',(0.,0.,1.));
#4729 = ADVANCED_FACE('',(#4730,#4741),#4752,.T.);
#4730 = FACE_BOUND('',#4731,.T.);
#4731 = EDGE_LOOP('',(#4732,#4733,#4734,#4740));
#4732 = ORIENTED_EDGE('',*,*,#4718,.T.);
#4733 = ORIENTED_EDGE('',*,*,#2887,.T.);
#4734 = ORIENTED_EDGE('',*,*,#4735,.F.);
#4735 = EDGE_CURVE('',#2969,#2888,#4736,.T.);
#4736 = LINE('',#4737,#4738);
#4737 = CARTESIAN_POINT('',(8.69,1.630173,6.504291));
#4738 = VECTOR('',#4739,1.);
#4739 = DIRECTION('',(-1.,-0.,-0.));
#4740 = ORIENTED_EDGE('',*,*,#2968,.F.);
#4741 = FACE_BOUND('',#4742,.T.);
#4742 = EDGE_LOOP('',(#4743));
#4743 = ORIENTED_EDGE('',*,*,#4744,.T.);
#4744 = EDGE_CURVE('',#4745,#4745,#4747,.T.);
#4745 = VERTEX_POINT('',#4746);
#4746 = CARTESIAN_POINT('',(7.62,0.702324,6.504291));
#4747 = CIRCLE('',#4748,0.702324);
#4748 = AXIS2_PLACEMENT_3D('',#4749,#4750,#4751);
#4749 = CARTESIAN_POINT('',(7.62,0.,6.504291));
#4750 = DIRECTION('',(0.,-0.,1.));
#4751 = DIRECTION('',(0.,1.,0.));
#4752 = PLANE('',#4753);
#4753 = AXIS2_PLACEMENT_3D('',#4754,#4755,#4756);
#4754 = CARTESIAN_POINT('',(8.69,-1.64713,6.504291));
#4755 = DIRECTION('',(0.,0.,-1.));
#4756 = DIRECTION('',(0.,1.,0.));
#4757 = ADVANCED_FACE('',(#4758),#4764,.T.);
#4758 = FACE_BOUND('',#4759,.T.);
#4759 = EDGE_LOOP('',(#4760,#4761,#4762,#4763));
#4760 = ORIENTED_EDGE('',*,*,#4735,.T.);
#4761 = ORIENTED_EDGE('',*,*,#2895,.T.);
#4762 = ORIENTED_EDGE('',*,*,#4647,.F.);
#4763 = ORIENTED_EDGE('',*,*,#2976,.F.);
#4764 = PLANE('',#4765);
#4765 = AXIS2_PLACEMENT_3D('',#4766,#4767,#4768);
#4766 = CARTESIAN_POINT('',(8.69,1.630173,6.504291));
#4767 = DIRECTION('',(0.,-1.,0.));
#4768 = DIRECTION('',(0.,0.,-1.));
#4769 = ADVANCED_FACE('',(#4770),#4781,.F.);
#4770 = FACE_BOUND('',#4771,.F.);
#4771 = EDGE_LOOP('',(#4772,#4778,#4779,#4780));
#4772 = ORIENTED_EDGE('',*,*,#4773,.T.);
#4773 = EDGE_CURVE('',#3063,#3134,#4774,.T.);
#4774 = LINE('',#4775,#4776);
#4775 = CARTESIAN_POINT('',(10.86,2.523512383178,3.7725668));
#4776 = VECTOR('',#4777,1.);
#4777 = DIRECTION('',(-1.,-0.,-0.));
#4778 = ORIENTED_EDGE('',*,*,#3141,.T.);
#4779 = ORIENTED_EDGE('',*,*,#3031,.F.);
#4780 = ORIENTED_EDGE('',*,*,#3070,.F.);
#4781 = PLANE('',#4782);
#4782 = AXIS2_PLACEMENT_3D('',#4783,#4784,#4785);
#4783 = CARTESIAN_POINT('',(10.86,2.523512383178,3.7725668));
#4784 = DIRECTION('',(0.,0.,1.));
#4785 = DIRECTION('',(0.,-1.,0.));
#4786 = ADVANCED_FACE('',(#4787),#4798,.T.);
#4787 = FACE_BOUND('',#4788,.T.);
#4788 = EDGE_LOOP('',(#4789,#4795,#4796,#4797));
#4789 = ORIENTED_EDGE('',*,*,#4790,.T.);
#4790 = EDGE_CURVE('',#3287,#3206,#4791,.T.);
#4791 = LINE('',#4792,#4793);
#4792 = CARTESIAN_POINT('',(11.23,1.630173,6.011533));
#4793 = VECTOR('',#4794,1.);
#4794 = DIRECTION('',(-1.,-0.,-0.));
#4795 = ORIENTED_EDGE('',*,*,#3213,.T.);
#4796 = ORIENTED_EDGE('',*,*,#3008,.F.);
#4797 = ORIENTED_EDGE('',*,*,#3294,.F.);
#4798 = PLANE('',#4799);
#4799 = AXIS2_PLACEMENT_3D('',#4800,#4801,#4802);
#4800 = CARTESIAN_POINT('',(11.23,1.630173,6.011533));
#4801 = DIRECTION('',(0.,-0.951942347191,-0.306277272459));
#4802 = DIRECTION('',(0.,0.306277272459,-0.951942347191));
#4803 = ADVANCED_FACE('',(#4804),#4810,.F.);
#4804 = FACE_BOUND('',#4805,.F.);
#4805 = EDGE_LOOP('',(#4806,#4807,#4808,#4809));
#4806 = ORIENTED_EDGE('',*,*,#3778,.T.);
#4807 = ORIENTED_EDGE('',*,*,#3133,.T.);
#4808 = ORIENTED_EDGE('',*,*,#4773,.F.);
#4809 = ORIENTED_EDGE('',*,*,#3062,.F.);
#4810 = PLANE('',#4811);
#4811 = AXIS2_PLACEMENT_3D('',#4812,#4813,#4814);
#4812 = CARTESIAN_POINT('',(10.86,2.523512383178,4.8494725));
#4813 = DIRECTION('',(0.,-1.,0.));
#4814 = DIRECTION('',(0.,0.,-1.));
#4815 = ADVANCED_FACE('',(#4816,#4827),#4833,.T.);
#4816 = FACE_BOUND('',#4817,.T.);
#4817 = EDGE_LOOP('',(#4818,#4819,#4820,#4826));
#4818 = ORIENTED_EDGE('',*,*,#3231,.T.);
#4819 = ORIENTED_EDGE('',*,*,#3173,.T.);
#4820 = ORIENTED_EDGE('',*,*,#4821,.F.);
#4821 = EDGE_CURVE('',#3255,#3174,#4822,.T.);
#4822 = LINE('',#4823,#4824);
#4823 = CARTESIAN_POINT('',(11.23,-2.016232,3.7725));
#4824 = VECTOR('',#4825,1.);
#4825 = DIRECTION('',(-1.,-0.,-0.));
#4826 = ORIENTED_EDGE('',*,*,#3254,.F.);
#4827 = FACE_BOUND('',#4828,.T.);
#4828 = EDGE_LOOP('',(#4829,#4830,#4831,#4832));
#4829 = ORIENTED_EDGE('',*,*,#4037,.T.);
#4830 = ORIENTED_EDGE('',*,*,#154,.T.);
#4831 = ORIENTED_EDGE('',*,*,#114,.T.);
#4832 = ORIENTED_EDGE('',*,*,#4066,.T.);
#4833 = PLANE('',#4834);
#4834 = AXIS2_PLACEMENT_3D('',#4835,#4836,#4837);
#4835 = CARTESIAN_POINT('',(11.23,-2.016232,1.330337));
#4836 = DIRECTION('',(0.,1.,0.));
#4837 = DIRECTION('',(0.,0.,1.));
#4838 = ADVANCED_FACE('',(#4839),#4850,.T.);
#4839 = FACE_BOUND('',#4840,.T.);
#4840 = EDGE_LOOP('',(#4841,#4842,#4843,#4849));
#4841 = ORIENTED_EDGE('',*,*,#4821,.T.);
#4842 = ORIENTED_EDGE('',*,*,#3181,.T.);
#4843 = ORIENTED_EDGE('',*,*,#4844,.F.);
#4844 = EDGE_CURVE('',#3263,#3182,#4845,.T.);
#4845 = LINE('',#4846,#4847);
#4846 = CARTESIAN_POINT('',(11.23,-1.64713,3.7725));
#4847 = VECTOR('',#4848,1.);
#4848 = DIRECTION('',(-1.,-0.,-0.));
#4849 = ORIENTED_EDGE('',*,*,#3262,.F.);
#4850 = PLANE('',#4851);
#4851 = AXIS2_PLACEMENT_3D('',#4852,#4853,#4854);
#4852 = CARTESIAN_POINT('',(11.23,-2.016232,3.7725));
#4853 = DIRECTION('',(0.,0.,-1.));
#4854 = DIRECTION('',(0.,1.,0.));
#4855 = ADVANCED_FACE('',(#4856),#4867,.T.);
#4856 = FACE_BOUND('',#4857,.T.);
#4857 = EDGE_LOOP('',(#4858,#4859,#4860,#4866));
#4858 = ORIENTED_EDGE('',*,*,#4844,.T.);
#4859 = ORIENTED_EDGE('',*,*,#3189,.T.);
#4860 = ORIENTED_EDGE('',*,*,#4861,.F.);
#4861 = EDGE_CURVE('',#3271,#3190,#4862,.T.);
#4862 = LINE('',#4863,#4864);
#4863 = CARTESIAN_POINT('',(11.23,-1.64713,6.504291));
#4864 = VECTOR('',#4865,1.);
#4865 = DIRECTION('',(-1.,-0.,-0.));
#4866 = ORIENTED_EDGE('',*,*,#3270,.F.);
#4867 = PLANE('',#4868);
#4868 = AXIS2_PLACEMENT_3D('',#4869,#4870,#4871);
#4869 = CARTESIAN_POINT('',(11.23,-1.64713,3.7725));
#4870 = DIRECTION('',(0.,1.,0.));
#4871 = DIRECTION('',(0.,0.,1.));
#4872 = ADVANCED_FACE('',(#4873,#4884),#4895,.T.);
#4873 = FACE_BOUND('',#4874,.T.);
#4874 = EDGE_LOOP('',(#4875,#4876,#4877,#4883));
#4875 = ORIENTED_EDGE('',*,*,#4861,.T.);
#4876 = ORIENTED_EDGE('',*,*,#3197,.T.);
#4877 = ORIENTED_EDGE('',*,*,#4878,.F.);
#4878 = EDGE_CURVE('',#3279,#3198,#4879,.T.);
#4879 = LINE('',#4880,#4881);
#4880 = CARTESIAN_POINT('',(11.23,1.630173,6.504291));
#4881 = VECTOR('',#4882,1.);
#4882 = DIRECTION('',(-1.,-0.,-0.));
#4883 = ORIENTED_EDGE('',*,*,#3278,.F.);
#4884 = FACE_BOUND('',#4885,.T.);
#4885 = EDGE_LOOP('',(#4886));
#4886 = ORIENTED_EDGE('',*,*,#4887,.T.);
#4887 = EDGE_CURVE('',#4888,#4888,#4890,.T.);
#4888 = VERTEX_POINT('',#4889);
#4889 = CARTESIAN_POINT('',(10.16,0.702324,6.504291));
#4890 = CIRCLE('',#4891,0.702324);
#4891 = AXIS2_PLACEMENT_3D('',#4892,#4893,#4894);
#4892 = CARTESIAN_POINT('',(10.16,0.,6.504291));
#4893 = DIRECTION('',(0.,-0.,1.));
#4894 = DIRECTION('',(0.,1.,0.));
#4895 = PLANE('',#4896);
#4896 = AXIS2_PLACEMENT_3D('',#4897,#4898,#4899);
#4897 = CARTESIAN_POINT('',(11.23,-1.64713,6.504291));
#4898 = DIRECTION('',(0.,0.,-1.));
#4899 = DIRECTION('',(0.,1.,0.));
#4900 = ADVANCED_FACE('',(#4901),#4907,.T.);
#4901 = FACE_BOUND('',#4902,.T.);
#4902 = EDGE_LOOP('',(#4903,#4904,#4905,#4906));
#4903 = ORIENTED_EDGE('',*,*,#4878,.T.);
#4904 = ORIENTED_EDGE('',*,*,#3205,.T.);
#4905 = ORIENTED_EDGE('',*,*,#4790,.F.);
#4906 = ORIENTED_EDGE('',*,*,#3286,.F.);
#4907 = PLANE('',#4908);
#4908 = AXIS2_PLACEMENT_3D('',#4909,#4910,#4911);
#4909 = CARTESIAN_POINT('',(11.23,1.630173,6.504291));
#4910 = DIRECTION('',(0.,-1.,0.));
#4911 = DIRECTION('',(0.,0.,-1.));
#4912 = ADVANCED_FACE('',(#4913),#4924,.F.);
#4913 = FACE_BOUND('',#4914,.F.);
#4914 = EDGE_LOOP('',(#4915,#4921,#4922,#4923));
#4915 = ORIENTED_EDGE('',*,*,#4916,.T.);
#4916 = EDGE_CURVE('',#3373,#3444,#4917,.T.);
#4917 = LINE('',#4918,#4919);
#4918 = CARTESIAN_POINT('',(13.4,2.523512383178,3.7725668));
#4919 = VECTOR('',#4920,1.);
#4920 = DIRECTION('',(-1.,-0.,-0.));
#4921 = ORIENTED_EDGE('',*,*,#3451,.T.);
#4922 = ORIENTED_EDGE('',*,*,#3341,.F.);
#4923 = ORIENTED_EDGE('',*,*,#3380,.F.);
#4924 = PLANE('',#4925);
#4925 = AXIS2_PLACEMENT_3D('',#4926,#4927,#4928);
#4926 = CARTESIAN_POINT('',(13.4,2.523512383178,3.7725668));
#4927 = DIRECTION('',(0.,0.,1.));
#4928 = DIRECTION('',(0.,-1.,0.));
#4929 = ADVANCED_FACE('',(#4930),#4941,.T.);
#4930 = FACE_BOUND('',#4931,.T.);
#4931 = EDGE_LOOP('',(#4932,#4938,#4939,#4940));
#4932 = ORIENTED_EDGE('',*,*,#4933,.T.);
#4933 = EDGE_CURVE('',#3597,#3516,#4934,.T.);
#4934 = LINE('',#4935,#4936);
#4935 = CARTESIAN_POINT('',(13.77,1.630173,6.011533));
#4936 = VECTOR('',#4937,1.);
#4937 = DIRECTION('',(-1.,-0.,-0.));
#4938 = ORIENTED_EDGE('',*,*,#3523,.T.);
#4939 = ORIENTED_EDGE('',*,*,#3318,.F.);
#4940 = ORIENTED_EDGE('',*,*,#3604,.F.);
#4941 = PLANE('',#4942);
#4942 = AXIS2_PLACEMENT_3D('',#4943,#4944,#4945);
#4943 = CARTESIAN_POINT('',(13.77,1.630173,6.011533));
#4944 = DIRECTION('',(0.,-0.951942347191,-0.306277272459));
#4945 = DIRECTION('',(0.,0.306277272459,-0.951942347191));
#4946 = ADVANCED_FACE('',(#4947),#4953,.F.);
#4947 = FACE_BOUND('',#4948,.F.);
#4948 = EDGE_LOOP('',(#4949,#4950,#4951,#4952));
#4949 = ORIENTED_EDGE('',*,*,#3787,.T.);
#4950 = ORIENTED_EDGE('',*,*,#3443,.T.);
#4951 = ORIENTED_EDGE('',*,*,#4916,.F.);
#4952 = ORIENTED_EDGE('',*,*,#3372,.F.);
#4953 = PLANE('',#4954);
#4954 = AXIS2_PLACEMENT_3D('',#4955,#4956,#4957);
#4955 = CARTESIAN_POINT('',(13.4,2.523512383178,4.8494725));
#4956 = DIRECTION('',(0.,-1.,0.));
#4957 = DIRECTION('',(0.,0.,-1.));
#4958 = ADVANCED_FACE('',(#4959,#4970),#4976,.T.);
#4959 = FACE_BOUND('',#4960,.T.);
#4960 = EDGE_LOOP('',(#4961,#4962,#4963,#4969));
#4961 = ORIENTED_EDGE('',*,*,#3541,.T.);
#4962 = ORIENTED_EDGE('',*,*,#3483,.T.);
#4963 = ORIENTED_EDGE('',*,*,#4964,.F.);
#4964 = EDGE_CURVE('',#3565,#3484,#4965,.T.);
#4965 = LINE('',#4966,#4967);
#4966 = CARTESIAN_POINT('',(13.77,-2.016232,3.7725));
#4967 = VECTOR('',#4968,1.);
#4968 = DIRECTION('',(-1.,-0.,-0.));
#4969 = ORIENTED_EDGE('',*,*,#3564,.F.);
#4970 = FACE_BOUND('',#4971,.T.);
#4971 = EDGE_LOOP('',(#4972,#4973,#4974,#4975));
#4972 = ORIENTED_EDGE('',*,*,#4083,.T.);
#4973 = ORIENTED_EDGE('',*,*,#83,.T.);
#4974 = ORIENTED_EDGE('',*,*,#43,.T.);
#4975 = ORIENTED_EDGE('',*,*,#4112,.T.);
#4976 = PLANE('',#4977);
#4977 = AXIS2_PLACEMENT_3D('',#4978,#4979,#4980);
#4978 = CARTESIAN_POINT('',(13.77,-2.016232,1.330337));
#4979 = DIRECTION('',(0.,1.,0.));
#4980 = DIRECTION('',(0.,0.,1.));
#4981 = ADVANCED_FACE('',(#4982),#4993,.T.);
#4982 = FACE_BOUND('',#4983,.T.);
#4983 = EDGE_LOOP('',(#4984,#4985,#4986,#4992));
#4984 = ORIENTED_EDGE('',*,*,#4964,.T.);
#4985 = ORIENTED_EDGE('',*,*,#3491,.T.);
#4986 = ORIENTED_EDGE('',*,*,#4987,.F.);
#4987 = EDGE_CURVE('',#3573,#3492,#4988,.T.);
#4988 = LINE('',#4989,#4990);
#4989 = CARTESIAN_POINT('',(13.77,-1.64713,3.7725));
#4990 = VECTOR('',#4991,1.);
#4991 = DIRECTION('',(-1.,-0.,-0.));
#4992 = ORIENTED_EDGE('',*,*,#3572,.F.);
#4993 = PLANE('',#4994);
#4994 = AXIS2_PLACEMENT_3D('',#4995,#4996,#4997);
#4995 = CARTESIAN_POINT('',(13.77,-2.016232,3.7725));
#4996 = DIRECTION('',(0.,0.,-1.));
#4997 = DIRECTION('',(0.,1.,0.));
#4998 = ADVANCED_FACE('',(#4999),#5010,.T.);
#4999 = FACE_BOUND('',#5000,.T.);
#5000 = EDGE_LOOP('',(#5001,#5002,#5003,#5009));
#5001 = ORIENTED_EDGE('',*,*,#4987,.T.);
#5002 = ORIENTED_EDGE('',*,*,#3499,.T.);
#5003 = ORIENTED_EDGE('',*,*,#5004,.F.);
#5004 = EDGE_CURVE('',#3581,#3500,#5005,.T.);
#5005 = LINE('',#5006,#5007);
#5006 = CARTESIAN_POINT('',(13.77,-1.64713,6.504291));
#5007 = VECTOR('',#5008,1.);
#5008 = DIRECTION('',(-1.,-0.,-0.));
#5009 = ORIENTED_EDGE('',*,*,#3580,.F.);
#5010 = PLANE('',#5011);
#5011 = AXIS2_PLACEMENT_3D('',#5012,#5013,#5014);
#5012 = CARTESIAN_POINT('',(13.77,-1.64713,3.7725));
#5013 = DIRECTION('',(0.,1.,0.));
#5014 = DIRECTION('',(0.,0.,1.));
#5015 = ADVANCED_FACE('',(#5016,#5027),#5038,.T.);
#5016 = FACE_BOUND('',#5017,.T.);
#5017 = EDGE_LOOP('',(#5018,#5019,#5020,#5026));
#5018 = ORIENTED_EDGE('',*,*,#5004,.T.);
#5019 = ORIENTED_EDGE('',*,*,#3507,.T.);
#5020 = ORIENTED_EDGE('',*,*,#5021,.F.);
#5021 = EDGE_CURVE('',#3589,#3508,#5022,.T.);
#5022 = LINE('',#5023,#5024);
#5023 = CARTESIAN_POINT('',(13.77,1.630173,6.504291));
#5024 = VECTOR('',#5025,1.);
#5025 = DIRECTION('',(-1.,-0.,-0.));
#5026 = ORIENTED_EDGE('',*,*,#3588,.F.);
#5027 = FACE_BOUND('',#5028,.T.);
#5028 = EDGE_LOOP('',(#5029));
#5029 = ORIENTED_EDGE('',*,*,#5030,.T.);
#5030 = EDGE_CURVE('',#5031,#5031,#5033,.T.);
#5031 = VERTEX_POINT('',#5032);
#5032 = CARTESIAN_POINT('',(12.7,0.702324,6.504291));
#5033 = CIRCLE('',#5034,0.702324);
#5034 = AXIS2_PLACEMENT_3D('',#5035,#5036,#5037);
#5035 = CARTESIAN_POINT('',(12.7,0.,6.504291));
#5036 = DIRECTION('',(0.,-0.,1.));
#5037 = DIRECTION('',(0.,1.,0.));
#5038 = PLANE('',#5039);
#5039 = AXIS2_PLACEMENT_3D('',#5040,#5041,#5042);
#5040 = CARTESIAN_POINT('',(13.77,-1.64713,6.504291));
#5041 = DIRECTION('',(0.,0.,-1.));
#5042 = DIRECTION('',(0.,1.,0.));
#5043 = ADVANCED_FACE('',(#5044),#5050,.T.);
#5044 = FACE_BOUND('',#5045,.T.);
#5045 = EDGE_LOOP('',(#5046,#5047,#5048,#5049));
#5046 = ORIENTED_EDGE('',*,*,#5021,.T.);
#5047 = ORIENTED_EDGE('',*,*,#3515,.T.);
#5048 = ORIENTED_EDGE('',*,*,#4933,.F.);
#5049 = ORIENTED_EDGE('',*,*,#3596,.F.);
#5050 = PLANE('',#5051);
#5051 = AXIS2_PLACEMENT_3D('',#5052,#5053,#5054);
#5052 = CARTESIAN_POINT('',(13.77,1.630173,6.504291));
#5053 = DIRECTION('',(0.,-1.,0.));
#5054 = DIRECTION('',(0.,0.,-1.));
#5055 = ADVANCED_FACE('',(#5056),#5075,.F.);
#5056 = FACE_BOUND('',#5057,.T.);
#5057 = EDGE_LOOP('',(#5058,#5066,#5067,#5068));
#5058 = ORIENTED_EDGE('',*,*,#5059,.F.);
#5059 = EDGE_CURVE('',#3666,#5060,#5062,.T.);
#5060 = VERTEX_POINT('',#5061);
#5061 = CARTESIAN_POINT('',(0.,1.04036,8.297434));
#5062 = LINE('',#5063,#5064);
#5063 = CARTESIAN_POINT('',(0.,1.04036,8.5));
#5064 = VECTOR('',#5065,1.);
#5065 = DIRECTION('',(0.,0.,-1.));
#5066 = ORIENTED_EDGE('',*,*,#3665,.T.);
#5067 = ORIENTED_EDGE('',*,*,#5059,.T.);
#5068 = ORIENTED_EDGE('',*,*,#5069,.F.);
#5069 = EDGE_CURVE('',#5060,#5060,#5070,.T.);
#5070 = CIRCLE('',#5071,1.04036);
#5071 = AXIS2_PLACEMENT_3D('',#5072,#5073,#5074);
#5072 = CARTESIAN_POINT('',(0.,0.,8.297434));
#5073 = DIRECTION('',(0.,-0.,1.));
#5074 = DIRECTION('',(0.,1.,0.));
#5075 = CYLINDRICAL_SURFACE('',#5076,1.04036);
#5076 = AXIS2_PLACEMENT_3D('',#5077,#5078,#5079);
#5077 = CARTESIAN_POINT('',(0.,0.,8.5));
#5078 = DIRECTION('',(-0.,-0.,-1.));
#5079 = DIRECTION('',(0.,1.,0.));
#5080 = ADVANCED_FACE('',(#5081),#5100,.F.);
#5081 = FACE_BOUND('',#5082,.T.);
#5082 = EDGE_LOOP('',(#5083,#5091,#5092,#5093));
#5083 = ORIENTED_EDGE('',*,*,#5084,.F.);
#5084 = EDGE_CURVE('',#3677,#5085,#5087,.T.);
#5085 = VERTEX_POINT('',#5086);
#5086 = CARTESIAN_POINT('',(2.54,1.04036,8.297434));
#5087 = LINE('',#5088,#5089);
#5088 = CARTESIAN_POINT('',(2.54,1.04036,8.5));
#5089 = VECTOR('',#5090,1.);
#5090 = DIRECTION('',(0.,0.,-1.));
#5091 = ORIENTED_EDGE('',*,*,#3676,.T.);
#5092 = ORIENTED_EDGE('',*,*,#5084,.T.);
#5093 = ORIENTED_EDGE('',*,*,#5094,.F.);
#5094 = EDGE_CURVE('',#5085,#5085,#5095,.T.);
#5095 = CIRCLE('',#5096,1.04036);
#5096 = AXIS2_PLACEMENT_3D('',#5097,#5098,#5099);
#5097 = CARTESIAN_POINT('',(2.54,0.,8.297434));
#5098 = DIRECTION('',(0.,-0.,1.));
#5099 = DIRECTION('',(0.,1.,0.));
#5100 = CYLINDRICAL_SURFACE('',#5101,1.04036);
#5101 = AXIS2_PLACEMENT_3D('',#5102,#5103,#5104);
#5102 = CARTESIAN_POINT('',(2.54,0.,8.5));
#5103 = DIRECTION('',(-0.,-0.,-1.));
#5104 = DIRECTION('',(0.,1.,0.));
#5105 = ADVANCED_FACE('',(#5106),#5125,.F.);
#5106 = FACE_BOUND('',#5107,.T.);
#5107 = EDGE_LOOP('',(#5108,#5116,#5117,#5118));
#5108 = ORIENTED_EDGE('',*,*,#5109,.F.);
#5109 = EDGE_CURVE('',#3688,#5110,#5112,.T.);
#5110 = VERTEX_POINT('',#5111);
#5111 = CARTESIAN_POINT('',(5.08,1.04036,8.297434));
#5112 = LINE('',#5113,#5114);
#5113 = CARTESIAN_POINT('',(5.08,1.04036,8.5));
#5114 = VECTOR('',#5115,1.);
#5115 = DIRECTION('',(0.,0.,-1.));
#5116 = ORIENTED_EDGE('',*,*,#3687,.T.);
#5117 = ORIENTED_EDGE('',*,*,#5109,.T.);
#5118 = ORIENTED_EDGE('',*,*,#5119,.F.);
#5119 = EDGE_CURVE('',#5110,#5110,#5120,.T.);
#5120 = CIRCLE('',#5121,1.04036);
#5121 = AXIS2_PLACEMENT_3D('',#5122,#5123,#5124);
#5122 = CARTESIAN_POINT('',(5.08,0.,8.297434));
#5123 = DIRECTION('',(0.,-0.,1.));
#5124 = DIRECTION('',(0.,1.,0.));
#5125 = CYLINDRICAL_SURFACE('',#5126,1.04036);
#5126 = AXIS2_PLACEMENT_3D('',#5127,#5128,#5129);
#5127 = CARTESIAN_POINT('',(5.08,0.,8.5));
#5128 = DIRECTION('',(-0.,-0.,-1.));
#5129 = DIRECTION('',(0.,1.,0.));
#5130 = ADVANCED_FACE('',(#5131),#5150,.F.);
#5131 = FACE_BOUND('',#5132,.T.);
#5132 = EDGE_LOOP('',(#5133,#5141,#5142,#5143));
#5133 = ORIENTED_EDGE('',*,*,#5134,.F.);
#5134 = EDGE_CURVE('',#3699,#5135,#5137,.T.);
#5135 = VERTEX_POINT('',#5136);
#5136 = CARTESIAN_POINT('',(7.62,1.04036,8.297434));
#5137 = LINE('',#5138,#5139);
#5138 = CARTESIAN_POINT('',(7.62,1.04036,8.5));
#5139 = VECTOR('',#5140,1.);
#5140 = DIRECTION('',(0.,0.,-1.));
#5141 = ORIENTED_EDGE('',*,*,#3698,.T.);
#5142 = ORIENTED_EDGE('',*,*,#5134,.T.);
#5143 = ORIENTED_EDGE('',*,*,#5144,.F.);
#5144 = EDGE_CURVE('',#5135,#5135,#5145,.T.);
#5145 = CIRCLE('',#5146,1.04036);
#5146 = AXIS2_PLACEMENT_3D('',#5147,#5148,#5149);
#5147 = CARTESIAN_POINT('',(7.62,0.,8.297434));
#5148 = DIRECTION('',(0.,-0.,1.));
#5149 = DIRECTION('',(0.,1.,0.));
#5150 = CYLINDRICAL_SURFACE('',#5151,1.04036);
#5151 = AXIS2_PLACEMENT_3D('',#5152,#5153,#5154);
#5152 = CARTESIAN_POINT('',(7.62,0.,8.5));
#5153 = DIRECTION('',(-0.,-0.,-1.));
#5154 = DIRECTION('',(0.,1.,0.));
#5155 = ADVANCED_FACE('',(#5156),#5175,.F.);
#5156 = FACE_BOUND('',#5157,.T.);
#5157 = EDGE_LOOP('',(#5158,#5166,#5167,#5168));
#5158 = ORIENTED_EDGE('',*,*,#5159,.F.);
#5159 = EDGE_CURVE('',#3710,#5160,#5162,.T.);
#5160 = VERTEX_POINT('',#5161);
#5161 = CARTESIAN_POINT('',(10.16,1.04036,8.297434));
#5162 = LINE('',#5163,#5164);
#5163 = CARTESIAN_POINT('',(10.16,1.04036,8.5));
#5164 = VECTOR('',#5165,1.);
#5165 = DIRECTION('',(0.,0.,-1.));
#5166 = ORIENTED_EDGE('',*,*,#3709,.T.);
#5167 = ORIENTED_EDGE('',*,*,#5159,.T.);
#5168 = ORIENTED_EDGE('',*,*,#5169,.F.);
#5169 = EDGE_CURVE('',#5160,#5160,#5170,.T.);
#5170 = CIRCLE('',#5171,1.04036);
#5171 = AXIS2_PLACEMENT_3D('',#5172,#5173,#5174);
#5172 = CARTESIAN_POINT('',(10.16,0.,8.297434));
#5173 = DIRECTION('',(0.,-0.,1.));
#5174 = DIRECTION('',(0.,1.,0.));
#5175 = CYLINDRICAL_SURFACE('',#5176,1.04036);
#5176 = AXIS2_PLACEMENT_3D('',#5177,#5178,#5179);
#5177 = CARTESIAN_POINT('',(10.16,0.,8.5));
#5178 = DIRECTION('',(-0.,-0.,-1.));
#5179 = DIRECTION('',(0.,1.,0.));
#5180 = ADVANCED_FACE('',(#5181),#5200,.F.);
#5181 = FACE_BOUND('',#5182,.T.);
#5182 = EDGE_LOOP('',(#5183,#5191,#5192,#5193));
#5183 = ORIENTED_EDGE('',*,*,#5184,.F.);
#5184 = EDGE_CURVE('',#3721,#5185,#5187,.T.);
#5185 = VERTEX_POINT('',#5186);
#5186 = CARTESIAN_POINT('',(12.7,1.04036,8.297434));
#5187 = LINE('',#5188,#5189);
#5188 = CARTESIAN_POINT('',(12.7,1.04036,8.5));
#5189 = VECTOR('',#5190,1.);
#5190 = DIRECTION('',(0.,0.,-1.));
#5191 = ORIENTED_EDGE('',*,*,#3720,.T.);
#5192 = ORIENTED_EDGE('',*,*,#5184,.T.);
#5193 = ORIENTED_EDGE('',*,*,#5194,.F.);
#5194 = EDGE_CURVE('',#5185,#5185,#5195,.T.);
#5195 = CIRCLE('',#5196,1.04036);
#5196 = AXIS2_PLACEMENT_3D('',#5197,#5198,#5199);
#5197 = CARTESIAN_POINT('',(12.7,0.,8.297434));
#5198 = DIRECTION('',(0.,-0.,1.));
#5199 = DIRECTION('',(0.,1.,0.));
#5200 = CYLINDRICAL_SURFACE('',#5201,1.04036);
#5201 = AXIS2_PLACEMENT_3D('',#5202,#5203,#5204);
#5202 = CARTESIAN_POINT('',(12.7,0.,8.5));
#5203 = DIRECTION('',(-0.,-0.,-1.));
#5204 = DIRECTION('',(0.,1.,0.));
#5205 = ADVANCED_FACE('',(#5206),#5225,.F.);
#5206 = FACE_BOUND('',#5207,.T.);
#5207 = EDGE_LOOP('',(#5208,#5216,#5223,#5224));
#5208 = ORIENTED_EDGE('',*,*,#5209,.F.);
#5209 = EDGE_CURVE('',#5210,#4304,#5212,.T.);
#5210 = VERTEX_POINT('',#5211);
#5211 = CARTESIAN_POINT('',(0.,0.702324,6.8033));
#5212 = LINE('',#5213,#5214);
#5213 = CARTESIAN_POINT('',(0.,0.702324,6.8033));
#5214 = VECTOR('',#5215,1.);
#5215 = DIRECTION('',(0.,0.,-1.));
#5216 = ORIENTED_EDGE('',*,*,#5217,.T.);
#5217 = EDGE_CURVE('',#5210,#5210,#5218,.T.);
#5218 = CIRCLE('',#5219,0.702324);
#5219 = AXIS2_PLACEMENT_3D('',#5220,#5221,#5222);
#5220 = CARTESIAN_POINT('',(0.,0.,6.8033));
#5221 = DIRECTION('',(0.,-0.,1.));
#5222 = DIRECTION('',(0.,1.,0.));
#5223 = ORIENTED_EDGE('',*,*,#5209,.T.);
#5224 = ORIENTED_EDGE('',*,*,#4303,.F.);
#5225 = CYLINDRICAL_SURFACE('',#5226,0.702324);
#5226 = AXIS2_PLACEMENT_3D('',#5227,#5228,#5229);
#5227 = CARTESIAN_POINT('',(0.,0.,6.8033));
#5228 = DIRECTION('',(-0.,-0.,-1.));
#5229 = DIRECTION('',(0.,1.,0.));
#5230 = ADVANCED_FACE('',(#5231),#5250,.F.);
#5231 = FACE_BOUND('',#5232,.T.);
#5232 = EDGE_LOOP('',(#5233,#5241,#5248,#5249));
#5233 = ORIENTED_EDGE('',*,*,#5234,.F.);
#5234 = EDGE_CURVE('',#5235,#4459,#5237,.T.);
#5235 = VERTEX_POINT('',#5236);
#5236 = CARTESIAN_POINT('',(2.54,0.702324,6.8033));
#5237 = LINE('',#5238,#5239);
#5238 = CARTESIAN_POINT('',(2.54,0.702324,6.8033));
#5239 = VECTOR('',#5240,1.);
#5240 = DIRECTION('',(0.,0.,-1.));
#5241 = ORIENTED_EDGE('',*,*,#5242,.T.);
#5242 = EDGE_CURVE('',#5235,#5235,#5243,.T.);
#5243 = CIRCLE('',#5244,0.702324);
#5244 = AXIS2_PLACEMENT_3D('',#5245,#5246,#5247);
#5245 = CARTESIAN_POINT('',(2.54,0.,6.8033));
#5246 = DIRECTION('',(0.,-0.,1.));
#5247 = DIRECTION('',(0.,1.,0.));
#5248 = ORIENTED_EDGE('',*,*,#5234,.T.);
#5249 = ORIENTED_EDGE('',*,*,#4458,.F.);
#5250 = CYLINDRICAL_SURFACE('',#5251,0.702324);
#5251 = AXIS2_PLACEMENT_3D('',#5252,#5253,#5254);
#5252 = CARTESIAN_POINT('',(2.54,0.,6.8033));
#5253 = DIRECTION('',(-0.,-0.,-1.));
#5254 = DIRECTION('',(0.,1.,0.));
#5255 = ADVANCED_FACE('',(#5256),#5275,.F.);
#5256 = FACE_BOUND('',#5257,.T.);
#5257 = EDGE_LOOP('',(#5258,#5266,#5273,#5274));
#5258 = ORIENTED_EDGE('',*,*,#5259,.F.);
#5259 = EDGE_CURVE('',#5260,#4602,#5262,.T.);
#5260 = VERTEX_POINT('',#5261);
#5261 = CARTESIAN_POINT('',(5.08,0.702324,6.8033));
#5262 = LINE('',#5263,#5264);
#5263 = CARTESIAN_POINT('',(5.08,0.702324,6.8033));
#5264 = VECTOR('',#5265,1.);
#5265 = DIRECTION('',(0.,0.,-1.));
#5266 = ORIENTED_EDGE('',*,*,#5267,.T.);
#5267 = EDGE_CURVE('',#5260,#5260,#5268,.T.);
#5268 = CIRCLE('',#5269,0.702324);
#5269 = AXIS2_PLACEMENT_3D('',#5270,#5271,#5272);
#5270 = CARTESIAN_POINT('',(5.08,0.,6.8033));
#5271 = DIRECTION('',(0.,-0.,1.));
#5272 = DIRECTION('',(0.,1.,0.));
#5273 = ORIENTED_EDGE('',*,*,#5259,.T.);
#5274 = ORIENTED_EDGE('',*,*,#4601,.F.);
#5275 = CYLINDRICAL_SURFACE('',#5276,0.702324);
#5276 = AXIS2_PLACEMENT_3D('',#5277,#5278,#5279);
#5277 = CARTESIAN_POINT('',(5.08,0.,6.8033));
#5278 = DIRECTION('',(-0.,-0.,-1.));
#5279 = DIRECTION('',(0.,1.,0.));
#5280 = ADVANCED_FACE('',(#5281),#5300,.F.);
#5281 = FACE_BOUND('',#5282,.T.);
#5282 = EDGE_LOOP('',(#5283,#5291,#5298,#5299));
#5283 = ORIENTED_EDGE('',*,*,#5284,.F.);
#5284 = EDGE_CURVE('',#5285,#4745,#5287,.T.);
#5285 = VERTEX_POINT('',#5286);
#5286 = CARTESIAN_POINT('',(7.62,0.702324,6.8033));
#5287 = LINE('',#5288,#5289);
#5288 = CARTESIAN_POINT('',(7.62,0.702324,6.8033));
#5289 = VECTOR('',#5290,1.);
#5290 = DIRECTION('',(0.,0.,-1.));
#5291 = ORIENTED_EDGE('',*,*,#5292,.T.);
#5292 = EDGE_CURVE('',#5285,#5285,#5293,.T.);
#5293 = CIRCLE('',#5294,0.702324);
#5294 = AXIS2_PLACEMENT_3D('',#5295,#5296,#5297);
#5295 = CARTESIAN_POINT('',(7.62,0.,6.8033));
#5296 = DIRECTION('',(0.,-0.,1.));
#5297 = DIRECTION('',(0.,1.,0.));
#5298 = ORIENTED_EDGE('',*,*,#5284,.T.);
#5299 = ORIENTED_EDGE('',*,*,#4744,.F.);
#5300 = CYLINDRICAL_SURFACE('',#5301,0.702324);
#5301 = AXIS2_PLACEMENT_3D('',#5302,#5303,#5304);
#5302 = CARTESIAN_POINT('',(7.62,0.,6.8033));
#5303 = DIRECTION('',(-0.,-0.,-1.));
#5304 = DIRECTION('',(0.,1.,0.));
#5305 = ADVANCED_FACE('',(#5306),#5325,.F.);
#5306 = FACE_BOUND('',#5307,.T.);
#5307 = EDGE_LOOP('',(#5308,#5316,#5323,#5324));
#5308 = ORIENTED_EDGE('',*,*,#5309,.F.);
#5309 = EDGE_CURVE('',#5310,#4888,#5312,.T.);
#5310 = VERTEX_POINT('',#5311);
#5311 = CARTESIAN_POINT('',(10.16,0.702324,6.8033));
#5312 = LINE('',#5313,#5314);
#5313 = CARTESIAN_POINT('',(10.16,0.702324,6.8033));
#5314 = VECTOR('',#5315,1.);
#5315 = DIRECTION('',(0.,0.,-1.));
#5316 = ORIENTED_EDGE('',*,*,#5317,.T.);
#5317 = EDGE_CURVE('',#5310,#5310,#5318,.T.);
#5318 = CIRCLE('',#5319,0.702324);
#5319 = AXIS2_PLACEMENT_3D('',#5320,#5321,#5322);
#5320 = CARTESIAN_POINT('',(10.16,0.,6.8033));
#5321 = DIRECTION('',(0.,-0.,1.));
#5322 = DIRECTION('',(0.,1.,0.));
#5323 = ORIENTED_EDGE('',*,*,#5309,.T.);
#5324 = ORIENTED_EDGE('',*,*,#4887,.F.);
#5325 = CYLINDRICAL_SURFACE('',#5326,0.702324);
#5326 = AXIS2_PLACEMENT_3D('',#5327,#5328,#5329);
#5327 = CARTESIAN_POINT('',(10.16,0.,6.8033));
#5328 = DIRECTION('',(-0.,-0.,-1.));
#5329 = DIRECTION('',(0.,1.,0.));
#5330 = ADVANCED_FACE('',(#5331),#5350,.F.);
#5331 = FACE_BOUND('',#5332,.T.);
#5332 = EDGE_LOOP('',(#5333,#5341,#5348,#5349));
#5333 = ORIENTED_EDGE('',*,*,#5334,.F.);
#5334 = EDGE_CURVE('',#5335,#5031,#5337,.T.);
#5335 = VERTEX_POINT('',#5336);
#5336 = CARTESIAN_POINT('',(12.7,0.702324,6.8033));
#5337 = LINE('',#5338,#5339);
#5338 = CARTESIAN_POINT('',(12.7,0.702324,6.8033));
#5339 = VECTOR('',#5340,1.);
#5340 = DIRECTION('',(0.,0.,-1.));
#5341 = ORIENTED_EDGE('',*,*,#5342,.T.);
#5342 = EDGE_CURVE('',#5335,#5335,#5343,.T.);
#5343 = CIRCLE('',#5344,0.702324);
#5344 = AXIS2_PLACEMENT_3D('',#5345,#5346,#5347);
#5345 = CARTESIAN_POINT('',(12.7,0.,6.8033));
#5346 = DIRECTION('',(0.,-0.,1.));
#5347 = DIRECTION('',(0.,1.,0.));
#5348 = ORIENTED_EDGE('',*,*,#5334,.T.);
#5349 = ORIENTED_EDGE('',*,*,#5030,.F.);
#5350 = CYLINDRICAL_SURFACE('',#5351,0.702324);
#5351 = AXIS2_PLACEMENT_3D('',#5352,#5353,#5354);
#5352 = CARTESIAN_POINT('',(12.7,0.,6.8033));
#5353 = DIRECTION('',(-0.,-0.,-1.));
#5354 = DIRECTION('',(0.,1.,0.));
#5355 = ADVANCED_FACE('',(#5356),#5375,.F.);
#5356 = FACE_BOUND('',#5357,.T.);
#5357 = EDGE_LOOP('',(#5358,#5359,#5367,#5374));
#5358 = ORIENTED_EDGE('',*,*,#5069,.T.);
#5359 = ORIENTED_EDGE('',*,*,#5360,.T.);
#5360 = EDGE_CURVE('',#5060,#5361,#5363,.T.);
#5361 = VERTEX_POINT('',#5362);
#5362 = CARTESIAN_POINT('',(0.,0.952473,8.216305));
#5363 = LINE('',#5364,#5365);
#5364 = CARTESIAN_POINT('',(0.,1.04036,8.297434));
#5365 = VECTOR('',#5366,1.);
#5366 = DIRECTION('',(0.,-0.734792866841,-0.678291561823));
#5367 = ORIENTED_EDGE('',*,*,#5368,.F.);
#5368 = EDGE_CURVE('',#5361,#5361,#5369,.T.);
#5369 = CIRCLE('',#5370,0.952473);
#5370 = AXIS2_PLACEMENT_3D('',#5371,#5372,#5373);
#5371 = CARTESIAN_POINT('',(0.,0.,8.216305));
#5372 = DIRECTION('',(0.,-0.,1.));
#5373 = DIRECTION('',(0.,1.,0.));
#5374 = ORIENTED_EDGE('',*,*,#5360,.F.);
#5375 = CONICAL_SURFACE('',#5376,1.04036,0.82536125564);
#5376 = AXIS2_PLACEMENT_3D('',#5377,#5378,#5379);
#5377 = CARTESIAN_POINT('',(0.,0.,8.297434));
#5378 = DIRECTION('',(0.,0.,1.));
#5379 = DIRECTION('',(0.,1.,0.));
#5380 = ADVANCED_FACE('',(#5381),#5400,.F.);
#5381 = FACE_BOUND('',#5382,.T.);
#5382 = EDGE_LOOP('',(#5383,#5384,#5392,#5399));
#5383 = ORIENTED_EDGE('',*,*,#5094,.T.);
#5384 = ORIENTED_EDGE('',*,*,#5385,.T.);
#5385 = EDGE_CURVE('',#5085,#5386,#5388,.T.);
#5386 = VERTEX_POINT('',#5387);
#5387 = CARTESIAN_POINT('',(2.54,0.952473,8.216305));
#5388 = LINE('',#5389,#5390);
#5389 = CARTESIAN_POINT('',(2.54,1.04036,8.297434));
#5390 = VECTOR('',#5391,1.);
#5391 = DIRECTION('',(0.,-0.734792866841,-0.678291561823));
#5392 = ORIENTED_EDGE('',*,*,#5393,.F.);
#5393 = EDGE_CURVE('',#5386,#5386,#5394,.T.);
#5394 = CIRCLE('',#5395,0.952473);
#5395 = AXIS2_PLACEMENT_3D('',#5396,#5397,#5398);
#5396 = CARTESIAN_POINT('',(2.54,0.,8.216305));
#5397 = DIRECTION('',(0.,-0.,1.));
#5398 = DIRECTION('',(0.,1.,0.));
#5399 = ORIENTED_EDGE('',*,*,#5385,.F.);
#5400 = CONICAL_SURFACE('',#5401,1.04036,0.82536125564);
#5401 = AXIS2_PLACEMENT_3D('',#5402,#5403,#5404);
#5402 = CARTESIAN_POINT('',(2.54,0.,8.297434));
#5403 = DIRECTION('',(0.,0.,1.));
#5404 = DIRECTION('',(0.,1.,0.));
#5405 = ADVANCED_FACE('',(#5406),#5425,.F.);
#5406 = FACE_BOUND('',#5407,.T.);
#5407 = EDGE_LOOP('',(#5408,#5409,#5417,#5424));
#5408 = ORIENTED_EDGE('',*,*,#5119,.T.);
#5409 = ORIENTED_EDGE('',*,*,#5410,.T.);
#5410 = EDGE_CURVE('',#5110,#5411,#5413,.T.);
#5411 = VERTEX_POINT('',#5412);
#5412 = CARTESIAN_POINT('',(5.08,0.952473,8.216305));
#5413 = LINE('',#5414,#5415);
#5414 = CARTESIAN_POINT('',(5.08,1.04036,8.297434));
#5415 = VECTOR('',#5416,1.);
#5416 = DIRECTION('',(0.,-0.734792866841,-0.678291561823));
#5417 = ORIENTED_EDGE('',*,*,#5418,.F.);
#5418 = EDGE_CURVE('',#5411,#5411,#5419,.T.);
#5419 = CIRCLE('',#5420,0.952473);
#5420 = AXIS2_PLACEMENT_3D('',#5421,#5422,#5423);
#5421 = CARTESIAN_POINT('',(5.08,0.,8.216305));
#5422 = DIRECTION('',(0.,-0.,1.));
#5423 = DIRECTION('',(0.,1.,0.));
#5424 = ORIENTED_EDGE('',*,*,#5410,.F.);
#5425 = CONICAL_SURFACE('',#5426,1.04036,0.82536125564);
#5426 = AXIS2_PLACEMENT_3D('',#5427,#5428,#5429);
#5427 = CARTESIAN_POINT('',(5.08,0.,8.297434));
#5428 = DIRECTION('',(0.,0.,1.));
#5429 = DIRECTION('',(0.,1.,0.));
#5430 = ADVANCED_FACE('',(#5431),#5450,.F.);
#5431 = FACE_BOUND('',#5432,.T.);
#5432 = EDGE_LOOP('',(#5433,#5434,#5442,#5449));
#5433 = ORIENTED_EDGE('',*,*,#5144,.T.);
#5434 = ORIENTED_EDGE('',*,*,#5435,.T.);
#5435 = EDGE_CURVE('',#5135,#5436,#5438,.T.);
#5436 = VERTEX_POINT('',#5437);
#5437 = CARTESIAN_POINT('',(7.62,0.952473,8.216305));
#5438 = LINE('',#5439,#5440);
#5439 = CARTESIAN_POINT('',(7.62,1.04036,8.297434));
#5440 = VECTOR('',#5441,1.);
#5441 = DIRECTION('',(0.,-0.734792866841,-0.678291561823));
#5442 = ORIENTED_EDGE('',*,*,#5443,.F.);
#5443 = EDGE_CURVE('',#5436,#5436,#5444,.T.);
#5444 = CIRCLE('',#5445,0.952473);
#5445 = AXIS2_PLACEMENT_3D('',#5446,#5447,#5448);
#5446 = CARTESIAN_POINT('',(7.62,0.,8.216305));
#5447 = DIRECTION('',(0.,-0.,1.));
#5448 = DIRECTION('',(0.,1.,0.));
#5449 = ORIENTED_EDGE('',*,*,#5435,.F.);
#5450 = CONICAL_SURFACE('',#5451,1.04036,0.82536125564);
#5451 = AXIS2_PLACEMENT_3D('',#5452,#5453,#5454);
#5452 = CARTESIAN_POINT('',(7.62,0.,8.297434));
#5453 = DIRECTION('',(0.,0.,1.));
#5454 = DIRECTION('',(0.,1.,0.));
#5455 = ADVANCED_FACE('',(#5456),#5475,.F.);
#5456 = FACE_BOUND('',#5457,.T.);
#5457 = EDGE_LOOP('',(#5458,#5459,#5467,#5474));
#5458 = ORIENTED_EDGE('',*,*,#5169,.T.);
#5459 = ORIENTED_EDGE('',*,*,#5460,.T.);
#5460 = EDGE_CURVE('',#5160,#5461,#5463,.T.);
#5461 = VERTEX_POINT('',#5462);
#5462 = CARTESIAN_POINT('',(10.16,0.952473,8.216305));
#5463 = LINE('',#5464,#5465);
#5464 = CARTESIAN_POINT('',(10.16,1.04036,8.297434));
#5465 = VECTOR('',#5466,1.);
#5466 = DIRECTION('',(0.,-0.734792866841,-0.678291561823));
#5467 = ORIENTED_EDGE('',*,*,#5468,.F.);
#5468 = EDGE_CURVE('',#5461,#5461,#5469,.T.);
#5469 = CIRCLE('',#5470,0.952473);
#5470 = AXIS2_PLACEMENT_3D('',#5471,#5472,#5473);
#5471 = CARTESIAN_POINT('',(10.16,0.,8.216305));
#5472 = DIRECTION('',(0.,-0.,1.));
#5473 = DIRECTION('',(0.,1.,0.));
#5474 = ORIENTED_EDGE('',*,*,#5460,.F.);
#5475 = CONICAL_SURFACE('',#5476,1.04036,0.82536125564);
#5476 = AXIS2_PLACEMENT_3D('',#5477,#5478,#5479);
#5477 = CARTESIAN_POINT('',(10.16,0.,8.297434));
#5478 = DIRECTION('',(0.,0.,1.));
#5479 = DIRECTION('',(0.,1.,0.));
#5480 = ADVANCED_FACE('',(#5481),#5500,.F.);
#5481 = FACE_BOUND('',#5482,.T.);
#5482 = EDGE_LOOP('',(#5483,#5484,#5492,#5499));
#5483 = ORIENTED_EDGE('',*,*,#5194,.T.);
#5484 = ORIENTED_EDGE('',*,*,#5485,.T.);
#5485 = EDGE_CURVE('',#5185,#5486,#5488,.T.);
#5486 = VERTEX_POINT('',#5487);
#5487 = CARTESIAN_POINT('',(12.7,0.952473,8.216305));
#5488 = LINE('',#5489,#5490);
#5489 = CARTESIAN_POINT('',(12.7,1.04036,8.297434));
#5490 = VECTOR('',#5491,1.);
#5491 = DIRECTION('',(0.,-0.734792866841,-0.678291561823));
#5492 = ORIENTED_EDGE('',*,*,#5493,.F.);
#5493 = EDGE_CURVE('',#5486,#5486,#5494,.T.);
#5494 = CIRCLE('',#5495,0.952473);
#5495 = AXIS2_PLACEMENT_3D('',#5496,#5497,#5498);
#5496 = CARTESIAN_POINT('',(12.7,0.,8.216305));
#5497 = DIRECTION('',(0.,-0.,1.));
#5498 = DIRECTION('',(0.,1.,0.));
#5499 = ORIENTED_EDGE('',*,*,#5485,.F.);
#5500 = CONICAL_SURFACE('',#5501,1.04036,0.82536125564);
#5501 = AXIS2_PLACEMENT_3D('',#5502,#5503,#5504);
#5502 = CARTESIAN_POINT('',(12.7,0.,8.297434));
#5503 = DIRECTION('',(0.,0.,1.));
#5504 = DIRECTION('',(0.,1.,0.));
#5505 = ADVANCED_FACE('',(#5506,#5517),#5520,.T.);
#5506 = FACE_BOUND('',#5507,.T.);
#5507 = EDGE_LOOP('',(#5508));
#5508 = ORIENTED_EDGE('',*,*,#5509,.T.);
#5509 = EDGE_CURVE('',#5510,#5510,#5512,.T.);
#5510 = VERTEX_POINT('',#5511);
#5511 = CARTESIAN_POINT('',(0.,1.04036,6.8033));
#5512 = CIRCLE('',#5513,1.04036);
#5513 = AXIS2_PLACEMENT_3D('',#5514,#5515,#5516);
#5514 = CARTESIAN_POINT('',(0.,0.,6.8033));
#5515 = DIRECTION('',(0.,-0.,1.));
#5516 = DIRECTION('',(0.,1.,0.));
#5517 = FACE_BOUND('',#5518,.T.);
#5518 = EDGE_LOOP('',(#5519));
#5519 = ORIENTED_EDGE('',*,*,#5217,.F.);
#5520 = PLANE('',#5521);
#5521 = AXIS2_PLACEMENT_3D('',#5522,#5523,#5524);
#5522 = CARTESIAN_POINT('',(0.,0.,6.8033));
#5523 = DIRECTION('',(0.,0.,1.));
#5524 = DIRECTION('',(0.,1.,0.));
#5525 = ADVANCED_FACE('',(#5526,#5537),#5540,.T.);
#5526 = FACE_BOUND('',#5527,.T.);
#5527 = EDGE_LOOP('',(#5528));
#5528 = ORIENTED_EDGE('',*,*,#5529,.T.);
#5529 = EDGE_CURVE('',#5530,#5530,#5532,.T.);
#5530 = VERTEX_POINT('',#5531);
#5531 = CARTESIAN_POINT('',(2.54,1.04036,6.8033));
#5532 = CIRCLE('',#5533,1.04036);
#5533 = AXIS2_PLACEMENT_3D('',#5534,#5535,#5536);
#5534 = CARTESIAN_POINT('',(2.54,0.,6.8033));
#5535 = DIRECTION('',(0.,-0.,1.));
#5536 = DIRECTION('',(0.,1.,0.));
#5537 = FACE_BOUND('',#5538,.T.);
#5538 = EDGE_LOOP('',(#5539));
#5539 = ORIENTED_EDGE('',*,*,#5242,.F.);
#5540 = PLANE('',#5541);
#5541 = AXIS2_PLACEMENT_3D('',#5542,#5543,#5544);
#5542 = CARTESIAN_POINT('',(2.54,0.,6.8033));
#5543 = DIRECTION('',(0.,0.,1.));
#5544 = DIRECTION('',(0.,1.,0.));
#5545 = ADVANCED_FACE('',(#5546,#5557),#5560,.T.);
#5546 = FACE_BOUND('',#5547,.T.);
#5547 = EDGE_LOOP('',(#5548));
#5548 = ORIENTED_EDGE('',*,*,#5549,.T.);
#5549 = EDGE_CURVE('',#5550,#5550,#5552,.T.);
#5550 = VERTEX_POINT('',#5551);
#5551 = CARTESIAN_POINT('',(5.08,1.04036,6.8033));
#5552 = CIRCLE('',#5553,1.04036);
#5553 = AXIS2_PLACEMENT_3D('',#5554,#5555,#5556);
#5554 = CARTESIAN_POINT('',(5.08,0.,6.8033));
#5555 = DIRECTION('',(0.,-0.,1.));
#5556 = DIRECTION('',(0.,1.,0.));
#5557 = FACE_BOUND('',#5558,.T.);
#5558 = EDGE_LOOP('',(#5559));
#5559 = ORIENTED_EDGE('',*,*,#5267,.F.);
#5560 = PLANE('',#5561);
#5561 = AXIS2_PLACEMENT_3D('',#5562,#5563,#5564);
#5562 = CARTESIAN_POINT('',(5.08,0.,6.8033));
#5563 = DIRECTION('',(0.,0.,1.));
#5564 = DIRECTION('',(0.,1.,0.));
#5565 = ADVANCED_FACE('',(#5566,#5577),#5580,.T.);
#5566 = FACE_BOUND('',#5567,.T.);
#5567 = EDGE_LOOP('',(#5568));
#5568 = ORIENTED_EDGE('',*,*,#5569,.T.);
#5569 = EDGE_CURVE('',#5570,#5570,#5572,.T.);
#5570 = VERTEX_POINT('',#5571);
#5571 = CARTESIAN_POINT('',(7.62,1.04036,6.8033));
#5572 = CIRCLE('',#5573,1.04036);
#5573 = AXIS2_PLACEMENT_3D('',#5574,#5575,#5576);
#5574 = CARTESIAN_POINT('',(7.62,0.,6.8033));
#5575 = DIRECTION('',(0.,-0.,1.));
#5576 = DIRECTION('',(0.,1.,0.));
#5577 = FACE_BOUND('',#5578,.T.);
#5578 = EDGE_LOOP('',(#5579));
#5579 = ORIENTED_EDGE('',*,*,#5292,.F.);
#5580 = PLANE('',#5581);
#5581 = AXIS2_PLACEMENT_3D('',#5582,#5583,#5584);
#5582 = CARTESIAN_POINT('',(7.62,0.,6.8033));
#5583 = DIRECTION('',(0.,0.,1.));
#5584 = DIRECTION('',(0.,1.,0.));
#5585 = ADVANCED_FACE('',(#5586,#5597),#5600,.T.);
#5586 = FACE_BOUND('',#5587,.T.);
#5587 = EDGE_LOOP('',(#5588));
#5588 = ORIENTED_EDGE('',*,*,#5589,.T.);
#5589 = EDGE_CURVE('',#5590,#5590,#5592,.T.);
#5590 = VERTEX_POINT('',#5591);
#5591 = CARTESIAN_POINT('',(10.16,1.04036,6.8033));
#5592 = CIRCLE('',#5593,1.04036);
#5593 = AXIS2_PLACEMENT_3D('',#5594,#5595,#5596);
#5594 = CARTESIAN_POINT('',(10.16,0.,6.8033));
#5595 = DIRECTION('',(0.,-0.,1.));
#5596 = DIRECTION('',(0.,1.,0.));
#5597 = FACE_BOUND('',#5598,.T.);
#5598 = EDGE_LOOP('',(#5599));
#5599 = ORIENTED_EDGE('',*,*,#5317,.F.);
#5600 = PLANE('',#5601);
#5601 = AXIS2_PLACEMENT_3D('',#5602,#5603,#5604);
#5602 = CARTESIAN_POINT('',(10.16,0.,6.8033));
#5603 = DIRECTION('',(0.,0.,1.));
#5604 = DIRECTION('',(0.,1.,0.));
#5605 = ADVANCED_FACE('',(#5606,#5617),#5620,.T.);
#5606 = FACE_BOUND('',#5607,.T.);
#5607 = EDGE_LOOP('',(#5608));
#5608 = ORIENTED_EDGE('',*,*,#5609,.T.);
#5609 = EDGE_CURVE('',#5610,#5610,#5612,.T.);
#5610 = VERTEX_POINT('',#5611);
#5611 = CARTESIAN_POINT('',(12.7,1.04036,6.8033));
#5612 = CIRCLE('',#5613,1.04036);
#5613 = AXIS2_PLACEMENT_3D('',#5614,#5615,#5616);
#5614 = CARTESIAN_POINT('',(12.7,0.,6.8033));
#5615 = DIRECTION('',(0.,-0.,1.));
#5616 = DIRECTION('',(0.,1.,0.));
#5617 = FACE_BOUND('',#5618,.T.);
#5618 = EDGE_LOOP('',(#5619));
#5619 = ORIENTED_EDGE('',*,*,#5342,.F.);
#5620 = PLANE('',#5621);
#5621 = AXIS2_PLACEMENT_3D('',#5622,#5623,#5624);
#5622 = CARTESIAN_POINT('',(12.7,0.,6.8033));
#5623 = DIRECTION('',(0.,0.,1.));
#5624 = DIRECTION('',(0.,1.,0.));
#5625 = ADVANCED_FACE('',(#5626),#5645,.F.);
#5626 = FACE_BOUND('',#5627,.T.);
#5627 = EDGE_LOOP('',(#5628,#5629,#5637,#5644));
#5628 = ORIENTED_EDGE('',*,*,#5368,.T.);
#5629 = ORIENTED_EDGE('',*,*,#5630,.T.);
#5630 = EDGE_CURVE('',#5361,#5631,#5633,.T.);
#5631 = VERTEX_POINT('',#5632);
#5632 = CARTESIAN_POINT('',(0.,0.952473,8.047285));
#5633 = LINE('',#5634,#5635);
#5634 = CARTESIAN_POINT('',(0.,0.952473,8.216305));
#5635 = VECTOR('',#5636,1.);
#5636 = DIRECTION('',(0.,0.,-1.));
#5637 = ORIENTED_EDGE('',*,*,#5638,.F.);
#5638 = EDGE_CURVE('',#5631,#5631,#5639,.T.);
#5639 = CIRCLE('',#5640,0.952473);
#5640 = AXIS2_PLACEMENT_3D('',#5641,#5642,#5643);
#5641 = CARTESIAN_POINT('',(0.,0.,8.047285));
#5642 = DIRECTION('',(0.,-0.,1.));
#5643 = DIRECTION('',(0.,1.,0.));
#5644 = ORIENTED_EDGE('',*,*,#5630,.F.);
#5645 = CYLINDRICAL_SURFACE('',#5646,0.952473);
#5646 = AXIS2_PLACEMENT_3D('',#5647,#5648,#5649);
#5647 = CARTESIAN_POINT('',(0.,0.,8.216305));
#5648 = DIRECTION('',(-0.,-0.,-1.));
#5649 = DIRECTION('',(0.,1.,0.));
#5650 = ADVANCED_FACE('',(#5651),#5670,.F.);
#5651 = FACE_BOUND('',#5652,.T.);
#5652 = EDGE_LOOP('',(#5653,#5654,#5662,#5669));
#5653 = ORIENTED_EDGE('',*,*,#5393,.T.);
#5654 = ORIENTED_EDGE('',*,*,#5655,.T.);
#5655 = EDGE_CURVE('',#5386,#5656,#5658,.T.);
#5656 = VERTEX_POINT('',#5657);
#5657 = CARTESIAN_POINT('',(2.54,0.952473,8.047285));
#5658 = LINE('',#5659,#5660);
#5659 = CARTESIAN_POINT('',(2.54,0.952473,8.216305));
#5660 = VECTOR('',#5661,1.);
#5661 = DIRECTION('',(0.,0.,-1.));
#5662 = ORIENTED_EDGE('',*,*,#5663,.F.);
#5663 = EDGE_CURVE('',#5656,#5656,#5664,.T.);
#5664 = CIRCLE('',#5665,0.952473);
#5665 = AXIS2_PLACEMENT_3D('',#5666,#5667,#5668);
#5666 = CARTESIAN_POINT('',(2.54,0.,8.047285));
#5667 = DIRECTION('',(0.,-0.,1.));
#5668 = DIRECTION('',(0.,1.,0.));
#5669 = ORIENTED_EDGE('',*,*,#5655,.F.);
#5670 = CYLINDRICAL_SURFACE('',#5671,0.952473);
#5671 = AXIS2_PLACEMENT_3D('',#5672,#5673,#5674);
#5672 = CARTESIAN_POINT('',(2.54,0.,8.216305));
#5673 = DIRECTION('',(-0.,-0.,-1.));
#5674 = DIRECTION('',(0.,1.,0.));
#5675 = ADVANCED_FACE('',(#5676),#5695,.F.);
#5676 = FACE_BOUND('',#5677,.T.);
#5677 = EDGE_LOOP('',(#5678,#5679,#5687,#5694));
#5678 = ORIENTED_EDGE('',*,*,#5418,.T.);
#5679 = ORIENTED_EDGE('',*,*,#5680,.T.);
#5680 = EDGE_CURVE('',#5411,#5681,#5683,.T.);
#5681 = VERTEX_POINT('',#5682);
#5682 = CARTESIAN_POINT('',(5.08,0.952473,8.047285));
#5683 = LINE('',#5684,#5685);
#5684 = CARTESIAN_POINT('',(5.08,0.952473,8.216305));
#5685 = VECTOR('',#5686,1.);
#5686 = DIRECTION('',(0.,0.,-1.));
#5687 = ORIENTED_EDGE('',*,*,#5688,.F.);
#5688 = EDGE_CURVE('',#5681,#5681,#5689,.T.);
#5689 = CIRCLE('',#5690,0.952473);
#5690 = AXIS2_PLACEMENT_3D('',#5691,#5692,#5693);
#5691 = CARTESIAN_POINT('',(5.08,0.,8.047285));
#5692 = DIRECTION('',(0.,-0.,1.));
#5693 = DIRECTION('',(0.,1.,0.));
#5694 = ORIENTED_EDGE('',*,*,#5680,.F.);
#5695 = CYLINDRICAL_SURFACE('',#5696,0.952473);
#5696 = AXIS2_PLACEMENT_3D('',#5697,#5698,#5699);
#5697 = CARTESIAN_POINT('',(5.08,0.,8.216305));
#5698 = DIRECTION('',(-0.,-0.,-1.));
#5699 = DIRECTION('',(0.,1.,0.));
#5700 = ADVANCED_FACE('',(#5701),#5720,.F.);
#5701 = FACE_BOUND('',#5702,.T.);
#5702 = EDGE_LOOP('',(#5703,#5704,#5712,#5719));
#5703 = ORIENTED_EDGE('',*,*,#5443,.T.);
#5704 = ORIENTED_EDGE('',*,*,#5705,.T.);
#5705 = EDGE_CURVE('',#5436,#5706,#5708,.T.);
#5706 = VERTEX_POINT('',#5707);
#5707 = CARTESIAN_POINT('',(7.62,0.952473,8.047285));
#5708 = LINE('',#5709,#5710);
#5709 = CARTESIAN_POINT('',(7.62,0.952473,8.216305));
#5710 = VECTOR('',#5711,1.);
#5711 = DIRECTION('',(0.,0.,-1.));
#5712 = ORIENTED_EDGE('',*,*,#5713,.F.);
#5713 = EDGE_CURVE('',#5706,#5706,#5714,.T.);
#5714 = CIRCLE('',#5715,0.952473);
#5715 = AXIS2_PLACEMENT_3D('',#5716,#5717,#5718);
#5716 = CARTESIAN_POINT('',(7.62,0.,8.047285));
#5717 = DIRECTION('',(0.,-0.,1.));
#5718 = DIRECTION('',(0.,1.,0.));
#5719 = ORIENTED_EDGE('',*,*,#5705,.F.);
#5720 = CYLINDRICAL_SURFACE('',#5721,0.952473);
#5721 = AXIS2_PLACEMENT_3D('',#5722,#5723,#5724);
#5722 = CARTESIAN_POINT('',(7.62,0.,8.216305));
#5723 = DIRECTION('',(-0.,-0.,-1.));
#5724 = DIRECTION('',(0.,1.,0.));
#5725 = ADVANCED_FACE('',(#5726),#5745,.F.);
#5726 = FACE_BOUND('',#5727,.T.);
#5727 = EDGE_LOOP('',(#5728,#5729,#5737,#5744));
#5728 = ORIENTED_EDGE('',*,*,#5468,.T.);
#5729 = ORIENTED_EDGE('',*,*,#5730,.T.);
#5730 = EDGE_CURVE('',#5461,#5731,#5733,.T.);
#5731 = VERTEX_POINT('',#5732);
#5732 = CARTESIAN_POINT('',(10.16,0.952473,8.047285));
#5733 = LINE('',#5734,#5735);
#5734 = CARTESIAN_POINT('',(10.16,0.952473,8.216305));
#5735 = VECTOR('',#5736,1.);
#5736 = DIRECTION('',(0.,0.,-1.));
#5737 = ORIENTED_EDGE('',*,*,#5738,.F.);
#5738 = EDGE_CURVE('',#5731,#5731,#5739,.T.);
#5739 = CIRCLE('',#5740,0.952473);
#5740 = AXIS2_PLACEMENT_3D('',#5741,#5742,#5743);
#5741 = CARTESIAN_POINT('',(10.16,0.,8.047285));
#5742 = DIRECTION('',(0.,-0.,1.));
#5743 = DIRECTION('',(0.,1.,0.));
#5744 = ORIENTED_EDGE('',*,*,#5730,.F.);
#5745 = CYLINDRICAL_SURFACE('',#5746,0.952473);
#5746 = AXIS2_PLACEMENT_3D('',#5747,#5748,#5749);
#5747 = CARTESIAN_POINT('',(10.16,0.,8.216305));
#5748 = DIRECTION('',(-0.,-0.,-1.));
#5749 = DIRECTION('',(0.,1.,0.));
#5750 = ADVANCED_FACE('',(#5751),#5770,.F.);
#5751 = FACE_BOUND('',#5752,.T.);
#5752 = EDGE_LOOP('',(#5753,#5754,#5762,#5769));
#5753 = ORIENTED_EDGE('',*,*,#5493,.T.);
#5754 = ORIENTED_EDGE('',*,*,#5755,.T.);
#5755 = EDGE_CURVE('',#5486,#5756,#5758,.T.);
#5756 = VERTEX_POINT('',#5757);
#5757 = CARTESIAN_POINT('',(12.7,0.952473,8.047285));
#5758 = LINE('',#5759,#5760);
#5759 = CARTESIAN_POINT('',(12.7,0.952473,8.216305));
#5760 = VECTOR('',#5761,1.);
#5761 = DIRECTION('',(0.,0.,-1.));
#5762 = ORIENTED_EDGE('',*,*,#5763,.F.);
#5763 = EDGE_CURVE('',#5756,#5756,#5764,.T.);
#5764 = CIRCLE('',#5765,0.952473);
#5765 = AXIS2_PLACEMENT_3D('',#5766,#5767,#5768);
#5766 = CARTESIAN_POINT('',(12.7,0.,8.047285));
#5767 = DIRECTION('',(0.,-0.,1.));
#5768 = DIRECTION('',(0.,1.,0.));
#5769 = ORIENTED_EDGE('',*,*,#5755,.F.);
#5770 = CYLINDRICAL_SURFACE('',#5771,0.952473);
#5771 = AXIS2_PLACEMENT_3D('',#5772,#5773,#5774);
#5772 = CARTESIAN_POINT('',(12.7,0.,8.216305));
#5773 = DIRECTION('',(-0.,-0.,-1.));
#5774 = DIRECTION('',(0.,1.,0.));
#5775 = ADVANCED_FACE('',(#5776),#5795,.F.);
#5776 = FACE_BOUND('',#5777,.T.);
#5777 = EDGE_LOOP('',(#5778,#5787,#5793,#5794));
#5778 = ORIENTED_EDGE('',*,*,#5779,.T.);
#5779 = EDGE_CURVE('',#5780,#5780,#5782,.T.);
#5780 = VERTEX_POINT('',#5781);
#5781 = CARTESIAN_POINT('',(0.,1.04036,7.959395));
#5782 = CIRCLE('',#5783,1.04036);
#5783 = AXIS2_PLACEMENT_3D('',#5784,#5785,#5786);
#5784 = CARTESIAN_POINT('',(0.,0.,7.959395));
#5785 = DIRECTION('',(0.,-0.,1.));
#5786 = DIRECTION('',(0.,1.,0.));
#5787 = ORIENTED_EDGE('',*,*,#5788,.T.);
#5788 = EDGE_CURVE('',#5780,#5510,#5789,.T.);
#5789 = LINE('',#5790,#5791);
#5790 = CARTESIAN_POINT('',(0.,1.04036,7.959395));
#5791 = VECTOR('',#5792,1.);
#5792 = DIRECTION('',(0.,0.,-1.));
#5793 = ORIENTED_EDGE('',*,*,#5509,.F.);
#5794 = ORIENTED_EDGE('',*,*,#5788,.F.);
#5795 = CYLINDRICAL_SURFACE('',#5796,1.04036);
#5796 = AXIS2_PLACEMENT_3D('',#5797,#5798,#5799);
#5797 = CARTESIAN_POINT('',(0.,0.,7.959395));
#5798 = DIRECTION('',(-0.,-0.,-1.));
#5799 = DIRECTION('',(0.,1.,0.));
#5800 = ADVANCED_FACE('',(#5801),#5820,.F.);
#5801 = FACE_BOUND('',#5802,.T.);
#5802 = EDGE_LOOP('',(#5803,#5812,#5818,#5819));
#5803 = ORIENTED_EDGE('',*,*,#5804,.T.);
#5804 = EDGE_CURVE('',#5805,#5805,#5807,.T.);
#5805 = VERTEX_POINT('',#5806);
#5806 = CARTESIAN_POINT('',(2.54,1.04036,7.959395));
#5807 = CIRCLE('',#5808,1.04036);
#5808 = AXIS2_PLACEMENT_3D('',#5809,#5810,#5811);
#5809 = CARTESIAN_POINT('',(2.54,0.,7.959395));
#5810 = DIRECTION('',(0.,-0.,1.));
#5811 = DIRECTION('',(0.,1.,0.));
#5812 = ORIENTED_EDGE('',*,*,#5813,.T.);
#5813 = EDGE_CURVE('',#5805,#5530,#5814,.T.);
#5814 = LINE('',#5815,#5816);
#5815 = CARTESIAN_POINT('',(2.54,1.04036,7.959395));
#5816 = VECTOR('',#5817,1.);
#5817 = DIRECTION('',(0.,0.,-1.));
#5818 = ORIENTED_EDGE('',*,*,#5529,.F.);
#5819 = ORIENTED_EDGE('',*,*,#5813,.F.);
#5820 = CYLINDRICAL_SURFACE('',#5821,1.04036);
#5821 = AXIS2_PLACEMENT_3D('',#5822,#5823,#5824);
#5822 = CARTESIAN_POINT('',(2.54,0.,7.959395));
#5823 = DIRECTION('',(-0.,-0.,-1.));
#5824 = DIRECTION('',(0.,1.,0.));
#5825 = ADVANCED_FACE('',(#5826),#5845,.F.);
#5826 = FACE_BOUND('',#5827,.T.);
#5827 = EDGE_LOOP('',(#5828,#5837,#5843,#5844));
#5828 = ORIENTED_EDGE('',*,*,#5829,.T.);
#5829 = EDGE_CURVE('',#5830,#5830,#5832,.T.);
#5830 = VERTEX_POINT('',#5831);
#5831 = CARTESIAN_POINT('',(5.08,1.04036,7.959395));
#5832 = CIRCLE('',#5833,1.04036);
#5833 = AXIS2_PLACEMENT_3D('',#5834,#5835,#5836);
#5834 = CARTESIAN_POINT('',(5.08,0.,7.959395));
#5835 = DIRECTION('',(0.,-0.,1.));
#5836 = DIRECTION('',(0.,1.,0.));
#5837 = ORIENTED_EDGE('',*,*,#5838,.T.);
#5838 = EDGE_CURVE('',#5830,#5550,#5839,.T.);
#5839 = LINE('',#5840,#5841);
#5840 = CARTESIAN_POINT('',(5.08,1.04036,7.959395));
#5841 = VECTOR('',#5842,1.);
#5842 = DIRECTION('',(0.,0.,-1.));
#5843 = ORIENTED_EDGE('',*,*,#5549,.F.);
#5844 = ORIENTED_EDGE('',*,*,#5838,.F.);
#5845 = CYLINDRICAL_SURFACE('',#5846,1.04036);
#5846 = AXIS2_PLACEMENT_3D('',#5847,#5848,#5849);
#5847 = CARTESIAN_POINT('',(5.08,0.,7.959395));
#5848 = DIRECTION('',(-0.,-0.,-1.));
#5849 = DIRECTION('',(0.,1.,0.));
#5850 = ADVANCED_FACE('',(#5851),#5870,.F.);
#5851 = FACE_BOUND('',#5852,.T.);
#5852 = EDGE_LOOP('',(#5853,#5862,#5868,#5869));
#5853 = ORIENTED_EDGE('',*,*,#5854,.T.);
#5854 = EDGE_CURVE('',#5855,#5855,#5857,.T.);
#5855 = VERTEX_POINT('',#5856);
#5856 = CARTESIAN_POINT('',(7.62,1.04036,7.959395));
#5857 = CIRCLE('',#5858,1.04036);
#5858 = AXIS2_PLACEMENT_3D('',#5859,#5860,#5861);
#5859 = CARTESIAN_POINT('',(7.62,0.,7.959395));
#5860 = DIRECTION('',(0.,-0.,1.));
#5861 = DIRECTION('',(0.,1.,0.));
#5862 = ORIENTED_EDGE('',*,*,#5863,.T.);
#5863 = EDGE_CURVE('',#5855,#5570,#5864,.T.);
#5864 = LINE('',#5865,#5866);
#5865 = CARTESIAN_POINT('',(7.62,1.04036,7.959395));
#5866 = VECTOR('',#5867,1.);
#5867 = DIRECTION('',(0.,0.,-1.));
#5868 = ORIENTED_EDGE('',*,*,#5569,.F.);
#5869 = ORIENTED_EDGE('',*,*,#5863,.F.);
#5870 = CYLINDRICAL_SURFACE('',#5871,1.04036);
#5871 = AXIS2_PLACEMENT_3D('',#5872,#5873,#5874);
#5872 = CARTESIAN_POINT('',(7.62,0.,7.959395));
#5873 = DIRECTION('',(-0.,-0.,-1.));
#5874 = DIRECTION('',(0.,1.,0.));
#5875 = ADVANCED_FACE('',(#5876),#5895,.F.);
#5876 = FACE_BOUND('',#5877,.T.);
#5877 = EDGE_LOOP('',(#5878,#5887,#5893,#5894));
#5878 = ORIENTED_EDGE('',*,*,#5879,.T.);
#5879 = EDGE_CURVE('',#5880,#5880,#5882,.T.);
#5880 = VERTEX_POINT('',#5881);
#5881 = CARTESIAN_POINT('',(10.16,1.04036,7.959395));
#5882 = CIRCLE('',#5883,1.04036);
#5883 = AXIS2_PLACEMENT_3D('',#5884,#5885,#5886);
#5884 = CARTESIAN_POINT('',(10.16,0.,7.959395));
#5885 = DIRECTION('',(0.,-0.,1.));
#5886 = DIRECTION('',(0.,1.,0.));
#5887 = ORIENTED_EDGE('',*,*,#5888,.T.);
#5888 = EDGE_CURVE('',#5880,#5590,#5889,.T.);
#5889 = LINE('',#5890,#5891);
#5890 = CARTESIAN_POINT('',(10.16,1.04036,7.959395));
#5891 = VECTOR('',#5892,1.);
#5892 = DIRECTION('',(0.,0.,-1.));
#5893 = ORIENTED_EDGE('',*,*,#5589,.F.);
#5894 = ORIENTED_EDGE('',*,*,#5888,.F.);
#5895 = CYLINDRICAL_SURFACE('',#5896,1.04036);
#5896 = AXIS2_PLACEMENT_3D('',#5897,#5898,#5899);
#5897 = CARTESIAN_POINT('',(10.16,0.,7.959395));
#5898 = DIRECTION('',(-0.,-0.,-1.));
#5899 = DIRECTION('',(0.,1.,0.));
#5900 = ADVANCED_FACE('',(#5901),#5920,.F.);
#5901 = FACE_BOUND('',#5902,.T.);
#5902 = EDGE_LOOP('',(#5903,#5912,#5918,#5919));
#5903 = ORIENTED_EDGE('',*,*,#5904,.T.);
#5904 = EDGE_CURVE('',#5905,#5905,#5907,.T.);
#5905 = VERTEX_POINT('',#5906);
#5906 = CARTESIAN_POINT('',(12.7,1.04036,7.959395));
#5907 = CIRCLE('',#5908,1.04036);
#5908 = AXIS2_PLACEMENT_3D('',#5909,#5910,#5911);
#5909 = CARTESIAN_POINT('',(12.7,0.,7.959395));
#5910 = DIRECTION('',(0.,-0.,1.));
#5911 = DIRECTION('',(0.,1.,0.));
#5912 = ORIENTED_EDGE('',*,*,#5913,.T.);
#5913 = EDGE_CURVE('',#5905,#5610,#5914,.T.);
#5914 = LINE('',#5915,#5916);
#5915 = CARTESIAN_POINT('',(12.7,1.04036,7.959395));
#5916 = VECTOR('',#5917,1.);
#5917 = DIRECTION('',(0.,0.,-1.));
#5918 = ORIENTED_EDGE('',*,*,#5609,.F.);
#5919 = ORIENTED_EDGE('',*,*,#5913,.F.);
#5920 = CYLINDRICAL_SURFACE('',#5921,1.04036);
#5921 = AXIS2_PLACEMENT_3D('',#5922,#5923,#5924);
#5922 = CARTESIAN_POINT('',(12.7,0.,7.959395));
#5923 = DIRECTION('',(-0.,-0.,-1.));
#5924 = DIRECTION('',(0.,1.,0.));
#5925 = ADVANCED_FACE('',(#5926),#5937,.F.);
#5926 = FACE_BOUND('',#5927,.T.);
#5927 = EDGE_LOOP('',(#5928,#5929,#5935,#5936));
#5928 = ORIENTED_EDGE('',*,*,#5638,.T.);
#5929 = ORIENTED_EDGE('',*,*,#5930,.T.);
#5930 = EDGE_CURVE('',#5631,#5780,#5931,.T.);
#5931 = LINE('',#5932,#5933);
#5932 = CARTESIAN_POINT('',(0.,0.952473,8.047285));
#5933 = VECTOR('',#5934,1.);
#5934 = DIRECTION('',(0.,0.707094712836,-0.707118849331));
#5935 = ORIENTED_EDGE('',*,*,#5779,.F.);
#5936 = ORIENTED_EDGE('',*,*,#5930,.F.);
#5937 = CONICAL_SURFACE('',#5938,0.952473,0.785381096318);
#5938 = AXIS2_PLACEMENT_3D('',#5939,#5940,#5941);
#5939 = CARTESIAN_POINT('',(0.,0.,8.047285));
#5940 = DIRECTION('',(-0.,-0.,-1.));
#5941 = DIRECTION('',(0.,1.,0.));
#5942 = ADVANCED_FACE('',(#5943),#5954,.F.);
#5943 = FACE_BOUND('',#5944,.T.);
#5944 = EDGE_LOOP('',(#5945,#5946,#5952,#5953));
#5945 = ORIENTED_EDGE('',*,*,#5663,.T.);
#5946 = ORIENTED_EDGE('',*,*,#5947,.T.);
#5947 = EDGE_CURVE('',#5656,#5805,#5948,.T.);
#5948 = LINE('',#5949,#5950);
#5949 = CARTESIAN_POINT('',(2.54,0.952473,8.047285));
#5950 = VECTOR('',#5951,1.);
#5951 = DIRECTION('',(0.,0.707094712836,-0.707118849331));
#5952 = ORIENTED_EDGE('',*,*,#5804,.F.);
#5953 = ORIENTED_EDGE('',*,*,#5947,.F.);
#5954 = CONICAL_SURFACE('',#5955,0.952473,0.785381096318);
#5955 = AXIS2_PLACEMENT_3D('',#5956,#5957,#5958);
#5956 = CARTESIAN_POINT('',(2.54,0.,8.047285));
#5957 = DIRECTION('',(-0.,-0.,-1.));
#5958 = DIRECTION('',(0.,1.,0.));
#5959 = ADVANCED_FACE('',(#5960),#5971,.F.);
#5960 = FACE_BOUND('',#5961,.T.);
#5961 = EDGE_LOOP('',(#5962,#5963,#5969,#5970));
#5962 = ORIENTED_EDGE('',*,*,#5688,.T.);
#5963 = ORIENTED_EDGE('',*,*,#5964,.T.);
#5964 = EDGE_CURVE('',#5681,#5830,#5965,.T.);
#5965 = LINE('',#5966,#5967);
#5966 = CARTESIAN_POINT('',(5.08,0.952473,8.047285));
#5967 = VECTOR('',#5968,1.);
#5968 = DIRECTION('',(0.,0.707094712836,-0.707118849331));
#5969 = ORIENTED_EDGE('',*,*,#5829,.F.);
#5970 = ORIENTED_EDGE('',*,*,#5964,.F.);
#5971 = CONICAL_SURFACE('',#5972,0.952473,0.785381096318);
#5972 = AXIS2_PLACEMENT_3D('',#5973,#5974,#5975);
#5973 = CARTESIAN_POINT('',(5.08,0.,8.047285));
#5974 = DIRECTION('',(-0.,-0.,-1.));
#5975 = DIRECTION('',(0.,1.,0.));
#5976 = ADVANCED_FACE('',(#5977),#5988,.F.);
#5977 = FACE_BOUND('',#5978,.T.);
#5978 = EDGE_LOOP('',(#5979,#5980,#5986,#5987));
#5979 = ORIENTED_EDGE('',*,*,#5713,.T.);
#5980 = ORIENTED_EDGE('',*,*,#5981,.T.);
#5981 = EDGE_CURVE('',#5706,#5855,#5982,.T.);
#5982 = LINE('',#5983,#5984);
#5983 = CARTESIAN_POINT('',(7.62,0.952473,8.047285));
#5984 = VECTOR('',#5985,1.);
#5985 = DIRECTION('',(0.,0.707094712836,-0.707118849331));
#5986 = ORIENTED_EDGE('',*,*,#5854,.F.);
#5987 = ORIENTED_EDGE('',*,*,#5981,.F.);
#5988 = CONICAL_SURFACE('',#5989,0.952473,0.785381096318);
#5989 = AXIS2_PLACEMENT_3D('',#5990,#5991,#5992);
#5990 = CARTESIAN_POINT('',(7.62,0.,8.047285));
#5991 = DIRECTION('',(-0.,-0.,-1.));
#5992 = DIRECTION('',(0.,1.,0.));
#5993 = ADVANCED_FACE('',(#5994),#6005,.F.);
#5994 = FACE_BOUND('',#5995,.T.);
#5995 = EDGE_LOOP('',(#5996,#5997,#6003,#6004));
#5996 = ORIENTED_EDGE('',*,*,#5738,.T.);
#5997 = ORIENTED_EDGE('',*,*,#5998,.T.);
#5998 = EDGE_CURVE('',#5731,#5880,#5999,.T.);
#5999 = LINE('',#6000,#6001);
#6000 = CARTESIAN_POINT('',(10.16,0.952473,8.047285));
#6001 = VECTOR('',#6002,1.);
#6002 = DIRECTION('',(0.,0.707094712836,-0.707118849331));
#6003 = ORIENTED_EDGE('',*,*,#5879,.F.);
#6004 = ORIENTED_EDGE('',*,*,#5998,.F.);
#6005 = CONICAL_SURFACE('',#6006,0.952473,0.785381096318);
#6006 = AXIS2_PLACEMENT_3D('',#6007,#6008,#6009);
#6007 = CARTESIAN_POINT('',(10.16,0.,8.047285));
#6008 = DIRECTION('',(-0.,-0.,-1.));
#6009 = DIRECTION('',(0.,1.,0.));
#6010 = ADVANCED_FACE('',(#6011),#6022,.F.);
#6011 = FACE_BOUND('',#6012,.T.);
#6012 = EDGE_LOOP('',(#6013,#6014,#6020,#6021));
#6013 = ORIENTED_EDGE('',*,*,#5763,.T.);
#6014 = ORIENTED_EDGE('',*,*,#6015,.T.);
#6015 = EDGE_CURVE('',#5756,#5905,#6016,.T.);
#6016 = LINE('',#6017,#6018);
#6017 = CARTESIAN_POINT('',(12.7,0.952473,8.047285));
#6018 = VECTOR('',#6019,1.);
#6019 = DIRECTION('',(0.,0.707094712836,-0.707118849331));
#6020 = ORIENTED_EDGE('',*,*,#5904,.F.);
#6021 = ORIENTED_EDGE('',*,*,#6015,.F.);
#6022 = CONICAL_SURFACE('',#6023,0.952473,0.785381096318);
#6023 = AXIS2_PLACEMENT_3D('',#6024,#6025,#6026);
#6024 = CARTESIAN_POINT('',(12.7,0.,8.047285));
#6025 = DIRECTION('',(-0.,-0.,-1.));
#6026 = DIRECTION('',(0.,1.,0.));
#6027 = ADVANCED_FACE('',(#6028),#6034,.T.);
#6028 = FACE_BOUND('',#6029,.T.);
#6029 = EDGE_LOOP('',(#6030,#6031,#6032,#6033));
#6030 = ORIENTED_EDGE('',*,*,#476,.T.);
#6031 = ORIENTED_EDGE('',*,*,#1318,.T.);
#6032 = ORIENTED_EDGE('',*,*,#345,.F.);
#6033 = ORIENTED_EDGE('',*,*,#1303,.F.);
#6034 = PLANE('',#6035);
#6035 = AXIS2_PLACEMENT_3D('',#6036,#6037,#6038);
#6036 = CARTESIAN_POINT('',(2.54,-2.951920392766,0.967939838088));
#6037 = DIRECTION('',(-1.494504192918E-16,-0.780868809443,0.624695047554
    ));
#6038 = DIRECTION('',(-1.232595164408E-32,-0.624695047554,
    -0.780868809443));
#6039 = ADVANCED_FACE('',(#6040),#6046,.T.);
#6040 = FACE_BOUND('',#6041,.T.);
#6041 = EDGE_LOOP('',(#6042,#6043,#6044,#6045));
#6042 = ORIENTED_EDGE('',*,*,#510,.T.);
#6043 = ORIENTED_EDGE('',*,*,#1369,.T.);
#6044 = ORIENTED_EDGE('',*,*,#274,.F.);
#6045 = ORIENTED_EDGE('',*,*,#1354,.F.);
#6046 = PLANE('',#6047);
#6047 = AXIS2_PLACEMENT_3D('',#6048,#6049,#6050);
#6048 = CARTESIAN_POINT('',(5.08,-2.951920392766,0.967939838088));
#6049 = DIRECTION('',(-1.505466326362E-16,-0.780868809443,0.624695047554
    ));
#6050 = DIRECTION('',(1.232595164408E-32,-0.624695047554,-0.780868809443
    ));
#6051 = ADVANCED_FACE('',(#6052),#6058,.T.);
#6052 = FACE_BOUND('',#6053,.T.);
#6053 = EDGE_LOOP('',(#6054,#6055,#6056,#6057));
#6054 = ORIENTED_EDGE('',*,*,#544,.T.);
#6055 = ORIENTED_EDGE('',*,*,#1420,.T.);
#6056 = ORIENTED_EDGE('',*,*,#203,.F.);
#6057 = ORIENTED_EDGE('',*,*,#1405,.F.);
#6058 = PLANE('',#6059);
#6059 = AXIS2_PLACEMENT_3D('',#6060,#6061,#6062);
#6060 = CARTESIAN_POINT('',(7.62,-2.951920392766,0.967939838088));
#6061 = DIRECTION('',(-1.77586561799E-16,-0.780868809443,0.624695047554)
  );
#6062 = DIRECTION('',(0.,-0.624695047554,-0.780868809443));
#6063 = ADVANCED_FACE('',(#6064),#6070,.T.);
#6064 = FACE_BOUND('',#6065,.T.);
#6065 = EDGE_LOOP('',(#6066,#6067,#6068,#6069));
#6066 = ORIENTED_EDGE('',*,*,#578,.T.);
#6067 = ORIENTED_EDGE('',*,*,#1471,.T.);
#6068 = ORIENTED_EDGE('',*,*,#132,.F.);
#6069 = ORIENTED_EDGE('',*,*,#1456,.F.);
#6070 = PLANE('',#6071);
#6071 = AXIS2_PLACEMENT_3D('',#6072,#6073,#6074);
#6072 = CARTESIAN_POINT('',(10.16,-2.951920392766,0.967939838088));
#6073 = DIRECTION('',(-1.490850148436E-16,-0.780868809443,0.624695047554
    ));
#6074 = DIRECTION('',(0.,-0.624695047554,-0.780868809443));
#6075 = ADVANCED_FACE('',(#6076),#6082,.T.);
#6076 = FACE_BOUND('',#6077,.T.);
#6077 = EDGE_LOOP('',(#6078,#6079,#6080,#6081));
#6078 = ORIENTED_EDGE('',*,*,#612,.T.);
#6079 = ORIENTED_EDGE('',*,*,#1522,.T.);
#6080 = ORIENTED_EDGE('',*,*,#61,.F.);
#6081 = ORIENTED_EDGE('',*,*,#1507,.F.);
#6082 = PLANE('',#6083);
#6083 = AXIS2_PLACEMENT_3D('',#6084,#6085,#6086);
#6084 = CARTESIAN_POINT('',(12.7,-2.951920392766,0.967939838088));
#6085 = DIRECTION('',(-1.633357883213E-16,-0.780868809443,0.624695047554
    ));
#6086 = DIRECTION('',(0.,-0.624695047554,-0.780868809443));
#6087 = ADVANCED_FACE('',(#6088),#6094,.T.);
#6088 = FACE_BOUND('',#6089,.T.);
#6089 = EDGE_LOOP('',(#6090,#6091,#6092,#6093));
#6090 = ORIENTED_EDGE('',*,*,#492,.T.);
#6091 = ORIENTED_EDGE('',*,*,#1296,.T.);
#6092 = ORIENTED_EDGE('',*,*,#3913,.F.);
#6093 = ORIENTED_EDGE('',*,*,#1325,.F.);
#6094 = PLANE('',#6095);
#6095 = AXIS2_PLACEMENT_3D('',#6096,#6097,#6098);
#6096 = CARTESIAN_POINT('',(2.54,-2.947040494718,3.915161194803));
#6097 = DIRECTION('',(-0.,-0.868243142124,-0.496138938357));
#6098 = DIRECTION('',(0.,0.496138938357,-0.868243142124));
#6099 = ADVANCED_FACE('',(#6100),#6106,.T.);
#6100 = FACE_BOUND('',#6101,.T.);
#6101 = EDGE_LOOP('',(#6102,#6103,#6104,#6105));
#6102 = ORIENTED_EDGE('',*,*,#526,.T.);
#6103 = ORIENTED_EDGE('',*,*,#1347,.T.);
#6104 = ORIENTED_EDGE('',*,*,#3959,.F.);
#6105 = ORIENTED_EDGE('',*,*,#1376,.F.);
#6106 = PLANE('',#6107);
#6107 = AXIS2_PLACEMENT_3D('',#6108,#6109,#6110);
#6108 = CARTESIAN_POINT('',(5.08,-2.947040494718,3.915161194803));
#6109 = DIRECTION('',(-0.,-0.868243142124,-0.496138938357));
#6110 = DIRECTION('',(0.,0.496138938357,-0.868243142124));
#6111 = ADVANCED_FACE('',(#6112),#6118,.T.);
#6112 = FACE_BOUND('',#6113,.T.);
#6113 = EDGE_LOOP('',(#6114,#6115,#6116,#6117));
#6114 = ORIENTED_EDGE('',*,*,#560,.T.);
#6115 = ORIENTED_EDGE('',*,*,#1398,.T.);
#6116 = ORIENTED_EDGE('',*,*,#4005,.F.);
#6117 = ORIENTED_EDGE('',*,*,#1427,.F.);
#6118 = PLANE('',#6119);
#6119 = AXIS2_PLACEMENT_3D('',#6120,#6121,#6122);
#6120 = CARTESIAN_POINT('',(7.62,-2.947040494718,3.915161194803));
#6121 = DIRECTION('',(-0.,-0.868243142124,-0.496138938357));
#6122 = DIRECTION('',(0.,0.496138938357,-0.868243142124));
#6123 = ADVANCED_FACE('',(#6124),#6130,.T.);
#6124 = FACE_BOUND('',#6125,.T.);
#6125 = EDGE_LOOP('',(#6126,#6127,#6128,#6129));
#6126 = ORIENTED_EDGE('',*,*,#594,.T.);
#6127 = ORIENTED_EDGE('',*,*,#1449,.T.);
#6128 = ORIENTED_EDGE('',*,*,#4051,.F.);
#6129 = ORIENTED_EDGE('',*,*,#1478,.F.);
#6130 = PLANE('',#6131);
#6131 = AXIS2_PLACEMENT_3D('',#6132,#6133,#6134);
#6132 = CARTESIAN_POINT('',(10.16,-2.947040494718,3.915161194803));
#6133 = DIRECTION('',(-0.,-0.868243142124,-0.496138938357));
#6134 = DIRECTION('',(0.,0.496138938357,-0.868243142124));
#6135 = ADVANCED_FACE('',(#6136),#6142,.T.);
#6136 = FACE_BOUND('',#6137,.T.);
#6137 = EDGE_LOOP('',(#6138,#6139,#6140,#6141));
#6138 = ORIENTED_EDGE('',*,*,#628,.T.);
#6139 = ORIENTED_EDGE('',*,*,#1500,.T.);
#6140 = ORIENTED_EDGE('',*,*,#4097,.F.);
#6141 = ORIENTED_EDGE('',*,*,#1529,.F.);
#6142 = PLANE('',#6143);
#6143 = AXIS2_PLACEMENT_3D('',#6144,#6145,#6146);
#6144 = CARTESIAN_POINT('',(12.7,-2.947040494718,3.915161194803));
#6145 = DIRECTION('',(-0.,-0.868243142124,-0.496138938357));
#6146 = DIRECTION('',(0.,0.496138938357,-0.868243142124));
#6147 = ( GEOMETRIC_REPRESENTATION_CONTEXT(3) 
GLOBAL_UNCERTAINTY_ASSIGNED_CONTEXT((#6151)) 
GLOBAL_UNIT_ASSIGNED_CONTEXT((#6148,#6149,#6150)) REPRESENTATION_CONTEXT
('Context #1','3D Context with UNIT and UNCERTAINTY') );
#6148 = ( LENGTH_UNIT() NAMED_UNIT(*) SI_UNIT(.MILLI.,.METRE.) );
#6149 = ( NAMED_UNIT(*) PLANE_ANGLE_UNIT() SI_UNIT($,.RADIAN.) );
#6150 = ( NAMED_UNIT(*) SI_UNIT($,.STERADIAN.) SOLID_ANGLE_UNIT() );
#6151 = UNCERTAINTY_MEASURE_WITH_UNIT(LENGTH_MEASURE(2.E-06),#6148,
  'distance_accuracy_value','confusion accuracy');
#6152 = CONTEXT_DEPENDENT_SHAPE_REPRESENTATION(#6153,#6155);
#6153 = ( REPRESENTATION_RELATIONSHIP('','',#36,#10) 
REPRESENTATION_RELATIONSHIP_WITH_TRANSFORMATION(#6154) 
SHAPE_REPRESENTATION_RELATIONSHIP() );
#6154 = ITEM_DEFINED_TRANSFORMATION('','',#11,#15);
#6155 = PRODUCT_DEFINITION_SHAPE('Placement','Placement of an item',
  #6156);
#6156 = NEXT_ASSEMBLY_USAGE_OCCURRENCE('43','Connector_body','',#5,#31,$
  );
#6157 = PRODUCT_RELATED_PRODUCT_CATEGORY('part',$,(#33));
#6158 = SHAPE_DEFINITION_REPRESENTATION(#6159,#6165);
#6159 = PRODUCT_DEFINITION_SHAPE('','',#6160);
#6160 = PRODUCT_DEFINITION('design','',#6161,#6164);
#6161 = PRODUCT_DEFINITION_FORMATION('','',#6162);
#6162 = PRODUCT('Array_of_pins','Array_of_pins','',(#6163));
#6163 = PRODUCT_CONTEXT('',#2,'mechanical');
#6164 = PRODUCT_DEFINITION_CONTEXT('part definition',#2,'design');
#6165 = SHAPE_REPRESENTATION('',(#11,#6166,#6170,#6174,#6178,#6182,#6186
    ),#6190);
#6166 = AXIS2_PLACEMENT_3D('',#6167,#6168,#6169);
#6167 = CARTESIAN_POINT('',(0.,0.,0.));
#6168 = DIRECTION('',(0.,0.,1.));
#6169 = DIRECTION('',(1.,0.,0.));
#6170 = AXIS2_PLACEMENT_3D('',#6171,#6172,#6173);
#6171 = CARTESIAN_POINT('',(2.54,0.,0.));
#6172 = DIRECTION('',(0.,0.,1.));
#6173 = DIRECTION('',(1.,0.,0.));
#6174 = AXIS2_PLACEMENT_3D('',#6175,#6176,#6177);
#6175 = CARTESIAN_POINT('',(5.08,0.,0.));
#6176 = DIRECTION('',(0.,0.,1.));
#6177 = DIRECTION('',(1.,0.,0.));
#6178 = AXIS2_PLACEMENT_3D('',#6179,#6180,#6181);
#6179 = CARTESIAN_POINT('',(7.62,0.,0.));
#6180 = DIRECTION('',(0.,0.,1.));
#6181 = DIRECTION('',(1.,0.,0.));
#6182 = AXIS2_PLACEMENT_3D('',#6183,#6184,#6185);
#6183 = CARTESIAN_POINT('',(10.16,0.,0.));
#6184 = DIRECTION('',(0.,0.,1.));
#6185 = DIRECTION('',(1.,0.,0.));
#6186 = AXIS2_PLACEMENT_3D('',#6187,#6188,#6189);
#6187 = CARTESIAN_POINT('',(12.7,0.,0.));
#6188 = DIRECTION('',(0.,0.,1.));
#6189 = DIRECTION('',(1.,0.,0.));
#6190 = ( GEOMETRIC_REPRESENTATION_CONTEXT(3) 
GLOBAL_UNCERTAINTY_ASSIGNED_CONTEXT((#6194)) 
GLOBAL_UNIT_ASSIGNED_CONTEXT((#6191,#6192,#6193)) REPRESENTATION_CONTEXT
('Context #1','3D Context with UNIT and UNCERTAINTY') );
#6191 = ( LENGTH_UNIT() NAMED_UNIT(*) SI_UNIT(.MILLI.,.METRE.) );
#6192 = ( NAMED_UNIT(*) PLANE_ANGLE_UNIT() SI_UNIT($,.RADIAN.) );
#6193 = ( NAMED_UNIT(*) SI_UNIT($,.STERADIAN.) SOLID_ANGLE_UNIT() );
#6194 = UNCERTAINTY_MEASURE_WITH_UNIT(LENGTH_MEASURE(1.E-06),#6191,
  'distance_accuracy_value','confusion accuracy');
#6195 = CONTEXT_DEPENDENT_SHAPE_REPRESENTATION(#6196,#6198);
#6196 = ( REPRESENTATION_RELATIONSHIP('','',#6165,#10) 
REPRESENTATION_RELATIONSHIP_WITH_TRANSFORMATION(#6197) 
SHAPE_REPRESENTATION_RELATIONSHIP() );
#6197 = ITEM_DEFINED_TRANSFORMATION('','',#11,#19);
#6198 = PRODUCT_DEFINITION_SHAPE('Placement','Placement of an item',
  #6199);
#6199 = NEXT_ASSEMBLY_USAGE_OCCURRENCE('50','Array_of_pins','',#5,#6160,
  $);
#6200 = PRODUCT_RELATED_PRODUCT_CATEGORY('part',$,(#6162));
#6201 = SHAPE_DEFINITION_REPRESENTATION(#6202,#6208);
#6202 = PRODUCT_DEFINITION_SHAPE('','',#6203);
#6203 = PRODUCT_DEFINITION('design','',#6204,#6207);
#6204 = PRODUCT_DEFINITION_FORMATION('','',#6205);
#6205 = PRODUCT('Compound','Compound','',(#6206));
#6206 = PRODUCT_CONTEXT('',#2,'mechanical');
#6207 = PRODUCT_DEFINITION_CONTEXT('part definition',#2,'design');
#6208 = SHAPE_REPRESENTATION('',(#11,#6209,#7072,#7358),#7592);
#6209 = MANIFOLD_SOLID_BREP('',#6210);
#6210 = CLOSED_SHELL('',(#6211,#6251,#6282,#6315,#6408,#6501,#6518,#6535
    ,#6552,#6603,#6620,#6637,#6680,#6722,#6739,#6751,#6776,#6799,#6823,
    #6839,#6851,#6868,#6899,#6923,#6947,#6964,#6995,#7019,#7043,#7060));
#6211 = ADVANCED_FACE('',(#6212),#6246,.F.);
#6212 = FACE_BOUND('',#6213,.F.);
#6213 = EDGE_LOOP('',(#6214,#6224,#6232,#6240));
#6214 = ORIENTED_EDGE('',*,*,#6215,.T.);
#6215 = EDGE_CURVE('',#6216,#6218,#6220,.T.);
#6216 = VERTEX_POINT('',#6217);
#6217 = CARTESIAN_POINT('',(-0.65,-1.88372,3.205269811708));
#6218 = VERTEX_POINT('',#6219);
#6219 = CARTESIAN_POINT('',(0.65,-1.88372,3.205269811708));
#6220 = LINE('',#6221,#6222);
#6221 = CARTESIAN_POINT('',(-0.65,-1.88372,3.205269811708));
#6222 = VECTOR('',#6223,1.);
#6223 = DIRECTION('',(1.,0.,0.));
#6224 = ORIENTED_EDGE('',*,*,#6225,.T.);
#6225 = EDGE_CURVE('',#6218,#6226,#6228,.T.);
#6226 = VERTEX_POINT('',#6227);
#6227 = CARTESIAN_POINT('',(0.65,1.74921,3.205269811708));
#6228 = LINE('',#6229,#6230);
#6229 = CARTESIAN_POINT('',(0.65,-1.88372,3.205269811708));
#6230 = VECTOR('',#6231,1.);
#6231 = DIRECTION('',(0.,1.,0.));
#6232 = ORIENTED_EDGE('',*,*,#6233,.F.);
#6233 = EDGE_CURVE('',#6234,#6226,#6236,.T.);
#6234 = VERTEX_POINT('',#6235);
#6235 = CARTESIAN_POINT('',(-0.65,1.74921,3.205269811708));
#6236 = LINE('',#6237,#6238);
#6237 = CARTESIAN_POINT('',(-0.65,1.74921,3.205269811708));
#6238 = VECTOR('',#6239,1.);
#6239 = DIRECTION('',(1.,0.,0.));
#6240 = ORIENTED_EDGE('',*,*,#6241,.F.);
#6241 = EDGE_CURVE('',#6216,#6234,#6242,.T.);
#6242 = LINE('',#6243,#6244);
#6243 = CARTESIAN_POINT('',(-0.65,-1.88372,3.205269811708));
#6244 = VECTOR('',#6245,1.);
#6245 = DIRECTION('',(0.,1.,0.));
#6246 = PLANE('',#6247);
#6247 = AXIS2_PLACEMENT_3D('',#6248,#6249,#6250);
#6248 = CARTESIAN_POINT('',(-0.65,-1.88372,3.205269811708));
#6249 = DIRECTION('',(0.,0.,1.));
#6250 = DIRECTION('',(0.,1.,0.));
#6251 = ADVANCED_FACE('',(#6252),#6277,.T.);
#6252 = FACE_BOUND('',#6253,.T.);
#6253 = EDGE_LOOP('',(#6254,#6255,#6263,#6271));
#6254 = ORIENTED_EDGE('',*,*,#6215,.T.);
#6255 = ORIENTED_EDGE('',*,*,#6256,.T.);
#6256 = EDGE_CURVE('',#6218,#6257,#6259,.T.);
#6257 = VERTEX_POINT('',#6258);
#6258 = CARTESIAN_POINT('',(0.65,-1.88372,3.705353));
#6259 = LINE('',#6260,#6261);
#6260 = CARTESIAN_POINT('',(0.65,-1.88372,3.205269811708));
#6261 = VECTOR('',#6262,1.);
#6262 = DIRECTION('',(0.,0.,1.));
#6263 = ORIENTED_EDGE('',*,*,#6264,.F.);
#6264 = EDGE_CURVE('',#6265,#6257,#6267,.T.);
#6265 = VERTEX_POINT('',#6266);
#6266 = CARTESIAN_POINT('',(-0.65,-1.88372,3.705353));
#6267 = LINE('',#6268,#6269);
#6268 = CARTESIAN_POINT('',(-0.65,-1.88372,3.705353));
#6269 = VECTOR('',#6270,1.);
#6270 = DIRECTION('',(1.,0.,0.));
#6271 = ORIENTED_EDGE('',*,*,#6272,.F.);
#6272 = EDGE_CURVE('',#6216,#6265,#6273,.T.);
#6273 = LINE('',#6274,#6275);
#6274 = CARTESIAN_POINT('',(-0.65,-1.88372,3.205269811708));
#6275 = VECTOR('',#6276,1.);
#6276 = DIRECTION('',(0.,0.,1.));
#6277 = PLANE('',#6278);
#6278 = AXIS2_PLACEMENT_3D('',#6279,#6280,#6281);
#6279 = CARTESIAN_POINT('',(-0.65,-1.88372,3.205269811708));
#6280 = DIRECTION('',(0.,-1.,0.));
#6281 = DIRECTION('',(0.,0.,1.));
#6282 = ADVANCED_FACE('',(#6283),#6310,.F.);
#6283 = FACE_BOUND('',#6284,.T.);
#6284 = EDGE_LOOP('',(#6285,#6295,#6302,#6303));
#6285 = ORIENTED_EDGE('',*,*,#6286,.T.);
#6286 = EDGE_CURVE('',#6287,#6289,#6291,.T.);
#6287 = VERTEX_POINT('',#6288);
#6288 = CARTESIAN_POINT('',(-0.65,1.99921,2.955269811708));
#6289 = VERTEX_POINT('',#6290);
#6290 = CARTESIAN_POINT('',(0.65,1.99921,2.955269811708));
#6291 = LINE('',#6292,#6293);
#6292 = CARTESIAN_POINT('',(-0.65,1.99921,2.955269811708));
#6293 = VECTOR('',#6294,1.);
#6294 = DIRECTION('',(1.,0.,0.));
#6295 = ORIENTED_EDGE('',*,*,#6296,.T.);
#6296 = EDGE_CURVE('',#6289,#6226,#6297,.T.);
#6297 = CIRCLE('',#6298,0.25);
#6298 = AXIS2_PLACEMENT_3D('',#6299,#6300,#6301);
#6299 = CARTESIAN_POINT('',(0.65,1.74921,2.955269811708));
#6300 = DIRECTION('',(1.,0.,0.));
#6301 = DIRECTION('',(0.,1.,0.));
#6302 = ORIENTED_EDGE('',*,*,#6233,.F.);
#6303 = ORIENTED_EDGE('',*,*,#6304,.F.);
#6304 = EDGE_CURVE('',#6287,#6234,#6305,.T.);
#6305 = CIRCLE('',#6306,0.25);
#6306 = AXIS2_PLACEMENT_3D('',#6307,#6308,#6309);
#6307 = CARTESIAN_POINT('',(-0.65,1.74921,2.955269811708));
#6308 = DIRECTION('',(1.,0.,0.));
#6309 = DIRECTION('',(0.,1.,0.));
#6310 = CYLINDRICAL_SURFACE('',#6311,0.25);
#6311 = AXIS2_PLACEMENT_3D('',#6312,#6313,#6314);
#6312 = CARTESIAN_POINT('',(-0.65,1.74921,2.955269811708));
#6313 = DIRECTION('',(-1.,-0.,-0.));
#6314 = DIRECTION('',(0.,1.,0.));
#6315 = ADVANCED_FACE('',(#6316),#6403,.F.);
#6316 = FACE_BOUND('',#6317,.F.);
#6317 = EDGE_LOOP('',(#6318,#6319,#6320,#6321,#6329,#6338,#6346,#6355,
    #6363,#6371,#6380,#6388,#6397));
#6318 = ORIENTED_EDGE('',*,*,#6272,.F.);
#6319 = ORIENTED_EDGE('',*,*,#6241,.T.);
#6320 = ORIENTED_EDGE('',*,*,#6304,.F.);
#6321 = ORIENTED_EDGE('',*,*,#6322,.T.);
#6322 = EDGE_CURVE('',#6287,#6323,#6325,.T.);
#6323 = VERTEX_POINT('',#6324);
#6324 = CARTESIAN_POINT('',(-0.65,1.99921,1.));
#6325 = LINE('',#6326,#6327);
#6326 = CARTESIAN_POINT('',(-0.65,1.99921,2.955269811708));
#6327 = VECTOR('',#6328,1.);
#6328 = DIRECTION('',(0.,0.,-1.));
#6329 = ORIENTED_EDGE('',*,*,#6330,.F.);
#6330 = EDGE_CURVE('',#6331,#6323,#6333,.T.);
#6331 = VERTEX_POINT('',#6332);
#6332 = CARTESIAN_POINT('',(-0.65,1.74921,0.75));
#6333 = CIRCLE('',#6334,0.25);
#6334 = AXIS2_PLACEMENT_3D('',#6335,#6336,#6337);
#6335 = CARTESIAN_POINT('',(-0.65,1.74921,1.));
#6336 = DIRECTION('',(1.,0.,0.));
#6337 = DIRECTION('',(0.,1.,0.));
#6338 = ORIENTED_EDGE('',*,*,#6339,.T.);
#6339 = EDGE_CURVE('',#6331,#6340,#6342,.T.);
#6340 = VERTEX_POINT('',#6341);
#6341 = CARTESIAN_POINT('',(-0.65,0.5,0.75));
#6342 = LINE('',#6343,#6344);
#6343 = CARTESIAN_POINT('',(-0.65,1.74921,0.75));
#6344 = VECTOR('',#6345,1.);
#6345 = DIRECTION('',(0.,-1.,0.));
#6346 = ORIENTED_EDGE('',*,*,#6347,.T.);
#6347 = EDGE_CURVE('',#6340,#6348,#6350,.T.);
#6348 = VERTEX_POINT('',#6349);
#6349 = CARTESIAN_POINT('',(-0.65,-0.207106781187,0.25));
#6350 = CIRCLE('',#6351,0.75);
#6351 = AXIS2_PLACEMENT_3D('',#6352,#6353,#6354);
#6352 = CARTESIAN_POINT('',(-0.65,0.5,3.061616997868E-17));
#6353 = DIRECTION('',(1.,0.,0.));
#6354 = DIRECTION('',(0.,1.,0.));
#6355 = ORIENTED_EDGE('',*,*,#6356,.T.);
#6356 = EDGE_CURVE('',#6348,#6357,#6359,.T.);
#6357 = VERTEX_POINT('',#6358);
#6358 = CARTESIAN_POINT('',(-0.65,0.5,0.25));
#6359 = LINE('',#6360,#6361);
#6360 = CARTESIAN_POINT('',(-0.65,-2.75,0.25));
#6361 = VECTOR('',#6362,1.);
#6362 = DIRECTION('',(0.,1.,-2.22044604925E-16));
#6363 = ORIENTED_EDGE('',*,*,#6364,.T.);
#6364 = EDGE_CURVE('',#6357,#6365,#6367,.T.);
#6365 = VERTEX_POINT('',#6366);
#6366 = CARTESIAN_POINT('',(-0.65,1.74921,0.25));
#6367 = LINE('',#6368,#6369);
#6368 = CARTESIAN_POINT('',(-0.65,0.5,0.25));
#6369 = VECTOR('',#6370,1.);
#6370 = DIRECTION('',(0.,1.,0.));
#6371 = ORIENTED_EDGE('',*,*,#6372,.T.);
#6372 = EDGE_CURVE('',#6365,#6373,#6375,.T.);
#6373 = VERTEX_POINT('',#6374);
#6374 = CARTESIAN_POINT('',(-0.65,2.49921,1.));
#6375 = CIRCLE('',#6376,0.75);
#6376 = AXIS2_PLACEMENT_3D('',#6377,#6378,#6379);
#6377 = CARTESIAN_POINT('',(-0.65,1.74921,1.));
#6378 = DIRECTION('',(1.,0.,0.));
#6379 = DIRECTION('',(0.,1.,0.));
#6380 = ORIENTED_EDGE('',*,*,#6381,.F.);
#6381 = EDGE_CURVE('',#6382,#6373,#6384,.T.);
#6382 = VERTEX_POINT('',#6383);
#6383 = CARTESIAN_POINT('',(-0.65,2.49921,2.966440727436));
#6384 = LINE('',#6385,#6386);
#6385 = CARTESIAN_POINT('',(-0.65,2.49921,2.966440727436));
#6386 = VECTOR('',#6387,1.);
#6387 = DIRECTION('',(0.,0.,-1.));
#6388 = ORIENTED_EDGE('',*,*,#6389,.T.);
#6389 = EDGE_CURVE('',#6382,#6390,#6392,.T.);
#6390 = VERTEX_POINT('',#6391);
#6391 = CARTESIAN_POINT('',(-0.65,1.74921,3.705353));
#6392 = CIRCLE('',#6393,0.750083188292);
#6393 = AXIS2_PLACEMENT_3D('',#6394,#6395,#6396);
#6394 = CARTESIAN_POINT('',(-0.65,1.74921,2.955269811708));
#6395 = DIRECTION('',(1.,0.,0.));
#6396 = DIRECTION('',(0.,1.,0.));
#6397 = ORIENTED_EDGE('',*,*,#6398,.F.);
#6398 = EDGE_CURVE('',#6265,#6390,#6399,.T.);
#6399 = LINE('',#6400,#6401);
#6400 = CARTESIAN_POINT('',(-0.65,-1.88372,3.705353));
#6401 = VECTOR('',#6402,1.);
#6402 = DIRECTION('',(0.,1.,0.));
#6403 = PLANE('',#6404);
#6404 = AXIS2_PLACEMENT_3D('',#6405,#6406,#6407);
#6405 = CARTESIAN_POINT('',(-0.65,0.645140582949,1.084692539421));
#6406 = DIRECTION('',(1.,0.,0.));
#6407 = DIRECTION('',(0.,0.,1.));
#6408 = ADVANCED_FACE('',(#6409),#6496,.T.);
#6409 = FACE_BOUND('',#6410,.T.);
#6410 = EDGE_LOOP('',(#6411,#6412,#6413,#6414,#6422,#6431,#6439,#6448,
    #6456,#6464,#6473,#6481,#6490));
#6411 = ORIENTED_EDGE('',*,*,#6256,.F.);
#6412 = ORIENTED_EDGE('',*,*,#6225,.T.);
#6413 = ORIENTED_EDGE('',*,*,#6296,.F.);
#6414 = ORIENTED_EDGE('',*,*,#6415,.T.);
#6415 = EDGE_CURVE('',#6289,#6416,#6418,.T.);
#6416 = VERTEX_POINT('',#6417);
#6417 = CARTESIAN_POINT('',(0.65,1.99921,1.));
#6418 = LINE('',#6419,#6420);
#6419 = CARTESIAN_POINT('',(0.65,1.99921,2.955269811708));
#6420 = VECTOR('',#6421,1.);
#6421 = DIRECTION('',(0.,0.,-1.));
#6422 = ORIENTED_EDGE('',*,*,#6423,.F.);
#6423 = EDGE_CURVE('',#6424,#6416,#6426,.T.);
#6424 = VERTEX_POINT('',#6425);
#6425 = CARTESIAN_POINT('',(0.65,1.74921,0.75));
#6426 = CIRCLE('',#6427,0.25);
#6427 = AXIS2_PLACEMENT_3D('',#6428,#6429,#6430);
#6428 = CARTESIAN_POINT('',(0.65,1.74921,1.));
#6429 = DIRECTION('',(1.,0.,0.));
#6430 = DIRECTION('',(0.,1.,0.));
#6431 = ORIENTED_EDGE('',*,*,#6432,.T.);
#6432 = EDGE_CURVE('',#6424,#6433,#6435,.T.);
#6433 = VERTEX_POINT('',#6434);
#6434 = CARTESIAN_POINT('',(0.65,0.5,0.75));
#6435 = LINE('',#6436,#6437);
#6436 = CARTESIAN_POINT('',(0.65,1.74921,0.75));
#6437 = VECTOR('',#6438,1.);
#6438 = DIRECTION('',(0.,-1.,0.));
#6439 = ORIENTED_EDGE('',*,*,#6440,.T.);
#6440 = EDGE_CURVE('',#6433,#6441,#6443,.T.);
#6441 = VERTEX_POINT('',#6442);
#6442 = CARTESIAN_POINT('',(0.65,-0.207106781187,0.25));
#6443 = CIRCLE('',#6444,0.75);
#6444 = AXIS2_PLACEMENT_3D('',#6445,#6446,#6447);
#6445 = CARTESIAN_POINT('',(0.65,0.5,3.061616997868E-17));
#6446 = DIRECTION('',(1.,0.,0.));
#6447 = DIRECTION('',(0.,1.,0.));
#6448 = ORIENTED_EDGE('',*,*,#6449,.T.);
#6449 = EDGE_CURVE('',#6441,#6450,#6452,.T.);
#6450 = VERTEX_POINT('',#6451);
#6451 = CARTESIAN_POINT('',(0.65,0.5,0.25));
#6452 = LINE('',#6453,#6454);
#6453 = CARTESIAN_POINT('',(0.65,-2.75,0.25));
#6454 = VECTOR('',#6455,1.);
#6455 = DIRECTION('',(0.,1.,-2.22044604925E-16));
#6456 = ORIENTED_EDGE('',*,*,#6457,.T.);
#6457 = EDGE_CURVE('',#6450,#6458,#6460,.T.);
#6458 = VERTEX_POINT('',#6459);
#6459 = CARTESIAN_POINT('',(0.65,1.74921,0.25));
#6460 = LINE('',#6461,#6462);
#6461 = CARTESIAN_POINT('',(0.65,0.5,0.25));
#6462 = VECTOR('',#6463,1.);
#6463 = DIRECTION('',(0.,1.,0.));
#6464 = ORIENTED_EDGE('',*,*,#6465,.T.);
#6465 = EDGE_CURVE('',#6458,#6466,#6468,.T.);
#6466 = VERTEX_POINT('',#6467);
#6467 = CARTESIAN_POINT('',(0.65,2.49921,1.));
#6468 = CIRCLE('',#6469,0.75);
#6469 = AXIS2_PLACEMENT_3D('',#6470,#6471,#6472);
#6470 = CARTESIAN_POINT('',(0.65,1.74921,1.));
#6471 = DIRECTION('',(1.,0.,0.));
#6472 = DIRECTION('',(0.,1.,0.));
#6473 = ORIENTED_EDGE('',*,*,#6474,.F.);
#6474 = EDGE_CURVE('',#6475,#6466,#6477,.T.);
#6475 = VERTEX_POINT('',#6476);
#6476 = CARTESIAN_POINT('',(0.65,2.49921,2.966440727436));
#6477 = LINE('',#6478,#6479);
#6478 = CARTESIAN_POINT('',(0.65,2.49921,2.966440727436));
#6479 = VECTOR('',#6480,1.);
#6480 = DIRECTION('',(0.,0.,-1.));
#6481 = ORIENTED_EDGE('',*,*,#6482,.T.);
#6482 = EDGE_CURVE('',#6475,#6483,#6485,.T.);
#6483 = VERTEX_POINT('',#6484);
#6484 = CARTESIAN_POINT('',(0.65,1.74921,3.705353));
#6485 = CIRCLE('',#6486,0.750083188292);
#6486 = AXIS2_PLACEMENT_3D('',#6487,#6488,#6489);
#6487 = CARTESIAN_POINT('',(0.65,1.74921,2.955269811708));
#6488 = DIRECTION('',(1.,0.,0.));
#6489 = DIRECTION('',(0.,1.,0.));
#6490 = ORIENTED_EDGE('',*,*,#6491,.F.);
#6491 = EDGE_CURVE('',#6257,#6483,#6492,.T.);
#6492 = LINE('',#6493,#6494);
#6493 = CARTESIAN_POINT('',(0.65,-1.88372,3.705353));
#6494 = VECTOR('',#6495,1.);
#6495 = DIRECTION('',(0.,1.,0.));
#6496 = PLANE('',#6497);
#6497 = AXIS2_PLACEMENT_3D('',#6498,#6499,#6500);
#6498 = CARTESIAN_POINT('',(0.65,0.645140582949,1.084692539421));
#6499 = DIRECTION('',(1.,0.,0.));
#6500 = DIRECTION('',(0.,0.,1.));
#6501 = ADVANCED_FACE('',(#6502),#6513,.T.);
#6502 = FACE_BOUND('',#6503,.T.);
#6503 = EDGE_LOOP('',(#6504,#6505,#6506,#6512));
#6504 = ORIENTED_EDGE('',*,*,#6264,.T.);
#6505 = ORIENTED_EDGE('',*,*,#6491,.T.);
#6506 = ORIENTED_EDGE('',*,*,#6507,.F.);
#6507 = EDGE_CURVE('',#6390,#6483,#6508,.T.);
#6508 = LINE('',#6509,#6510);
#6509 = CARTESIAN_POINT('',(-0.65,1.74921,3.705353));
#6510 = VECTOR('',#6511,1.);
#6511 = DIRECTION('',(1.,0.,0.));
#6512 = ORIENTED_EDGE('',*,*,#6398,.F.);
#6513 = PLANE('',#6514);
#6514 = AXIS2_PLACEMENT_3D('',#6515,#6516,#6517);
#6515 = CARTESIAN_POINT('',(-0.65,-1.88372,3.705353));
#6516 = DIRECTION('',(0.,0.,1.));
#6517 = DIRECTION('',(0.,1.,0.));
#6518 = ADVANCED_FACE('',(#6519),#6530,.F.);
#6519 = FACE_BOUND('',#6520,.F.);
#6520 = EDGE_LOOP('',(#6521,#6522,#6523,#6529));
#6521 = ORIENTED_EDGE('',*,*,#6286,.T.);
#6522 = ORIENTED_EDGE('',*,*,#6415,.T.);
#6523 = ORIENTED_EDGE('',*,*,#6524,.F.);
#6524 = EDGE_CURVE('',#6323,#6416,#6525,.T.);
#6525 = LINE('',#6526,#6527);
#6526 = CARTESIAN_POINT('',(-0.65,1.99921,1.));
#6527 = VECTOR('',#6528,1.);
#6528 = DIRECTION('',(1.,0.,0.));
#6529 = ORIENTED_EDGE('',*,*,#6322,.F.);
#6530 = PLANE('',#6531);
#6531 = AXIS2_PLACEMENT_3D('',#6532,#6533,#6534);
#6532 = CARTESIAN_POINT('',(-0.65,1.99921,2.955269811708));
#6533 = DIRECTION('',(0.,1.,0.));
#6534 = DIRECTION('',(0.,0.,-1.));
#6535 = ADVANCED_FACE('',(#6536),#6547,.T.);
#6536 = FACE_BOUND('',#6537,.F.);
#6537 = EDGE_LOOP('',(#6538,#6544,#6545,#6546));
#6538 = ORIENTED_EDGE('',*,*,#6539,.T.);
#6539 = EDGE_CURVE('',#6382,#6475,#6540,.T.);
#6540 = LINE('',#6541,#6542);
#6541 = CARTESIAN_POINT('',(-0.65,2.49921,2.966440727436));
#6542 = VECTOR('',#6543,1.);
#6543 = DIRECTION('',(1.,0.,0.));
#6544 = ORIENTED_EDGE('',*,*,#6482,.T.);
#6545 = ORIENTED_EDGE('',*,*,#6507,.F.);
#6546 = ORIENTED_EDGE('',*,*,#6389,.F.);
#6547 = CYLINDRICAL_SURFACE('',#6548,0.750083188292);
#6548 = AXIS2_PLACEMENT_3D('',#6549,#6550,#6551);
#6549 = CARTESIAN_POINT('',(-0.65,1.74921,2.955269811708));
#6550 = DIRECTION('',(-1.,-0.,-0.));
#6551 = DIRECTION('',(0.,1.,0.));
#6552 = ADVANCED_FACE('',(#6553,#6564),#6598,.T.);
#6553 = FACE_BOUND('',#6554,.T.);
#6554 = EDGE_LOOP('',(#6555,#6556,#6557,#6563));
#6555 = ORIENTED_EDGE('',*,*,#6539,.T.);
#6556 = ORIENTED_EDGE('',*,*,#6474,.T.);
#6557 = ORIENTED_EDGE('',*,*,#6558,.F.);
#6558 = EDGE_CURVE('',#6373,#6466,#6559,.T.);
#6559 = LINE('',#6560,#6561);
#6560 = CARTESIAN_POINT('',(-0.65,2.49921,1.));
#6561 = VECTOR('',#6562,1.);
#6562 = DIRECTION('',(1.,0.,0.));
#6563 = ORIENTED_EDGE('',*,*,#6381,.F.);
#6564 = FACE_BOUND('',#6565,.T.);
#6565 = EDGE_LOOP('',(#6566,#6576,#6584,#6592));
#6566 = ORIENTED_EDGE('',*,*,#6567,.T.);
#6567 = EDGE_CURVE('',#6568,#6570,#6572,.T.);
#6568 = VERTEX_POINT('',#6569);
#6569 = CARTESIAN_POINT('',(-0.25,2.49921,2.404557231339));
#6570 = VERTEX_POINT('',#6571);
#6571 = CARTESIAN_POINT('',(-0.25,2.49921,1.53034));
#6572 = LINE('',#6573,#6574);
#6573 = CARTESIAN_POINT('',(-0.25,2.49921,2.474525675675));
#6574 = VECTOR('',#6575,1.);
#6575 = DIRECTION('',(0.,0.,-1.));
#6576 = ORIENTED_EDGE('',*,*,#6577,.T.);
#6577 = EDGE_CURVE('',#6570,#6578,#6580,.T.);
#6578 = VERTEX_POINT('',#6579);
#6579 = CARTESIAN_POINT('',(0.25,2.49921,1.53034));
#6580 = LINE('',#6581,#6582);
#6581 = CARTESIAN_POINT('',(-0.45,2.49921,1.53034));
#6582 = VECTOR('',#6583,1.);
#6583 = DIRECTION('',(1.,0.,0.));
#6584 = ORIENTED_EDGE('',*,*,#6585,.F.);
#6585 = EDGE_CURVE('',#6586,#6578,#6588,.T.);
#6586 = VERTEX_POINT('',#6587);
#6587 = CARTESIAN_POINT('',(0.25,2.49921,2.404557231339));
#6588 = LINE('',#6589,#6590);
#6589 = CARTESIAN_POINT('',(0.25,2.49921,2.474525675675));
#6590 = VECTOR('',#6591,1.);
#6591 = DIRECTION('',(0.,0.,-1.));
#6592 = ORIENTED_EDGE('',*,*,#6593,.T.);
#6593 = EDGE_CURVE('',#6586,#6568,#6594,.T.);
#6594 = LINE('',#6595,#6596);
#6595 = CARTESIAN_POINT('',(-0.45,2.49921,2.404557231339));
#6596 = VECTOR('',#6597,1.);
#6597 = DIRECTION('',(-1.,0.,0.));
#6598 = PLANE('',#6599);
#6599 = AXIS2_PLACEMENT_3D('',#6600,#6601,#6602);
#6600 = CARTESIAN_POINT('',(-0.65,2.49921,2.966440727436));
#6601 = DIRECTION('',(0.,1.,0.));
#6602 = DIRECTION('',(0.,0.,-1.));
#6603 = ADVANCED_FACE('',(#6604),#6615,.T.);
#6604 = FACE_BOUND('',#6605,.F.);
#6605 = EDGE_LOOP('',(#6606,#6612,#6613,#6614));
#6606 = ORIENTED_EDGE('',*,*,#6607,.T.);
#6607 = EDGE_CURVE('',#6365,#6458,#6608,.T.);
#6608 = LINE('',#6609,#6610);
#6609 = CARTESIAN_POINT('',(-0.65,1.74921,0.25));
#6610 = VECTOR('',#6611,1.);
#6611 = DIRECTION('',(1.,0.,0.));
#6612 = ORIENTED_EDGE('',*,*,#6465,.T.);
#6613 = ORIENTED_EDGE('',*,*,#6558,.F.);
#6614 = ORIENTED_EDGE('',*,*,#6372,.F.);
#6615 = CYLINDRICAL_SURFACE('',#6616,0.75);
#6616 = AXIS2_PLACEMENT_3D('',#6617,#6618,#6619);
#6617 = CARTESIAN_POINT('',(-0.65,1.74921,1.));
#6618 = DIRECTION('',(-1.,-0.,-0.));
#6619 = DIRECTION('',(0.,1.,0.));
#6620 = ADVANCED_FACE('',(#6621),#6632,.F.);
#6621 = FACE_BOUND('',#6622,.F.);
#6622 = EDGE_LOOP('',(#6623,#6629,#6630,#6631));
#6623 = ORIENTED_EDGE('',*,*,#6624,.T.);
#6624 = EDGE_CURVE('',#6357,#6450,#6625,.T.);
#6625 = LINE('',#6626,#6627);
#6626 = CARTESIAN_POINT('',(-0.65,0.5,0.25));
#6627 = VECTOR('',#6628,1.);
#6628 = DIRECTION('',(1.,0.,0.));
#6629 = ORIENTED_EDGE('',*,*,#6457,.T.);
#6630 = ORIENTED_EDGE('',*,*,#6607,.F.);
#6631 = ORIENTED_EDGE('',*,*,#6364,.F.);
#6632 = PLANE('',#6633);
#6633 = AXIS2_PLACEMENT_3D('',#6634,#6635,#6636);
#6634 = CARTESIAN_POINT('',(-0.65,0.5,0.25));
#6635 = DIRECTION('',(0.,0.,1.));
#6636 = DIRECTION('',(0.,1.,0.));
#6637 = ADVANCED_FACE('',(#6638),#6675,.F.);
#6638 = FACE_BOUND('',#6639,.F.);
#6639 = EDGE_LOOP('',(#6640,#6659,#6667,#6674));
#6640 = ORIENTED_EDGE('',*,*,#6641,.F.);
#6641 = EDGE_CURVE('',#6642,#6348,#6644,.T.);
#6642 = VERTEX_POINT('',#6643);
#6643 = CARTESIAN_POINT('',(-0.4,-0.25,3.827021512968E-17));
#6644 = B_SPLINE_CURVE_WITH_KNOTS('',7,(#6645,#6646,#6647,#6648,#6649,
    #6650,#6651,#6652,#6653,#6654,#6655,#6656,#6657,#6658),
  .UNSPECIFIED.,.F.,.F.,(8,6,8),(0.,0.240274066386,1.),.UNSPECIFIED.);
#6645 = CARTESIAN_POINT('',(-0.4,-0.25,3.061616997868E-17));
#6646 = CARTESIAN_POINT('',(-0.4,-0.25,1.331788247215E-02));
#6647 = CARTESIAN_POINT('',(-0.400827704037,-0.249724126779,
    2.663507985867E-02));
#6648 = CARTESIAN_POINT('',(-0.402482974733,-0.24917231913,
    3.989165371389E-02));
#6649 = CARTESIAN_POINT('',(-0.404960549556,-0.24835157349,
    5.302746930501E-02));
#6650 = CARTESIAN_POINT('',(-0.408249977495,-0.247275607689,
    6.598274561741E-02));
#6651 = CARTESIAN_POINT('',(-0.412335555731,-0.245964524699,
    7.869860535986E-02));
#6652 = CARTESIAN_POINT('',(-0.432565415127,-0.239638214344,
    0.130385496903));
#6653 = CARTESIAN_POINT('',(-0.455816690811,-0.232701072876,
    0.167025987369));
#6654 = CARTESIAN_POINT('',(-0.486415645808,-0.22442564172,
    0.198831985394));
#6655 = CARTESIAN_POINT('',(-0.522938987383,-0.21632837172,
    0.223911118312));
#6656 = CARTESIAN_POINT('',(-0.563563489901,-0.210223673102,
    0.241185327442));
#6657 = CARTESIAN_POINT('',(-0.606539173519,-0.207106781187,0.25));
#6658 = CARTESIAN_POINT('',(-0.65,-0.207106781187,0.25));
#6659 = ORIENTED_EDGE('',*,*,#6660,.T.);
#6660 = EDGE_CURVE('',#6642,#6661,#6663,.T.);
#6661 = VERTEX_POINT('',#6662);
#6662 = CARTESIAN_POINT('',(-0.4,0.25,-4.020306360117E-17));
#6663 = LINE('',#6664,#6665);
#6664 = CARTESIAN_POINT('',(-0.4,-2.75,5.551115123126E-16));
#6665 = VECTOR('',#6666,1.);
#6666 = DIRECTION('',(0.,1.,-2.22044604925E-16));
#6667 = ORIENTED_EDGE('',*,*,#6668,.T.);
#6668 = EDGE_CURVE('',#6661,#6357,#6669,.T.);
#6669 = ELLIPSE('',#6670,0.353553390593,0.25);
#6670 = AXIS2_PLACEMENT_3D('',#6671,#6672,#6673);
#6671 = CARTESIAN_POINT('',(-0.65,0.5,3.061616997868E-17));
#6672 = DIRECTION('',(-0.707106781187,-0.707106781187,1.570092458684E-16
    ));
#6673 = DIRECTION('',(-0.707106781187,0.707106781187,-1.570092458684E-16
    ));
#6674 = ORIENTED_EDGE('',*,*,#6356,.F.);
#6675 = CYLINDRICAL_SURFACE('',#6676,0.25);
#6676 = AXIS2_PLACEMENT_3D('',#6677,#6678,#6679);
#6677 = CARTESIAN_POINT('',(-0.65,-2.75,5.551115123126E-16));
#6678 = DIRECTION('',(0.,-1.,2.22044604925E-16));
#6679 = DIRECTION('',(1.,0.,0.));
#6680 = ADVANCED_FACE('',(#6681),#6717,.T.);
#6681 = FACE_BOUND('',#6682,.F.);
#6682 = EDGE_LOOP('',(#6683,#6684,#6690,#6691,#6710,#6716));
#6683 = ORIENTED_EDGE('',*,*,#6347,.F.);
#6684 = ORIENTED_EDGE('',*,*,#6685,.T.);
#6685 = EDGE_CURVE('',#6340,#6433,#6686,.T.);
#6686 = LINE('',#6687,#6688);
#6687 = CARTESIAN_POINT('',(-0.65,0.5,0.75));
#6688 = VECTOR('',#6689,1.);
#6689 = DIRECTION('',(1.,0.,0.));
#6690 = ORIENTED_EDGE('',*,*,#6440,.T.);
#6691 = ORIENTED_EDGE('',*,*,#6692,.T.);
#6692 = EDGE_CURVE('',#6441,#6693,#6695,.T.);
#6693 = VERTEX_POINT('',#6694);
#6694 = CARTESIAN_POINT('',(0.4,-0.25,5.357830011902E-17));
#6695 = B_SPLINE_CURVE_WITH_KNOTS('',7,(#6696,#6697,#6698,#6699,#6700,
    #6701,#6702,#6703,#6704,#6705,#6706,#6707,#6708,#6709),
  .UNSPECIFIED.,.F.,.F.,(8,6,8),(0.,0.759719010818,1.),.UNSPECIFIED.);
#6696 = CARTESIAN_POINT('',(0.65,-0.207106781187,0.25));
#6697 = CARTESIAN_POINT('',(0.60653990983,-0.207106781187,0.25));
#6698 = CARTESIAN_POINT('',(0.563564683593,-0.210223569351,
    0.241185625538));
#6699 = CARTESIAN_POINT('',(0.52294032499,-0.216328122152,0.223911808182
    ));
#6700 = CARTESIAN_POINT('',(0.486416858491,-0.224425353704,
    0.198832985507));
#6701 = CARTESIAN_POINT('',(0.455817774107,-0.232700781859,
    0.167027180562));
#6702 = CARTESIAN_POINT('',(0.432566427604,-0.239637913494,
    0.130387008535));
#6703 = CARTESIAN_POINT('',(0.412336165778,-0.245964328936,
    7.870050404773E-02));
#6704 = CARTESIAN_POINT('',(0.408250386794,-0.247275473805,
    6.598435761632E-02));
#6705 = CARTESIAN_POINT('',(0.404960796184,-0.248351491786,
    5.302877687436E-02));
#6706 = CARTESIAN_POINT('',(0.402483098318,-0.249172277932,
    3.989264342659E-02));
#6707 = CARTESIAN_POINT('',(0.400827745239,-0.24972411305,
    2.6635742714E-02));
#6708 = CARTESIAN_POINT('',(0.4,-0.25,1.331821394056E-02));
#6709 = CARTESIAN_POINT('',(0.4,-0.25,1.071565949254E-16));
#6710 = ORIENTED_EDGE('',*,*,#6711,.F.);
#6711 = EDGE_CURVE('',#6642,#6693,#6712,.T.);
#6712 = LINE('',#6713,#6714);
#6713 = CARTESIAN_POINT('',(-0.65,-0.25,7.654043025935E-17));
#6714 = VECTOR('',#6715,1.);
#6715 = DIRECTION('',(1.,0.,0.));
#6716 = ORIENTED_EDGE('',*,*,#6641,.T.);
#6717 = CYLINDRICAL_SURFACE('',#6718,0.75);
#6718 = AXIS2_PLACEMENT_3D('',#6719,#6720,#6721);
#6719 = CARTESIAN_POINT('',(-0.65,0.5,3.061616997868E-17));
#6720 = DIRECTION('',(-1.,-0.,-0.));
#6721 = DIRECTION('',(0.,1.,0.));
#6722 = ADVANCED_FACE('',(#6723),#6734,.F.);
#6723 = FACE_BOUND('',#6724,.F.);
#6724 = EDGE_LOOP('',(#6725,#6731,#6732,#6733));
#6725 = ORIENTED_EDGE('',*,*,#6726,.T.);
#6726 = EDGE_CURVE('',#6331,#6424,#6727,.T.);
#6727 = LINE('',#6728,#6729);
#6728 = CARTESIAN_POINT('',(-0.65,1.74921,0.75));
#6729 = VECTOR('',#6730,1.);
#6730 = DIRECTION('',(1.,0.,0.));
#6731 = ORIENTED_EDGE('',*,*,#6432,.T.);
#6732 = ORIENTED_EDGE('',*,*,#6685,.F.);
#6733 = ORIENTED_EDGE('',*,*,#6339,.F.);
#6734 = PLANE('',#6735);
#6735 = AXIS2_PLACEMENT_3D('',#6736,#6737,#6738);
#6736 = CARTESIAN_POINT('',(-0.65,1.74921,0.75));
#6737 = DIRECTION('',(0.,0.,-1.));
#6738 = DIRECTION('',(0.,-1.,0.));
#6739 = ADVANCED_FACE('',(#6740),#6746,.F.);
#6740 = FACE_BOUND('',#6741,.T.);
#6741 = EDGE_LOOP('',(#6742,#6743,#6744,#6745));
#6742 = ORIENTED_EDGE('',*,*,#6726,.T.);
#6743 = ORIENTED_EDGE('',*,*,#6423,.T.);
#6744 = ORIENTED_EDGE('',*,*,#6524,.F.);
#6745 = ORIENTED_EDGE('',*,*,#6330,.F.);
#6746 = CYLINDRICAL_SURFACE('',#6747,0.25);
#6747 = AXIS2_PLACEMENT_3D('',#6748,#6749,#6750);
#6748 = CARTESIAN_POINT('',(-0.65,1.74921,1.));
#6749 = DIRECTION('',(-1.,-0.,-0.));
#6750 = DIRECTION('',(0.,1.,0.));
#6751 = ADVANCED_FACE('',(#6752),#6771,.F.);
#6752 = FACE_BOUND('',#6753,.F.);
#6753 = EDGE_LOOP('',(#6754,#6755,#6764,#6770));
#6754 = ORIENTED_EDGE('',*,*,#6449,.T.);
#6755 = ORIENTED_EDGE('',*,*,#6756,.F.);
#6756 = EDGE_CURVE('',#6757,#6450,#6759,.T.);
#6757 = VERTEX_POINT('',#6758);
#6758 = CARTESIAN_POINT('',(0.4,0.25,-2.489497861182E-17));
#6759 = ELLIPSE('',#6760,0.353553390593,0.25);
#6760 = AXIS2_PLACEMENT_3D('',#6761,#6762,#6763);
#6761 = CARTESIAN_POINT('',(0.65,0.5,3.061616997868E-17));
#6762 = DIRECTION('',(-0.707106781187,0.707106781187,-1.570092458684E-16
    ));
#6763 = DIRECTION('',(-0.707106781187,-0.707106781187,1.570092458684E-16
    ));
#6764 = ORIENTED_EDGE('',*,*,#6765,.F.);
#6765 = EDGE_CURVE('',#6693,#6757,#6766,.T.);
#6766 = LINE('',#6767,#6768);
#6767 = CARTESIAN_POINT('',(0.4,-2.75,5.857276822913E-16));
#6768 = VECTOR('',#6769,1.);
#6769 = DIRECTION('',(0.,1.,-2.22044604925E-16));
#6770 = ORIENTED_EDGE('',*,*,#6692,.F.);
#6771 = CYLINDRICAL_SURFACE('',#6772,0.25);
#6772 = AXIS2_PLACEMENT_3D('',#6773,#6774,#6775);
#6773 = CARTESIAN_POINT('',(0.65,-2.75,5.551115123126E-16));
#6774 = DIRECTION('',(0.,-1.,2.22044604925E-16));
#6775 = DIRECTION('',(1.,0.,0.));
#6776 = ADVANCED_FACE('',(#6777),#6794,.F.);
#6777 = FACE_BOUND('',#6778,.F.);
#6778 = EDGE_LOOP('',(#6779,#6780,#6788));
#6779 = ORIENTED_EDGE('',*,*,#6567,.T.);
#6780 = ORIENTED_EDGE('',*,*,#6781,.T.);
#6781 = EDGE_CURVE('',#6570,#6782,#6784,.T.);
#6782 = VERTEX_POINT('',#6783);
#6783 = CARTESIAN_POINT('',(-0.25,2.800653,1.53034));
#6784 = LINE('',#6785,#6786);
#6785 = CARTESIAN_POINT('',(-0.25,2.43649,1.53034));
#6786 = VECTOR('',#6787,1.);
#6787 = DIRECTION('',(0.,1.,0.));
#6788 = ORIENTED_EDGE('',*,*,#6789,.T.);
#6789 = EDGE_CURVE('',#6782,#6568,#6790,.T.);
#6790 = LINE('',#6791,#6792);
#6791 = CARTESIAN_POINT('',(-0.25,2.800653,1.53034));
#6792 = VECTOR('',#6793,1.);
#6793 = DIRECTION('',(0.,-0.325979841636,0.945376720068));
#6794 = PLANE('',#6795);
#6795 = AXIS2_PLACEMENT_3D('',#6796,#6797,#6798);
#6796 = CARTESIAN_POINT('',(-0.25,2.542786123914,1.982610623914));
#6797 = DIRECTION('',(1.,0.,0.));
#6798 = DIRECTION('',(0.,0.,1.));
#6799 = ADVANCED_FACE('',(#6800),#6818,.F.);
#6800 = FACE_BOUND('',#6801,.F.);
#6801 = EDGE_LOOP('',(#6802,#6803,#6811,#6817));
#6802 = ORIENTED_EDGE('',*,*,#6789,.F.);
#6803 = ORIENTED_EDGE('',*,*,#6804,.T.);
#6804 = EDGE_CURVE('',#6782,#6805,#6807,.T.);
#6805 = VERTEX_POINT('',#6806);
#6806 = CARTESIAN_POINT('',(0.25,2.800653,1.53034));
#6807 = LINE('',#6808,#6809);
#6808 = CARTESIAN_POINT('',(-0.25,2.800653,1.53034));
#6809 = VECTOR('',#6810,1.);
#6810 = DIRECTION('',(1.,0.,0.));
#6811 = ORIENTED_EDGE('',*,*,#6812,.T.);
#6812 = EDGE_CURVE('',#6805,#6586,#6813,.T.);
#6813 = LINE('',#6814,#6815);
#6814 = CARTESIAN_POINT('',(0.25,2.800653,1.53034));
#6815 = VECTOR('',#6816,1.);
#6816 = DIRECTION('',(0.,-0.325979841636,0.945376720068));
#6817 = ORIENTED_EDGE('',*,*,#6593,.T.);
#6818 = PLANE('',#6819);
#6819 = AXIS2_PLACEMENT_3D('',#6820,#6821,#6822);
#6820 = CARTESIAN_POINT('',(-0.25,2.800653,1.53034));
#6821 = DIRECTION('',(0.,-0.945376720068,-0.325979841636));
#6822 = DIRECTION('',(0.,-0.325979841636,0.945376720068));
#6823 = ADVANCED_FACE('',(#6824),#6834,.T.);
#6824 = FACE_BOUND('',#6825,.T.);
#6825 = EDGE_LOOP('',(#6826,#6827,#6833));
#6826 = ORIENTED_EDGE('',*,*,#6585,.T.);
#6827 = ORIENTED_EDGE('',*,*,#6828,.T.);
#6828 = EDGE_CURVE('',#6578,#6805,#6829,.T.);
#6829 = LINE('',#6830,#6831);
#6830 = CARTESIAN_POINT('',(0.25,2.43649,1.53034));
#6831 = VECTOR('',#6832,1.);
#6832 = DIRECTION('',(0.,1.,0.));
#6833 = ORIENTED_EDGE('',*,*,#6812,.T.);
#6834 = PLANE('',#6835);
#6835 = AXIS2_PLACEMENT_3D('',#6836,#6837,#6838);
#6836 = CARTESIAN_POINT('',(0.25,2.542786123914,1.982610623914));
#6837 = DIRECTION('',(1.,0.,0.));
#6838 = DIRECTION('',(0.,0.,1.));
#6839 = ADVANCED_FACE('',(#6840),#6846,.F.);
#6840 = FACE_BOUND('',#6841,.F.);
#6841 = EDGE_LOOP('',(#6842,#6843,#6844,#6845));
#6842 = ORIENTED_EDGE('',*,*,#6781,.F.);
#6843 = ORIENTED_EDGE('',*,*,#6577,.T.);
#6844 = ORIENTED_EDGE('',*,*,#6828,.T.);
#6845 = ORIENTED_EDGE('',*,*,#6804,.F.);
#6846 = PLANE('',#6847);
#6847 = AXIS2_PLACEMENT_3D('',#6848,#6849,#6850);
#6848 = CARTESIAN_POINT('',(-0.25,2.43649,1.53034));
#6849 = DIRECTION('',(0.,0.,1.));
#6850 = DIRECTION('',(0.,1.,0.));
#6851 = ADVANCED_FACE('',(#6852),#6863,.F.);
#6852 = FACE_BOUND('',#6853,.T.);
#6853 = EDGE_LOOP('',(#6854,#6855,#6856,#6857));
#6854 = ORIENTED_EDGE('',*,*,#6668,.T.);
#6855 = ORIENTED_EDGE('',*,*,#6624,.T.);
#6856 = ORIENTED_EDGE('',*,*,#6756,.F.);
#6857 = ORIENTED_EDGE('',*,*,#6858,.F.);
#6858 = EDGE_CURVE('',#6661,#6757,#6859,.T.);
#6859 = LINE('',#6860,#6861);
#6860 = CARTESIAN_POINT('',(-0.65,0.25,3.061617526018E-17));
#6861 = VECTOR('',#6862,1.);
#6862 = DIRECTION('',(1.,0.,0.));
#6863 = CYLINDRICAL_SURFACE('',#6864,0.25);
#6864 = AXIS2_PLACEMENT_3D('',#6865,#6866,#6867);
#6865 = CARTESIAN_POINT('',(-0.65,0.5,3.061616997868E-17));
#6866 = DIRECTION('',(-1.,-0.,-0.));
#6867 = DIRECTION('',(0.,1.,0.));
#6868 = ADVANCED_FACE('',(#6869),#6894,.F.);
#6869 = FACE_BOUND('',#6870,.F.);
#6870 = EDGE_LOOP('',(#6871,#6879,#6887,#6893));
#6871 = ORIENTED_EDGE('',*,*,#6872,.T.);
#6872 = EDGE_CURVE('',#6642,#6873,#6875,.T.);
#6873 = VERTEX_POINT('',#6874);
#6874 = CARTESIAN_POINT('',(-0.4,-0.25,-2.72602));
#6875 = LINE('',#6876,#6877);
#6876 = CARTESIAN_POINT('',(-0.4,-0.25,-1.36301));
#6877 = VECTOR('',#6878,1.);
#6878 = DIRECTION('',(0.,0.,-1.));
#6879 = ORIENTED_EDGE('',*,*,#6880,.T.);
#6880 = EDGE_CURVE('',#6873,#6881,#6883,.T.);
#6881 = VERTEX_POINT('',#6882);
#6882 = CARTESIAN_POINT('',(-0.4,0.25,-2.72602));
#6883 = LINE('',#6884,#6885);
#6884 = CARTESIAN_POINT('',(-0.4,-2.75,-2.72602));
#6885 = VECTOR('',#6886,1.);
#6886 = DIRECTION('',(0.,1.,-2.22044604925E-16));
#6887 = ORIENTED_EDGE('',*,*,#6888,.T.);
#6888 = EDGE_CURVE('',#6881,#6661,#6889,.T.);
#6889 = LINE('',#6890,#6891);
#6890 = CARTESIAN_POINT('',(-0.4,0.25,-3.11301));
#6891 = VECTOR('',#6892,1.);
#6892 = DIRECTION('',(0.,0.,1.));
#6893 = ORIENTED_EDGE('',*,*,#6660,.F.);
#6894 = PLANE('',#6895);
#6895 = AXIS2_PLACEMENT_3D('',#6896,#6897,#6898);
#6896 = CARTESIAN_POINT('',(-0.4,-2.75,-2.72602));
#6897 = DIRECTION('',(1.,0.,0.));
#6898 = DIRECTION('',(0.,2.22044604925E-16,1.));
#6899 = ADVANCED_FACE('',(#6900),#6918,.F.);
#6900 = FACE_BOUND('',#6901,.F.);
#6901 = EDGE_LOOP('',(#6902,#6903,#6904,#6912));
#6902 = ORIENTED_EDGE('',*,*,#6872,.F.);
#6903 = ORIENTED_EDGE('',*,*,#6711,.T.);
#6904 = ORIENTED_EDGE('',*,*,#6905,.F.);
#6905 = EDGE_CURVE('',#6906,#6693,#6908,.T.);
#6906 = VERTEX_POINT('',#6907);
#6907 = CARTESIAN_POINT('',(0.4,-0.25,-2.72602));
#6908 = LINE('',#6909,#6910);
#6909 = CARTESIAN_POINT('',(0.4,-0.25,3.08171926135E-16));
#6910 = VECTOR('',#6911,1.);
#6911 = DIRECTION('',(0.,0.,1.));
#6912 = ORIENTED_EDGE('',*,*,#6913,.T.);
#6913 = EDGE_CURVE('',#6906,#6873,#6914,.T.);
#6914 = LINE('',#6915,#6916);
#6915 = CARTESIAN_POINT('',(0.5,-0.25,-2.72602));
#6916 = VECTOR('',#6917,1.);
#6917 = DIRECTION('',(-1.,-0.,-0.));
#6918 = PLANE('',#6919);
#6919 = AXIS2_PLACEMENT_3D('',#6920,#6921,#6922);
#6920 = CARTESIAN_POINT('',(-0.65,-0.25,3.061616997868E-17));
#6921 = DIRECTION('',(0.,1.,0.));
#6922 = DIRECTION('',(0.,0.,-1.));
#6923 = ADVANCED_FACE('',(#6924),#6942,.F.);
#6924 = FACE_BOUND('',#6925,.F.);
#6925 = EDGE_LOOP('',(#6926,#6927,#6928,#6936));
#6926 = ORIENTED_EDGE('',*,*,#6905,.T.);
#6927 = ORIENTED_EDGE('',*,*,#6765,.T.);
#6928 = ORIENTED_EDGE('',*,*,#6929,.T.);
#6929 = EDGE_CURVE('',#6757,#6930,#6932,.T.);
#6930 = VERTEX_POINT('',#6931);
#6931 = CARTESIAN_POINT('',(0.4,0.25,-2.72602));
#6932 = LINE('',#6933,#6934);
#6933 = CARTESIAN_POINT('',(0.4,0.25,-1.75));
#6934 = VECTOR('',#6935,1.);
#6935 = DIRECTION('',(0.,0.,-1.));
#6936 = ORIENTED_EDGE('',*,*,#6937,.F.);
#6937 = EDGE_CURVE('',#6906,#6930,#6938,.T.);
#6938 = LINE('',#6939,#6940);
#6939 = CARTESIAN_POINT('',(0.4,-2.75,-2.72602));
#6940 = VECTOR('',#6941,1.);
#6941 = DIRECTION('',(0.,1.,-2.22044604925E-16));
#6942 = PLANE('',#6943);
#6943 = AXIS2_PLACEMENT_3D('',#6944,#6945,#6946);
#6944 = CARTESIAN_POINT('',(0.4,-2.75,5.857276822913E-16));
#6945 = DIRECTION('',(-1.,0.,0.));
#6946 = DIRECTION('',(0.,-2.22044604925E-16,-1.));
#6947 = ADVANCED_FACE('',(#6948),#6959,.F.);
#6948 = FACE_BOUND('',#6949,.F.);
#6949 = EDGE_LOOP('',(#6950,#6951,#6957,#6958));
#6950 = ORIENTED_EDGE('',*,*,#6888,.F.);
#6951 = ORIENTED_EDGE('',*,*,#6952,.F.);
#6952 = EDGE_CURVE('',#6930,#6881,#6953,.T.);
#6953 = LINE('',#6954,#6955);
#6954 = CARTESIAN_POINT('',(0.5,0.25,-2.72602));
#6955 = VECTOR('',#6956,1.);
#6956 = DIRECTION('',(-1.,-0.,-0.));
#6957 = ORIENTED_EDGE('',*,*,#6929,.F.);
#6958 = ORIENTED_EDGE('',*,*,#6858,.F.);
#6959 = PLANE('',#6960);
#6960 = AXIS2_PLACEMENT_3D('',#6961,#6962,#6963);
#6961 = CARTESIAN_POINT('',(-0.65,0.25,-3.5));
#6962 = DIRECTION('',(0.,-1.,0.));
#6963 = DIRECTION('',(0.,0.,1.));
#6964 = ADVANCED_FACE('',(#6965),#6990,.T.);
#6965 = FACE_BOUND('',#6966,.T.);
#6966 = EDGE_LOOP('',(#6967,#6975,#6976,#6984));
#6967 = ORIENTED_EDGE('',*,*,#6968,.T.);
#6968 = EDGE_CURVE('',#6969,#6873,#6971,.T.);
#6969 = VERTEX_POINT('',#6970);
#6970 = CARTESIAN_POINT('',(-0.177283,-0.11989063807,-3.5));
#6971 = LINE('',#6972,#6973);
#6972 = CARTESIAN_POINT('',(-0.420885162974,-0.26220093315,
    -2.653440455382));
#6973 = VECTOR('',#6974,1.);
#6974 = DIRECTION('',(-0.272994833281,-0.159481241074,0.948704145004));
#6975 = ORIENTED_EDGE('',*,*,#6880,.T.);
#6976 = ORIENTED_EDGE('',*,*,#6977,.T.);
#6977 = EDGE_CURVE('',#6881,#6978,#6980,.T.);
#6978 = VERTEX_POINT('',#6979);
#6979 = CARTESIAN_POINT('',(-0.177283,0.11989063807,-3.5));
#6980 = LINE('',#6981,#6982);
#6981 = CARTESIAN_POINT('',(-0.103132365837,7.657247332453E-02,
    -3.757686246804));
#6982 = VECTOR('',#6983,1.);
#6983 = DIRECTION('',(0.272994833281,-0.159481241074,-0.948704145004));
#6984 = ORIENTED_EDGE('',*,*,#6985,.F.);
#6985 = EDGE_CURVE('',#6969,#6978,#6986,.T.);
#6986 = LINE('',#6987,#6988);
#6987 = CARTESIAN_POINT('',(-0.177283,-2.75,-3.5));
#6988 = VECTOR('',#6989,1.);
#6989 = DIRECTION('',(0.,1.,-2.22044604925E-16));
#6990 = PLANE('',#6991);
#6991 = AXIS2_PLACEMENT_3D('',#6992,#6993,#6994);
#6992 = CARTESIAN_POINT('',(-0.4,-2.75,-2.72602));
#6993 = DIRECTION('',(-0.961004075423,-6.140292849257E-17,
    -0.276534205879));
#6994 = DIRECTION('',(0.276534205879,-2.133857702586E-16,-0.961004075423
    ));
#6995 = ADVANCED_FACE('',(#6996),#7014,.T.);
#6996 = FACE_BOUND('',#6997,.T.);
#6997 = EDGE_LOOP('',(#6998,#7006,#7007,#7008));
#6998 = ORIENTED_EDGE('',*,*,#6999,.T.);
#6999 = EDGE_CURVE('',#7000,#6906,#7002,.T.);
#7000 = VERTEX_POINT('',#7001);
#7001 = CARTESIAN_POINT('',(0.177283,-0.11989063807,-3.5));
#7002 = LINE('',#7003,#7004);
#7003 = CARTESIAN_POINT('',(0.458148252473,-0.283969710559,
    -2.523944790433));
#7004 = VECTOR('',#7005,1.);
#7005 = DIRECTION('',(0.272994833281,-0.159481241074,0.948704145004));
#7006 = ORIENTED_EDGE('',*,*,#6913,.T.);
#7007 = ORIENTED_EDGE('',*,*,#6968,.F.);
#7008 = ORIENTED_EDGE('',*,*,#7009,.T.);
#7009 = EDGE_CURVE('',#6969,#7000,#7010,.T.);
#7010 = LINE('',#7011,#7012);
#7011 = CARTESIAN_POINT('',(-7.5E-02,-0.11989063807,-3.5));
#7012 = VECTOR('',#7013,1.);
#7013 = DIRECTION('',(1.,0.,0.));
#7014 = PLANE('',#7015);
#7015 = AXIS2_PLACEMENT_3D('',#7016,#7017,#7018);
#7016 = CARTESIAN_POINT('',(0.5,-0.25,-2.72602));
#7017 = DIRECTION('',(0.,-0.986163056249,-0.165778244925));
#7018 = DIRECTION('',(0.,0.165778244925,-0.986163056249));
#7019 = ADVANCED_FACE('',(#7020),#7038,.F.);
#7020 = FACE_BOUND('',#7021,.F.);
#7021 = EDGE_LOOP('',(#7022,#7023,#7024,#7032));
#7022 = ORIENTED_EDGE('',*,*,#6999,.T.);
#7023 = ORIENTED_EDGE('',*,*,#6937,.T.);
#7024 = ORIENTED_EDGE('',*,*,#7025,.T.);
#7025 = EDGE_CURVE('',#6930,#7026,#7028,.T.);
#7026 = VERTEX_POINT('',#7027);
#7027 = CARTESIAN_POINT('',(0.177283,0.11989063807,-3.5));
#7028 = LINE('',#7029,#7030);
#7029 = CARTESIAN_POINT('',(0.140395455336,9.834125073379E-02,
    -3.628190581855));
#7030 = VECTOR('',#7031,1.);
#7031 = DIRECTION('',(-0.272994833281,-0.159481241074,-0.948704145004));
#7032 = ORIENTED_EDGE('',*,*,#7033,.F.);
#7033 = EDGE_CURVE('',#7000,#7026,#7034,.T.);
#7034 = LINE('',#7035,#7036);
#7035 = CARTESIAN_POINT('',(0.177283,-2.75,-3.5));
#7036 = VECTOR('',#7037,1.);
#7037 = DIRECTION('',(0.,1.,-2.22044604925E-16));
#7038 = PLANE('',#7039);
#7039 = AXIS2_PLACEMENT_3D('',#7040,#7041,#7042);
#7040 = CARTESIAN_POINT('',(0.4,-2.75,-2.72602));
#7041 = DIRECTION('',(-0.961004075423,6.140292849257E-17,0.276534205879)
  );
#7042 = DIRECTION('',(-0.276534205879,-2.133857702586E-16,
    -0.961004075423));
#7043 = ADVANCED_FACE('',(#7044),#7055,.T.);
#7044 = FACE_BOUND('',#7045,.T.);
#7045 = EDGE_LOOP('',(#7046,#7047,#7048,#7054));
#7046 = ORIENTED_EDGE('',*,*,#6952,.F.);
#7047 = ORIENTED_EDGE('',*,*,#7025,.T.);
#7048 = ORIENTED_EDGE('',*,*,#7049,.T.);
#7049 = EDGE_CURVE('',#7026,#6978,#7050,.T.);
#7050 = LINE('',#7051,#7052);
#7051 = CARTESIAN_POINT('',(-7.5E-02,0.11989063807,-3.5));
#7052 = VECTOR('',#7053,1.);
#7053 = DIRECTION('',(-1.,0.,0.));
#7054 = ORIENTED_EDGE('',*,*,#6977,.F.);
#7055 = PLANE('',#7056);
#7056 = AXIS2_PLACEMENT_3D('',#7057,#7058,#7059);
#7057 = CARTESIAN_POINT('',(0.5,0.,-4.213192));
#7058 = DIRECTION('',(0.,0.986163056249,-0.165778244925));
#7059 = DIRECTION('',(0.,0.165778244925,0.986163056249));
#7060 = ADVANCED_FACE('',(#7061),#7067,.F.);
#7061 = FACE_BOUND('',#7062,.F.);
#7062 = EDGE_LOOP('',(#7063,#7064,#7065,#7066));
#7063 = ORIENTED_EDGE('',*,*,#6985,.F.);
#7064 = ORIENTED_EDGE('',*,*,#7009,.T.);
#7065 = ORIENTED_EDGE('',*,*,#7033,.T.);
#7066 = ORIENTED_EDGE('',*,*,#7049,.T.);
#7067 = PLANE('',#7068);
#7068 = AXIS2_PLACEMENT_3D('',#7069,#7070,#7071);
#7069 = CARTESIAN_POINT('',(-0.65,-0.25,-3.5));
#7070 = DIRECTION('',(0.,0.,1.));
#7071 = DIRECTION('',(0.,1.,0.));
#7072 = MANIFOLD_SOLID_BREP('',#7073);
#7073 = CLOSED_SHELL('',(#7074,#7114,#7179,#7210,#7241,#7272,#7310,#7322
    ,#7334,#7346));
#7074 = ADVANCED_FACE('',(#7075),#7109,.F.);
#7075 = FACE_BOUND('',#7076,.F.);
#7076 = EDGE_LOOP('',(#7077,#7087,#7095,#7103));
#7077 = ORIENTED_EDGE('',*,*,#7078,.T.);
#7078 = EDGE_CURVE('',#7079,#7081,#7083,.T.);
#7079 = VERTEX_POINT('',#7080);
#7080 = CARTESIAN_POINT('',(-1.06,-1.6,1.03111));
#7081 = VERTEX_POINT('',#7082);
#7082 = CARTESIAN_POINT('',(-1.06,1.6,1.03111));
#7083 = LINE('',#7084,#7085);
#7084 = CARTESIAN_POINT('',(-1.06,-1.6,1.03111));
#7085 = VECTOR('',#7086,1.);
#7086 = DIRECTION('',(0.,1.,-2.22044604925E-16));
#7087 = ORIENTED_EDGE('',*,*,#7088,.T.);
#7088 = EDGE_CURVE('',#7081,#7089,#7091,.T.);
#7089 = VERTEX_POINT('',#7090);
#7090 = CARTESIAN_POINT('',(-1.06,1.6,4.16602));
#7091 = LINE('',#7092,#7093);
#7092 = CARTESIAN_POINT('',(-1.06,1.6,1.03111));
#7093 = VECTOR('',#7094,1.);
#7094 = DIRECTION('',(0.,2.22044604925E-16,1.));
#7095 = ORIENTED_EDGE('',*,*,#7096,.F.);
#7096 = EDGE_CURVE('',#7097,#7089,#7099,.T.);
#7097 = VERTEX_POINT('',#7098);
#7098 = CARTESIAN_POINT('',(-1.06,-1.6,4.16602));
#7099 = LINE('',#7100,#7101);
#7100 = CARTESIAN_POINT('',(-1.06,-1.6,4.16602));
#7101 = VECTOR('',#7102,1.);
#7102 = DIRECTION('',(0.,1.,-2.22044604925E-16));
#7103 = ORIENTED_EDGE('',*,*,#7104,.F.);
#7104 = EDGE_CURVE('',#7079,#7097,#7105,.T.);
#7105 = LINE('',#7106,#7107);
#7106 = CARTESIAN_POINT('',(-1.06,-1.6,1.03111));
#7107 = VECTOR('',#7108,1.);
#7108 = DIRECTION('',(0.,2.22044604925E-16,1.));
#7109 = PLANE('',#7110);
#7110 = AXIS2_PLACEMENT_3D('',#7111,#7112,#7113);
#7111 = CARTESIAN_POINT('',(-1.06,-1.6,1.03111));
#7112 = DIRECTION('',(1.,0.,0.));
#7113 = DIRECTION('',(0.,2.22044604925E-16,1.));
#7114 = ADVANCED_FACE('',(#7115,#7140),#7174,.F.);
#7115 = FACE_BOUND('',#7116,.F.);
#7116 = EDGE_LOOP('',(#7117,#7125,#7126,#7134));
#7117 = ORIENTED_EDGE('',*,*,#7118,.T.);
#7118 = EDGE_CURVE('',#7119,#7079,#7121,.T.);
#7119 = VERTEX_POINT('',#7120);
#7120 = CARTESIAN_POINT('',(1.06,-1.6,1.03111));
#7121 = LINE('',#7122,#7123);
#7122 = CARTESIAN_POINT('',(0.,-1.6,1.03111));
#7123 = VECTOR('',#7124,1.);
#7124 = DIRECTION('',(-1.,0.,0.));
#7125 = ORIENTED_EDGE('',*,*,#7104,.T.);
#7126 = ORIENTED_EDGE('',*,*,#7127,.F.);
#7127 = EDGE_CURVE('',#7128,#7097,#7130,.T.);
#7128 = VERTEX_POINT('',#7129);
#7129 = CARTESIAN_POINT('',(1.06,-1.6,4.16602));
#7130 = LINE('',#7131,#7132);
#7131 = CARTESIAN_POINT('',(1.06,-1.6,4.16602));
#7132 = VECTOR('',#7133,1.);
#7133 = DIRECTION('',(-1.,0.,0.));
#7134 = ORIENTED_EDGE('',*,*,#7135,.F.);
#7135 = EDGE_CURVE('',#7119,#7128,#7136,.T.);
#7136 = LINE('',#7137,#7138);
#7137 = CARTESIAN_POINT('',(1.06,-1.6,1.03111));
#7138 = VECTOR('',#7139,1.);
#7139 = DIRECTION('',(0.,2.22044604925E-16,1.));
#7140 = FACE_BOUND('',#7141,.F.);
#7141 = EDGE_LOOP('',(#7142,#7152,#7160,#7168));
#7142 = ORIENTED_EDGE('',*,*,#7143,.T.);
#7143 = EDGE_CURVE('',#7144,#7146,#7148,.T.);
#7144 = VERTEX_POINT('',#7145);
#7145 = CARTESIAN_POINT('',(0.66,-1.6,3.76602));
#7146 = VERTEX_POINT('',#7147);
#7147 = CARTESIAN_POINT('',(-0.66,-1.6,3.76602));
#7148 = LINE('',#7149,#7150);
#7149 = CARTESIAN_POINT('',(0.,-1.6,3.76602));
#7150 = VECTOR('',#7151,1.);
#7151 = DIRECTION('',(-1.,0.,0.));
#7152 = ORIENTED_EDGE('',*,*,#7153,.T.);
#7153 = EDGE_CURVE('',#7146,#7154,#7156,.T.);
#7154 = VERTEX_POINT('',#7155);
#7155 = CARTESIAN_POINT('',(-0.66,-1.6,1.43111));
#7156 = LINE('',#7157,#7158);
#7157 = CARTESIAN_POINT('',(-0.66,-1.6,3.76602));
#7158 = VECTOR('',#7159,1.);
#7159 = DIRECTION('',(0.,-2.22044604925E-16,-1.));
#7160 = ORIENTED_EDGE('',*,*,#7161,.F.);
#7161 = EDGE_CURVE('',#7162,#7154,#7164,.T.);
#7162 = VERTEX_POINT('',#7163);
#7163 = CARTESIAN_POINT('',(0.66,-1.6,1.43111));
#7164 = LINE('',#7165,#7166);
#7165 = CARTESIAN_POINT('',(0.66,-1.6,1.43111));
#7166 = VECTOR('',#7167,1.);
#7167 = DIRECTION('',(-1.,0.,0.));
#7168 = ORIENTED_EDGE('',*,*,#7169,.F.);
#7169 = EDGE_CURVE('',#7144,#7162,#7170,.T.);
#7170 = LINE('',#7171,#7172);
#7171 = CARTESIAN_POINT('',(0.66,-1.6,3.76602));
#7172 = VECTOR('',#7173,1.);
#7173 = DIRECTION('',(0.,-2.22044604925E-16,-1.));
#7174 = PLANE('',#7175);
#7175 = AXIS2_PLACEMENT_3D('',#7176,#7177,#7178);
#7176 = CARTESIAN_POINT('',(1.246066727078E-17,-1.6,2.598565));
#7177 = DIRECTION('',(0.,1.,0.));
#7178 = DIRECTION('',(0.,0.,1.));
#7179 = ADVANCED_FACE('',(#7180),#7205,.T.);
#7180 = FACE_BOUND('',#7181,.T.);
#7181 = EDGE_LOOP('',(#7182,#7190,#7198,#7204));
#7182 = ORIENTED_EDGE('',*,*,#7183,.T.);
#7183 = EDGE_CURVE('',#7119,#7184,#7186,.T.);
#7184 = VERTEX_POINT('',#7185);
#7185 = CARTESIAN_POINT('',(1.06,1.6,1.03111));
#7186 = LINE('',#7187,#7188);
#7187 = CARTESIAN_POINT('',(1.06,-1.6,1.03111));
#7188 = VECTOR('',#7189,1.);
#7189 = DIRECTION('',(0.,1.,-2.22044604925E-16));
#7190 = ORIENTED_EDGE('',*,*,#7191,.T.);
#7191 = EDGE_CURVE('',#7184,#7192,#7194,.T.);
#7192 = VERTEX_POINT('',#7193);
#7193 = CARTESIAN_POINT('',(1.06,1.6,4.16602));
#7194 = LINE('',#7195,#7196);
#7195 = CARTESIAN_POINT('',(1.06,1.6,1.03111));
#7196 = VECTOR('',#7197,1.);
#7197 = DIRECTION('',(0.,2.22044604925E-16,1.));
#7198 = ORIENTED_EDGE('',*,*,#7199,.F.);
#7199 = EDGE_CURVE('',#7128,#7192,#7200,.T.);
#7200 = LINE('',#7201,#7202);
#7201 = CARTESIAN_POINT('',(1.06,-1.6,4.16602));
#7202 = VECTOR('',#7203,1.);
#7203 = DIRECTION('',(0.,1.,-2.22044604925E-16));
#7204 = ORIENTED_EDGE('',*,*,#7135,.F.);
#7205 = PLANE('',#7206);
#7206 = AXIS2_PLACEMENT_3D('',#7207,#7208,#7209);
#7207 = CARTESIAN_POINT('',(1.06,-1.6,1.03111));
#7208 = DIRECTION('',(1.,0.,0.));
#7209 = DIRECTION('',(0.,2.22044604925E-16,1.));
#7210 = ADVANCED_FACE('',(#7211),#7236,.F.);
#7211 = FACE_BOUND('',#7212,.F.);
#7212 = EDGE_LOOP('',(#7213,#7221,#7229,#7235));
#7213 = ORIENTED_EDGE('',*,*,#7214,.T.);
#7214 = EDGE_CURVE('',#7146,#7215,#7217,.T.);
#7215 = VERTEX_POINT('',#7216);
#7216 = CARTESIAN_POINT('',(-0.66,1.6,3.76602));
#7217 = LINE('',#7218,#7219);
#7218 = CARTESIAN_POINT('',(-0.66,-1.6,3.76602));
#7219 = VECTOR('',#7220,1.);
#7220 = DIRECTION('',(0.,1.,-2.22044604925E-16));
#7221 = ORIENTED_EDGE('',*,*,#7222,.T.);
#7222 = EDGE_CURVE('',#7215,#7223,#7225,.T.);
#7223 = VERTEX_POINT('',#7224);
#7224 = CARTESIAN_POINT('',(-0.66,1.6,1.43111));
#7225 = LINE('',#7226,#7227);
#7226 = CARTESIAN_POINT('',(-0.66,1.6,3.76602));
#7227 = VECTOR('',#7228,1.);
#7228 = DIRECTION('',(0.,-2.22044604925E-16,-1.));
#7229 = ORIENTED_EDGE('',*,*,#7230,.F.);
#7230 = EDGE_CURVE('',#7154,#7223,#7231,.T.);
#7231 = LINE('',#7232,#7233);
#7232 = CARTESIAN_POINT('',(-0.66,-1.6,1.43111));
#7233 = VECTOR('',#7234,1.);
#7234 = DIRECTION('',(0.,1.,-2.22044604925E-16));
#7235 = ORIENTED_EDGE('',*,*,#7153,.F.);
#7236 = PLANE('',#7237);
#7237 = AXIS2_PLACEMENT_3D('',#7238,#7239,#7240);
#7238 = CARTESIAN_POINT('',(-0.66,-1.6,3.76602));
#7239 = DIRECTION('',(-1.,0.,0.));
#7240 = DIRECTION('',(0.,-2.22044604925E-16,-1.));
#7241 = ADVANCED_FACE('',(#7242),#7267,.T.);
#7242 = FACE_BOUND('',#7243,.T.);
#7243 = EDGE_LOOP('',(#7244,#7252,#7260,#7266));
#7244 = ORIENTED_EDGE('',*,*,#7245,.T.);
#7245 = EDGE_CURVE('',#7144,#7246,#7248,.T.);
#7246 = VERTEX_POINT('',#7247);
#7247 = CARTESIAN_POINT('',(0.66,1.6,3.76602));
#7248 = LINE('',#7249,#7250);
#7249 = CARTESIAN_POINT('',(0.66,-1.6,3.76602));
#7250 = VECTOR('',#7251,1.);
#7251 = DIRECTION('',(0.,1.,-2.22044604925E-16));
#7252 = ORIENTED_EDGE('',*,*,#7253,.T.);
#7253 = EDGE_CURVE('',#7246,#7254,#7256,.T.);
#7254 = VERTEX_POINT('',#7255);
#7255 = CARTESIAN_POINT('',(0.66,1.6,1.43111));
#7256 = LINE('',#7257,#7258);
#7257 = CARTESIAN_POINT('',(0.66,1.6,3.76602));
#7258 = VECTOR('',#7259,1.);
#7259 = DIRECTION('',(0.,-2.22044604925E-16,-1.));
#7260 = ORIENTED_EDGE('',*,*,#7261,.F.);
#7261 = EDGE_CURVE('',#7162,#7254,#7262,.T.);
#7262 = LINE('',#7263,#7264);
#7263 = CARTESIAN_POINT('',(0.66,-1.6,1.43111));
#7264 = VECTOR('',#7265,1.);
#7265 = DIRECTION('',(0.,1.,-2.22044604925E-16));
#7266 = ORIENTED_EDGE('',*,*,#7169,.F.);
#7267 = PLANE('',#7268);
#7268 = AXIS2_PLACEMENT_3D('',#7269,#7270,#7271);
#7269 = CARTESIAN_POINT('',(0.66,-1.6,3.76602));
#7270 = DIRECTION('',(-1.,0.,0.));
#7271 = DIRECTION('',(0.,-2.22044604925E-16,-1.));
#7272 = ADVANCED_FACE('',(#7273,#7289),#7305,.T.);
#7273 = FACE_BOUND('',#7274,.T.);
#7274 = EDGE_LOOP('',(#7275,#7276,#7282,#7283));
#7275 = ORIENTED_EDGE('',*,*,#7088,.T.);
#7276 = ORIENTED_EDGE('',*,*,#7277,.T.);
#7277 = EDGE_CURVE('',#7089,#7192,#7278,.T.);
#7278 = LINE('',#7279,#7280);
#7279 = CARTESIAN_POINT('',(-1.06,1.6,4.16602));
#7280 = VECTOR('',#7281,1.);
#7281 = DIRECTION('',(1.,0.,0.));
#7282 = ORIENTED_EDGE('',*,*,#7191,.F.);
#7283 = ORIENTED_EDGE('',*,*,#7284,.F.);
#7284 = EDGE_CURVE('',#7081,#7184,#7285,.T.);
#7285 = LINE('',#7286,#7287);
#7286 = CARTESIAN_POINT('',(0.,1.6,1.03111));
#7287 = VECTOR('',#7288,1.);
#7288 = DIRECTION('',(1.,0.,0.));
#7289 = FACE_BOUND('',#7290,.T.);
#7290 = EDGE_LOOP('',(#7291,#7297,#7298,#7304));
#7291 = ORIENTED_EDGE('',*,*,#7292,.F.);
#7292 = EDGE_CURVE('',#7215,#7246,#7293,.T.);
#7293 = LINE('',#7294,#7295);
#7294 = CARTESIAN_POINT('',(0.,1.6,3.76602));
#7295 = VECTOR('',#7296,1.);
#7296 = DIRECTION('',(1.,0.,0.));
#7297 = ORIENTED_EDGE('',*,*,#7222,.T.);
#7298 = ORIENTED_EDGE('',*,*,#7299,.T.);
#7299 = EDGE_CURVE('',#7223,#7254,#7300,.T.);
#7300 = LINE('',#7301,#7302);
#7301 = CARTESIAN_POINT('',(-0.66,1.6,1.43111));
#7302 = VECTOR('',#7303,1.);
#7303 = DIRECTION('',(1.,0.,0.));
#7304 = ORIENTED_EDGE('',*,*,#7253,.F.);
#7305 = PLANE('',#7306);
#7306 = AXIS2_PLACEMENT_3D('',#7307,#7308,#7309);
#7307 = CARTESIAN_POINT('',(1.246066727078E-17,1.6,2.598565));
#7308 = DIRECTION('',(0.,1.,0.));
#7309 = DIRECTION('',(0.,0.,1.));
#7310 = ADVANCED_FACE('',(#7311),#7317,.T.);
#7311 = FACE_BOUND('',#7312,.T.);
#7312 = EDGE_LOOP('',(#7313,#7314,#7315,#7316));
#7313 = ORIENTED_EDGE('',*,*,#7078,.T.);
#7314 = ORIENTED_EDGE('',*,*,#7284,.T.);
#7315 = ORIENTED_EDGE('',*,*,#7183,.F.);
#7316 = ORIENTED_EDGE('',*,*,#7118,.T.);
#7317 = PLANE('',#7318);
#7318 = AXIS2_PLACEMENT_3D('',#7319,#7320,#7321);
#7319 = CARTESIAN_POINT('',(0.,1.87819684617E-16,1.03111));
#7320 = DIRECTION('',(-0.,-2.358180484636E-16,-1.));
#7321 = DIRECTION('',(0.,-1.,2.358180484636E-16));
#7322 = ADVANCED_FACE('',(#7323),#7329,.T.);
#7323 = FACE_BOUND('',#7324,.T.);
#7324 = EDGE_LOOP('',(#7325,#7326,#7327,#7328));
#7325 = ORIENTED_EDGE('',*,*,#7096,.F.);
#7326 = ORIENTED_EDGE('',*,*,#7127,.F.);
#7327 = ORIENTED_EDGE('',*,*,#7199,.T.);
#7328 = ORIENTED_EDGE('',*,*,#7277,.F.);
#7329 = PLANE('',#7330);
#7330 = AXIS2_PLACEMENT_3D('',#7331,#7332,#7333);
#7331 = CARTESIAN_POINT('',(0.,8.556230076998E-16,4.16602));
#7332 = DIRECTION('',(0.,0.,1.));
#7333 = DIRECTION('',(1.,0.,0.));
#7334 = ADVANCED_FACE('',(#7335),#7341,.T.);
#7335 = FACE_BOUND('',#7336,.T.);
#7336 = EDGE_LOOP('',(#7337,#7338,#7339,#7340));
#7337 = ORIENTED_EDGE('',*,*,#7245,.F.);
#7338 = ORIENTED_EDGE('',*,*,#7143,.T.);
#7339 = ORIENTED_EDGE('',*,*,#7214,.T.);
#7340 = ORIENTED_EDGE('',*,*,#7292,.T.);
#7341 = PLANE('',#7342);
#7342 = AXIS2_PLACEMENT_3D('',#7343,#7344,#7345);
#7343 = CARTESIAN_POINT('',(0.,9.088108829896E-16,3.76602));
#7344 = DIRECTION('',(-0.,-2.775557561563E-16,-1.));
#7345 = DIRECTION('',(0.,-1.,2.775557561563E-16));
#7346 = ADVANCED_FACE('',(#7347),#7353,.T.);
#7347 = FACE_BOUND('',#7348,.T.);
#7348 = EDGE_LOOP('',(#7349,#7350,#7351,#7352));
#7349 = ORIENTED_EDGE('',*,*,#7230,.F.);
#7350 = ORIENTED_EDGE('',*,*,#7161,.F.);
#7351 = ORIENTED_EDGE('',*,*,#7261,.T.);
#7352 = ORIENTED_EDGE('',*,*,#7299,.F.);
#7353 = PLANE('',#7354);
#7354 = AXIS2_PLACEMENT_3D('',#7355,#7356,#7357);
#7355 = CARTESIAN_POINT('',(0.,1.228122814851E-16,1.43111));
#7356 = DIRECTION('',(0.,2.284308435623E-16,1.));
#7357 = DIRECTION('',(0.,1.,-2.284308435623E-16));
#7358 = MANIFOLD_SOLID_BREP('',#7359);
#7359 = CLOSED_SHELL('',(#7360,#7385,#7476,#7493,#7511,#7531,#7548,#7558
    ,#7583));
#7360 = ADVANCED_FACE('',(#7361),#7380,.F.);
#7361 = FACE_BOUND('',#7362,.T.);
#7362 = EDGE_LOOP('',(#7363,#7374));
#7363 = ORIENTED_EDGE('',*,*,#7364,.F.);
#7364 = EDGE_CURVE('',#7365,#7367,#7369,.T.);
#7365 = VERTEX_POINT('',#7366);
#7366 = CARTESIAN_POINT('',(1.019716596842,-0.306105,7.78762));
#7367 = VERTEX_POINT('',#7368);
#7368 = CARTESIAN_POINT('',(-1.019716596842,-0.306105,7.78762));
#7369 = CIRCLE('',#7370,1.06467);
#7370 = AXIS2_PLACEMENT_3D('',#7371,#7372,#7373);
#7371 = CARTESIAN_POINT('',(0.,1.729199006206E-15,7.78762));
#7372 = DIRECTION('',(0.,-2.22044604925E-16,-1.));
#7373 = DIRECTION('',(1.,0.,0.));
#7374 = ORIENTED_EDGE('',*,*,#7375,.F.);
#7375 = EDGE_CURVE('',#7367,#7365,#7376,.T.);
#7376 = LINE('',#7377,#7378);
#7377 = CARTESIAN_POINT('',(-1.37341,-0.306105,7.78762));
#7378 = VECTOR('',#7379,1.);
#7379 = DIRECTION('',(1.,0.,0.));
#7380 = PLANE('',#7381);
#7381 = AXIS2_PLACEMENT_3D('',#7382,#7383,#7384);
#7382 = CARTESIAN_POINT('',(0.,1.729199006206E-15,7.78762));
#7383 = DIRECTION('',(-0.,-2.22044604925E-16,-1.));
#7384 = DIRECTION('',(1.,0.,0.));
#7385 = ADVANCED_FACE('',(#7386),#7471,.T.);
#7386 = FACE_BOUND('',#7387,.T.);
#7387 = EDGE_LOOP('',(#7388,#7396,#7397,#7405,#7414,#7422,#7431,#7439,
    #7448,#7456,#7463,#7464));
#7388 = ORIENTED_EDGE('',*,*,#7389,.F.);
#7389 = EDGE_CURVE('',#7365,#7390,#7392,.T.);
#7390 = VERTEX_POINT('',#7391);
#7391 = CARTESIAN_POINT('',(1.019716596842,-0.306105,7.28762));
#7392 = LINE('',#7393,#7394);
#7393 = CARTESIAN_POINT('',(1.019716596842,-0.306105,7.78762));
#7394 = VECTOR('',#7395,1.);
#7395 = DIRECTION('',(-0.,-2.22044604925E-16,-1.));
#7396 = ORIENTED_EDGE('',*,*,#7364,.T.);
#7397 = ORIENTED_EDGE('',*,*,#7398,.T.);
#7398 = EDGE_CURVE('',#7367,#7399,#7401,.T.);
#7399 = VERTEX_POINT('',#7400);
#7400 = CARTESIAN_POINT('',(-1.019716596842,-0.306105,7.28762));
#7401 = LINE('',#7402,#7403);
#7402 = CARTESIAN_POINT('',(-1.019716596842,-0.306105,7.78762));
#7403 = VECTOR('',#7404,1.);
#7404 = DIRECTION('',(-0.,-2.22044604925E-16,-1.));
#7405 = ORIENTED_EDGE('',*,*,#7406,.T.);
#7406 = EDGE_CURVE('',#7399,#7407,#7409,.T.);
#7407 = VERTEX_POINT('',#7408);
#7408 = CARTESIAN_POINT('',(-1.019716596842,0.306105,7.28762));
#7409 = CIRCLE('',#7410,1.06467);
#7410 = AXIS2_PLACEMENT_3D('',#7411,#7412,#7413);
#7411 = CARTESIAN_POINT('',(0.,1.618176703744E-15,7.28762));
#7412 = DIRECTION('',(0.,-2.22044604925E-16,-1.));
#7413 = DIRECTION('',(1.,0.,0.));
#7414 = ORIENTED_EDGE('',*,*,#7415,.F.);
#7415 = EDGE_CURVE('',#7416,#7407,#7418,.T.);
#7416 = VERTEX_POINT('',#7417);
#7417 = CARTESIAN_POINT('',(-1.019716596842,0.306105,7.78762));
#7418 = LINE('',#7419,#7420);
#7419 = CARTESIAN_POINT('',(-1.019716596842,0.306105,7.78762));
#7420 = VECTOR('',#7421,1.);
#7421 = DIRECTION('',(-0.,-2.22044604925E-16,-1.));
#7422 = ORIENTED_EDGE('',*,*,#7423,.T.);
#7423 = EDGE_CURVE('',#7416,#7424,#7426,.T.);
#7424 = VERTEX_POINT('',#7425);
#7425 = CARTESIAN_POINT('',(1.019716596842,0.306105,7.78762));
#7426 = CIRCLE('',#7427,1.06467);
#7427 = AXIS2_PLACEMENT_3D('',#7428,#7429,#7430);
#7428 = CARTESIAN_POINT('',(0.,1.729199006206E-15,7.78762));
#7429 = DIRECTION('',(0.,-2.22044604925E-16,-1.));
#7430 = DIRECTION('',(1.,0.,0.));
#7431 = ORIENTED_EDGE('',*,*,#7432,.T.);
#7432 = EDGE_CURVE('',#7424,#7433,#7435,.T.);
#7433 = VERTEX_POINT('',#7434);
#7434 = CARTESIAN_POINT('',(1.019716596842,0.306105,7.28762));
#7435 = LINE('',#7436,#7437);
#7436 = CARTESIAN_POINT('',(1.019716596842,0.306105,7.78762));
#7437 = VECTOR('',#7438,1.);
#7438 = DIRECTION('',(-0.,-2.22044604925E-16,-1.));
#7439 = ORIENTED_EDGE('',*,*,#7440,.T.);
#7440 = EDGE_CURVE('',#7433,#7441,#7443,.T.);
#7441 = VERTEX_POINT('',#7442);
#7442 = CARTESIAN_POINT('',(1.06467,1.618176703744E-15,7.28762));
#7443 = CIRCLE('',#7444,1.06467);
#7444 = AXIS2_PLACEMENT_3D('',#7445,#7446,#7447);
#7445 = CARTESIAN_POINT('',(0.,1.618176703744E-15,7.28762));
#7446 = DIRECTION('',(0.,-2.22044604925E-16,-1.));
#7447 = DIRECTION('',(1.,0.,0.));
#7448 = ORIENTED_EDGE('',*,*,#7449,.T.);
#7449 = EDGE_CURVE('',#7441,#7450,#7452,.T.);
#7450 = VERTEX_POINT('',#7451);
#7451 = CARTESIAN_POINT('',(1.06467,1.543098981927E-15,6.9495));
#7452 = LINE('',#7453,#7454);
#7453 = CARTESIAN_POINT('',(1.06467,1.729199006206E-15,7.78762));
#7454 = VECTOR('',#7455,1.);
#7455 = DIRECTION('',(0.,-2.22044604925E-16,-1.));
#7456 = ORIENTED_EDGE('',*,*,#7457,.F.);
#7457 = EDGE_CURVE('',#7450,#7450,#7458,.T.);
#7458 = CIRCLE('',#7459,1.06467);
#7459 = AXIS2_PLACEMENT_3D('',#7460,#7461,#7462);
#7460 = CARTESIAN_POINT('',(0.,1.543098981927E-15,6.9495));
#7461 = DIRECTION('',(0.,-2.22044604925E-16,-1.));
#7462 = DIRECTION('',(1.,0.,0.));
#7463 = ORIENTED_EDGE('',*,*,#7449,.F.);
#7464 = ORIENTED_EDGE('',*,*,#7465,.T.);
#7465 = EDGE_CURVE('',#7441,#7390,#7466,.T.);
#7466 = CIRCLE('',#7467,1.06467);
#7467 = AXIS2_PLACEMENT_3D('',#7468,#7469,#7470);
#7468 = CARTESIAN_POINT('',(0.,1.618176703744E-15,7.28762));
#7469 = DIRECTION('',(0.,-2.22044604925E-16,-1.));
#7470 = DIRECTION('',(1.,0.,0.));
#7471 = CYLINDRICAL_SURFACE('',#7472,1.06467);
#7472 = AXIS2_PLACEMENT_3D('',#7473,#7474,#7475);
#7473 = CARTESIAN_POINT('',(0.,1.729199006206E-15,7.78762));
#7474 = DIRECTION('',(-0.,-2.22044604925E-16,-1.));
#7475 = DIRECTION('',(1.,0.,0.));
#7476 = ADVANCED_FACE('',(#7477),#7488,.F.);
#7477 = FACE_BOUND('',#7478,.F.);
#7478 = EDGE_LOOP('',(#7479,#7480,#7481,#7487));
#7479 = ORIENTED_EDGE('',*,*,#7375,.F.);
#7480 = ORIENTED_EDGE('',*,*,#7398,.T.);
#7481 = ORIENTED_EDGE('',*,*,#7482,.T.);
#7482 = EDGE_CURVE('',#7399,#7390,#7483,.T.);
#7483 = LINE('',#7484,#7485);
#7484 = CARTESIAN_POINT('',(-1.37341,-0.306105,7.28762));
#7485 = VECTOR('',#7486,1.);
#7486 = DIRECTION('',(1.,0.,0.));
#7487 = ORIENTED_EDGE('',*,*,#7389,.F.);
#7488 = PLANE('',#7489);
#7489 = AXIS2_PLACEMENT_3D('',#7490,#7491,#7492);
#7490 = CARTESIAN_POINT('',(-1.37341,-0.306105,7.78762));
#7491 = DIRECTION('',(0.,-1.,0.));
#7492 = DIRECTION('',(1.,0.,0.));
#7493 = ADVANCED_FACE('',(#7494),#7506,.T.);
#7494 = FACE_BOUND('',#7495,.T.);
#7495 = EDGE_LOOP('',(#7496,#7502,#7503,#7504,#7505));
#7496 = ORIENTED_EDGE('',*,*,#7497,.T.);
#7497 = EDGE_CURVE('',#7433,#7407,#7498,.T.);
#7498 = LINE('',#7499,#7500);
#7499 = CARTESIAN_POINT('',(1.37341,0.306105,7.28762));
#7500 = VECTOR('',#7501,1.);
#7501 = DIRECTION('',(-1.,0.,0.));
#7502 = ORIENTED_EDGE('',*,*,#7406,.F.);
#7503 = ORIENTED_EDGE('',*,*,#7482,.T.);
#7504 = ORIENTED_EDGE('',*,*,#7465,.F.);
#7505 = ORIENTED_EDGE('',*,*,#7440,.F.);
#7506 = PLANE('',#7507);
#7507 = AXIS2_PLACEMENT_3D('',#7508,#7509,#7510);
#7508 = CARTESIAN_POINT('',(-3.30518936903E-17,1.718698471895E-15,
    7.28762));
#7509 = DIRECTION('',(0.,0.,1.));
#7510 = DIRECTION('',(1.,0.,0.));
#7511 = ADVANCED_FACE('',(#7512,#7515),#7526,.T.);
#7512 = FACE_BOUND('',#7513,.T.);
#7513 = EDGE_LOOP('',(#7514));
#7514 = ORIENTED_EDGE('',*,*,#7457,.T.);
#7515 = FACE_BOUND('',#7516,.T.);
#7516 = EDGE_LOOP('',(#7517));
#7517 = ORIENTED_EDGE('',*,*,#7518,.F.);
#7518 = EDGE_CURVE('',#7519,#7519,#7521,.T.);
#7519 = VERTEX_POINT('',#7520);
#7520 = CARTESIAN_POINT('',(0.8,1.543098981927E-15,6.9495));
#7521 = CIRCLE('',#7522,0.8);
#7522 = AXIS2_PLACEMENT_3D('',#7523,#7524,#7525);
#7523 = CARTESIAN_POINT('',(0.,1.543098981927E-15,6.9495));
#7524 = DIRECTION('',(0.,-2.22044604925E-16,-1.));
#7525 = DIRECTION('',(1.,0.,0.));
#7526 = PLANE('',#7527);
#7527 = AXIS2_PLACEMENT_3D('',#7528,#7529,#7530);
#7528 = CARTESIAN_POINT('',(0.,1.543098981927E-15,6.9495));
#7529 = DIRECTION('',(-0.,-2.22044604925E-16,-1.));
#7530 = DIRECTION('',(1.,0.,0.));
#7531 = ADVANCED_FACE('',(#7532),#7543,.F.);
#7532 = FACE_BOUND('',#7533,.F.);
#7533 = EDGE_LOOP('',(#7534,#7540,#7541,#7542));
#7534 = ORIENTED_EDGE('',*,*,#7535,.F.);
#7535 = EDGE_CURVE('',#7424,#7416,#7536,.T.);
#7536 = LINE('',#7537,#7538);
#7537 = CARTESIAN_POINT('',(1.37341,0.306105,7.78762));
#7538 = VECTOR('',#7539,1.);
#7539 = DIRECTION('',(-1.,0.,0.));
#7540 = ORIENTED_EDGE('',*,*,#7432,.T.);
#7541 = ORIENTED_EDGE('',*,*,#7497,.T.);
#7542 = ORIENTED_EDGE('',*,*,#7415,.F.);
#7543 = PLANE('',#7544);
#7544 = AXIS2_PLACEMENT_3D('',#7545,#7546,#7547);
#7545 = CARTESIAN_POINT('',(1.37341,0.306105,7.78762));
#7546 = DIRECTION('',(0.,1.,0.));
#7547 = DIRECTION('',(-1.,0.,0.));
#7548 = ADVANCED_FACE('',(#7549),#7553,.F.);
#7549 = FACE_BOUND('',#7550,.T.);
#7550 = EDGE_LOOP('',(#7551,#7552));
#7551 = ORIENTED_EDGE('',*,*,#7535,.F.);
#7552 = ORIENTED_EDGE('',*,*,#7423,.F.);
#7553 = PLANE('',#7554);
#7554 = AXIS2_PLACEMENT_3D('',#7555,#7556,#7557);
#7555 = CARTESIAN_POINT('',(0.,1.729199006206E-15,7.78762));
#7556 = DIRECTION('',(-0.,-2.22044604925E-16,-1.));
#7557 = DIRECTION('',(1.,0.,0.));
#7558 = ADVANCED_FACE('',(#7559),#7578,.T.);
#7559 = FACE_BOUND('',#7560,.T.);
#7560 = EDGE_LOOP('',(#7561,#7562,#7570,#7577));
#7561 = ORIENTED_EDGE('',*,*,#7518,.T.);
#7562 = ORIENTED_EDGE('',*,*,#7563,.T.);
#7563 = EDGE_CURVE('',#7519,#7564,#7566,.T.);
#7564 = VERTEX_POINT('',#7565);
#7565 = CARTESIAN_POINT('',(0.8,8.525713468543E-16,3.83964));
#7566 = LINE('',#7567,#7568);
#7567 = CARTESIAN_POINT('',(0.8,1.543098981927E-15,6.9495));
#7568 = VECTOR('',#7569,1.);
#7569 = DIRECTION('',(0.,-2.22044604925E-16,-1.));
#7570 = ORIENTED_EDGE('',*,*,#7571,.F.);
#7571 = EDGE_CURVE('',#7564,#7564,#7572,.T.);
#7572 = CIRCLE('',#7573,0.8);
#7573 = AXIS2_PLACEMENT_3D('',#7574,#7575,#7576);
#7574 = CARTESIAN_POINT('',(0.,8.525713468543E-16,3.83964));
#7575 = DIRECTION('',(0.,-2.22044604925E-16,-1.));
#7576 = DIRECTION('',(1.,0.,0.));
#7577 = ORIENTED_EDGE('',*,*,#7563,.F.);
#7578 = CYLINDRICAL_SURFACE('',#7579,0.8);
#7579 = AXIS2_PLACEMENT_3D('',#7580,#7581,#7582);
#7580 = CARTESIAN_POINT('',(0.,1.543098981927E-15,6.9495));
#7581 = DIRECTION('',(-0.,-2.22044604925E-16,-1.));
#7582 = DIRECTION('',(1.,0.,0.));
#7583 = ADVANCED_FACE('',(#7584),#7587,.T.);
#7584 = FACE_BOUND('',#7585,.T.);
#7585 = EDGE_LOOP('',(#7586));
#7586 = ORIENTED_EDGE('',*,*,#7571,.T.);
#7587 = PLANE('',#7588);
#7588 = AXIS2_PLACEMENT_3D('',#7589,#7590,#7591);
#7589 = CARTESIAN_POINT('',(0.,8.525713468543E-16,3.83964));
#7590 = DIRECTION('',(-0.,-2.22044604925E-16,-1.));
#7591 = DIRECTION('',(1.,0.,0.));
#7592 = ( GEOMETRIC_REPRESENTATION_CONTEXT(3) 
GLOBAL_UNCERTAINTY_ASSIGNED_CONTEXT((#7596)) 
GLOBAL_UNIT_ASSIGNED_CONTEXT((#7593,#7594,#7595)) REPRESENTATION_CONTEXT
('Context #1','3D Context with UNIT and UNCERTAINTY') );
#7593 = ( LENGTH_UNIT() NAMED_UNIT(*) SI_UNIT(.MILLI.,.METRE.) );
#7594 = ( NAMED_UNIT(*) PLANE_ANGLE_UNIT() SI_UNIT($,.RADIAN.) );
#7595 = ( NAMED_UNIT(*) SI_UNIT($,.STERADIAN.) SOLID_ANGLE_UNIT() );
#7596 = UNCERTAINTY_MEASURE_WITH_UNIT(LENGTH_MEASURE(1.E-06),#7593,
  'distance_accuracy_value','confusion accuracy');
#7597 = CONTEXT_DEPENDENT_SHAPE_REPRESENTATION(#7598,#7600);
#7598 = ( REPRESENTATION_RELATIONSHIP('','',#6208,#6165) 
REPRESENTATION_RELATIONSHIP_WITH_TRANSFORMATION(#7599) 
SHAPE_REPRESENTATION_RELATIONSHIP() );
#7599 = ITEM_DEFINED_TRANSFORMATION('','',#11,#6166);
#7600 = PRODUCT_DEFINITION_SHAPE('Placement','Placement of an item',
  #7601);
#7601 = NEXT_ASSEMBLY_USAGE_OCCURRENCE('44','0','',#6160,#6203,$);
#7602 = PRODUCT_RELATED_PRODUCT_CATEGORY('part',$,(#6205));
#7603 = CONTEXT_DEPENDENT_SHAPE_REPRESENTATION(#7604,#7606);
#7604 = ( REPRESENTATION_RELATIONSHIP('','',#6208,#6165) 
REPRESENTATION_RELATIONSHIP_WITH_TRANSFORMATION(#7605) 
SHAPE_REPRESENTATION_RELATIONSHIP() );
#7605 = ITEM_DEFINED_TRANSFORMATION('','',#11,#6170);
#7606 = PRODUCT_DEFINITION_SHAPE('Placement','Placement of an item',
  #7607);
#7607 = NEXT_ASSEMBLY_USAGE_OCCURRENCE('45','1','',#6160,#6203,$);
#7608 = CONTEXT_DEPENDENT_SHAPE_REPRESENTATION(#7609,#7611);
#7609 = ( REPRESENTATION_RELATIONSHIP('','',#6208,#6165) 
REPRESENTATION_RELATIONSHIP_WITH_TRANSFORMATION(#7610) 
SHAPE_REPRESENTATION_RELATIONSHIP() );
#7610 = ITEM_DEFINED_TRANSFORMATION('','',#11,#6174);
#7611 = PRODUCT_DEFINITION_SHAPE('Placement','Placement of an item',
  #7612);
#7612 = NEXT_ASSEMBLY_USAGE_OCCURRENCE('46','2','',#6160,#6203,$);
#7613 = CONTEXT_DEPENDENT_SHAPE_REPRESENTATION(#7614,#7616);
#7614 = ( REPRESENTATION_RELATIONSHIP('','',#6208,#6165) 
REPRESENTATION_RELATIONSHIP_WITH_TRANSFORMATION(#7615) 
SHAPE_REPRESENTATION_RELATIONSHIP() );
#7615 = ITEM_DEFINED_TRANSFORMATION('','',#11,#6178);
#7616 = PRODUCT_DEFINITION_SHAPE('Placement','Placement of an item',
  #7617);
#7617 = NEXT_ASSEMBLY_USAGE_OCCURRENCE('47','3','',#6160,#6203,$);
#7618 = CONTEXT_DEPENDENT_SHAPE_REPRESENTATION(#7619,#7621);
#7619 = ( REPRESENTATION_RELATIONSHIP('','',#6208,#6165) 
REPRESENTATION_RELATIONSHIP_WITH_TRANSFORMATION(#7620) 
SHAPE_REPRESENTATION_RELATIONSHIP() );
#7620 = ITEM_DEFINED_TRANSFORMATION('','',#11,#6182);
#7621 = PRODUCT_DEFINITION_SHAPE('Placement','Placement of an item',
  #7622);
#7622 = NEXT_ASSEMBLY_USAGE_OCCURRENCE('48','4','',#6160,#6203,$);
#7623 = CONTEXT_DEPENDENT_SHAPE_REPRESENTATION(#7624,#7626);
#7624 = ( REPRESENTATION_RELATIONSHIP('','',#6208,#6165) 
REPRESENTATION_RELATIONSHIP_WITH_TRANSFORMATION(#7625) 
SHAPE_REPRESENTATION_RELATIONSHIP() );
#7625 = ITEM_DEFINED_TRANSFORMATION('','',#11,#6186);
#7626 = PRODUCT_DEFINITION_SHAPE('Placement','Placement of an item',
  #7627);
#7627 = NEXT_ASSEMBLY_USAGE_OCCURRENCE('49','5','',#6160,#6203,$);
#7628 = MECHANICAL_DESIGN_GEOMETRIC_PRESENTATION_REPRESENTATION('',(
    #7629,#7640,#7649),#7592);
#7629 = STYLED_ITEM('color',(#7630),#6209);
#7630 = PRESENTATION_STYLE_ASSIGNMENT((#7631,#7637));
#7631 = SURFACE_STYLE_USAGE(.BOTH.,#7632);
#7632 = SURFACE_SIDE_STYLE('',(#7633));
#7633 = SURFACE_STYLE_FILL_AREA(#7634);
#7634 = FILL_AREA_STYLE('',(#7635));
#7635 = FILL_AREA_STYLE_COLOUR('',#7636);
#7636 = COLOUR_RGB('',0.917599985683,0.917599985683,0.917599985683);
#7637 = CURVE_STYLE('',#7638,POSITIVE_LENGTH_MEASURE(0.1),#7639);
#7638 = DRAUGHTING_PRE_DEFINED_CURVE_FONT('continuous');
#7639 = COLOUR_RGB('',9.803921802644E-02,9.803921802644E-02,
  9.803921802644E-02);
#7640 = STYLED_ITEM('color',(#7641),#7072);
#7641 = PRESENTATION_STYLE_ASSIGNMENT((#7642,#7647));
#7642 = SURFACE_STYLE_USAGE(.BOTH.,#7643);
#7643 = SURFACE_SIDE_STYLE('',(#7644));
#7644 = SURFACE_STYLE_FILL_AREA(#7645);
#7645 = FILL_AREA_STYLE('',(#7646));
#7646 = FILL_AREA_STYLE_COLOUR('',#7636);
#7647 = CURVE_STYLE('',#7648,POSITIVE_LENGTH_MEASURE(0.1),#7639);
#7648 = DRAUGHTING_PRE_DEFINED_CURVE_FONT('continuous');
#7649 = STYLED_ITEM('color',(#7650),#7358);
#7650 = PRESENTATION_STYLE_ASSIGNMENT((#7651,#7656));
#7651 = SURFACE_STYLE_USAGE(.BOTH.,#7652);
#7652 = SURFACE_SIDE_STYLE('',(#7653));
#7653 = SURFACE_STYLE_FILL_AREA(#7654);
#7654 = FILL_AREA_STYLE('',(#7655));
#7655 = FILL_AREA_STYLE_COLOUR('',#7636);
#7656 = CURVE_STYLE('',#7657,POSITIVE_LENGTH_MEASURE(0.1),#7639);
#7657 = DRAUGHTING_PRE_DEFINED_CURVE_FONT('continuous');
#7658 = MECHANICAL_DESIGN_GEOMETRIC_PRESENTATION_REPRESENTATION('',(
    #7659),#6147);
#7659 = STYLED_ITEM('color',(#7660),#37);
#7660 = PRESENTATION_STYLE_ASSIGNMENT((#7661,#7667));
#7661 = SURFACE_STYLE_USAGE(.BOTH.,#7662);
#7662 = SURFACE_SIDE_STYLE('',(#7663));
#7663 = SURFACE_STYLE_FILL_AREA(#7664);
#7664 = FILL_AREA_STYLE('',(#7665));
#7665 = FILL_AREA_STYLE_COLOUR('',#7666);
#7666 = COLOUR_RGB('',0.290196088226,0.725490202603,0.160784315601);
#7667 = CURVE_STYLE('',#7668,POSITIVE_LENGTH_MEASURE(0.1),#7639);
#7668 = DRAUGHTING_PRE_DEFINED_CURVE_FONT('continuous');
ENDSEC;
END-ISO-10303-21;
